dataset,query_id,financebench_id,company,doc_name,bank_name,query,ground_truth_chunk_id,top1_chunk_id,top5_chunk_ids,correct_at_1,ground_truth_rank_top5,diagnostic_category,latency_seconds,top1_latency_seconds,top5_latency_seconds,top1_input_tokens,top1_output_tokens,top5_input_tokens,top5_output_tokens
ESRS,"ABN Amro__ABN_Amro_0005__For ESRS climate scenario disclosures, has ABN Amro confirmed that the assumptions underpinning its IFRS financial statements are consistent with the climate pathway used in its scenario assessment?",,ABN Amro,ABN Amro,ABN Amro,"For ESRS climate scenario disclosures, has ABN Amro confirmed that the assumptions underpinning its IFRS financial statements are consistent with the climate pathway used in its scenario assessment?",ABN_Amro_0005,ABN_Amro_0005,ABN_Amro_0005|ABN_Amro_0002|ABN_Amro_0003|ABN_Amro_0006|ABN_Amro_0004,1,1.0,both_rank1,68.029,26.055,68.029,16336,1539,30037,4551
ESRS,"ABN Amro__ABN_Amro_0008__Within ABN AMRO’s risk taxonomy, is sustainability risk explicitly designated as a material risk category?",,ABN Amro,ABN Amro,ABN Amro,"Within ABN AMRO’s risk taxonomy, is sustainability risk explicitly designated as a material risk category?",ABN_Amro_0008,ABN_Amro_0008,ABN_Amro_0008|ABN_Amro_0007|ABN_Amro_0006|ABN_Amro_0020|ABN_Amro_0026,1,1.0,both_rank1,108.098,31.879,108.098,16690,1510,68790,6655
ESRS,"ABN Amro__ABN_Amro_0012__Within its disclosure on current and anticipated effects, does ABN AMRO explicitly report the outcome of a resilience assessment (via a bank-wide ICAAP stress test) demonstrating that projected climate and environmental risk impacts over the assessed five-year horizon remain within its loss-absorbing capacity and that its business model is resilient to the adverse scenario?",,ABN Amro,ABN Amro,ABN Amro,"Within its disclosure on current and anticipated effects, does ABN AMRO explicitly report the outcome of a resilience assessment (via a bank-wide ICAAP stress test) demonstrating that projected climate and environmental risk impacts over the assessed five-year horizon remain within its loss-absorbing capacity and that its business model is resilient to the adverse scenario?",ABN_Amro_0012,ABN_Amro_0037,ABN_Amro_0037|ABN_Amro_0041|ABN_Amro_0038|ABN_Amro_0039|ABN_Amro_0040,0,,both_fail,102.412,53.892,102.412,41565,3327,102964,7236
ESRS,"ABN Amro__ABN_Amro_0014__Within its description of environmental impacts, does ABN AMRO specify that the principal adverse effects occur through client-related financing and investment activities rather than from its own direct operations?",,ABN Amro,ABN Amro,ABN Amro,"Within its description of environmental impacts, does ABN AMRO specify that the principal adverse effects occur through client-related financing and investment activities rather than from its own direct operations?",ABN_Amro_0014,ABN_Amro_0016,ABN_Amro_0014|ABN_Amro_0012|ABN_Amro_0010|ABN_Amro_0016|ABN_Amro_0015,0,1.0,mrr_rank1_only,76.846,32.215,76.846,15689,2010,28673,5350
ESRS,"ABN Amro__ABN_Amro_0015__For ABN AMRO, does the stated scope of its social impact assessment explicitly cover impacts stemming from its own operations as well as those associated with its clients’ activities?",,ABN Amro,ABN Amro,ABN Amro,"For ABN AMRO, does the stated scope of its social impact assessment explicitly cover impacts stemming from its own operations as well as those associated with its clients’ activities?",ABN_Amro_0015,ABN_Amro_0088_intro,ABN_Amro_0077_intro|ABN_Amro_0012|ABN_Amro_0016|ABN_Amro_0088_intro|ABN_Amro_0078,0,,both_fail,195.305,47.921,195.305,18045,3619,49003,15398
ESRS,ABN Amro__ABN_Amro_0021__Does ABN Amro state that its updated Standard with Client Requirements uses terminology harmonised with the CSRD and the ESRS?,,ABN Amro,ABN Amro,ABN Amro,Does ABN Amro state that its updated Standard with Client Requirements uses terminology harmonised with the CSRD and the ESRS?,ABN_Amro_0021,ABN_Amro_0021,ABN_Amro_0021|ABN_Amro_0022|ABN_Amro_0020|ABN_Amro_0019,1,1.0,both_rank1,147.767,26.102,147.767,28759,1822,136037,10336
ESRS,"ABN Amro__ABN_Amro_0024__For ABN Amro, does the disclosure confirm that results from the Client Assessment on Sustainability (CASY) and the Climate and Environmental Risk Classification Tool (RCT) are embedded in corporate credit risk evaluation, including second-line review and ultimate credit decision-making?",,ABN Amro,ABN Amro,ABN Amro,"For ABN Amro, does the disclosure confirm that results from the Client Assessment on Sustainability (CASY) and the Climate and Environmental Risk Classification Tool (RCT) are embedded in corporate credit risk evaluation, including second-line review and ultimate credit decision-making?",ABN_Amro_0024,ABN_Amro_0023,ABN_Amro_0024|ABN_Amro_0023|ABN_Amro_0047|ABN_Amro_0046|ABN_Amro_0043,0,1.0,mrr_rank1_only,147.597,63.145,147.597,42701,4036,104063,10082
ESRS,"ABN Amro__ABN_Amro_0025__For client-level risk mitigation, does ABN Amro disclose that its high-intensity engagement track is subject to quarterly review by the Engagement Committee, evidencing periodic internal oversight?",,ABN Amro,ABN Amro,ABN Amro,"For client-level risk mitigation, does ABN Amro disclose that its high-intensity engagement track is subject to quarterly review by the Engagement Committee, evidencing periodic internal oversight?",ABN_Amro_0025,ABN_Amro_0025,ABN_Amro_0025|ABN_Amro_0024|ABN_Amro_0026|ABN_Amro_0019|ABN_Amro_0018,1,1.0,both_rank1,84.092,29.807,84.092,28636,2085,90077,4766
ESRS,ABN Amro__ABN_Amro_0028__Has ABN Amro clearly specified that the Climate & Environmental Risks (CER) materiality assessment covers the entirety of its balance sheet?,,ABN Amro,ABN Amro,ABN Amro,Has ABN Amro clearly specified that the Climate & Environmental Risks (CER) materiality assessment covers the entirety of its balance sheet?,ABN_Amro_0028,ABN_Amro_0026,ABN_Amro_0027|ABN_Amro_0026|ABN_Amro_0003|ABN_Amro_0002|ABN_Amro_0008,0,,both_fail,96.881,80.329,96.881,52614,5515,71255,6781
ESRS,"ABN Amro__ABN_Amro_0029__Within its 2024 risk appetite framework, has ABN Amro established explicit caps or trigger points to limit exposure to mortgage collateral situated in areas facing elevated physical climate risk?",,ABN Amro,ABN Amro,ABN Amro,"Within its 2024 risk appetite framework, has ABN Amro established explicit caps or trigger points to limit exposure to mortgage collateral situated in areas facing elevated physical climate risk?",ABN_Amro_0029,ABN_Amro_0029,ABN_Amro_0029|ABN_Amro_0028|ABN_Amro_0037|ABN_Amro_0003|ABN_Amro_0002,1,1.0,both_rank1,110.322,68.226,110.322,49274,4985,82640,8033
ESRS,"ABN Amro__ABN_Amro_0031__For ABN Amro’s ESRS materiality determination of climate and environmental drivers on market risk in the trading book, does the disclosure set out the assessment method used to gauge potential profit-and-loss effects and the specific rationale supporting its conclusion that this risk is not material?",,ABN Amro,ABN Amro,ABN Amro,"For ABN Amro’s ESRS materiality determination of climate and environmental drivers on market risk in the trading book, does the disclosure set out the assessment method used to gauge potential profit-and-loss effects and the specific rationale supporting its conclusion that this risk is not material?",ABN_Amro_0031,ABN_Amro_0031,ABN_Amro_0031|ABN_Amro_0030|ABN_Amro_0032|ABN_Amro_0033|ABN_Amro_0003,1,1.0,both_rank1,110.194,60.449,110.194,45327,4449,92750,7922
ESRS,"ABN Amro__ABN_Amro_0033__Within ABN Amro’s climate and environmental risk materiality review for liquidity risk, what specific short- and medium-term horizons are set for the quantitative assessment?",,ABN Amro,ABN Amro,ABN Amro,"Within ABN Amro’s climate and environmental risk materiality review for liquidity risk, what specific short- and medium-term horizons are set for the quantitative assessment?",ABN_Amro_0033,ABN_Amro_0033,ABN_Amro_0033|ABN_Amro_0032|ABN_Amro_0031|ABN_Amro_0004|ABN_Amro_0030,1,1.0,both_rank1,96.009,55.184,96.009,45209,4236,92430,7470
ESRS,"ABN Amro__ABN_Amro_0034__In its 2024 climate and environmental business-risk assessment, does ABN Amro state that transition risk is not material in the near term but could become material over the medium to long run due to prospective changes to its commercial or risk policies to meet climate-related requirements?",,ABN Amro,ABN Amro,ABN Amro,"In its 2024 climate and environmental business-risk assessment, does ABN Amro state that transition risk is not material in the near term but could become material over the medium to long run due to prospective changes to its commercial or risk policies to meet climate-related requirements?",ABN_Amro_0034,ABN_Amro_0034,ABN_Amro_0034|ABN_Amro_0035|ABN_Amro_0036|ABN_Amro_0030|ABN_Amro_0003,1,1.0,both_rank1,104.734,82.636,104.734,61856,6213,94456,8303
ESRS,ABN Amro__ABN_Amro_0036__Does ABN Amro’s adverse scenario explicitly include a Dutch policy tightening on buildings with poor energy performance that would further depress the market value of such real estate?,,ABN Amro,ABN Amro,ABN Amro,Does ABN Amro’s adverse scenario explicitly include a Dutch policy tightening on buildings with poor energy performance that would further depress the market value of such real estate?,ABN_Amro_0036,ABN_Amro_0036,ABN_Amro_0036|ABN_Amro_0006|ABN_Amro_0007|ABN_Amro_0005|ABN_Amro_0008,1,1.0,both_rank1,116.899,107.151,116.899,54915,7970,58503,8927
ESRS,"ABN Amro__ABN_Amro_0038__Within its CER discussion of strategy and business model, does ABN Amro indicate whether lending decisions in its residential mortgage portfolio are conditioned on physical climate-risk metrics, and if not, what rationale does it provide?",,ABN Amro,ABN Amro,ABN Amro,"Within its CER discussion of strategy and business model, does ABN Amro indicate whether lending decisions in its residential mortgage portfolio are conditioned on physical climate-risk metrics, and if not, what rationale does it provide?",ABN_Amro_0038,ABN_Amro_0012,ABN_Amro_0012|ABN_Amro_0014|ABN_Amro_0016|ABN_Amro_0010|ABN_Amro_0015,0,,both_fail,71.653,34.786,71.653,16270,2471,29413,5858
ESRS,"ABN Amro__ABN_Amro_0039__For ABN Amro, does the non-financial risk stress-testing methodology used for ESG materiality explicitly assess climate and environmental risk events across three defined time horizons (1, 5 and 30 years)?",,ABN Amro,ABN Amro,ABN Amro,"For ABN Amro, does the non-financial risk stress-testing methodology used for ESG materiality explicitly assess climate and environmental risk events across three defined time horizons (1, 5 and 30 years)?",ABN_Amro_0039,ABN_Amro_0039,ABN_Amro_0004|ABN_Amro_0003|ABN_Amro_0002|ABN_Amro_0005|ABN_Amro_0006,1,,accuracy_only_mrr_missing,145.578,128.808,145.578,57509,10807,60223,12347
ESRS,"ABN Amro__ABN_Amro_0041__In its stated assessment outcome, does ABN Amro confirm that a flooding-related data centre disruption is material in the short-term (one-year) horizon and specify the selected risk treatment?",,ABN Amro,ABN Amro,ABN Amro,"In its stated assessment outcome, does ABN Amro confirm that a flooding-related data centre disruption is material in the short-term (one-year) horizon and specify the selected risk treatment?",ABN_Amro_0041,ABN_Amro_0041,ABN_Amro_0041|ABN_Amro_0037|ABN_Amro_0040|ABN_Amro_0061|ABN_Amro_0074,1,1.0,both_rank1,139.48,120.447,139.479,76862,10261,110598,12274
ESRS,ABN Amro__ABN_Amro_0043__Does ABN Amro’s disclosure confirm that corporate clients are evaluated against the bank’s baseline sustainability criteria both at onboarding and at recurring intervals thereafter?,,ABN Amro,ABN Amro,ABN Amro,Does ABN Amro’s disclosure confirm that corporate clients are evaluated against the bank’s baseline sustainability criteria both at onboarding and at recurring intervals thereafter?,ABN_Amro_0043,ABN_Amro_0043,ABN_Amro_0043|ABN_Amro_0039|ABN_Amro_0037|ABN_Amro_0041|ABN_Amro_0038,1,1.0,both_rank1,76.366,23.918,76.366,28507,2065,88952,6728
ESRS,"ABN Amro__ABN_Amro_0045__For ESRS disclosures on risk management processes, what client coverage threshold does ABN Amro state for applying its CASY sustainability assessment?",,ABN Amro,ABN Amro,ABN Amro,"For ESRS disclosures on risk management processes, what client coverage threshold does ABN Amro state for applying its CASY sustainability assessment?",ABN_Amro_0045,ABN_Amro_0045,ABN_Amro_0024|ABN_Amro_0045|ABN_Amro_0043|ABN_Amro_0047|ABN_Amro_0023,1,2.0,accuracy_only_mrr_lower,83.358,27.39,83.358,28292,2007,89819,6740
ESRS,"ABN Amro__ABN_Amro_0046__For ABN Amro’s non-programme lending clients, is there a process within credit origination and subsequent review cycles that integrates climate- and environment-related risk exposures into the creditworthiness assessment?",,ABN Amro,ABN Amro,ABN Amro,"For ABN Amro’s non-programme lending clients, is there a process within credit origination and subsequent review cycles that integrates climate- and environment-related risk exposures into the creditworthiness assessment?",ABN_Amro_0046,ABN_Amro_0051,ABN_Amro_0046|ABN_Amro_0051|ABN_Amro_0050|ABN_Amro_0055|ABN_Amro_0054,0,1.0,mrr_rank1_only,154.684,47.691,154.684,17192,3490,74950,12278
ESRS,"ABN Amro__ABN_Amro_0047__For ESRS-aligned scoping of climate-risk analysis, does ABN AMRO identify the specific industries where its transmission-channel assessments have been strengthened and clarify that the referenced NACE classifications are indicative mappings to its own sector definitions?",,ABN Amro,ABN Amro,ABN Amro,"For ESRS-aligned scoping of climate-risk analysis, does ABN AMRO identify the specific industries where its transmission-channel assessments have been strengthened and clarify that the referenced NACE classifications are indicative mappings to its own sector definitions?",ABN_Amro_0047,ABN_Amro_0044,ABN_Amro_0008|ABN_Amro_0003|ABN_Amro_0002|ABN_Amro_0006|ABN_Amro_0007,0,,both_fail,265.676,247.823,265.676,97146,19004,100496,20414
ESRS,"ABN Amro__ABN_Amro_0054__For ABN AMRO, which governance body is charged with reviewing sectoral financing policies that establish exposure targets and limits linked to climate and environmental risk?",,ABN Amro,ABN Amro,ABN Amro,"For ABN AMRO, which governance body is charged with reviewing sectoral financing policies that establish exposure targets and limits linked to climate and environmental risk?",ABN_Amro_0054,ABN_Amro_0054,ABN_Amro_0054|ABN_Amro_0053|ABN_Amro_0055|ABN_Amro_0056|ABN_Amro_0052,1,1.0,both_rank1,116.894,24.456,116.894,17232,1437,36789,7451
ESRS,ABN Amro__ABN_Amro_0057__Which ABN AMRO governance body is tasked with supervising the soundness and quality of the bank’s sustainability statements and its public sustainability disclosures?,,ABN Amro,ABN Amro,ABN Amro,Which ABN AMRO governance body is tasked with supervising the soundness and quality of the bank’s sustainability statements and its public sustainability disclosures?,ABN_Amro_0057,ABN_Amro_0057,ABN_Amro_0057|ABN_Amro_0056|ABN_Amro_0055|ABN_Amro_0053|ABN_Amro_0054,1,1.0,both_rank1,81.559,34.913,81.559,17627,1879,34145,5907
ESRS,ABN Amro__ABN_Amro_0060__Does ABN Amro’s disclosure confirm that its sustainability risk policy framework encompasses climate change mitigation and the management of both physical and transition climate exposures?,,ABN Amro,ABN Amro,ABN Amro,Does ABN Amro’s disclosure confirm that its sustainability risk policy framework encompasses climate change mitigation and the management of both physical and transition climate exposures?,ABN_Amro_0060,ABN_Amro_0060,ABN_Amro_0060|ABN_Amro_0062|ABN_Amro_0068|ABN_Amro_0069|ABN_Amro_0061,1,1.0,both_rank1,90.251,28.535,90.251,20062,2060,42168,7400
ESRS,"ABN Amro__ABN_Amro_0061__Within ABN Amro’s governance of operational climate and energy measures, has responsibility for policy execution been allocated to named executive roles, and which roles are assigned to the Environmental and Energy Policy and the Travel and Mobility policy?",,ABN Amro,ABN Amro,ABN Amro,"Within ABN Amro’s governance of operational climate and energy measures, has responsibility for policy execution been allocated to named executive roles, and which roles are assigned to the Environmental and Energy Policy and the Travel and Mobility policy?",ABN_Amro_0061,ABN_Amro_0060,ABN_Amro_0061|ABN_Amro_0060|ABN_Amro_0062|ABN_Amro_0074|ABN_Amro_0057,0,1.0,mrr_rank1_only,133.746,32.108,133.746,20167,2392,63767,10674
ESRS,"ABN Amro__ABN_Amro_0062__For ABN AMRO’s exposure to coal-fired power generation clients, does the stated sustainability risk standard include a time-bound commitment to exit thermal coal, and if so, what is the deadline year?",,ABN Amro,ABN Amro,ABN Amro,"For ABN AMRO’s exposure to coal-fired power generation clients, does the stated sustainability risk standard include a time-bound commitment to exit thermal coal, and if so, what is the deadline year?",ABN_Amro_0062,ABN_Amro_0060,ABN_Amro_0062|ABN_Amro_0060|ABN_Amro_0061|ABN_Amro_0066|ABN_Amro_0065,0,1.0,mrr_rank1_only,96.625,29.997,96.625,20139,1993,46196,6891
ESRS,"ABN Amro__ABN_Amro_0066__In its sector target overview, does ABN AMRO quantify what share of its outstanding exposure to NZBA-identified high-emission sectors is already within the scope of its published climate targets?",,ABN Amro,ABN Amro,ABN Amro,"In its sector target overview, does ABN AMRO quantify what share of its outstanding exposure to NZBA-identified high-emission sectors is already within the scope of its published climate targets?",ABN_Amro_0066,ABN_Amro_0066,ABN_Amro_0066|ABN_Amro_0064|ABN_Amro_0065|ABN_Amro_0062|ABN_Amro_0060,1,1.0,both_rank1,100.218,31.488,100.218,21113,2123,48538,6239
ESRS,ABN Amro__ABN_Amro_0073__Has ABN Amro specified the methodological scope and inclusion criteria for counting financing toward its lending commitment on renewable energy and decarbonisation technologies?,,ABN Amro,ABN Amro,ABN Amro,Has ABN Amro specified the methodological scope and inclusion criteria for counting financing toward its lending commitment on renewable energy and decarbonisation technologies?,ABN_Amro_0073,ABN_Amro_0074,ABN_Amro_0073|ABN_Amro_0074|ABN_Amro_0072|ABN_Amro_0146|ABN_Amro_0145,0,1.0,mrr_rank1_only,133.326,67.878,133.326,32709,4862,67693,9678
ESRS,"ABN Amro__ABN_Amro_0081__For ESRS reporting on workforce scope, does ABN AMRO state that its HR Risk Policy extends beyond its own employees to include, where pertinent, non-employee personnel engaged through third-party suppliers?",,ABN Amro,ABN Amro,ABN Amro,"For ESRS reporting on workforce scope, does ABN AMRO state that its HR Risk Policy extends beyond its own employees to include, where pertinent, non-employee personnel engaged through third-party suppliers?",ABN_Amro_0081,ABN_Amro_0081,ABN_Amro_0081|ABN_Amro_0078|ABN_Amro_0082|ABN_Amro_0080_intro,1,1.0,both_rank1,119.784,33.51,119.784,21017,2139,45712,8675
ESRS,ABN Amro__ABN_Amro_0084__Has ABN AMRO put in place a formal human-rights due diligence process designed to oversee and reduce adverse human-rights impacts arising from its activities?,,ABN Amro,ABN Amro,ABN Amro,Has ABN AMRO put in place a formal human-rights due diligence process designed to oversee and reduce adverse human-rights impacts arising from its activities?,ABN_Amro_0084,ABN_Amro_0098,ABN_Amro_0098|ABN_Amro_0089_intro|ABN_Amro_0090|ABN_Amro_0099|ABN_Amro_0101,0,,both_fail,114.666,36.117,114.666,20056,2587,46870,8230
ESRS,"ABN Amro__ABN_Amro_0086__For ABN AMRO, does the remuneration framework explicitly tie sustainability performance to incentive compensation across employee categories, and how is this operationalized for CLA+, CLA Identified Staff, CLA staff, and the Executive Board?",,ABN Amro,ABN Amro,ABN Amro,"For ABN AMRO, does the remuneration framework explicitly tie sustainability performance to incentive compensation across employee categories, and how is this operationalized for CLA+, CLA Identified Staff, CLA staff, and the Executive Board?",ABN_Amro_0086,,,0,,both_fail,55.332,,55.332,0,0,43160,3193
ESRS,ABN Amro__ABN_Amro_0093__Has ABN Amro disclosed that it maintains ongoing dialogue with civil society groups to address human rights risks associated with its investment activities?,,ABN Amro,ABN Amro,ABN Amro,Has ABN Amro disclosed that it maintains ongoing dialogue with civil society groups to address human rights risks associated with its investment activities?,ABN_Amro_0093,ABN_Amro_0095,ABN_Amro_0093|ABN_Amro_0091_intro|ABN_Amro_0094|ABN_Amro_0095|ABN_Amro_0092,0,1.0,mrr_rank1_only,113.431,47.721,113.431,24530,3310,35343,7736
ESRS,ABN Amro__ABN_Amro_0094__Identify the specific report in which ABN AMRO indicates it provides further detail on its arrangements to facilitate remedy access for value chain workers within its procurement activities.,,ABN Amro,ABN Amro,ABN Amro,Identify the specific report in which ABN AMRO indicates it provides further detail on its arrangements to facilitate remedy access for value chain workers within its procurement activities.,ABN_Amro_0094,ABN_Amro_0095,ABN_Amro_0094|ABN_Amro_0092|ABN_Amro_0093|ABN_Amro_0095|ABN_Amro_0090,0,1.0,mrr_rank1_only,132.455,33.315,132.455,17603,2511,34371,9330
ESRS,"ABN Amro__ABN_Amro_0095__For ABN Amro, does the disclosure specify the interim method used to monitor the effectiveness of its policies and actions—namely, evaluating its influence over corporate clients and businesses in its investment sphere to derive insights on engagement-related impacts and risks—given that formal targets have not yet been set?",,ABN Amro,ABN Amro,ABN Amro,"For ABN Amro, does the disclosure specify the interim method used to monitor the effectiveness of its policies and actions—namely, evaluating its influence over corporate clients and businesses in its investment sphere to derive insights on engagement-related impacts and risks—given that formal targets have not yet been set?",ABN_Amro_0095,ABN_Amro_0095,ABN_Amro_0095|ABN_Amro_0093|ABN_Amro_0010|ABN_Amro_0011|ABN_Amro_0008,1,1.0,both_rank1,214.407,188.124,214.407,90697,14335,99252,16180
ESRS,"ABN Amro__ABN_Amro_0096__For ESRS reporting on grievance access for value‑chain workers, which specific mechanism does ABN AMRO indicate is available to workers in its supply chain?",,ABN Amro,ABN Amro,ABN Amro,"For ESRS reporting on grievance access for value‑chain workers, which specific mechanism does ABN AMRO indicate is available to workers in its supply chain?",ABN_Amro_0096,ABN_Amro_0096,ABN_Amro_0096|ABN_Amro_0094|ABN_Amro_0095|ABN_Amro_0093|ABN_Amro_0090,1,1.0,both_rank1,90.727,19.92,90.727,15535,1363,32970,6606
ESRS,"ABN Amro__ABN_Amro_0098__For ESRS-consistent reporting on consumers and end-users, does ABN Amro evidence that it maintains a consumer-facing grievance mechanism that enables remediation when adverse human rights impacts to which the bank has contributed or with which it is directly connected are identified?",,ABN Amro,ABN Amro,ABN Amro,"For ESRS-consistent reporting on consumers and end-users, does ABN Amro evidence that it maintains a consumer-facing grievance mechanism that enables remediation when adverse human rights impacts to which the bank has contributed or with which it is directly connected are identified?",ABN_Amro_0098,ABN_Amro_0108,ABN_Amro_0098|ABN_Amro_0108|ABN_Amro_0106|ABN_Amro_0104|ABN_Amro_0101,0,1.0,mrr_rank1_only,83.29,27.739,83.29,20713,2065,40575,6540
ESRS,"ABN Amro__ABN_Amro_0099__For ESRS reporting on privacy safeguards for consumers and end-users, does ABN Amro’s Personal Data Policy impose a formal obligation to inform affected consumers when a personal data breach occurs?",,ABN Amro,ABN Amro,ABN Amro,"For ESRS reporting on privacy safeguards for consumers and end-users, does ABN Amro’s Personal Data Policy impose a formal obligation to inform affected consumers when a personal data breach occurs?",ABN_Amro_0099,ABN_Amro_0099,ABN_Amro_0099|ABN_Amro_0098|ABN_Amro_0105|ABN_Amro_0101|ABN_Amro_0102,1,1.0,both_rank1,84.398,34.089,84.398,20102,2244,39367,6004
ESRS,"ABN Amro__ABN_Amro_0101__Under ABN AMRO’s Product Approval and Review policy, is there a formal requirement to update products and services to take account of evolving sustainability-related developments?",,ABN Amro,ABN Amro,ABN Amro,"Under ABN AMRO’s Product Approval and Review policy, is there a formal requirement to update products and services to take account of evolving sustainability-related developments?",ABN_Amro_0101,ABN_Amro_0024,ABN_Amro_0024|ABN_Amro_0023,0,,both_fail,152.836,152.836,146.079,122046,9521,119193,9103
ESRS,"ABN Amro__ABN_Amro_0104__For ABN AMRO Bank N.V., is the complaints oversight function explicitly established as an independent remit within the Legal department, tasked with designing, updating, supervising the Complaints Management Policy and holding overall ownership of the complaints-handling process?",,ABN Amro,ABN Amro,ABN Amro,"For ABN AMRO Bank N.V., is the complaints oversight function explicitly established as an independent remit within the Legal department, tasked with designing, updating, supervising the Complaints Management Policy and holding overall ownership of the complaints-handling process?",ABN_Amro_0104,ABN_Amro_0105,ABN_Amro_0104|ABN_Amro_0102|ABN_Amro_0103|ABN_Amro_0105|ABN_Amro_0108,0,1.0,mrr_rank1_only,91.174,36.74,91.173,20074,2498,37937,7230
ESRS,"ABN Amro__ABN_Amro_0106__At ABN Amro, does the product oversight process formally use customer complaint insights within its product approval/review cycle to adjust product features or the intended customer segment?",,ABN Amro,ABN Amro,ABN Amro,"At ABN Amro, does the product oversight process formally use customer complaint insights within its product approval/review cycle to adjust product features or the intended customer segment?",ABN_Amro_0106,ABN_Amro_0106,ABN_Amro_0106|ABN_Amro_0108|ABN_Amro_0107|ABN_Amro_0109|ABN_Amro_0110,1,1.0,both_rank1,85.703,38.904,85.703,20127,2124,37683,5967
ESRS,ABN Amro__ABN_Amro_0107__Has ABN Amro documented targeted engagement with people with physical disabilities during the reporting period to evaluate and enhance the accessibility of its banking products and services?,,ABN Amro,ABN Amro,ABN Amro,Has ABN Amro documented targeted engagement with people with physical disabilities during the reporting period to evaluate and enhance the accessibility of its banking products and services?,ABN_Amro_0107,ABN_Amro_0107,ABN_Amro_0107|ABN_Amro_0106|ABN_Amro_0108|ABN_Amro_0110|ABN_Amro_0109,1,1.0,both_rank1,75.822,32.075,75.822,19999,1872,42529,5509
ESRS,"ABN Amro__ABN_Amro_0113__For ESRS governance-control disclosures, does ABN AMRO state that it performs periodic internal control activities to assess whether its Client Integrity policies are properly implemented and effective?",,ABN Amro,ABN Amro,ABN Amro,"For ESRS governance-control disclosures, does ABN AMRO state that it performs periodic internal control activities to assess whether its Client Integrity policies are properly implemented and effective?",ABN_Amro_0113,ABN_Amro_0113,ABN_Amro_0113|ABN_Amro_0112_intro|ABN_Amro_0115|ABN_Amro_0114|ABN_Amro_0057,1,1.0,both_rank1,99.05,23.559,99.05,16365,1859,62988,7958
ESRS,"ABN Amro__ABN_Amro_0119__For ABN Amro’s disclosure of financed emissions tied to its corporate lending, has the bank explicitly adopted a methodological presumption that borrowers producing electricity from solar, wind, or hydro have zero Scope 1 and Scope 2 emission intensity, and does it articulate the basis for that presumption?",,ABN Amro,ABN Amro,ABN Amro,"For ABN Amro’s disclosure of financed emissions tied to its corporate lending, has the bank explicitly adopted a methodological presumption that borrowers producing electricity from solar, wind, or hydro have zero Scope 1 and Scope 2 emission intensity, and does it articulate the basis for that presumption?",ABN_Amro_0119,ABN_Amro_0119,ABN_Amro_0119|ABN_Amro_0122|ABN_Amro_0121|ABN_Amro_0120|ABN_Amro_0123,1,1.0,both_rank1,131.585,35.462,131.585,21884,2366,48793,11633
ESRS,"ABN Amro__ABN_Amro_0124__For its road-transport portfolio, does ABN Amro identify the specific data sources used to derive vehicle activity and the country-dependent emission factors for trucks and vans?",,ABN Amro,ABN Amro,ABN Amro,"For its road-transport portfolio, does ABN Amro identify the specific data sources used to derive vehicle activity and the country-dependent emission factors for trucks and vans?",ABN_Amro_0124,ABN_Amro_0134,ABN_Amro_0134|ABN_Amro_0066|ABN_Amro_0062|ABN_Amro_0065|ABN_Amro_0140,0,,both_fail,222.348,222.348,181.31,127618,19673,106472,15903
ESRS,"ABN Amro__ABN_Amro_0131__For ABN Amro’s power generation portfolio, does the bank disclose both the origin of the data used to compute emissions intensity and the measure it applies to align all inputs to a consistent reporting year?",,ABN Amro,ABN Amro,ABN Amro,"For ABN Amro’s power generation portfolio, does the bank disclose both the origin of the data used to compute emissions intensity and the measure it applies to align all inputs to a consistent reporting year?",ABN_Amro_0131,ABN_Amro_0131,ABN_Amro_0131|ABN_Amro_0132|ABN_Amro_0133|ABN_Amro_0139|ABN_Amro_0140,1,1.0,both_rank1,85.91,27.458,85.91,19119,1618,53146,6915
ESRS,"ABN Amro__ABN_Amro_0133__For ABN AMRO, what reporting lag is disclosed for the operational emissions-intensity metrics in the oil and gas upstream and midstream portfolio?",,ABN Amro,ABN Amro,ABN Amro,"For ABN AMRO, what reporting lag is disclosed for the operational emissions-intensity metrics in the oil and gas upstream and midstream portfolio?",ABN_Amro_0133,ABN_Amro_0133,ABN_Amro_0133|ABN_Amro_0132|ABN_Amro_0131|ABN_Amro_0139|ABN_Amro_0066,1,1.0,both_rank1,102.004,18.341,102.004,19348,1452,74725,8443
ESRS,"ABN Amro__ABN_Amro_0134__For ABN Amro, is the percentage gap to its net-zero-by-2050 pathway disclosed for the financed emissions intensities of trucks and vans used in road transport?",,ABN Amro,ABN Amro,ABN Amro,"For ABN Amro, is the percentage gap to its net-zero-by-2050 pathway disclosed for the financed emissions intensities of trucks and vans used in road transport?",ABN_Amro_0134,ABN_Amro_0140,ABN_Amro_0134|ABN_Amro_0139|ABN_Amro_0133|ABN_Amro_0135|ABN_Amro_0140,0,1.0,mrr_rank1_only,67.212,23.773,67.212,13123,2097,50076,6322
ESRS,"ABN Amro__ABN_Amro_0138__For ABN Amro’s agriculture disclosures, does the bank state that, due to the Pillar 3 counterparty boundary, household borrowers in this portfolio are omitted from the template?",,ABN Amro,ABN Amro,ABN Amro,"For ABN Amro’s agriculture disclosures, does the bank state that, due to the Pillar 3 counterparty boundary, household borrowers in this portfolio are omitted from the template?",ABN_Amro_0138,ABN_Amro_0130_intro,ABN_Amro_0138|ABN_Amro_0130_intro|ABN_Amro_0133|ABN_Amro_0139|ABN_Amro_0134,0,1.0,mrr_rank1_only,82.932,24.227,82.932,20257,1579,47174,6830
ESRS,"ABN Amro__ABN_Amro_0142__For ABN Amro’s physical risk methodology, does a specific quantitative criterion apply to Dutch flooding cases to flag an exposure as acute flood–sensitive, and if so, what is that criterion?",,ABN Amro,ABN Amro,ABN Amro,"For ABN Amro’s physical risk methodology, does a specific quantitative criterion apply to Dutch flooding cases to flag an exposure as acute flood–sensitive, and if so, what is that criterion?",ABN_Amro_0142,ABN_Amro_0143,ABN_Amro_0142|ABN_Amro_0143|ABN_Amro_0140|ABN_Amro_0029|ABN_Amro_0028,0,1.0,mrr_rank1_only,86.22,16.976,86.22,14003,1382,90201,7551
ESRS,"ABN Amro__ABN_Amro_0143__In its GAR KPI summary, does ABN Amro state that it cannot compute the GAR flow “coverage over total assets” metric because the flow template lacks the total-asset denominator needed for that calculation?",,ABN Amro,ABN Amro,ABN Amro,"In its GAR KPI summary, does ABN Amro state that it cannot compute the GAR flow “coverage over total assets” metric because the flow template lacks the total-asset denominator needed for that calculation?",ABN_Amro_0143,ABN_Amro_0143,ABN_Amro_0143|ABN_Amro_0145|ABN_Amro_0144,1,1.0,both_rank1,56.199,14.849,56.199,14008,1134,63509,4653
ESRS,"ABN Amro__ABN_Amro_0144__For its Green Asset Ratio disclosures, does ABN Amro state that exposures to financial counterparties outside the NFRD scope are recorded under the Pillar 3 line item ""other assets"" in order to keep the presentation consistent with the EU Taxonomy’s separate category for such exposures?",,ABN Amro,ABN Amro,ABN Amro,"For its Green Asset Ratio disclosures, does ABN Amro state that exposures to financial counterparties outside the NFRD scope are recorded under the Pillar 3 line item ""other assets"" in order to keep the presentation consistent with the EU Taxonomy’s separate category for such exposures?",ABN_Amro_0144,ABN_Amro_0144,ABN_Amro_0144|ABN_Amro_0145|ABN_Amro_0143|ABN_Amro_0146,1,1.0,both_rank1,100.854,22.453,100.853,19440,1923,87314,8396
ESRS,"ABN Amro__ABN_Amro_0145__For the GAR disclosures, did ABN AMRO provide EU Taxonomy ‘flow’ KPI figures for the reporting dates 31 December 2023 and 30 June 2024, or did it explicitly defer these metrics to a later reporting period?",,ABN Amro,ABN Amro,ABN Amro,"For the GAR disclosures, did ABN AMRO provide EU Taxonomy ‘flow’ KPI figures for the reporting dates 31 December 2023 and 30 June 2024, or did it explicitly defer these metrics to a later reporting period?",ABN_Amro_0145,ABN_Amro_0145,ABN_Amro_0145|ABN_Amro_0143|ABN_Amro_0144,1,1.0,both_rank1,50.147,17.608,50.147,18391,1214,59160,3631
ESRS,"BBVA__BBVA_0007__In its ESRS-focused risk disclosures, has BBVA stated that its Risk Appetite Framework sets Board-approved quantitative caps on exposure-at-default to activities internally assessed as High Transition Risk?",,BBVA,BBVA,BBVA,"In its ESRS-focused risk disclosures, has BBVA stated that its Risk Appetite Framework sets Board-approved quantitative caps on exposure-at-default to activities internally assessed as High Transition Risk?",BBVA_0007,BBVA_0007,BBVA_0007|BBVA_0004|BBVA_0006|BBVA_0005|BBVA_0000,1,1.0,both_rank1,78.74,20.317,78.74,36187,1224,116850,5300
ESRS,"BBVA__BBVA_0009__For BBVA, does the disclosed Environmental and Social Framework set explicit financing bans for new projects, including prohibitions tied to use of child or forced labor/human trafficking, projects impacting indigenous or vulnerable communities without free, prior and informed consent, and dealings with controversial weapons manufacturers or dealers?",,BBVA,BBVA,BBVA,"For BBVA, does the disclosed Environmental and Social Framework set explicit financing bans for new projects, including prohibitions tied to use of child or forced labor/human trafficking, projects impacting indigenous or vulnerable communities without free, prior and informed consent, and dealings with controversial weapons manufacturers or dealers?",BBVA_0009,BBVA_0009,BBVA_0009|BBVA_0010|BBVA_0012|BBVA_0007|BBVA_0004,1,1.0,both_rank1,77.604,21.316,77.604,14299,1735,85987,6202
ESRS,"BBVA__BBVA_0010__For ESRS-aligned reporting on fair access to financial services, does BBVA state that its retail credit admission and pricing models exclude protected personal attributes (such as gender, ethnic origin, religion, disability, sexual orientation or political opinion) to avoid discriminatory treatment?",,BBVA,BBVA,BBVA,"For ESRS-aligned reporting on fair access to financial services, does BBVA state that its retail credit admission and pricing models exclude protected personal attributes (such as gender, ethnic origin, religion, disability, sexual orientation or political opinion) to avoid discriminatory treatment?",BBVA_0010,BBVA_0010,BBVA_0010|BBVA_0009|BBVA_0008|BBVA_0000,1,1.0,both_rank1,103.941,17.887,103.941,15349,1542,61182,8620
ESRS,"BNP Paribas__BNP_Paribas_0000__When information from its value chain is incomplete or unreliable, does BNP Paribas Fortis commit to use reasonable estimates and, where measurement uncertainty is significant, disclose a narrative describing the methodologies, definitions, and related limitations for those estimates?",,BNP Paribas,BNP Paribas,BNP Paribas,"When information from its value chain is incomplete or unreliable, does BNP Paribas Fortis commit to use reasonable estimates and, where measurement uncertainty is significant, disclose a narrative describing the methodologies, definitions, and related limitations for those estimates?",BNP_Paribas_0000,BNP_Paribas_0000,BNP_Paribas_0000|BNP_Paribas_0033|BNP_Paribas_0004|BNP_Paribas_0002_intro|BNP_Paribas_0001,1,1.0,both_rank1,98.222,21.412,98.222,8468,1401,68449,8073
ESRS,"BNP Paribas__BNP_Paribas_0001__Within the 2024 Sustainability Statements, does BNP Paribas Fortis provide a distinct disclosure that defines the perimeter of financial exposures examined for EU Taxonomy alignment (i.e., which financial assets were included in the alignment assessment)?",,BNP Paribas,BNP Paribas,BNP Paribas,"Within the 2024 Sustainability Statements, does BNP Paribas Fortis provide a distinct disclosure that defines the perimeter of financial exposures examined for EU Taxonomy alignment (i.e., which financial assets were included in the alignment assessment)?",BNP_Paribas_0001,BNP_Paribas_0012,BNP_Paribas_0012|BNP_Paribas_0013|BNP_Paribas_0011|BNP_Paribas_0014|BNP_Paribas_0015,0,,both_fail,60.89,19.511,60.89,12922,1861,33643,6032
ESRS,"BNP Paribas__BNP_Paribas_0004__For ESRS transparency on data quality and estimation practices, does BNP Paribas Fortis acknowledge that constraints in ESG data availability lead it to use estimates and that this entails limitations regarding representativeness?",,BNP Paribas,BNP Paribas,BNP Paribas,"For ESRS transparency on data quality and estimation practices, does BNP Paribas Fortis acknowledge that constraints in ESG data availability lead it to use estimates and that this entails limitations regarding representativeness?",BNP_Paribas_0004,BNP_Paribas_0000,BNP_Paribas_0004|BNP_Paribas_0033|BNP_Paribas_0000|BNP_Paribas_0009|BNP_Paribas_0001,0,1.0,mrr_rank1_only,108.874,17.399,108.874,8440,1275,71029,8121
ESRS,"BNP Paribas__BNP_Paribas_0013__Following the European Commission’s 8 November 2024 communication interpreting Delegated Regulation (EU) 2021/2178, which requires banks to secure documentation evidencing satisfaction of each technical screening criterion, does BNP Paribas recognise any loans or other instruments with specified use-of-proceeds to companies or local administrations in the GAR numerator?",,BNP Paribas,BNP Paribas,BNP Paribas,"Following the European Commission’s 8 November 2024 communication interpreting Delegated Regulation (EU) 2021/2178, which requires banks to secure documentation evidencing satisfaction of each technical screening criterion, does BNP Paribas recognise any loans or other instruments with specified use-of-proceeds to companies or local administrations in the GAR numerator?",BNP_Paribas_0013,BNP_Paribas_0013,BNP_Paribas_0013|BNP_Paribas_0014|BNP_Paribas_0012|BNP_Paribas_0011|BNP_Paribas_0015,1,1.0,both_rank1,73.488,29.292,73.488,12745,1915,32513,5411
ESRS,"BNP Paribas__BNP_Paribas_0014__For the GAR stock as at 31 December 2024, does BNP Paribas Fortis quantify the proportions of assets left out of (i) the GAR numerator pursuant to Article 7(2)-(3) and Annex V section 1.1.2, and (ii) the GAR denominator pursuant to Article 7(1) and Annex V section 1.2.4; if so, what percentages are reported?",,BNP Paribas,BNP Paribas,BNP Paribas,"For the GAR stock as at 31 December 2024, does BNP Paribas Fortis quantify the proportions of assets left out of (i) the GAR numerator pursuant to Article 7(2)-(3) and Annex V section 1.1.2, and (ii) the GAR denominator pursuant to Article 7(1) and Annex V section 1.2.4; if so, what percentages are reported?",BNP_Paribas_0014,BNP_Paribas_0014,BNP_Paribas_0014|BNP_Paribas_0013|BNP_Paribas_0012|BNP_Paribas_0015|BNP_Paribas_0011,1,1.0,both_rank1,69.891,24.844,69.891,13014,2262,32648,6373
ESRS,"BNP Paribas__BNP_Paribas_0016__For BNP Paribas Fortis, is the disclosed internal ratio of eligible assets deemed aligned with climate goals calculated solely by testing against the Taxonomy’s technical climate performance thresholds?",,BNP Paribas,BNP Paribas,BNP Paribas,"For BNP Paribas Fortis, is the disclosed internal ratio of eligible assets deemed aligned with climate goals calculated solely by testing against the Taxonomy’s technical climate performance thresholds?",BNP_Paribas_0016,BNP_Paribas_0016,BNP_Paribas_0016|BNP_Paribas_0015|BNP_Paribas_0013|BNP_Paribas_0014|BNP_Paribas_0011,1,1.0,both_rank1,75.914,26.019,75.914,12578,1985,32317,6374
ESRS,"BNP Paribas__BNP_Paribas_0018__Does BNP Paribas Fortis disclose a structured mapping that links each identified material workforce impact, risk or opportunity to the relevant internal rules, operational measures, performance indicators, and quantitative targets/monitoring metrics?",,BNP Paribas,BNP Paribas,BNP Paribas,"Does BNP Paribas Fortis disclose a structured mapping that links each identified material workforce impact, risk or opportunity to the relevant internal rules, operational measures, performance indicators, and quantitative targets/monitoring metrics?",BNP_Paribas_0018,BNP_Paribas_0018,BNP_Paribas_0018|BNP_Paribas_0019|BNP_Paribas_0020|BNP_Paribas_0005|BNP_Paribas_0017_intro,1,1.0,both_rank1,167.452,47.985,167.452,27997,3572,107354,12926
ESRS,"BNP Paribas__BNP_Paribas_0020__Regarding ESRS S1 expectations on fair pay, does BNP Paribas Fortis specify both the share of its workforce receiving at least an adequate wage and the methodology (including source and refresh cycle) used to set that adequacy benchmark?",,BNP Paribas,BNP Paribas,BNP Paribas,"Regarding ESRS S1 expectations on fair pay, does BNP Paribas Fortis specify both the share of its workforce receiving at least an adequate wage and the methodology (including source and refresh cycle) used to set that adequacy benchmark?",BNP_Paribas_0020,BNP_Paribas_0020,BNP_Paribas_0020|BNP_Paribas_0018|BNP_Paribas_0019,1,1.0,both_rank1,63.91,20.019,63.91,18382,1442,52934,4708
ESRS,"BNP Paribas__BNP_Paribas_0022__Does BNP Paribas Fortis identify a concrete KPI for monitoring its material opportunity related to financial inclusion, and what is that KPI?",,BNP Paribas,BNP Paribas,BNP Paribas,"Does BNP Paribas Fortis identify a concrete KPI for monitoring its material opportunity related to financial inclusion, and what is that KPI?",BNP_Paribas_0022,BNP_Paribas_0022,BNP_Paribas_0022|BNP_Paribas_0024|BNP_Paribas_0023|BNP_Paribas_0021_intro|BNP_Paribas_0004,1,1.0,both_rank1,61.792,21.384,61.791,11200,1433,43164,4628
ESRS,"BNP Paribas__BNP_Paribas_0026__For BNP Paribas Fortis, is there a documented governance control by which the Governance and Nomination Committee evaluates, at least annually, the Board of Directors’ individual and collective competencies to ensure suitability for the bank’s activities?",,BNP Paribas,BNP Paribas,BNP Paribas,"For BNP Paribas Fortis, is there a documented governance control by which the Governance and Nomination Committee evaluates, at least annually, the Board of Directors’ individual and collective competencies to ensure suitability for the bank’s activities?",BNP_Paribas_0026,BNP_Paribas_0026,BNP_Paribas_0026|BNP_Paribas_0003|BNP_Paribas_0027|BNP_Paribas_0004|BNP_Paribas_0025_intro,1,1.0,both_rank1,68.071,18.748,68.071,10438,1531,48590,5607
ESRS,"BNP Paribas__BNP_Paribas_0028__Has BNP Paribas Fortis established a prohibition on making political contributions, whether directly or indirectly, within its rules on gifts and hospitality?",,BNP Paribas,BNP Paribas,BNP Paribas,"Has BNP Paribas Fortis established a prohibition on making political contributions, whether directly or indirectly, within its rules on gifts and hospitality?",BNP_Paribas_0028,BNP_Paribas_0028,BNP_Paribas_0028|BNP_Paribas_0027|BNP_Paribas_0026,1,1.0,both_rank1,58.333,18.982,58.333,10586,1398,31758,4543
ESRS,"BNP Paribas__BNP_Paribas_0031__Within BNP Paribas Fortis’ ICT and cyber risk management framework, are individual cybersecurity requirements explicitly assigned implementation deadlines (i.e., time-bound due dates)?",,BNP Paribas,BNP Paribas,BNP Paribas,"Within BNP Paribas Fortis’ ICT and cyber risk management framework, are individual cybersecurity requirements explicitly assigned implementation deadlines (i.e., time-bound due dates)?",BNP_Paribas_0031,BNP_Paribas_0031,BNP_Paribas_0031|BNP_Paribas_0030|BNP_Paribas_0027|BNP_Paribas_0026|BNP_Paribas_0025_intro,1,1.0,both_rank1,80.069,61.655,80.069,34121,4465,51240,5976
ESRS,"BNP Paribas__BNP_Paribas_0033__In its basis-of-preparation note, does BNP Paribas Fortis specify which EU subsidiaries rely on the consolidated-reporting exemption under the Accounting Directive (Articles 19a(9) and 29a(8)), explain why they qualify, and confirm that their sustainability information is included within BNP Paribas Fortis’s own sustainability statement, with the entities named?",,BNP Paribas,BNP Paribas,BNP Paribas,"In its basis-of-preparation note, does BNP Paribas Fortis specify which EU subsidiaries rely on the consolidated-reporting exemption under the Accounting Directive (Articles 19a(9) and 29a(8)), explain why they qualify, and confirm that their sustainability information is included within BNP Paribas Fortis’s own sustainability statement, with the entities named?",BNP_Paribas_0033,BNP_Paribas_0033,BNP_Paribas_0033|BNP_Paribas_0002_intro|BNP_Paribas_0001|BNP_Paribas_0000,1,1.0,both_rank1,97.267,28.215,97.267,19125,2114,57332,7411
ESRS,"Banca Monte dei Paschi di Siena__Banca_Monte_dei_Paschi_di_Siena_0007__For Banca Monte dei Paschi di Siena, has the governance disclosure clarified whether the role responsible for sustainability reporting is held by the same individual who serves as Financial Reporting Officer?",,Banca Monte dei Paschi di Siena,Banca Monte dei Paschi di Siena,Banca Monte dei Paschi di Siena,"For Banca Monte dei Paschi di Siena, has the governance disclosure clarified whether the role responsible for sustainability reporting is held by the same individual who serves as Financial Reporting Officer?",Banca_Monte_dei_Paschi_di_Siena_0007,Banca_Monte_dei_Paschi_di_Siena_0007,Banca_Monte_dei_Paschi_di_Siena_0007|Banca_Monte_dei_Paschi_di_Siena_0008|Banca_Monte_dei_Paschi_di_Siena_0014|Banca_Monte_dei_Paschi_di_Siena_0013|Banca_Monte_dei_Paschi_di_Siena_0011,1,1.0,both_rank1,107.647,30.472,107.647,29547,2126,110941,8163
ESRS,"Banca Monte dei Paschi di Siena__Banca_Monte_dei_Paschi_di_Siena_0011__Within Banca Monte dei Paschi di Siena’s governance framework, which internal committee is tasked with overseeing adherence to Legislative Decree No. 125 of 10 September 2024 in relation to the preparation of the Sustainability Report?",,Banca Monte dei Paschi di Siena,Banca Monte dei Paschi di Siena,Banca Monte dei Paschi di Siena,"Within Banca Monte dei Paschi di Siena’s governance framework, which internal committee is tasked with overseeing adherence to Legislative Decree No. 125 of 10 September 2024 in relation to the preparation of the Sustainability Report?",Banca_Monte_dei_Paschi_di_Siena_0011,Banca_Monte_dei_Paschi_di_Siena_0011,Banca_Monte_dei_Paschi_di_Siena_0011|Banca_Monte_dei_Paschi_di_Siena_0010|Banca_Monte_dei_Paschi_di_Siena_0013|Banca_Monte_dei_Paschi_di_Siena_0012|Banca_Monte_dei_Paschi_di_Siena_0007,1,1.0,both_rank1,108.051,24.452,108.051,26126,1728,107097,7442
ESRS,Banca Monte dei Paschi di Siena__Banca_Monte_dei_Paschi_di_Siena_0015__Does Banca Monte dei Paschi di Siena state that its remuneration framework maintains an appropriate balance between fixed and variable pay to mitigate conflicts of interest related to achieving long-term goals?,,Banca Monte dei Paschi di Siena,Banca Monte dei Paschi di Siena,Banca Monte dei Paschi di Siena,Does Banca Monte dei Paschi di Siena state that its remuneration framework maintains an appropriate balance between fixed and variable pay to mitigate conflicts of interest related to achieving long-term goals?,Banca_Monte_dei_Paschi_di_Siena_0015,Banca_Monte_dei_Paschi_di_Siena_0015,Banca_Monte_dei_Paschi_di_Siena_0015|Banca_Monte_dei_Paschi_di_Siena_0016|Banca_Monte_dei_Paschi_di_Siena_0014|Banca_Monte_dei_Paschi_di_Siena_0017|Banca_Monte_dei_Paschi_di_Siena_0018,1,1.0,both_rank1,85.774,31.769,85.774,27904,2258,108380,6377
ESRS,"Banca Monte dei Paschi di Siena__Banca_Monte_dei_Paschi_di_Siena_0017__For ESRS remuneration-disclosure purposes, has Banca Monte dei Paschi di Siena established a clear linkage between variable pay for the CEO/General Manager and other covered personnel and climate-related objectives?",,Banca Monte dei Paschi di Siena,Banca Monte dei Paschi di Siena,Banca Monte dei Paschi di Siena,"For ESRS remuneration-disclosure purposes, has Banca Monte dei Paschi di Siena established a clear linkage between variable pay for the CEO/General Manager and other covered personnel and climate-related objectives?",Banca_Monte_dei_Paschi_di_Siena_0017,Banca_Monte_dei_Paschi_di_Siena_0017,Banca_Monte_dei_Paschi_di_Siena_0017|Banca_Monte_dei_Paschi_di_Siena_0016|Banca_Monte_dei_Paschi_di_Siena_0015|Banca_Monte_dei_Paschi_di_Siena_0014|Banca_Monte_dei_Paschi_di_Siena_0018,1,1.0,both_rank1,95.576,60.48,95.576,38173,4166,118119,7115
ESRS,"Banca Monte dei Paschi di Siena__Banca_Monte_dei_Paschi_di_Siena_0020__Has Banca Monte dei Paschi di Siena established internal controls over sustainability reporting that are expressly aimed at ensuring the reported information meets the ESRS 1 qualitative attributes (relevance, faithful representation, comparability, verifiability, understandability)?",,Banca Monte dei Paschi di Siena,Banca Monte dei Paschi di Siena,Banca Monte dei Paschi di Siena,"Has Banca Monte dei Paschi di Siena established internal controls over sustainability reporting that are expressly aimed at ensuring the reported information meets the ESRS 1 qualitative attributes (relevance, faithful representation, comparability, verifiability, understandability)?",Banca_Monte_dei_Paschi_di_Siena_0020,Banca_Monte_dei_Paschi_di_Siena_0020,Banca_Monte_dei_Paschi_di_Siena_0020|Banca_Monte_dei_Paschi_di_Siena_0019|Banca_Monte_dei_Paschi_di_Siena_0011|Banca_Monte_dei_Paschi_di_Siena_0014|Banca_Monte_dei_Paschi_di_Siena_0013,1,1.0,both_rank1,85.141,25.986,85.14,26296,2181,107396,7502
ESRS,"Banca Monte dei Paschi di Siena__Banca_Monte_dei_Paschi_di_Siena_0021__Does Banca Monte dei Paschi di Siena state that the forward-looking elements of its sustainability reporting are grounded in specified assumptions disclosed in the report and that, given inherent uncertainty, actual outcomes may differ significantly, in line with ESRS expectations for prospective information?",,Banca Monte dei Paschi di Siena,Banca Monte dei Paschi di Siena,Banca Monte dei Paschi di Siena,"Does Banca Monte dei Paschi di Siena state that the forward-looking elements of its sustainability reporting are grounded in specified assumptions disclosed in the report and that, given inherent uncertainty, actual outcomes may differ significantly, in line with ESRS expectations for prospective information?",Banca_Monte_dei_Paschi_di_Siena_0021,Banca_Monte_dei_Paschi_di_Siena_0021,Banca_Monte_dei_Paschi_di_Siena_0021|Banca_Monte_dei_Paschi_di_Siena_0022|Banca_Monte_dei_Paschi_di_Siena_0001|Banca_Monte_dei_Paschi_di_Siena_0002|Banca_Monte_dei_Paschi_di_Siena_0003,1,1.0,both_rank1,104.554,40.293,104.554,48886,2909,110674,7715
ESRS,"Banca Monte dei Paschi di Siena__Banca_Monte_dei_Paschi_di_Siena_0023__For ESRS value chain boundary disclosures, does Banca Monte dei Paschi di Siena clearly define the segmentation and perimeter by naming the categories included upstream (e.g., suppliers, commercial partners such as AXA, and non-commercial partners), specifying what falls within its own operations (internal activities, resources, and relationships), and identifying the downstream counterparties (customers and distributors)?",,Banca Monte dei Paschi di Siena,Banca Monte dei Paschi di Siena,Banca Monte dei Paschi di Siena,"For ESRS value chain boundary disclosures, does Banca Monte dei Paschi di Siena clearly define the segmentation and perimeter by naming the categories included upstream (e.g., suppliers, commercial partners such as AXA, and non-commercial partners), specifying what falls within its own operations (internal activities, resources, and relationships), and identifying the downstream counterparties (customers and distributors)?",Banca_Monte_dei_Paschi_di_Siena_0023,Banca_Monte_dei_Paschi_di_Siena_0022,Banca_Monte_dei_Paschi_di_Siena_0023|Banca_Monte_dei_Paschi_di_Siena_0022|Banca_Monte_dei_Paschi_di_Siena_0024|Banca_Monte_dei_Paschi_di_Siena_0025|Banca_Monte_dei_Paschi_di_Siena_0028,0,1.0,mrr_rank1_only,85.525,22.231,85.525,26082,1986,105847,6547
ESRS,"Banca Monte dei Paschi di Siena__Banca_Monte_dei_Paschi_di_Siena_0024__For ESRS value-chain transparency, has Banca Monte dei Paschi di Siena set out its upstream scope by identifying the principal counterparties (such as vendors, strategic partners, and non-market partners) and describing the types of inputs and services they provide to the Group’s operations?",,Banca Monte dei Paschi di Siena,Banca Monte dei Paschi di Siena,Banca Monte dei Paschi di Siena,"For ESRS value-chain transparency, has Banca Monte dei Paschi di Siena set out its upstream scope by identifying the principal counterparties (such as vendors, strategic partners, and non-market partners) and describing the types of inputs and services they provide to the Group’s operations?",Banca_Monte_dei_Paschi_di_Siena_0024,Banca_Monte_dei_Paschi_di_Siena_0024,Banca_Monte_dei_Paschi_di_Siena_0024|Banca_Monte_dei_Paschi_di_Siena_0023|Banca_Monte_dei_Paschi_di_Siena_0022|Banca_Monte_dei_Paschi_di_Siena_0025|Banca_Monte_dei_Paschi_di_Siena_0021,1,1.0,both_rank1,62.386,20.128,62.386,25152,1622,108037,4700
ESRS,"Banca Monte dei Paschi di Siena__Banca_Monte_dei_Paschi_di_Siena_0026__Within Banca Monte dei Paschi di Siena’s double materiality procedure, is there a defined governance step in which the consolidated list of material topics is submitted to the bank’s control bodies for review and approval?",,Banca Monte dei Paschi di Siena,Banca Monte dei Paschi di Siena,Banca Monte dei Paschi di Siena,"Within Banca Monte dei Paschi di Siena’s double materiality procedure, is there a defined governance step in which the consolidated list of material topics is submitted to the bank’s control bodies for review and approval?",Banca_Monte_dei_Paschi_di_Siena_0026,Banca_Monte_dei_Paschi_di_Siena_0033,Banca_Monte_dei_Paschi_di_Siena_0026|Banca_Monte_dei_Paschi_di_Siena_0034|Banca_Monte_dei_Paschi_di_Siena_0033|Banca_Monte_dei_Paschi_di_Siena_0011|Banca_Monte_dei_Paschi_di_Siena_0025,0,1.0,mrr_rank1_only,69.823,22.554,69.823,25590,1864,105411,6293
ESRS,Banca Monte dei Paschi di Siena__Banca_Monte_dei_Paschi_di_Siena_0030__Has Banca Monte dei Paschi di Siena established a quantitative cut-off—an impact score above 3—to determine which topics are included in its sustainability statement to support comparability and transparency?,,Banca Monte dei Paschi di Siena,Banca Monte dei Paschi di Siena,Banca Monte dei Paschi di Siena,Has Banca Monte dei Paschi di Siena established a quantitative cut-off—an impact score above 3—to determine which topics are included in its sustainability statement to support comparability and transparency?,Banca_Monte_dei_Paschi_di_Siena_0030,Banca_Monte_dei_Paschi_di_Siena_0031,Banca_Monte_dei_Paschi_di_Siena_0030|Banca_Monte_dei_Paschi_di_Siena_0032|Banca_Monte_dei_Paschi_di_Siena_0031|Banca_Monte_dei_Paschi_di_Siena_0029|Banca_Monte_dei_Paschi_di_Siena_0026,0,1.0,mrr_rank1_only,63.905,20.958,63.905,25191,1527,104899,4851
ESRS,"Banca Monte dei Paschi di Siena__Banca_Monte_dei_Paschi_di_Siena_0032__For ESRS-aligned materiality reporting, does Banca Monte dei Paschi di Siena disclose which external stakeholder constituencies it consulted directly during 2024?",,Banca Monte dei Paschi di Siena,Banca Monte dei Paschi di Siena,Banca Monte dei Paschi di Siena,"For ESRS-aligned materiality reporting, does Banca Monte dei Paschi di Siena disclose which external stakeholder constituencies it consulted directly during 2024?",Banca_Monte_dei_Paschi_di_Siena_0032,Banca_Monte_dei_Paschi_di_Siena_0032,Banca_Monte_dei_Paschi_di_Siena_0032|Banca_Monte_dei_Paschi_di_Siena_0033|Banca_Monte_dei_Paschi_di_Siena_0029|Banca_Monte_dei_Paschi_di_Siena_0031|Banca_Monte_dei_Paschi_di_Siena_0030,1,1.0,both_rank1,66.699,22.745,66.699,25173,1539,104365,5330
ESRS,"Banca Monte dei Paschi di Siena__Banca_Monte_dei_Paschi_di_Siena_0033__Under Banca Monte dei Paschi di Siena’s double materiality methodology, is a sustainability topic deemed material for the Group when any one of its related dimensions—impact, risk, or opportunity—is assessed as material for the analysis scope?",,Banca Monte dei Paschi di Siena,Banca Monte dei Paschi di Siena,Banca Monte dei Paschi di Siena,"Under Banca Monte dei Paschi di Siena’s double materiality methodology, is a sustainability topic deemed material for the Group when any one of its related dimensions—impact, risk, or opportunity—is assessed as material for the analysis scope?",Banca_Monte_dei_Paschi_di_Siena_0033,Banca_Monte_dei_Paschi_di_Siena_0033,Banca_Monte_dei_Paschi_di_Siena_0033|Banca_Monte_dei_Paschi_di_Siena_0032|Banca_Monte_dei_Paschi_di_Siena_0026|Banca_Monte_dei_Paschi_di_Siena_0031|Banca_Monte_dei_Paschi_di_Siena_0034,1,1.0,both_rank1,68.966,20.419,68.965,25615,1542,105151,5634
ESRS,"Banca Monte dei Paschi di Siena__Banca_Monte_dei_Paschi_di_Siena_0034__For ESRS purposes regarding governance oversight of materiality outcomes, does Banca Monte dei Paschi di Siena confirm that the final list of material matters was submitted to and considered by its highest governance bodies, and which bodies were involved?",,Banca Monte dei Paschi di Siena,Banca Monte dei Paschi di Siena,Banca Monte dei Paschi di Siena,"For ESRS purposes regarding governance oversight of materiality outcomes, does Banca Monte dei Paschi di Siena confirm that the final list of material matters was submitted to and considered by its highest governance bodies, and which bodies were involved?",Banca_Monte_dei_Paschi_di_Siena_0034,Banca_Monte_dei_Paschi_di_Siena_0033,Banca_Monte_dei_Paschi_di_Siena_0034|Banca_Monte_dei_Paschi_di_Siena_0033|Banca_Monte_dei_Paschi_di_Siena_0013|Banca_Monte_dei_Paschi_di_Siena_0011|Banca_Monte_dei_Paschi_di_Siena_0012,0,1.0,mrr_rank1_only,85.08,26.722,85.08,25610,1984,105892,6960
ESRS,"Banca Monte dei Paschi di Siena__Banca_Monte_dei_Paschi_di_Siena_0038__In line with ESRS expectations to delineate material climate-related risks across the value chain, has Banca Monte dei Paschi di Siena classified credit risk in its downstream activities as material?",,Banca Monte dei Paschi di Siena,Banca Monte dei Paschi di Siena,Banca Monte dei Paschi di Siena,"In line with ESRS expectations to delineate material climate-related risks across the value chain, has Banca Monte dei Paschi di Siena classified credit risk in its downstream activities as material?",Banca_Monte_dei_Paschi_di_Siena_0038,Banca_Monte_dei_Paschi_di_Siena_0038,Banca_Monte_dei_Paschi_di_Siena_0038|Banca_Monte_dei_Paschi_di_Siena_0039|Banca_Monte_dei_Paschi_di_Siena_0046_intro|Banca_Monte_dei_Paschi_di_Siena_0048|Banca_Monte_dei_Paschi_di_Siena_0049,1,1.0,both_rank1,109.624,29.023,109.623,12416,1641,36801,8310
ESRS,Banca Monte dei Paschi di Siena__Banca_Monte_dei_Paschi_di_Siena_0040__Identify when the Board of Directors most recently granted formal approval to Banca Monte dei Paschi di Siena’s climate transition plan.,,Banca Monte dei Paschi di Siena,Banca Monte dei Paschi di Siena,Banca Monte dei Paschi di Siena,Identify when the Board of Directors most recently granted formal approval to Banca Monte dei Paschi di Siena’s climate transition plan.,Banca_Monte_dei_Paschi_di_Siena_0040,Banca_Monte_dei_Paschi_di_Siena_0040,Banca_Monte_dei_Paschi_di_Siena_0040|Banca_Monte_dei_Paschi_di_Siena_0039|Banca_Monte_dei_Paschi_di_Siena_0044|Banca_Monte_dei_Paschi_di_Siena_0045|Banca_Monte_dei_Paschi_di_Siena_0043_intro,1,1.0,both_rank1,72.494,21.424,72.494,13244,1357,41235,5371
ESRS,"Banca Monte dei Paschi di Siena__Banca_Monte_dei_Paschi_di_Siena_0042__Has Banca Monte dei Paschi di Siena committed 2024 capital expenditure to build a centralized ESG data repository and dashboarding capability to underpin mandatory sustainability reporting (e.g., CSRD) and evidence alignment with ESRS requirements?",,Banca Monte dei Paschi di Siena,Banca Monte dei Paschi di Siena,Banca Monte dei Paschi di Siena,"Has Banca Monte dei Paschi di Siena committed 2024 capital expenditure to build a centralized ESG data repository and dashboarding capability to underpin mandatory sustainability reporting (e.g., CSRD) and evidence alignment with ESRS requirements?",Banca_Monte_dei_Paschi_di_Siena_0042,Banca_Monte_dei_Paschi_di_Siena_0017,Banca_Monte_dei_Paschi_di_Siena_0017|Banca_Monte_dei_Paschi_di_Siena_0018|Banca_Monte_dei_Paschi_di_Siena_0020|Banca_Monte_dei_Paschi_di_Siena_0019|Banca_Monte_dei_Paschi_di_Siena_0021,0,,both_fail,227.922,227.922,180.305,159233,16036,140677,12325
ESRS,Banca Monte dei Paschi di Siena__Banca_Monte_dei_Paschi_di_Siena_0047__Does Banca Monte dei Paschi di Siena disclose that it has set interim greenhouse‑gas reduction goals with a 2030 horizon for the two higher‑emission sector groupings it identified?,,Banca Monte dei Paschi di Siena,Banca Monte dei Paschi di Siena,Banca Monte dei Paschi di Siena,Does Banca Monte dei Paschi di Siena disclose that it has set interim greenhouse‑gas reduction goals with a 2030 horizon for the two higher‑emission sector groupings it identified?,Banca_Monte_dei_Paschi_di_Siena_0047,Banca_Monte_dei_Paschi_di_Siena_0045,Banca_Monte_dei_Paschi_di_Siena_0047|Banca_Monte_dei_Paschi_di_Siena_0045|Banca_Monte_dei_Paschi_di_Siena_0048|Banca_Monte_dei_Paschi_di_Siena_0046_intro|Banca_Monte_dei_Paschi_di_Siena_0049,0,1.0,mrr_rank1_only,68.188,27.79,68.188,16202,2556,32532,7187
ESRS,"Banca Monte dei Paschi di Siena__Banca_Monte_dei_Paschi_di_Siena_0048__For ESRS-aligned disclosure on sectoral financing restrictions, does Banca Monte dei Paschi di Siena state that it will provide no new lending to coal mining, permit existing coal-related exposures to run off without renewal to achieve a full exit by 2025, and only consider financing for mine-site remediation or reclamation where environmental benefits are evidenced through documented due diligence?",,Banca Monte dei Paschi di Siena,Banca Monte dei Paschi di Siena,Banca Monte dei Paschi di Siena,"For ESRS-aligned disclosure on sectoral financing restrictions, does Banca Monte dei Paschi di Siena state that it will provide no new lending to coal mining, permit existing coal-related exposures to run off without renewal to achieve a full exit by 2025, and only consider financing for mine-site remediation or reclamation where environmental benefits are evidenced through documented due diligence?",Banca_Monte_dei_Paschi_di_Siena_0048,Banca_Monte_dei_Paschi_di_Siena_0045,Banca_Monte_dei_Paschi_di_Siena_0048|Banca_Monte_dei_Paschi_di_Siena_0047|Banca_Monte_dei_Paschi_di_Siena_0045|Banca_Monte_dei_Paschi_di_Siena_0049|Banca_Monte_dei_Paschi_di_Siena_0044,0,1.0,mrr_rank1_only,83.221,30.7,83.221,16447,2416,38256,7236
ESRS,"Banca Monte dei Paschi di Siena__Banca_Monte_dei_Paschi_di_Siena_0049__Within Banca Monte dei Paschi di Siena’s credit processes, is the client-level ESG questionnaire embedded in the operating system and designed to capture both exposure to climate-transition risk and physical risk for each counterparty?",,Banca Monte dei Paschi di Siena,Banca Monte dei Paschi di Siena,Banca Monte dei Paschi di Siena,"Within Banca Monte dei Paschi di Siena’s credit processes, is the client-level ESG questionnaire embedded in the operating system and designed to capture both exposure to climate-transition risk and physical risk for each counterparty?",Banca_Monte_dei_Paschi_di_Siena_0049,Banca_Monte_dei_Paschi_di_Siena_0049,Banca_Monte_dei_Paschi_di_Siena_0049|Banca_Monte_dei_Paschi_di_Siena_0048|Banca_Monte_dei_Paschi_di_Siena_0040|Banca_Monte_dei_Paschi_di_Siena_0044|Banca_Monte_dei_Paschi_di_Siena_0045,1,1.0,both_rank1,80.873,34.231,80.873,18387,3020,44197,7274
ESRS,Banca Monte dei Paschi di Siena__Banca_Monte_dei_Paschi_di_Siena_0051__Has Banca Monte dei Paschi di Siena identified any loan product category in its sustainable finance offering as explicitly aligned with the EU Environmental Taxonomy?,,Banca Monte dei Paschi di Siena,Banca Monte dei Paschi di Siena,Banca Monte dei Paschi di Siena,Has Banca Monte dei Paschi di Siena identified any loan product category in its sustainable finance offering as explicitly aligned with the EU Environmental Taxonomy?,Banca_Monte_dei_Paschi_di_Siena_0051,Banca_Monte_dei_Paschi_di_Siena_0040,Banca_Monte_dei_Paschi_di_Siena_0051|Banca_Monte_dei_Paschi_di_Siena_0041|Banca_Monte_dei_Paschi_di_Siena_0040|Banca_Monte_dei_Paschi_di_Siena_0042|Banca_Monte_dei_Paschi_di_Siena_0077,0,1.0,mrr_rank1_only,70.528,35.202,70.528,16032,2734,40951,5882
ESRS,Banca Monte dei Paschi di Siena__Banca_Monte_dei_Paschi_di_Siena_0052__Has Banca Monte dei Paschi di Siena provided a numeric disclosure of the total amount disbursed in 2024 under the “Nuova Sabatini” SME support measure?,,Banca Monte dei Paschi di Siena,Banca Monte dei Paschi di Siena,Banca Monte dei Paschi di Siena,Has Banca Monte dei Paschi di Siena provided a numeric disclosure of the total amount disbursed in 2024 under the “Nuova Sabatini” SME support measure?,Banca_Monte_dei_Paschi_di_Siena_0052,,,0,,both_fail,61.641,,61.641,0,0,40510,4817
ESRS,"Banca Monte dei Paschi di Siena__Banca_Monte_dei_Paschi_di_Siena_0053__Does Banca Monte dei Paschi di Siena provide a quantitative disclosure of the financing delivered under its SACE Green New Deal arrangement, including the cumulative total since inception and the amount attributable to the 2024 reporting year?",,Banca Monte dei Paschi di Siena,Banca Monte dei Paschi di Siena,Banca Monte dei Paschi di Siena,"Does Banca Monte dei Paschi di Siena provide a quantitative disclosure of the financing delivered under its SACE Green New Deal arrangement, including the cumulative total since inception and the amount attributable to the 2024 reporting year?",Banca_Monte_dei_Paschi_di_Siena_0053,Banca_Monte_dei_Paschi_di_Siena_0053,Banca_Monte_dei_Paschi_di_Siena_0053|Banca_Monte_dei_Paschi_di_Siena_0051|Banca_Monte_dei_Paschi_di_Siena_0052|Banca_Monte_dei_Paschi_di_Siena_0049|Banca_Monte_dei_Paschi_di_Siena_0045,1,1.0,both_rank1,80.028,31.003,80.027,19699,2304,49843,7228
ESRS,"Banca Monte dei Paschi di Siena__Banca_Monte_dei_Paschi_di_Siena_0054__For ESRS-aligned disclosures on sustainable finance instruments, does Banca Monte dei Paschi di Siena state that the green bonds it supported in 2024 are aligned with the EU Taxonomy and describe the intended use of proceeds?",,Banca Monte dei Paschi di Siena,Banca Monte dei Paschi di Siena,Banca Monte dei Paschi di Siena,"For ESRS-aligned disclosures on sustainable finance instruments, does Banca Monte dei Paschi di Siena state that the green bonds it supported in 2024 are aligned with the EU Taxonomy and describe the intended use of proceeds?",Banca_Monte_dei_Paschi_di_Siena_0054,Banca_Monte_dei_Paschi_di_Siena_0058,Banca_Monte_dei_Paschi_di_Siena_0054|Banca_Monte_dei_Paschi_di_Siena_0053|Banca_Monte_dei_Paschi_di_Siena_0055|Banca_Monte_dei_Paschi_di_Siena_0058|Banca_Monte_dei_Paschi_di_Siena_0056,0,1.0,mrr_rank1_only,125.831,41.426,125.831,19179,3436,47330,10045
ESRS,"Banca Monte dei Paschi di Siena__Banca_Monte_dei_Paschi_di_Siena_0056__For ESRS-aligned disclosure on climate adaptation-related offerings, does Banca Monte dei Paschi di Siena state that it launched a catastrophe insurance guarantee for corporate customers to comply with a statutory requirement for mandatory natural disaster cover introduced by the 2024 Budget Law?",,Banca Monte dei Paschi di Siena,Banca Monte dei Paschi di Siena,Banca Monte dei Paschi di Siena,"For ESRS-aligned disclosure on climate adaptation-related offerings, does Banca Monte dei Paschi di Siena state that it launched a catastrophe insurance guarantee for corporate customers to comply with a statutory requirement for mandatory natural disaster cover introduced by the 2024 Budget Law?",Banca_Monte_dei_Paschi_di_Siena_0056,Banca_Monte_dei_Paschi_di_Siena_0058,Banca_Monte_dei_Paschi_di_Siena_0056|Banca_Monte_dei_Paschi_di_Siena_0055|Banca_Monte_dei_Paschi_di_Siena_0058|Banca_Monte_dei_Paschi_di_Siena_0054|Banca_Monte_dei_Paschi_di_Siena_0053,0,1.0,mrr_rank1_only,131.686,40.107,131.686,19227,2885,51933,11420
ESRS,"Banca Monte dei Paschi di Siena__Banca_Monte_dei_Paschi_di_Siena_0058__For Banca Monte dei Paschi di Siena’s operational emissions strategy, does the bank disclose that its Scope 1 reduction target counts the effect of carbon-credit offsetting, and does it quantify the share of 2024 emissions offset?",,Banca Monte dei Paschi di Siena,Banca Monte dei Paschi di Siena,Banca Monte dei Paschi di Siena,"For Banca Monte dei Paschi di Siena’s operational emissions strategy, does the bank disclose that its Scope 1 reduction target counts the effect of carbon-credit offsetting, and does it quantify the share of 2024 emissions offset?",Banca_Monte_dei_Paschi_di_Siena_0058,Banca_Monte_dei_Paschi_di_Siena_0058,Banca_Monte_dei_Paschi_di_Siena_0058|Banca_Monte_dei_Paschi_di_Siena_0069|Banca_Monte_dei_Paschi_di_Siena_0045|Banca_Monte_dei_Paschi_di_Siena_0044|Banca_Monte_dei_Paschi_di_Siena_0060,1,1.0,both_rank1,108.114,33.67,108.114,19187,2514,53213,9259
ESRS,"Banca Monte dei Paschi di Siena__Banca_Monte_dei_Paschi_di_Siena_0064__For its energy-intensity KPI, does Banca Monte dei Paschi di Siena delineate the specific Consolidated Financial Statements income lines that are aggregated to determine revenues from activities in high climate‑impact sectors?",,Banca Monte dei Paschi di Siena,Banca Monte dei Paschi di Siena,Banca Monte dei Paschi di Siena,"For its energy-intensity KPI, does Banca Monte dei Paschi di Siena delineate the specific Consolidated Financial Statements income lines that are aggregated to determine revenues from activities in high climate‑impact sectors?",Banca_Monte_dei_Paschi_di_Siena_0064,Banca_Monte_dei_Paschi_di_Siena_0064,Banca_Monte_dei_Paschi_di_Siena_0064|Banca_Monte_dei_Paschi_di_Siena_0063|Banca_Monte_dei_Paschi_di_Siena_0065|Banca_Monte_dei_Paschi_di_Siena_0062|Banca_Monte_dei_Paschi_di_Siena_0042,1,1.0,both_rank1,89.579,28.794,89.579,17395,2300,53199,7260
ESRS,"Banca Monte dei Paschi di Siena__Banca_Monte_dei_Paschi_di_Siena_0066__In its 2024 greenhouse-gas inventory, does Banca Monte dei Paschi di Siena set out both a grid-average (location-based) and a contract-specific (market-based) method for Scope 2 electricity, and specify that electricity volumes backed by guarantees of origin are assigned a zero emissions factor?",,Banca Monte dei Paschi di Siena,Banca Monte dei Paschi di Siena,Banca Monte dei Paschi di Siena,"In its 2024 greenhouse-gas inventory, does Banca Monte dei Paschi di Siena set out both a grid-average (location-based) and a contract-specific (market-based) method for Scope 2 electricity, and specify that electricity volumes backed by guarantees of origin are assigned a zero emissions factor?",Banca_Monte_dei_Paschi_di_Siena_0066,Banca_Monte_dei_Paschi_di_Siena_0066,Banca_Monte_dei_Paschi_di_Siena_0066|Banca_Monte_dei_Paschi_di_Siena_0065|Banca_Monte_dei_Paschi_di_Siena_0062|Banca_Monte_dei_Paschi_di_Siena_0067|Banca_Monte_dei_Paschi_di_Siena_0063,1,1.0,both_rank1,67.175,27.461,67.175,19826,2132,43547,6141
ESRS,"Banca Monte dei Paschi di Siena__Banca_Monte_dei_Paschi_di_Siena_0067__For unbilled months of LPG and district heating, does Banca Monte dei Paschi di Siena explicitly disclose the proxy basis and calculation logic used to estimate consumption, namely the application of a natural gas consumption ratio from the Parent Company and Banca WIDIBA to annualise the figures?",,Banca Monte dei Paschi di Siena,Banca Monte dei Paschi di Siena,Banca Monte dei Paschi di Siena,"For unbilled months of LPG and district heating, does Banca Monte dei Paschi di Siena explicitly disclose the proxy basis and calculation logic used to estimate consumption, namely the application of a natural gas consumption ratio from the Parent Company and Banca WIDIBA to annualise the figures?",Banca_Monte_dei_Paschi_di_Siena_0067,Banca_Monte_dei_Paschi_di_Siena_0067,Banca_Monte_dei_Paschi_di_Siena_0067|Banca_Monte_dei_Paschi_di_Siena_0066|Banca_Monte_dei_Paschi_di_Siena_0065|Banca_Monte_dei_Paschi_di_Siena_0062,1,1.0,both_rank1,118.134,28.568,118.134,18250,2182,80465,9687
ESRS,"Banca Monte dei Paschi di Siena__Banca_Monte_dei_Paschi_di_Siena_0068__For Category 15 financed emissions, does Banca Monte dei Paschi di Siena disclose that counterparties’ Scope 3 figures are derived by estimating total value-chain emissions via a Eurostat-based consumption model (with adjustments for intermediate goods) and then obtaining Scope 3 as the remainder after deducting Scopes 1 and 2?",,Banca Monte dei Paschi di Siena,Banca Monte dei Paschi di Siena,Banca Monte dei Paschi di Siena,"For Category 15 financed emissions, does Banca Monte dei Paschi di Siena disclose that counterparties’ Scope 3 figures are derived by estimating total value-chain emissions via a Eurostat-based consumption model (with adjustments for intermediate goods) and then obtaining Scope 3 as the remainder after deducting Scopes 1 and 2?",Banca_Monte_dei_Paschi_di_Siena_0068,Banca_Monte_dei_Paschi_di_Siena_0068,Banca_Monte_dei_Paschi_di_Siena_0068|Banca_Monte_dei_Paschi_di_Siena_0067|Banca_Monte_dei_Paschi_di_Siena_0066|Banca_Monte_dei_Paschi_di_Siena_0065|Banca_Monte_dei_Paschi_di_Siena_0042,1,1.0,both_rank1,88.623,33.51,88.623,18135,2241,55451,7119
ESRS,"Banca Monte dei Paschi di Siena__Banca_Monte_dei_Paschi_di_Siena_0069__For the 2024 reporting year, does Banca Monte dei Paschi di Siena specify whether the carbon credits it retired originate from emissions-reduction initiatives rather than carbon-removal projects?",,Banca Monte dei Paschi di Siena,Banca Monte dei Paschi di Siena,Banca Monte dei Paschi di Siena,"For the 2024 reporting year, does Banca Monte dei Paschi di Siena specify whether the carbon credits it retired originate from emissions-reduction initiatives rather than carbon-removal projects?",Banca_Monte_dei_Paschi_di_Siena_0069,Banca_Monte_dei_Paschi_di_Siena_0069,Banca_Monte_dei_Paschi_di_Siena_0069|Banca_Monte_dei_Paschi_di_Siena_0068|Banca_Monte_dei_Paschi_di_Siena_0058|Banca_Monte_dei_Paschi_di_Siena_0065,1,1.0,both_rank1,128.196,29.565,128.196,17577,2116,83604,9507
ESRS,"Banca Monte dei Paschi di Siena__Banca_Monte_dei_Paschi_di_Siena_0074__For ESRS policy reporting, does Banca Monte dei Paschi di Siena confirm that its Group Sustainability and ESG Policy has been authorised at board level?",,Banca Monte dei Paschi di Siena,Banca Monte dei Paschi di Siena,Banca Monte dei Paschi di Siena,"For ESRS policy reporting, does Banca Monte dei Paschi di Siena confirm that its Group Sustainability and ESG Policy has been authorised at board level?",Banca_Monte_dei_Paschi_di_Siena_0074,Banca_Monte_dei_Paschi_di_Siena_0010,Banca_Monte_dei_Paschi_di_Siena_0011|Banca_Monte_dei_Paschi_di_Siena_0010|Banca_Monte_dei_Paschi_di_Siena_0012|Banca_Monte_dei_Paschi_di_Siena_0013|Banca_Monte_dei_Paschi_di_Siena_0007,0,,both_fail,100.392,33.423,100.392,28173,2320,109185,6718
ESRS,Banca Monte dei Paschi di Siena__Banca_Monte_dei_Paschi_di_Siena_0077__Does Banca Monte dei Paschi di Siena confirm that its Article 8 Taxonomy disclosures were prepared taking into account the European Commission’s interpretative FAQs published on 21 December 2023 and in November 2024?,,Banca Monte dei Paschi di Siena,Banca Monte dei Paschi di Siena,Banca Monte dei Paschi di Siena,Does Banca Monte dei Paschi di Siena confirm that its Article 8 Taxonomy disclosures were prepared taking into account the European Commission’s interpretative FAQs published on 21 December 2023 and in November 2024?,Banca_Monte_dei_Paschi_di_Siena_0077,Banca_Monte_dei_Paschi_di_Siena_0214,Banca_Monte_dei_Paschi_di_Siena_0077|Banca_Monte_dei_Paschi_di_Siena_0214|Banca_Monte_dei_Paschi_di_Siena_0215,0,1.0,mrr_rank1_only,99.852,31.065,99.852,17334,2256,70168,7471
ESRS,"Banca Monte dei Paschi di Siena__Banca_Monte_dei_Paschi_di_Siena_0080__When performing the ESRS S1 double materiality assessment, did Banca Monte dei Paschi di Siena include the entire own workforce, irrespective of whether employees were on permanent or temporary contracts and whether they worked full-time or part-time?",,Banca Monte dei Paschi di Siena,Banca Monte dei Paschi di Siena,Banca Monte dei Paschi di Siena,"When performing the ESRS S1 double materiality assessment, did Banca Monte dei Paschi di Siena include the entire own workforce, irrespective of whether employees were on permanent or temporary contracts and whether they worked full-time or part-time?",Banca_Monte_dei_Paschi_di_Siena_0080,Banca_Monte_dei_Paschi_di_Siena_0080,Banca_Monte_dei_Paschi_di_Siena_0080|Banca_Monte_dei_Paschi_di_Siena_0032|Banca_Monte_dei_Paschi_di_Siena_0079_intro,1,1.0,both_rank1,150.247,21.472,150.247,11446,1609,79622,10789
ESRS,Banca Monte dei Paschi di Siena__Banca_Monte_dei_Paschi_di_Siena_0087__Does Banca Monte dei Paschi di Siena disclose a control whereby it routinely monitors employees’ training needs to prevent competency gaps that could undermine the quality of service provided to customers?,,Banca Monte dei Paschi di Siena,Banca Monte dei Paschi di Siena,Banca Monte dei Paschi di Siena,Does Banca Monte dei Paschi di Siena disclose a control whereby it routinely monitors employees’ training needs to prevent competency gaps that could undermine the quality of service provided to customers?,Banca_Monte_dei_Paschi_di_Siena_0087,Banca_Monte_dei_Paschi_di_Siena_0091,Banca_Monte_dei_Paschi_di_Siena_0091|Banca_Monte_dei_Paschi_di_Siena_0092|Banca_Monte_dei_Paschi_di_Siena_0093|Banca_Monte_dei_Paschi_di_Siena_0094|Banca_Monte_dei_Paschi_di_Siena_0090_intro,0,,both_fail,82.619,39.236,82.619,17873,2801,32802,6416
ESRS,"Banca Monte dei Paschi di Siena__Banca_Monte_dei_Paschi_di_Siena_0098__For ESRS-consistent oversight of diversity objectives, has Banca Monte dei Paschi di Siena committed to establish defined KPIs, aligned with its Gender Equality Policy, to evaluate implementation and outcomes over time?",,Banca Monte dei Paschi di Siena,Banca Monte dei Paschi di Siena,Banca Monte dei Paschi di Siena,"For ESRS-consistent oversight of diversity objectives, has Banca Monte dei Paschi di Siena committed to establish defined KPIs, aligned with its Gender Equality Policy, to evaluate implementation and outcomes over time?",Banca_Monte_dei_Paschi_di_Siena_0098,Banca_Monte_dei_Paschi_di_Siena_0097,Banca_Monte_dei_Paschi_di_Siena_0098|Banca_Monte_dei_Paschi_di_Siena_0097|Banca_Monte_dei_Paschi_di_Siena_0100|Banca_Monte_dei_Paschi_di_Siena_0099|Banca_Monte_dei_Paschi_di_Siena_0105_intro,0,1.0,mrr_rank1_only,99.106,37.152,99.106,19265,2932,48262,8736
ESRS,"Banca Monte dei Paschi di Siena__Banca_Monte_dei_Paschi_di_Siena_0099__For ESRS-compliant disclosure of actions on equal opportunity in the own workforce, does Banca Monte dei Paschi di Siena provide quantified coverage rates for enterprise-wide training addressing cognitive bias and gender equality?",,Banca Monte dei Paschi di Siena,Banca Monte dei Paschi di Siena,Banca Monte dei Paschi di Siena,"For ESRS-compliant disclosure of actions on equal opportunity in the own workforce, does Banca Monte dei Paschi di Siena provide quantified coverage rates for enterprise-wide training addressing cognitive bias and gender equality?",Banca_Monte_dei_Paschi_di_Siena_0099,Banca_Monte_dei_Paschi_di_Siena_0099,Banca_Monte_dei_Paschi_di_Siena_0099|Banca_Monte_dei_Paschi_di_Siena_0098|Banca_Monte_dei_Paschi_di_Siena_0100,1,1.0,both_rank1,133.757,33.397,133.757,18412,2412,76295,10604
ESRS,"Banca Monte dei Paschi di Siena__Banca_Monte_dei_Paschi_di_Siena_0100__For Banca Monte dei Paschi di Siena, is there an articulated control mechanism whereby designated units monitor gender-equality KPIs and initiate remedial measures if results diverge from established targets?",,Banca Monte dei Paschi di Siena,Banca Monte dei Paschi di Siena,Banca Monte dei Paschi di Siena,"For Banca Monte dei Paschi di Siena, is there an articulated control mechanism whereby designated units monitor gender-equality KPIs and initiate remedial measures if results diverge from established targets?",Banca_Monte_dei_Paschi_di_Siena_0100,Banca_Monte_dei_Paschi_di_Siena_0099,Banca_Monte_dei_Paschi_di_Siena_0100|Banca_Monte_dei_Paschi_di_Siena_0098|Banca_Monte_dei_Paschi_di_Siena_0099|Banca_Monte_dei_Paschi_di_Siena_0097|Banca_Monte_dei_Paschi_di_Siena_0105_intro,0,1.0,mrr_rank1_only,119.616,40.828,119.616,18396,3063,50002,10086
ESRS,"Banca Monte dei Paschi di Siena__Banca_Monte_dei_Paschi_di_Siena_0108__For ESRS reporting on grievance mechanism governance, does Banca Monte dei Paschi di Siena specify which internal department receives whistleblowing submissions and conducts the ensuing internal investigations?",,Banca Monte dei Paschi di Siena,Banca Monte dei Paschi di Siena,Banca Monte dei Paschi di Siena,"For ESRS reporting on grievance mechanism governance, does Banca Monte dei Paschi di Siena specify which internal department receives whistleblowing submissions and conducts the ensuing internal investigations?",Banca_Monte_dei_Paschi_di_Siena_0108,Banca_Monte_dei_Paschi_di_Siena_0207,Banca_Monte_dei_Paschi_di_Siena_0207|Banca_Monte_dei_Paschi_di_Siena_0198|Banca_Monte_dei_Paschi_di_Siena_0201|Banca_Monte_dei_Paschi_di_Siena_0208|Banca_Monte_dei_Paschi_di_Siena_0209,0,,both_fail,94.64,32.786,94.64,13582,2232,33479,7022
ESRS,"Banca Monte dei Paschi di Siena__Banca_Monte_dei_Paschi_di_Siena_0118__For its health and safety disclosures, does Banca Monte dei Paschi di Siena report quantitative metrics for non-employee workers whose work or workplace it controls?",,Banca Monte dei Paschi di Siena,Banca Monte dei Paschi di Siena,Banca Monte dei Paschi di Siena,"For its health and safety disclosures, does Banca Monte dei Paschi di Siena report quantitative metrics for non-employee workers whose work or workplace it controls?",Banca_Monte_dei_Paschi_di_Siena_0118,Banca_Monte_dei_Paschi_di_Siena_0118,Banca_Monte_dei_Paschi_di_Siena_0118|Banca_Monte_dei_Paschi_di_Siena_0084|Banca_Monte_dei_Paschi_di_Siena_0091,1,1.0,both_rank1,172.179,41.718,172.179,16775,3200,83555,12452
ESRS,"Banca Monte dei Paschi di Siena__Banca_Monte_dei_Paschi_di_Siena_0119__Has Banca Monte dei Paschi di Siena reported, by gender, the proportion of employees who remain employed 12 months after taking parental leave?",,Banca Monte dei Paschi di Siena,Banca Monte dei Paschi di Siena,Banca Monte dei Paschi di Siena,"Has Banca Monte dei Paschi di Siena reported, by gender, the proportion of employees who remain employed 12 months after taking parental leave?",Banca_Monte_dei_Paschi_di_Siena_0119,Banca_Monte_dei_Paschi_di_Siena_0119,Banca_Monte_dei_Paschi_di_Siena_0119|Banca_Monte_dei_Paschi_di_Siena_0120|Banca_Monte_dei_Paschi_di_Siena_0121|Banca_Monte_dei_Paschi_di_Siena_0118|Banca_Monte_dei_Paschi_di_Siena_0113_intro,1,1.0,both_rank1,81.029,27.206,81.029,16696,1841,42069,6014
ESRS,"Banca Monte dei Paschi di Siena__Banca_Monte_dei_Paschi_di_Siena_0120__For ESRS remuneration ratio disclosure, has Banca Monte dei Paschi di Siena reported its 2024 multiple of the highest‑paid employee’s gross annual pay against the median pay of the remaining workforce and clarified the computation method?",,Banca Monte dei Paschi di Siena,Banca Monte dei Paschi di Siena,Banca Monte dei Paschi di Siena,"For ESRS remuneration ratio disclosure, has Banca Monte dei Paschi di Siena reported its 2024 multiple of the highest‑paid employee’s gross annual pay against the median pay of the remaining workforce and clarified the computation method?",Banca_Monte_dei_Paschi_di_Siena_0120,Banca_Monte_dei_Paschi_di_Siena_0120,Banca_Monte_dei_Paschi_di_Siena_0120|Banca_Monte_dei_Paschi_di_Siena_0121|Banca_Monte_dei_Paschi_di_Siena_0119|Banca_Monte_dei_Paschi_di_Siena_0118,1,1.0,both_rank1,168.022,35.789,168.022,16717,2570,80782,12357
ESRS,Banca Monte dei Paschi di Siena__Banca_Monte_dei_Paschi_di_Siena_0126__Does Banca Monte dei Paschi di Siena disclose that its supplier contracts and general purchasing terms require suppliers to sign an explicit acceptance form committing not to act in breach of the Group’s Code of Ethics?,,Banca Monte dei Paschi di Siena,Banca Monte dei Paschi di Siena,Banca Monte dei Paschi di Siena,Does Banca Monte dei Paschi di Siena disclose that its supplier contracts and general purchasing terms require suppliers to sign an explicit acceptance form committing not to act in breach of the Group’s Code of Ethics?,Banca_Monte_dei_Paschi_di_Siena_0126,Banca_Monte_dei_Paschi_di_Siena_0126,Banca_Monte_dei_Paschi_di_Siena_0126|Banca_Monte_dei_Paschi_di_Siena_0123|Banca_Monte_dei_Paschi_di_Siena_0127|Banca_Monte_dei_Paschi_di_Siena_0128|Banca_Monte_dei_Paschi_di_Siena_0207,1,1.0,both_rank1,108.97,65.704,108.97,31569,5397,45345,9041
ESRS,"Banca Monte dei Paschi di Siena__Banca_Monte_dei_Paschi_di_Siena_0128__Has Banca Monte dei Paschi di Siena reported setting specific, measurable targets addressing impacts on workers in its supply chain?",,Banca Monte dei Paschi di Siena,Banca Monte dei Paschi di Siena,Banca Monte dei Paschi di Siena,"Has Banca Monte dei Paschi di Siena reported setting specific, measurable targets addressing impacts on workers in its supply chain?",Banca_Monte_dei_Paschi_di_Siena_0128,Banca_Monte_dei_Paschi_di_Siena_0128,Banca_Monte_dei_Paschi_di_Siena_0128|Banca_Monte_dei_Paschi_di_Siena_0127|Banca_Monte_dei_Paschi_di_Siena_0126|Banca_Monte_dei_Paschi_di_Siena_0124_intro,1,1.0,both_rank1,85.366,32.413,85.366,12711,2292,29328,6737
ESRS,"Banca Monte dei Paschi di Siena__Banca_Monte_dei_Paschi_di_Siena_0132__For ESRS S3 on affected communities, does Banca Monte dei Paschi di Siena state that its determination of community-related material impacts was based on reviewing internal records alongside publicly available sources?",,Banca Monte dei Paschi di Siena,Banca Monte dei Paschi di Siena,Banca Monte dei Paschi di Siena,"For ESRS S3 on affected communities, does Banca Monte dei Paschi di Siena state that its determination of community-related material impacts was based on reviewing internal records alongside publicly available sources?",Banca_Monte_dei_Paschi_di_Siena_0132,Banca_Monte_dei_Paschi_di_Siena_0132,Banca_Monte_dei_Paschi_di_Siena_0132|Banca_Monte_dei_Paschi_di_Siena_0131_intro,1,1.0,both_rank1,114.726,30.136,114.726,10260,1481,43103,7061
ESRS,"Banca Monte dei Paschi di Siena__Banca_Monte_dei_Paschi_di_Siena_0137__Has Banca Monte dei Paschi di Siena disclosed numeric information for 2024 on its early‑career development pipeline, specifically the number of traineeships offered and their typical duration?",,Banca Monte dei Paschi di Siena,Banca Monte dei Paschi di Siena,Banca Monte dei Paschi di Siena,"Has Banca Monte dei Paschi di Siena disclosed numeric information for 2024 on its early‑career development pipeline, specifically the number of traineeships offered and their typical duration?",Banca_Monte_dei_Paschi_di_Siena_0137,Banca_Monte_dei_Paschi_di_Siena_0080,Banca_Monte_dei_Paschi_di_Siena_0080,0,,both_fail,116.396,116.396,113.724,70522,7548,68956,7317
ESRS,"Banca Monte dei Paschi di Siena__Banca_Monte_dei_Paschi_di_Siena_0138__For ESRS-aligned disclosure of actions and resources, does Banca Monte dei Paschi di Siena provide 2024 quantitative details on the number and amounts of financings, together with the regional breakdown of beneficiaries and funding, under the MASAF/CDP Supply Chain Agreements (Calls IV and V)?",,Banca Monte dei Paschi di Siena,Banca Monte dei Paschi di Siena,Banca Monte dei Paschi di Siena,"For ESRS-aligned disclosure of actions and resources, does Banca Monte dei Paschi di Siena provide 2024 quantitative details on the number and amounts of financings, together with the regional breakdown of beneficiaries and funding, under the MASAF/CDP Supply Chain Agreements (Calls IV and V)?",Banca_Monte_dei_Paschi_di_Siena_0138,Banca_Monte_dei_Paschi_di_Siena_0138,Banca_Monte_dei_Paschi_di_Siena_0138|Banca_Monte_dei_Paschi_di_Siena_0141|Banca_Monte_dei_Paschi_di_Siena_0140,1,1.0,both_rank1,193.388,85.199,193.388,28536,6111,77934,14677
ESRS,"Banca Monte dei Paschi di Siena__Banca_Monte_dei_Paschi_di_Siena_0140__For ESRS-aligned disclosure on resource allocation to environmental measures, does Banca Monte dei Paschi di Siena specify a quantified share of its tourism financing that is reserved for energy-efficiency upgrades, and if so, what proportion is stated?",,Banca Monte dei Paschi di Siena,Banca Monte dei Paschi di Siena,Banca Monte dei Paschi di Siena,"For ESRS-aligned disclosure on resource allocation to environmental measures, does Banca Monte dei Paschi di Siena specify a quantified share of its tourism financing that is reserved for energy-efficiency upgrades, and if so, what proportion is stated?",Banca_Monte_dei_Paschi_di_Siena_0140,Banca_Monte_dei_Paschi_di_Siena_0041,Banca_Monte_dei_Paschi_di_Siena_0042|Banca_Monte_dei_Paschi_di_Siena_0041|Banca_Monte_dei_Paschi_di_Siena_0040|Banca_Monte_dei_Paschi_di_Siena_0038|Banca_Monte_dei_Paschi_di_Siena_0077,0,,both_fail,226.499,226.499,208.767,73967,16662,66766,15350
ESRS,"Banca Monte dei Paschi di Siena__Banca_Monte_dei_Paschi_di_Siena_0141__Does Banca Monte dei Paschi di Siena disclose concrete implementation measures for its renewable-energy client support initiative, including the launch of a dedicated MPS Energia Verde business line, the opening of 15 nationwide centers staffed by specialists, and advisory services to help customers access NRRP incentive schemes such as Transition 5.0, Renewable Energy Communities, agrivoltaics, biomethane, and self-generation?",,Banca Monte dei Paschi di Siena,Banca Monte dei Paschi di Siena,Banca Monte dei Paschi di Siena,"Does Banca Monte dei Paschi di Siena disclose concrete implementation measures for its renewable-energy client support initiative, including the launch of a dedicated MPS Energia Verde business line, the opening of 15 nationwide centers staffed by specialists, and advisory services to help customers access NRRP incentive schemes such as Transition 5.0, Renewable Energy Communities, agrivoltaics, biomethane, and self-generation?",Banca_Monte_dei_Paschi_di_Siena_0141,Banca_Monte_dei_Paschi_di_Siena_0052,Banca_Monte_dei_Paschi_di_Siena_0052|Banca_Monte_dei_Paschi_di_Siena_0042|Banca_Monte_dei_Paschi_di_Siena_0041|Banca_Monte_dei_Paschi_di_Siena_0049|Banca_Monte_dei_Paschi_di_Siena_0045,0,,both_fail,317.551,317.551,265.015,119128,23551,100452,19752
ESRS,"Banca Monte dei Paschi di Siena__Banca_Monte_dei_Paschi_di_Siena_0142__For Banca Monte dei Paschi di Siena, does the disclosure confirm that restoration work is entrusted exclusively to professionals registered under the national cultural heritage regime established by Legislative Decree 42/2004, evidencing compliance in the selection of restorers?",,Banca Monte dei Paschi di Siena,Banca Monte dei Paschi di Siena,Banca Monte dei Paschi di Siena,"For Banca Monte dei Paschi di Siena, does the disclosure confirm that restoration work is entrusted exclusively to professionals registered under the national cultural heritage regime established by Legislative Decree 42/2004, evidencing compliance in the selection of restorers?",Banca_Monte_dei_Paschi_di_Siena_0142,Banca_Monte_dei_Paschi_di_Siena_0143,Banca_Monte_dei_Paschi_di_Siena_0143|Banca_Monte_dei_Paschi_di_Siena_0135|Banca_Monte_dei_Paschi_di_Siena_0132,0,,both_fail,174.401,174.401,165.49,68160,13097,63764,12190
ESRS,"Banca Monte dei Paschi di Siena__Banca_Monte_dei_Paschi_di_Siena_0143__For the material topic concerning impacts on local communities, has Banca Monte dei Paschi di Siena set quantitative targets, or does it state that it currently limits itself to monitoring initiative-level indicators and will consider formal targets in the future?",,Banca Monte dei Paschi di Siena,Banca Monte dei Paschi di Siena,Banca Monte dei Paschi di Siena,"For the material topic concerning impacts on local communities, has Banca Monte dei Paschi di Siena set quantitative targets, or does it state that it currently limits itself to monitoring initiative-level indicators and will consider formal targets in the future?",Banca_Monte_dei_Paschi_di_Siena_0143,Banca_Monte_dei_Paschi_di_Siena_0143,Banca_Monte_dei_Paschi_di_Siena_0143|Banca_Monte_dei_Paschi_di_Siena_0132,1,1.0,both_rank1,133.556,29.862,133.556,14253,1903,53831,8973
ESRS,"Banca Monte dei Paschi di Siena__Banca_Monte_dei_Paschi_di_Siena_0144__For Banca Monte dei Paschi di Siena, does the reported framework establish a formal, centralised control over community‑engagement communications that (i) assigns oversight to the External Communication, Institutional Relations Department and (ii) obliges Group functions to submit data on proposed initiatives from inception—and upon awareness for third‑party events—for prior evaluation by the designated functions?",,Banca Monte dei Paschi di Siena,Banca Monte dei Paschi di Siena,Banca Monte dei Paschi di Siena,"For Banca Monte dei Paschi di Siena, does the reported framework establish a formal, centralised control over community‑engagement communications that (i) assigns oversight to the External Communication, Institutional Relations Department and (ii) obliges Group functions to submit data on proposed initiatives from inception—and upon awareness for third‑party events—for prior evaluation by the designated functions?",Banca_Monte_dei_Paschi_di_Siena_0144,Banca_Monte_dei_Paschi_di_Siena_0144,Banca_Monte_dei_Paschi_di_Siena_0144|Banca_Monte_dei_Paschi_di_Siena_0143|Banca_Monte_dei_Paschi_di_Siena_0145|Banca_Monte_dei_Paschi_di_Siena_0135|Banca_Monte_dei_Paschi_di_Siena_0132,1,1.0,both_rank1,129.594,51.847,129.594,17187,3614,37584,8321
ESRS,"Banca Monte dei Paschi di Siena__Banca_Monte_dei_Paschi_di_Siena_0151__Within its ESRS actions disclosure, does Banca Monte dei Paschi di Siena confirm the completion status of its 2022–2024 information-security initiatives during the 2024 reporting period?",,Banca Monte dei Paschi di Siena,Banca Monte dei Paschi di Siena,Banca Monte dei Paschi di Siena,"Within its ESRS actions disclosure, does Banca Monte dei Paschi di Siena confirm the completion status of its 2022–2024 information-security initiatives during the 2024 reporting period?",Banca_Monte_dei_Paschi_di_Siena_0151,Banca_Monte_dei_Paschi_di_Siena_0151,Banca_Monte_dei_Paschi_di_Siena_0151|Banca_Monte_dei_Paschi_di_Siena_0150|Banca_Monte_dei_Paschi_di_Siena_0200|Banca_Monte_dei_Paschi_di_Siena_0152|Banca_Monte_dei_Paschi_di_Siena_0199,1,1.0,both_rank1,201.521,163.565,201.521,46195,10190,55323,12403
ESRS,"Banca Monte dei Paschi di Siena__Banca_Monte_dei_Paschi_di_Siena_0155__For ESRS-aligned reporting on customer grievance mechanisms, does Banca Monte dei Paschi di Siena maintain a formal complaints-management process that assigns responsible functions and prescribes, at a minimum, the following sequential controls: intake, logging/assignment, fact-finding with involvement of relevant units leading to a proposed resolution, an evidence-based determination (rejection, full or partial acceptance), notification to the complainant, and corresponding accounting entry?",,Banca Monte dei Paschi di Siena,Banca Monte dei Paschi di Siena,Banca Monte dei Paschi di Siena,"For ESRS-aligned reporting on customer grievance mechanisms, does Banca Monte dei Paschi di Siena maintain a formal complaints-management process that assigns responsible functions and prescribes, at a minimum, the following sequential controls: intake, logging/assignment, fact-finding with involvement of relevant units leading to a proposed resolution, an evidence-based determination (rejection, full or partial acceptance), notification to the complainant, and corresponding accounting entry?",Banca_Monte_dei_Paschi_di_Siena_0155,Banca_Monte_dei_Paschi_di_Siena_0191,Banca_Monte_dei_Paschi_di_Siena_0191|Banca_Monte_dei_Paschi_di_Siena_0154|Banca_Monte_dei_Paschi_di_Siena_0189|Banca_Monte_dei_Paschi_di_Siena_0190_intro|Banca_Monte_dei_Paschi_di_Siena_0192,0,,both_fail,157.426,84.104,157.426,26049,5246,44485,9527
ESRS,Banca Monte dei Paschi di Siena__Banca_Monte_dei_Paschi_di_Siena_0156__Does Banca Monte dei Paschi di Siena’s objectives narrative for the freedom of expression topic specify any numeric targets?,,Banca Monte dei Paschi di Siena,Banca Monte dei Paschi di Siena,Banca Monte dei Paschi di Siena,Does Banca Monte dei Paschi di Siena’s objectives narrative for the freedom of expression topic specify any numeric targets?,Banca_Monte_dei_Paschi_di_Siena_0156,Banca_Monte_dei_Paschi_di_Siena_0158,Banca_Monte_dei_Paschi_di_Siena_0156|Banca_Monte_dei_Paschi_di_Siena_0158|Banca_Monte_dei_Paschi_di_Siena_0155|Banca_Monte_dei_Paschi_di_Siena_0154|Banca_Monte_dei_Paschi_di_Siena_0153_intro,0,1.0,mrr_rank1_only,100.751,49.112,100.751,15845,3430,30526,6970
ESRS,Banca Monte dei Paschi di Siena__Banca_Monte_dei_Paschi_di_Siena_0158__Has Banca Monte dei Paschi di Siena secured approval at Board level for its occupational health and safety policy and explicitly assigned implementation responsibility to senior management?,,Banca Monte dei Paschi di Siena,Banca Monte dei Paschi di Siena,Banca Monte dei Paschi di Siena,Has Banca Monte dei Paschi di Siena secured approval at Board level for its occupational health and safety policy and explicitly assigned implementation responsibility to senior management?,Banca_Monte_dei_Paschi_di_Siena_0158,Banca_Monte_dei_Paschi_di_Siena_0087,Banca_Monte_dei_Paschi_di_Siena_0088|Banca_Monte_dei_Paschi_di_Siena_0089|Banca_Monte_dei_Paschi_di_Siena_0091|Banca_Monte_dei_Paschi_di_Siena_0087|Banca_Monte_dei_Paschi_di_Siena_0086_intro,0,,both_fail,68.914,28.023,68.914,15975,1836,32281,4901
ESRS,"Banca Monte dei Paschi di Siena__Banca_Monte_dei_Paschi_di_Siena_0159__Has Banca Monte dei Paschi di Siena stated that it is implementing a workplace health and safety management system that will be progressively embedded into other management frameworks and rolled out to Group companies, with safety accountabilities remaining trackable?",,Banca Monte dei Paschi di Siena,Banca Monte dei Paschi di Siena,Banca Monte dei Paschi di Siena,"Has Banca Monte dei Paschi di Siena stated that it is implementing a workplace health and safety management system that will be progressively embedded into other management frameworks and rolled out to Group companies, with safety accountabilities remaining trackable?",Banca_Monte_dei_Paschi_di_Siena_0159,Banca_Monte_dei_Paschi_di_Siena_0084,Banca_Monte_dei_Paschi_di_Siena_0088|Banca_Monte_dei_Paschi_di_Siena_0089|Banca_Monte_dei_Paschi_di_Siena_0086_intro|Banca_Monte_dei_Paschi_di_Siena_0091|Banca_Monte_dei_Paschi_di_Siena_0087,0,,both_fail,305.038,305.038,230.017,90008,21229,69004,17484
ESRS,"Banca Monte dei Paschi di Siena__Banca_Monte_dei_Paschi_di_Siena_0162__Does Banca Monte dei Paschi di Siena identify which internal functions must be informed when each Group company implements the Rules on Inclusion, and if so, which functions are designated?",,Banca Monte dei Paschi di Siena,Banca Monte dei Paschi di Siena,Banca Monte dei Paschi di Siena,"Does Banca Monte dei Paschi di Siena identify which internal functions must be informed when each Group company implements the Rules on Inclusion, and if so, which functions are designated?",Banca_Monte_dei_Paschi_di_Siena_0162,Banca_Monte_dei_Paschi_di_Siena_0098,Banca_Monte_dei_Paschi_di_Siena_0097|Banca_Monte_dei_Paschi_di_Siena_0098|Banca_Monte_dei_Paschi_di_Siena_0080,0,,both_fail,237.545,54.044,237.545,17917,2912,75449,12068
ESRS,Banca Monte dei Paschi di Siena__Banca_Monte_dei_Paschi_di_Siena_0168__Does Banca Monte dei Paschi di Siena disclose a time-bound cyber risk mitigation plan for its ATM network that specifies concrete control actions and an expected completion year?,,Banca Monte dei Paschi di Siena,Banca Monte dei Paschi di Siena,Banca Monte dei Paschi di Siena,Does Banca Monte dei Paschi di Siena disclose a time-bound cyber risk mitigation plan for its ATM network that specifies concrete control actions and an expected completion year?,Banca_Monte_dei_Paschi_di_Siena_0168,,,0,,both_fail,60.647,,60.647,0,0,30235,2985
ESRS,"Banca Monte dei Paschi di Siena__Banca_Monte_dei_Paschi_di_Siena_0181__For the 2024 reporting period, does Banca Monte dei Paschi di Siena clarify whether its loan repayment deferrals in emergency-declared areas were applied pursuant to regional measures and/or initiated by the bank itself?",,Banca Monte dei Paschi di Siena,Banca Monte dei Paschi di Siena,Banca Monte dei Paschi di Siena,"For the 2024 reporting period, does Banca Monte dei Paschi di Siena clarify whether its loan repayment deferrals in emergency-declared areas were applied pursuant to regional measures and/or initiated by the bank itself?",Banca_Monte_dei_Paschi_di_Siena_0181,Banca_Monte_dei_Paschi_di_Siena_0172,Banca_Monte_dei_Paschi_di_Siena_0172|Banca_Monte_dei_Paschi_di_Siena_0144,0,,both_fail,188.047,188.047,180.704,86821,9866,80551,9370
ESRS,"Banca Monte dei Paschi di Siena__Banca_Monte_dei_Paschi_di_Siena_0182__For ESRS reporting on customer relief measures, does Banca Monte dei Paschi di Siena state that its 2024 initiative to adjust variable-rate mortgage terms is carried out under Law 197/22 and is available to borrowers with an ISEE not exceeding EUR 40,000?",,Banca Monte dei Paschi di Siena,Banca Monte dei Paschi di Siena,Banca Monte dei Paschi di Siena,"For ESRS reporting on customer relief measures, does Banca Monte dei Paschi di Siena state that its 2024 initiative to adjust variable-rate mortgage terms is carried out under Law 197/22 and is available to borrowers with an ISEE not exceeding EUR 40,000?",Banca_Monte_dei_Paschi_di_Siena_0182,Banca_Monte_dei_Paschi_di_Siena_0179,Banca_Monte_dei_Paschi_di_Siena_0182|Banca_Monte_dei_Paschi_di_Siena_0181|Banca_Monte_dei_Paschi_di_Siena_0180|Banca_Monte_dei_Paschi_di_Siena_0179|Banca_Monte_dei_Paschi_di_Siena_0172,0,1.0,mrr_rank1_only,135.089,56.538,135.089,23574,3574,50409,8844
ESRS,"Banca Monte dei Paschi di Siena__Banca_Monte_dei_Paschi_di_Siena_0184__For ESRS transparency on workforce capacity-building, does Banca Monte dei Paschi di Siena provide a quantified statement of how often its recurring market-briefing webinars were held for the Private and Retail networks during the reporting year?",,Banca Monte dei Paschi di Siena,Banca Monte dei Paschi di Siena,Banca Monte dei Paschi di Siena,"For ESRS transparency on workforce capacity-building, does Banca Monte dei Paschi di Siena provide a quantified statement of how often its recurring market-briefing webinars were held for the Private and Retail networks during the reporting year?",Banca_Monte_dei_Paschi_di_Siena_0184,Banca_Monte_dei_Paschi_di_Siena_0106,Banca_Monte_dei_Paschi_di_Siena_0106|Banca_Monte_dei_Paschi_di_Siena_0092|Banca_Monte_dei_Paschi_di_Siena_0107,0,,both_fail,232.768,232.768,217.416,79482,15490,74444,14338
ESRS,"Banca Monte dei Paschi di Siena__Banca_Monte_dei_Paschi_di_Siena_0187__Has Banca Monte dei Paschi di Siena established a measurable, time-bound objective to lift the proportion of 18–35 retail customers holding savings or pension products, including the baseline, target value, and the year by which it will be achieved?",,Banca Monte dei Paschi di Siena,Banca Monte dei Paschi di Siena,Banca Monte dei Paschi di Siena,"Has Banca Monte dei Paschi di Siena established a measurable, time-bound objective to lift the proportion of 18–35 retail customers holding savings or pension products, including the baseline, target value, and the year by which it will be achieved?",Banca_Monte_dei_Paschi_di_Siena_0187,Banca_Monte_dei_Paschi_di_Siena_0187,Banca_Monte_dei_Paschi_di_Siena_0187|Banca_Monte_dei_Paschi_di_Siena_0184|Banca_Monte_dei_Paschi_di_Siena_0185|Banca_Monte_dei_Paschi_di_Siena_0186|Banca_Monte_dei_Paschi_di_Siena_0188,1,1.0,both_rank1,121.28,47.812,121.28,16825,3004,31925,7386
ESRS,"Banca Monte dei Paschi di Siena__Banca_Monte_dei_Paschi_di_Siena_0191__In its customer grievance framework, has Banca Monte dei Paschi di Siena established explicit safeguards to keep complainants’ identities confidential and to protect them from reprisals?",,Banca Monte dei Paschi di Siena,Banca Monte dei Paschi di Siena,Banca Monte dei Paschi di Siena,"In its customer grievance framework, has Banca Monte dei Paschi di Siena established explicit safeguards to keep complainants’ identities confidential and to protect them from reprisals?",Banca_Monte_dei_Paschi_di_Siena_0191,Banca_Monte_dei_Paschi_di_Siena_0191,Banca_Monte_dei_Paschi_di_Siena_0191|Banca_Monte_dei_Paschi_di_Siena_0154|Banca_Monte_dei_Paschi_di_Siena_0155|Banca_Monte_dei_Paschi_di_Siena_0189|Banca_Monte_dei_Paschi_di_Siena_0192,1,1.0,both_rank1,138.049,63.564,138.049,21016,3665,44178,8597
ESRS,"Banca Monte dei Paschi di Siena__Banca_Monte_dei_Paschi_di_Siena_0196__In its ESRS double materiality analysis covering its own operations, does Banca Monte dei Paschi di Siena explicitly flag a reputation risk linked to insufficient cyber controls and potential employee-driven breaches of customer data?",,Banca Monte dei Paschi di Siena,Banca Monte dei Paschi di Siena,Banca Monte dei Paschi di Siena,"In its ESRS double materiality analysis covering its own operations, does Banca Monte dei Paschi di Siena explicitly flag a reputation risk linked to insufficient cyber controls and potential employee-driven breaches of customer data?",Banca_Monte_dei_Paschi_di_Siena_0196,Banca_Monte_dei_Paschi_di_Siena_0196,Banca_Monte_dei_Paschi_di_Siena_0196|Banca_Monte_dei_Paschi_di_Siena_0198|Banca_Monte_dei_Paschi_di_Siena_0195|Banca_Monte_dei_Paschi_di_Siena_0199|Banca_Monte_dei_Paschi_di_Siena_0197_intro,1,1.0,both_rank1,98.788,29.68,98.787,10277,1664,29365,6661
ESRS,"Banca Monte dei Paschi di Siena__Banca_Monte_dei_Paschi_di_Siena_0199__For ESRS-aligned governance disclosures, does Banca Monte dei Paschi di Siena confirm that each Group company enacts the Logical Security Governance Directive via a formal decision of its top management, evidencing high-level approval of the cybersecurity policy?",,Banca Monte dei Paschi di Siena,Banca Monte dei Paschi di Siena,Banca Monte dei Paschi di Siena,"For ESRS-aligned governance disclosures, does Banca Monte dei Paschi di Siena confirm that each Group company enacts the Logical Security Governance Directive via a formal decision of its top management, evidencing high-level approval of the cybersecurity policy?",Banca_Monte_dei_Paschi_di_Siena_0199,,,0,,both_fail,80.538,,80.538,0,0,30363,3478
ESRS,"Banca Monte dei Paschi di Siena__Banca_Monte_dei_Paschi_di_Siena_0203__For Banca Monte dei Paschi di Siena, is responsibility for formally approving the internal system for handling whistleblowing reports assigned to a defined governing body?",,Banca Monte dei Paschi di Siena,Banca Monte dei Paschi di Siena,Banca Monte dei Paschi di Siena,"For Banca Monte dei Paschi di Siena, is responsibility for formally approving the internal system for handling whistleblowing reports assigned to a defined governing body?",Banca_Monte_dei_Paschi_di_Siena_0203,Banca_Monte_dei_Paschi_di_Siena_0203,Banca_Monte_dei_Paschi_di_Siena_0203|Banca_Monte_dei_Paschi_di_Siena_0201|Banca_Monte_dei_Paschi_di_Siena_0205|Banca_Monte_dei_Paschi_di_Siena_0207|Banca_Monte_dei_Paschi_di_Siena_0204,1,1.0,both_rank1,134.936,49.772,134.936,12461,2152,35775,7699
ESRS,Banca Monte dei Paschi di Siena__Banca_Monte_dei_Paschi_di_Siena_0205__Does Banca Monte dei Paschi di Siena disclose any quantified benchmarks or measurable targets to assess the performance of its whistleblower protection framework?,,Banca Monte dei Paschi di Siena,Banca Monte dei Paschi di Siena,Banca Monte dei Paschi di Siena,Does Banca Monte dei Paschi di Siena disclose any quantified benchmarks or measurable targets to assess the performance of its whistleblower protection framework?,Banca_Monte_dei_Paschi_di_Siena_0205,Banca_Monte_dei_Paschi_di_Siena_0207,Banca_Monte_dei_Paschi_di_Siena_0207|Banca_Monte_dei_Paschi_di_Siena_0203|Banca_Monte_dei_Paschi_di_Siena_0204|Banca_Monte_dei_Paschi_di_Siena_0208|Banca_Monte_dei_Paschi_di_Siena_0209,0,,both_fail,93.531,25.752,93.531,13533,1718,32311,7029
ESRS,"Banca Monte dei Paschi di Siena__Banca_Monte_dei_Paschi_di_Siena_0207__In its policy disclosures, does Banca Monte dei Paschi di Siena identify the governance body that formally approves the Group-wide anti-money laundering and terrorist financing policy, and if so, which body is designated?",,Banca Monte dei Paschi di Siena,Banca Monte dei Paschi di Siena,Banca Monte dei Paschi di Siena,"In its policy disclosures, does Banca Monte dei Paschi di Siena identify the governance body that formally approves the Group-wide anti-money laundering and terrorist financing policy, and if so, which body is designated?",Banca_Monte_dei_Paschi_di_Siena_0207,Banca_Monte_dei_Paschi_di_Siena_0207,Banca_Monte_dei_Paschi_di_Siena_0207|Banca_Monte_dei_Paschi_di_Siena_0208|Banca_Monte_dei_Paschi_di_Siena_0209,1,1.0,both_rank1,119.015,37.31,119.015,13631,2274,55065,7191
ESRS,"Banca Monte dei Paschi di Siena__Banca_Monte_dei_Paschi_di_Siena_0208__Within its anti-corruption framework, has Banca Monte dei Paschi di Siena established a clear ban on providing political donations or in-kind support to political causes in the context of interactions with public authorities?",,Banca Monte dei Paschi di Siena,Banca Monte dei Paschi di Siena,Banca Monte dei Paschi di Siena,"Within its anti-corruption framework, has Banca Monte dei Paschi di Siena established a clear ban on providing political donations or in-kind support to political causes in the context of interactions with public authorities?",Banca_Monte_dei_Paschi_di_Siena_0208,Banca_Monte_dei_Paschi_di_Siena_0209,Banca_Monte_dei_Paschi_di_Siena_0208|Banca_Monte_dei_Paschi_di_Siena_0209|Banca_Monte_dei_Paschi_di_Siena_0207|Banca_Monte_dei_Paschi_di_Siena_0196|Banca_Monte_dei_Paschi_di_Siena_0198,0,1.0,mrr_rank1_only,101.265,38.926,101.265,13167,2133,36221,5717
ESRS,"Banca Monte dei Paschi di Siena__Banca_Monte_dei_Paschi_di_Siena_0209__Does Banca Monte dei Paschi di Siena report having set quantitative targets for its anti-corruption, anti‑money laundering, and counter‑terrorist financing efforts?",,Banca Monte dei Paschi di Siena,Banca Monte dei Paschi di Siena,Banca Monte dei Paschi di Siena,"Does Banca Monte dei Paschi di Siena report having set quantitative targets for its anti-corruption, anti‑money laundering, and counter‑terrorist financing efforts?",Banca_Monte_dei_Paschi_di_Siena_0209,Banca_Monte_dei_Paschi_di_Siena_0208,Banca_Monte_dei_Paschi_di_Siena_0209|Banca_Monte_dei_Paschi_di_Siena_0208|Banca_Monte_dei_Paschi_di_Siena_0207|Banca_Monte_dei_Paschi_di_Siena_0201|Banca_Monte_dei_Paschi_di_Siena_0206_intro,0,1.0,mrr_rank1_only,78.075,32.992,78.075,13651,2218,29896,5562
ESRS,"Banca Monte dei Paschi di Siena__Banca_Monte_dei_Paschi_di_Siena_0211__For the 2024 reporting year, does Banca Monte dei Paschi di Siena disclose how many members of its administrative, management and supervisory bodies completed anti-corruption training?",,Banca Monte dei Paschi di Siena,Banca Monte dei Paschi di Siena,Banca Monte dei Paschi di Siena,"For the 2024 reporting year, does Banca Monte dei Paschi di Siena disclose how many members of its administrative, management and supervisory bodies completed anti-corruption training?",Banca_Monte_dei_Paschi_di_Siena_0211,Banca_Monte_dei_Paschi_di_Siena_0211,Banca_Monte_dei_Paschi_di_Siena_0211|Banca_Monte_dei_Paschi_di_Siena_0209|Banca_Monte_dei_Paschi_di_Siena_0200|Banca_Monte_dei_Paschi_di_Siena_0208|Banca_Monte_dei_Paschi_di_Siena_0201,1,1.0,both_rank1,92.176,31.794,92.176,11755,1779,37057,6702
ESRS,"Banca Monte dei Paschi di Siena__Banca_Monte_dei_Paschi_di_Siena_0216__For the 2024 reporting year, has Banca Monte dei Paschi di Siena disclosed the proportion of assets omitted from the Green Asset Ratio numerator pursuant to Article 7(2)–(3) and Section 1.1.2 of Annex V within the credit institution KPI template?",,Banca Monte dei Paschi di Siena,Banca Monte dei Paschi di Siena,Banca Monte dei Paschi di Siena,"For the 2024 reporting year, has Banca Monte dei Paschi di Siena disclosed the proportion of assets omitted from the Green Asset Ratio numerator pursuant to Article 7(2)–(3) and Section 1.1.2 of Annex V within the credit institution KPI template?",Banca_Monte_dei_Paschi_di_Siena_0216,Banca_Monte_dei_Paschi_di_Siena_0216,Banca_Monte_dei_Paschi_di_Siena_0216|Banca_Monte_dei_Paschi_di_Siena_0217|Banca_Monte_dei_Paschi_di_Siena_0221|Banca_Monte_dei_Paschi_di_Siena_0220|Banca_Monte_dei_Paschi_di_Siena_0219,1,1.0,both_rank1,143.884,30.424,143.884,23942,2003,134993,10048
ESRS,"Banca Monte dei Paschi di Siena__Banca_Monte_dei_Paschi_di_Siena_0218__For credit exposures granted jointly to multiple borrowers, does Banca Monte dei Paschi di Siena determine the NACE sector classification and its allocation by referencing the borrower whose characteristics were most relevant or decisive to the granting decision?",,Banca Monte dei Paschi di Siena,Banca Monte dei Paschi di Siena,Banca Monte dei Paschi di Siena,"For credit exposures granted jointly to multiple borrowers, does Banca Monte dei Paschi di Siena determine the NACE sector classification and its allocation by referencing the borrower whose characteristics were most relevant or decisive to the granting decision?",Banca_Monte_dei_Paschi_di_Siena_0218,Banca_Monte_dei_Paschi_di_Siena_0218,Banca_Monte_dei_Paschi_di_Siena_0218|Banca_Monte_dei_Paschi_di_Siena_0215|Banca_Monte_dei_Paschi_di_Siena_0219|Banca_Monte_dei_Paschi_di_Siena_0217,1,1.0,both_rank1,135.596,28.423,135.596,19038,1777,110266,8151
ESRS,"Banca Monte dei Paschi di Siena__Banca_Monte_dei_Paschi_di_Siena_0221__For the aggregate Total GAR assets in the stock GAR – Capex disclosure, does Banca Monte dei Paschi di Siena report the percentage share of total covered assets within the KPI’s scope for both 2024 and 2023?",,Banca Monte dei Paschi di Siena,Banca Monte dei Paschi di Siena,Banca Monte dei Paschi di Siena,"For the aggregate Total GAR assets in the stock GAR – Capex disclosure, does Banca Monte dei Paschi di Siena report the percentage share of total covered assets within the KPI’s scope for both 2024 and 2023?",Banca_Monte_dei_Paschi_di_Siena_0221,Banca_Monte_dei_Paschi_di_Siena_0221,Banca_Monte_dei_Paschi_di_Siena_0221|Banca_Monte_dei_Paschi_di_Siena_0217|Banca_Monte_dei_Paschi_di_Siena_0216|Banca_Monte_dei_Paschi_di_Siena_0220|Banca_Monte_dei_Paschi_di_Siena_0077,1,1.0,both_rank1,158.83,32.282,158.83,23303,2309,94211,11770
ESRS,"Banca Monte dei Paschi di Siena__Banca_Monte_dei_Paschi_di_Siena_0222__For Banca Monte dei Paschi di Siena, does the flow GAR disclosure include year-on-year comparatives for the Total GAR assets and explicitly state the percentage of total assets covered for both 2024 and 2023?",,Banca Monte dei Paschi di Siena,Banca Monte dei Paschi di Siena,Banca Monte dei Paschi di Siena,"For Banca Monte dei Paschi di Siena, does the flow GAR disclosure include year-on-year comparatives for the Total GAR assets and explicitly state the percentage of total assets covered for both 2024 and 2023?",Banca_Monte_dei_Paschi_di_Siena_0222,Banca_Monte_dei_Paschi_di_Siena_0222,Banca_Monte_dei_Paschi_di_Siena_0222|Banca_Monte_dei_Paschi_di_Siena_0223|Banca_Monte_dei_Paschi_di_Siena_0216|Banca_Monte_dei_Paschi_di_Siena_0221|Banca_Monte_dei_Paschi_di_Siena_0215,1,1.0,both_rank1,128.303,29.787,128.303,23848,2115,90279,9493
ESRS,"Banca Monte dei Paschi di Siena__Banca_Monte_dei_Paschi_di_Siena_0223__For the flow GAR disclosure, what portion of Banca Monte dei Paschi di Siena’s total assets is stated to be within scope of the calculation in 2024 versus 2023?",,Banca Monte dei Paschi di Siena,Banca Monte dei Paschi di Siena,Banca Monte dei Paschi di Siena,"For the flow GAR disclosure, what portion of Banca Monte dei Paschi di Siena’s total assets is stated to be within scope of the calculation in 2024 versus 2023?",Banca_Monte_dei_Paschi_di_Siena_0223,Banca_Monte_dei_Paschi_di_Siena_0222,Banca_Monte_dei_Paschi_di_Siena_0222|Banca_Monte_dei_Paschi_di_Siena_0223|Banca_Monte_dei_Paschi_di_Siena_0216|Banca_Monte_dei_Paschi_di_Siena_0221|Banca_Monte_dei_Paschi_di_Siena_0077,0,2.0,mrr_lower_only,128.845,43.478,128.845,23806,2778,93596,8971
ESRS,"Banque Postale__Banque_Postale_0006__Under ESRS provisions permitting confidentiality-based omissions, did La Banque Postale Group invoke any exception to withhold disclosures related to proprietary technology, trade secrets, or innovation outcomes?",,Banque Postale,Banque Postale,Banque Postale,"Under ESRS provisions permitting confidentiality-based omissions, did La Banque Postale Group invoke any exception to withhold disclosures related to proprietary technology, trade secrets, or innovation outcomes?",Banque_Postale_0006,Banque_Postale_0006,Banque_Postale_0006|Banque_Postale_0007|Banque_Postale_0032|Banque_Postale_0004_intro|Banque_Postale_0047,1,1.0,both_rank1,129.525,90.798,129.525,56703,5404,72433,7161
ESRS,"Banque Postale__Banque_Postale_0007__For Banque Postale, does the disclosure set out the estimation approach and main measurement-uncertainty drivers for Scope 3 emissions tied to procurement and capital investments?",,Banque Postale,Banque Postale,Banque Postale,"For Banque Postale, does the disclosure set out the estimation approach and main measurement-uncertainty drivers for Scope 3 emissions tied to procurement and capital investments?",Banque_Postale_0007,Banque_Postale_0087,Banque_Postale_0087|Banque_Postale_0085|Banque_Postale_0088|Banque_Postale_0084|Banque_Postale_0086,0,,both_fail,169.485,40.487,169.485,53472,2099,238588,8850
ESRS,"Banque Postale__Banque_Postale_0008__During its first ESRS reporting year, does Banque Postale commit to identify, at the point of disclosure for each affected metric, any restatement of 2023 historical data resulting from changes in methodology?",,Banque Postale,Banque Postale,Banque Postale,"During its first ESRS reporting year, does Banque Postale commit to identify, at the point of disclosure for each affected metric, any restatement of 2023 historical data resulting from changes in methodology?",Banque_Postale_0008,Banque_Postale_0011,Banque_Postale_0008|Banque_Postale_0007|Banque_Postale_0009|Banque_Postale_0011|Banque_Postale_0010_intro,0,1.0,mrr_rank1_only,104.78,48.102,104.78,34764,2849,61499,6925
ESRS,"Banque Postale__Banque_Postale_0011__At La Banque Postale, is the internal control framework explicitly extended to ESG-related risks and structured around three successive control layers?",,Banque Postale,Banque Postale,Banque Postale,"At La Banque Postale, is the internal control framework explicitly extended to ESG-related risks and structured around three successive control layers?",Banque_Postale_0011,Banque_Postale_0238,Banque_Postale_0238|Banque_Postale_0011|Banque_Postale_0018|Banque_Postale_0016|Banque_Postale_0019,0,2.0,mrr_lower_only,101.71,23.416,101.71,42353,1077,123619,6612
ESRS,"Banque Postale__Banque_Postale_0012__For its ESRS governance disclosures, does Banque Postale quantify the Supervisory Board’s sustainability know‑how by stating how many members possessed specialised expertise in ESG matters and the just transition as at 31 December 2024?",,Banque Postale,Banque Postale,Banque Postale,"For its ESRS governance disclosures, does Banque Postale quantify the Supervisory Board’s sustainability know‑how by stating how many members possessed specialised expertise in ESG matters and the just transition as at 31 December 2024?",Banque_Postale_0012,Banque_Postale_0237,Banque_Postale_0237|Banque_Postale_0214|Banque_Postale_0000|Banque_Postale_0238|Banque_Postale_0001,0,,both_fail,211.372,211.372,188.86,231206,13570,171563,12283
ESRS,"Banque Postale__Banque_Postale_0013__For ESRS governance disclosures, has Banque Postale established a specific Supervisory Board mechanism to prevent and manage conflicts of interest by appointing a lead independent member with that mandate?",,Banque Postale,Banque Postale,Banque Postale,"For ESRS governance disclosures, has Banque Postale established a specific Supervisory Board mechanism to prevent and manage conflicts of interest by appointing a lead independent member with that mandate?",Banque_Postale_0013,Banque_Postale_0214,Banque_Postale_0214|Banque_Postale_0237|Banque_Postale_0000|Banque_Postale_0238|Banque_Postale_0001,0,,both_fail,148.819,148.819,135.279,230023,9991,170391,8842
ESRS,"Banque Postale__Banque_Postale_0014__At Banque Postale, do the Supervisory Board and the Management Board provide semi-annual oversight of the climate strategy, with each being engaged at least twice per year?",,Banque Postale,Banque Postale,Banque Postale,"At Banque Postale, do the Supervisory Board and the Management Board provide semi-annual oversight of the climate strategy, with each being engaged at least twice per year?",Banque_Postale_0014,Banque_Postale_0238,Banque_Postale_0238|Banque_Postale_0063|Banque_Postale_0062|Banque_Postale_0064|Banque_Postale_0214,0,,both_fail,289.32,289.319,267.017,446663,18663,375021,16847
ESRS,"Banque Postale__Banque_Postale_0022__For ESRS business model content, has Banque Postale clearly identified the key resources/capitals on which its model depends?",,Banque Postale,Banque Postale,Banque Postale,"For ESRS business model content, has Banque Postale clearly identified the key resources/capitals on which its model depends?",Banque_Postale_0022,Banque_Postale_0237,Banque_Postale_0237|Banque_Postale_0000|Banque_Postale_0001,0,,both_fail,184.276,184.275,171.732,106895,10577,89890,9758
ESRS,"Banque Postale__Banque_Postale_0024__For ESRS 2 general disclosures on the business model and markets served, has La Banque Postale explicitly identified its principal customer segments?",,Banque Postale,Banque Postale,Banque Postale,"For ESRS 2 general disclosures on the business model and markets served, has La Banque Postale explicitly identified its principal customer segments?",Banque_Postale_0024,Banque_Postale_0024,Banque_Postale_0024|Banque_Postale_0033|Banque_Postale_0022|Banque_Postale_0023_intro|Banque_Postale_0027,1,1.0,both_rank1,117.865,69.533,117.865,51002,4719,74106,8149
ESRS,"Banque Postale__Banque_Postale_0025__For ESRS 2 revenue transparency under SBM‑1 datapoints, does La Banque Postale Group report any turnover linked to the fossil energy value chain (coal, oil, gas), and what figures are disclosed?",,Banque Postale,Banque Postale,Banque Postale,"For ESRS 2 revenue transparency under SBM‑1 datapoints, does La Banque Postale Group report any turnover linked to the fossil energy value chain (coal, oil, gas), and what figures are disclosed?",Banque_Postale_0025,Banque_Postale_0024,Banque_Postale_0025|Banque_Postale_0024|Banque_Postale_0237|Banque_Postale_0022|Banque_Postale_0026,0,1.0,mrr_rank1_only,193.206,110.511,193.206,53689,6113,89343,10906
ESRS,"Banque Postale__Banque_Postale_0027__For ESRS strategy-and-business-model disclosures, does Banque Postale explain the internal coordination measures it uses to ensure consistent and effective implementation of its sustainability strategy?",,Banque Postale,Banque Postale,Banque Postale,"For ESRS strategy-and-business-model disclosures, does Banque Postale explain the internal coordination measures it uses to ensure consistent and effective implementation of its sustainability strategy?",Banque_Postale_0027,Banque_Postale_0050,Banque_Postale_0011|Banque_Postale_0013|Banque_Postale_0050|Banque_Postale_0049|Banque_Postale_0012,0,,both_fail,171.381,47.337,171.381,23875,2956,75030,10220
ESRS,"Banque Postale__Banque_Postale_0028__For ESRS 2 stakeholder engagement disclosures (SBM-related), has Banque Postale identified the governance body that embeds stakeholder interests into its sustainability strategy, specifying that body’s size, the number of independent external experts it includes, and how often it convenes each year?",,Banque Postale,Banque Postale,Banque Postale,"For ESRS 2 stakeholder engagement disclosures (SBM-related), has Banque Postale identified the governance body that embeds stakeholder interests into its sustainability strategy, specifying that body’s size, the number of independent external experts it includes, and how often it convenes each year?",Banque_Postale_0028,Banque_Postale_0028,Banque_Postale_0014|Banque_Postale_0049|Banque_Postale_0032|Banque_Postale_0013|Banque_Postale_0015,1,,accuracy_only_mrr_missing,377.41,346.328,377.41,112971,19615,121848,21478
ESRS,"Banque Postale__Banque_Postale_0035__In its impact materiality methodology, does Banque Postale show compliance with ESRS 1 by applying the exception that, for potential human-rights-related adverse impacts, the severity criterion supersedes likelihood when determining materiality?",,Banque Postale,Banque Postale,Banque Postale,"In its impact materiality methodology, does Banque Postale show compliance with ESRS 1 by applying the exception that, for potential human-rights-related adverse impacts, the severity criterion supersedes likelihood when determining materiality?",Banque_Postale_0035,Banque_Postale_0035,Banque_Postale_0035|Banque_Postale_0004_intro|Banque_Postale_0041|Banque_Postale_0043|Banque_Postale_0007,1,1.0,both_rank1,168.723,36.208,168.723,28225,1898,93698,9875
ESRS,"Banque Postale__Banque_Postale_0036__In its financial materiality determination, does Banque Postale state that environmental topics other than climate are presently not material because no methodology exists to translate those impacts into economic variables, given the current absence of regulation or shifts in consumer behavior?",,Banque Postale,Banque Postale,Banque Postale,"In its financial materiality determination, does Banque Postale state that environmental topics other than climate are presently not material because no methodology exists to translate those impacts into economic variables, given the current absence of regulation or shifts in consumer behavior?",Banque_Postale_0036,Banque_Postale_0036,Banque_Postale_0044|Banque_Postale_0047|Banque_Postale_0019|Banque_Postale_0018|Banque_Postale_0016,1,,accuracy_only_mrr_missing,281.165,262.342,281.165,98799,15131,107327,16280
ESRS,"Banque Postale__Banque_Postale_0040__For ESRS purposes on keeping IRO determinations current, has Banque Postale disclosed that it will update its IRO assessment in the next financial year to integrate the July 2024 ENCORE database release and the updated Group ESG risk map?",,Banque Postale,Banque Postale,Banque Postale,"For ESRS purposes on keeping IRO determinations current, has Banque Postale disclosed that it will update its IRO assessment in the next financial year to integrate the July 2024 ENCORE database release and the updated Group ESG risk map?",Banque_Postale_0040,Banque_Postale_0040,Banque_Postale_0040|Banque_Postale_0039|Banque_Postale_0038|Banque_Postale_0041|Banque_Postale_0042,1,1.0,both_rank1,85.052,29.553,85.052,23075,1712,76439,5054
ESRS,"Banque Postale__Banque_Postale_0041__For its Credit and Investment scopes, does Banque Postale base its climate impact materiality assessment of GHG emissions on the ENCORE dataset to gauge sector-level emissions significance in line with its referenced Impact materiality methodology?",,Banque Postale,Banque Postale,Banque Postale,"For its Credit and Investment scopes, does Banque Postale base its climate impact materiality assessment of GHG emissions on the ENCORE dataset to gauge sector-level emissions significance in line with its referenced Impact materiality methodology?",Banque_Postale_0041,Banque_Postale_0040,Banque_Postale_0041|Banque_Postale_0040|Banque_Postale_0035|Banque_Postale_0038|Banque_Postale_0039,0,1.0,mrr_rank1_only,111.785,38.323,111.785,23045,2207,69839,6737
ESRS,Banque Postale__Banque_Postale_0042__Does Banque Postale explicitly confirm that the climate scenarios used in its risk assessment are aligned with the climate premises embedded in its financial statements?,,Banque Postale,Banque Postale,Banque Postale,Does Banque Postale explicitly confirm that the climate scenarios used in its risk assessment are aligned with the climate premises embedded in its financial statements?,Banque_Postale_0042,Banque_Postale_0042,Banque_Postale_0042|Banque_Postale_0043|Banque_Postale_0092|Banque_Postale_0062|Banque_Postale_0063,1,1.0,both_rank1,261.527,241.652,261.527,247033,13115,265758,14381
ESRS,"Banque Postale__Banque_Postale_0045__For ESRS E4 reporting on sites in or near biodiversity-sensitive zones, does Banque Postale disclose the presence of any facilities located within or adjacent to such areas?",,Banque Postale,Banque Postale,Banque Postale,"For ESRS E4 reporting on sites in or near biodiversity-sensitive zones, does Banque Postale disclose the presence of any facilities located within or adjacent to such areas?",Banque_Postale_0045,Banque_Postale_0095,Banque_Postale_0095|Banque_Postale_0097|Banque_Postale_0096|Banque_Postale_0094|Banque_Postale_0101,0,,both_fail,484.077,484.076,455.272,410746,23178,399483,21344
ESRS,"Banque Postale__Banque_Postale_0032__Has Banque Postale explicitly stated that, for every ESRS standard addressed in its report, the mandatory baseline disclosures (MDR) are implemented and covered?",,Banque Postale,Banque Postale,Banque Postale,"Has Banque Postale explicitly stated that, for every ESRS standard addressed in its report, the mandatory baseline disclosures (MDR) are implemented and covered?",Banque_Postale_0032,Banque_Postale_0032,Banque_Postale_0032|Banque_Postale_0047|Banque_Postale_0048|Banque_Postale_0237|Banque_Postale_0006,1,1.0,both_rank1,187.883,137.867,187.883,67359,5504,100897,8074
ESRS,"Banque Postale__Banque_Postale_0049__For ESRS 2 governance disclosures on incentive alignment, does Banque Postale provide a quantified 2024 figure showing the extent to which employee remuneration incorporates ESG-related performance criteria, and what percentage is reported?",,Banque Postale,Banque Postale,Banque Postale,"For ESRS 2 governance disclosures on incentive alignment, does Banque Postale provide a quantified 2024 figure showing the extent to which employee remuneration incorporates ESG-related performance criteria, and what percentage is reported?",Banque_Postale_0049,Banque_Postale_0238,Banque_Postale_0049|Banque_Postale_0237|Banque_Postale_0238|Banque_Postale_0032|Banque_Postale_0214,0,1.0,mrr_rank1_only,157.716,68.741,157.716,60354,4092,163127,8500
ESRS,"Banque Postale__Banque_Postale_0051__For ESRS 2 governance disclosures, does Banque Postale explicitly state that the Impact Weighting Factor is tied to executive incentive pay for its Executive Board?",,Banque Postale,Banque Postale,Banque Postale,"For ESRS 2 governance disclosures, does Banque Postale explicitly state that the Impact Weighting Factor is tied to executive incentive pay for its Executive Board?",Banque_Postale_0051,Banque_Postale_0051,Banque_Postale_0051|Banque_Postale_0015|Banque_Postale_0237|Banque_Postale_0238|Banque_Postale_0013,1,1.0,both_rank1,163.1,88.407,163.1,79460,5452,154111,10240
ESRS,"Banque Postale__Banque_Postale_0062__In its transition-plan disclosure, does La Banque Postale indicate its status regarding Paris Agreement-aligned financial benchmarks (e.g., the EU Paris-Aligned Benchmark), specifically whether it and its subsidiaries are excluded or not?",,Banque Postale,Banque Postale,Banque Postale,"In its transition-plan disclosure, does La Banque Postale indicate its status regarding Paris Agreement-aligned financial benchmarks (e.g., the EU Paris-Aligned Benchmark), specifically whether it and its subsidiaries are excluded or not?",Banque_Postale_0062,Banque_Postale_0062,Banque_Postale_0062|Banque_Postale_0063|Banque_Postale_0064|Banque_Postale_0065|Banque_Postale_0238,1,1.0,both_rank1,117.016,72.097,117.016,87349,4097,230141,6346
ESRS,"Banque Postale__Banque_Postale_0065__For ESRS E1 policy disclosure, does La Banque Postale clearly define which business lines are covered and which are excluded by its sector-focused rules for high-emitting industries (coal, oil, gas, aeronautics), specifying the applicable financing and investment perimeter and any carve-outs?",,Banque Postale,Banque Postale,Banque Postale,"For ESRS E1 policy disclosure, does La Banque Postale clearly define which business lines are covered and which are excluded by its sector-focused rules for high-emitting industries (coal, oil, gas, aeronautics), specifying the applicable financing and investment perimeter and any carve-outs?",Banque_Postale_0065,Banque_Postale_0065,Banque_Postale_0065|Banque_Postale_0066|Banque_Postale_0067|Banque_Postale_0068|Banque_Postale_0069,1,1.0,both_rank1,117.603,34.351,117.602,47716,1855,190344,5651
ESRS,"Banque Postale__Banque_Postale_0067__Does La Banque Postale’s Oil and Gas Risk Management Policy specify carve‑outs that allow financing for health, safety, or legally mandated compliance activities despite its broader plan to discontinue support for the sector?",,Banque Postale,Banque Postale,Banque Postale,"Does La Banque Postale’s Oil and Gas Risk Management Policy specify carve‑outs that allow financing for health, safety, or legally mandated compliance activities despite its broader plan to discontinue support for the sector?",Banque_Postale_0067,Banque_Postale_0067,Banque_Postale_0067|Banque_Postale_0069|Banque_Postale_0066|Banque_Postale_0068|Banque_Postale_0238,1,1.0,both_rank1,130.009,84.225,130.009,85459,2778,226564,5540
ESRS,"Banque Postale__Banque_Postale_0068__For ESRS policy disclosures on sectoral finance, has Banque Postale set a specific effective date after which it will lend only to aeronautics companies whose strategies are compatible with limiting warming to 1.5°C?",,Banque Postale,Banque Postale,Banque Postale,"For ESRS policy disclosures on sectoral finance, has Banque Postale set a specific effective date after which it will lend only to aeronautics companies whose strategies are compatible with limiting warming to 1.5°C?",Banque_Postale_0068,Banque_Postale_0068,Banque_Postale_0068|Banque_Postale_0066|Banque_Postale_0069|Banque_Postale_0000|Banque_Postale_0238,1,1.0,both_rank1,111.624,78.854,111.624,96542,4493,208137,6374
ESRS,"Banque Postale__Banque_Postale_0071__Within Banque Postale’s reporting on subsidiaries, does it assign clear operational accountability and approval authority for Louvre Banque Privée’s ESG policy and its annually updated sustainability roadmap?",,Banque Postale,Banque Postale,Banque Postale,"Within Banque Postale’s reporting on subsidiaries, does it assign clear operational accountability and approval authority for Louvre Banque Privée’s ESG policy and its annually updated sustainability roadmap?",Banque_Postale_0071,Banque_Postale_0071,Banque_Postale_0071|Banque_Postale_0016|Banque_Postale_0015|Banque_Postale_0054|Banque_Postale_0006,1,1.0,both_rank1,218.211,200.869,218.211,128847,11728,141700,13000
ESRS,"Banque Postale__Banque_Postale_0072__Has Banque Postale committed to transparently report any future revisions to the baseline values underpinning its decarbonisation targets, and identified the sustainability report as the vehicle for such disclosures?",,Banque Postale,Banque Postale,Banque Postale,"Has Banque Postale committed to transparently report any future revisions to the baseline values underpinning its decarbonisation targets, and identified the sustainability report as the vehicle for such disclosures?",Banque_Postale_0072,Banque_Postale_0072,Banque_Postale_0072|Banque_Postale_0073|Banque_Postale_0063|Banque_Postale_0008|Banque_Postale_0011,1,1.0,both_rank1,343.842,278.322,343.842,117943,13121,201339,15967
ESRS,"Banque Postale__Banque_Postale_0075__With reference to the E1-labelled disclosures cited, has Banque Postale quantified how much of its operational decarbonisation objective is attributable to the “digital” and “responsible purchasing” levers, or does the disclosure state that this attribution remains outstanding?",,Banque Postale,Banque Postale,Banque Postale,"With reference to the E1-labelled disclosures cited, has Banque Postale quantified how much of its operational decarbonisation objective is attributable to the “digital” and “responsible purchasing” levers, or does the disclosure state that this attribution remains outstanding?",Banque_Postale_0075,Banque_Postale_0075,Banque_Postale_0075|Banque_Postale_0076|Banque_Postale_0078|Banque_Postale_0073|Banque_Postale_0077,1,1.0,both_rank1,154.004,45.993,154.004,55989,2205,122117,8139
ESRS,"Banque Postale__Banque_Postale_0076__For the Corporate and Investment Banking portfolios, does Banque Postale have a formal sectoral exclusion framework that expressly restricts coal, oil and gas exposures and includes a commitment to fully exit these sectors by 2030?",,Banque Postale,Banque Postale,Banque Postale,"For the Corporate and Investment Banking portfolios, does Banque Postale have a formal sectoral exclusion framework that expressly restricts coal, oil and gas exposures and includes a commitment to fully exit these sectors by 2030?",Banque_Postale_0076,Banque_Postale_0238,Banque_Postale_0065|Banque_Postale_0067|Banque_Postale_0066|Banque_Postale_0238|Banque_Postale_0000,0,,both_fail,162.43,32.519,162.43,42425,1468,201147,6251
ESRS,"Banque Postale__Banque_Postale_0078__In its transition-plan disclosure, has Banque Postale committed to revising its initial transition plan within a defined timeframe?",,Banque Postale,Banque Postale,Banque Postale,"In its transition-plan disclosure, has Banque Postale committed to revising its initial transition plan within a defined timeframe?",Banque_Postale_0078,Banque_Postale_0062,Banque_Postale_0076|Banque_Postale_0064|Banque_Postale_0063|Banque_Postale_0062|Banque_Postale_0065,0,,both_fail,141.024,49.321,141.024,48468,1826,201813,6841
ESRS,"Banque Postale__Banque_Postale_0079__Under its transition plan, has Banque Postale reported the net and gross 2025 CapEx/OpEx amounts allocated to decarbonising its own operations?",,Banque Postale,Banque Postale,Banque Postale,"Under its transition plan, has Banque Postale reported the net and gross 2025 CapEx/OpEx amounts allocated to decarbonising its own operations?",Banque_Postale_0079,Banque_Postale_0079,Banque_Postale_0079|Banque_Postale_0078|Banque_Postale_0063|Banque_Postale_0062|Banque_Postale_0064,1,1.0,both_rank1,186.927,170.222,186.927,199368,8831,212476,9961
ESRS,"Banque Postale__Banque_Postale_0080__In its disclosure on irreducible (locked‑in) emissions, what specific justification does La Banque Postale give for not quantifying the locked‑in emissions linked to its financed portfolios?",,Banque Postale,Banque Postale,Banque Postale,"In its disclosure on irreducible (locked‑in) emissions, what specific justification does La Banque Postale give for not quantifying the locked‑in emissions linked to its financed portfolios?",Banque_Postale_0080,Banque_Postale_0078,Banque_Postale_0080|Banque_Postale_0079|Banque_Postale_0078|Banque_Postale_0087|Banque_Postale_0076,0,1.0,mrr_rank1_only,196.167,147.625,196.167,131127,6601,162031,9245
ESRS,"Banque Postale__Banque_Postale_0081__For its EU Taxonomy KPI disclosures, does Banque Postale state the value of its regulatory Green Asset Ratio as of 31 December 2024 within the prudential consolidation scope?",,Banque Postale,Banque Postale,Banque Postale,"For its EU Taxonomy KPI disclosures, does Banque Postale state the value of its regulatory Green Asset Ratio as of 31 December 2024 within the prudential consolidation scope?",Banque_Postale_0081,Banque_Postale_0238,Banque_Postale_0238|Banque_Postale_0221|Banque_Postale_0219|Banque_Postale_0220|Banque_Postale_0215_intro,0,,both_fail,243.272,37.587,243.272,42397,1997,152424,12108
ESRS,Banque Postale__Banque_Postale_0082__Does Banque Postale disclose that it has adopted a standalone policy addressing climate change adaptation?,,Banque Postale,Banque Postale,Banque Postale,Does Banque Postale disclose that it has adopted a standalone policy addressing climate change adaptation?,Banque_Postale_0082,Banque_Postale_0065,Banque_Postale_0065|Banque_Postale_0083|Banque_Postale_0084|Banque_Postale_0062|Banque_Postale_0063,0,,both_fail,135.956,64.517,135.956,47516,2431,191418,6262
ESRS,"Banque Postale__Banque_Postale_0084__For ESRS E1-5 source-level disaggregation, does Banque Postale state that energy consumption attributable to nuclear generation is immaterial for the 2024 reporting period?",,Banque Postale,Banque Postale,Banque Postale,"For ESRS E1-5 source-level disaggregation, does Banque Postale state that energy consumption attributable to nuclear generation is immaterial for the 2024 reporting period?",Banque_Postale_0084,Banque_Postale_0083,Banque_Postale_0084|Banque_Postale_0083|Banque_Postale_0237|Banque_Postale_0081|Banque_Postale_0082,0,1.0,mrr_rank1_only,225.586,32.603,225.586,46615,1304,219497,10480
ESRS,"Banque Postale__Banque_Postale_0085__In its 2024 GHG disclosure, does Banque Postale report indirect energy emissions (Scope 2) under both the location-based and market-based methodologies and disclose the corresponding total GHG amounts calculated on each basis?",,Banque Postale,Banque Postale,Banque Postale,"In its 2024 GHG disclosure, does Banque Postale report indirect energy emissions (Scope 2) under both the location-based and market-based methodologies and disclose the corresponding total GHG amounts calculated on each basis?",Banque_Postale_0085,Banque_Postale_0085,Banque_Postale_0085|Banque_Postale_0084|Banque_Postale_0087|Banque_Postale_0086|Banque_Postale_0093,1,1.0,both_rank1,204.693,38.387,204.693,47942,1767,234489,8184
ESRS,"Banque Postale__Banque_Postale_0086__Within Banque Postale’s banking-portfolio GHG intensity methodology, are counterparties’ Scope 3 emissions explicitly excluded for residential real estate exposures?",,Banque Postale,Banque Postale,Banque Postale,"Within Banque Postale’s banking-portfolio GHG intensity methodology, are counterparties’ Scope 3 emissions explicitly excluded for residential real estate exposures?",Banque_Postale_0086,Banque_Postale_0086,Banque_Postale_0086|Banque_Postale_0087|Banque_Postale_0073|Banque_Postale_0072|Banque_Postale_0088,1,1.0,both_rank1,170.583,46.402,170.583,46921,2233,236956,8341
ESRS,"Banque Postale__Banque_Postale_0088__For ESRS E1 reporting on mitigation initiatives across the value chain, does Banque Postale explicitly disclose its position on undertaking or financing carbon removal/sequestration activities within its operations and value chain?",,Banque Postale,Banque Postale,Banque Postale,"For ESRS E1 reporting on mitigation initiatives across the value chain, does Banque Postale explicitly disclose its position on undertaking or financing carbon removal/sequestration activities within its operations and value chain?",Banque_Postale_0088,Banque_Postale_0088,Banque_Postale_0088|Banque_Postale_0087|Banque_Postale_0089|Banque_Postale_0090|Banque_Postale_0237,1,1.0,both_rank1,165.604,74.174,165.603,64768,3778,190397,6730
ESRS,"Banque Postale__Banque_Postale_0090__In its 2024 disclosures, does La Banque Postale indicate the proportion of cancelled carbon credits that are stated to align with Article 6 of the Paris Agreement, and if so, what share is reported?",,Banque Postale,Banque Postale,Banque Postale,"In its 2024 disclosures, does La Banque Postale indicate the proportion of cancelled carbon credits that are stated to align with Article 6 of the Paris Agreement, and if so, what share is reported?",Banque_Postale_0090,Banque_Postale_0089,Banque_Postale_0090|Banque_Postale_0089|Banque_Postale_0087|Banque_Postale_0088|Banque_Postale_0091,0,1.0,mrr_rank1_only,107.172,45.062,107.172,47704,1622,196629,4739
ESRS,"Banque Postale__Banque_Postale_0091__Does Banque Postale disclose the degree of coverage of its internal carbon-pricing mechanism across GHG Scopes 1, 2 and operational Scope 3, including any quantified partial coverage?",,Banque Postale,Banque Postale,Banque Postale,"Does Banque Postale disclose the degree of coverage of its internal carbon-pricing mechanism across GHG Scopes 1, 2 and operational Scope 3, including any quantified partial coverage?",Banque_Postale_0091,Banque_Postale_0091,Banque_Postale_0091|Banque_Postale_0090|Banque_Postale_0237,1,1.0,both_rank1,154.096,29.447,154.096,48247,1711,207018,8361
ESRS,"Banque Postale__Banque_Postale_0093__For 2024, has Banque Postale disclosed a change to its greenhouse gas quantification approach, specifying the measurement tool adopted and explaining how this alteration affects the reliability and traceability of its carbon footprint data?",,Banque Postale,Banque Postale,Banque Postale,"For 2024, has Banque Postale disclosed a change to its greenhouse gas quantification approach, specifying the measurement tool adopted and explaining how this alteration affects the reliability and traceability of its carbon footprint data?",Banque_Postale_0093,Banque_Postale_0091,Banque_Postale_0091|Banque_Postale_0007|Banque_Postale_0004_intro|Banque_Postale_0006|Banque_Postale_0008,0,,both_fail,217.256,195.308,217.256,104566,9720,113898,11072
ESRS,"Banque Postale__Banque_Postale_0095__For ESRS biodiversity disclosures, has Banque Postale concluded through its double materiality assessment that biodiversity is not material for its own operations and service activities, with the material scope limited to financed activities that place significant pressure on biodiversity?",,Banque Postale,Banque Postale,Banque Postale,"For ESRS biodiversity disclosures, has Banque Postale concluded through its double materiality assessment that biodiversity is not material for its own operations and service activities, with the material scope limited to financed activities that place significant pressure on biodiversity?",Banque_Postale_0095,Banque_Postale_0042,Banque_Postale_0043|Banque_Postale_0042|Banque_Postale_0045|Banque_Postale_0044|Banque_Postale_0046,0,,both_fail,131.3,54.731,131.3,23858,2865,73759,7367
ESRS,"Banque Postale__Banque_Postale_0096__For ESRS transition plan disclosures, has La Banque Postale set a definitive deadline to put in place a unified plan that integrates both climate and nature objectives, and if so, what is that date?",,Banque Postale,Banque Postale,Banque Postale,"For ESRS transition plan disclosures, has La Banque Postale set a definitive deadline to put in place a unified plan that integrates both climate and nature objectives, and if so, what is that date?",Banque_Postale_0096,Banque_Postale_0096,Banque_Postale_0096|Banque_Postale_0095|Banque_Postale_0237|Banque_Postale_0000|Banque_Postale_0001,1,1.0,both_rank1,264.201,241.24,264.201,122051,10373,176317,11563
ESRS,"Banque Postale__Banque_Postale_0097__For ESRS-aligned policy reporting on biodiversity, does Banque Postale declare that it uses a double‑materiality lens, and how does it describe the dependency (financial) and impact components of that approach?",,Banque Postale,Banque Postale,Banque Postale,"For ESRS-aligned policy reporting on biodiversity, does Banque Postale declare that it uses a double‑materiality lens, and how does it describe the dependency (financial) and impact components of that approach?",Banque_Postale_0097,Banque_Postale_0094,Banque_Postale_0096|Banque_Postale_0094|Banque_Postale_0095|Banque_Postale_0110|Banque_Postale_0109,0,,both_fail,174.359,50.367,174.359,47979,2734,192603,8281
ESRS,Banque Postale__Banque_Postale_0098__Which La Banque Postale governance body is tasked with implementing the bank’s intervention principles for clients operating in sectors with deforestation or ecosystem-conversion exposure?,,Banque Postale,Banque Postale,Banque Postale,Which La Banque Postale governance body is tasked with implementing the bank’s intervention principles for clients operating in sectors with deforestation or ecosystem-conversion exposure?,Banque_Postale_0098,Banque_Postale_0098,Banque_Postale_0098|Banque_Postale_0097|Banque_Postale_0099|Banque_Postale_0100|Banque_Postale_0101,1,1.0,both_rank1,101.044,50.923,101.044,46688,1895,190671,4330
ESRS,"Banque Postale__Banque_Postale_0100__Within its ESRS biodiversity disclosures, does Banque Postale state that it has a formal policy on sustainable land management and agriculture?",,Banque Postale,Banque Postale,Banque Postale,"Within its ESRS biodiversity disclosures, does Banque Postale state that it has a formal policy on sustainable land management and agriculture?",Banque_Postale_0100,Banque_Postale_0101,Banque_Postale_0100|Banque_Postale_0101|Banque_Postale_0102|Banque_Postale_0097|Banque_Postale_0098,0,1.0,mrr_rank1_only,151.712,58.89,151.712,46367,2649,191385,5510
ESRS,"Banque Postale__Banque_Postale_0102__For La Banque Postale’s biodiversity impact and dependency measurement, does the bank clearly disclose which exposure categories are currently outside the assessment perimeter and provide the stated grounds for their exclusion?",,Banque Postale,Banque Postale,Banque Postale,"For La Banque Postale’s biodiversity impact and dependency measurement, does the bank clearly disclose which exposure categories are currently outside the assessment perimeter and provide the stated grounds for their exclusion?",Banque_Postale_0102,Banque_Postale_0102,Banque_Postale_0102|Banque_Postale_0104|Banque_Postale_0103|Banque_Postale_0110|Banque_Postale_0109,1,1.0,both_rank1,108.238,33.131,108.238,48221,1614,192050,5141
ESRS,"Banque Postale__Banque_Postale_0104__For Banque Postale’s sustainability disclosures, is the specific tool identified for evaluating investee companies’ reliance on ecosystem services, together with the precise proportion of the directly held equity and bond portfolio covered by that assessment?",,Banque Postale,Banque Postale,Banque Postale,"For Banque Postale’s sustainability disclosures, is the specific tool identified for evaluating investee companies’ reliance on ecosystem services, together with the precise proportion of the directly held equity and bond portfolio covered by that assessment?",Banque_Postale_0104,Banque_Postale_0105,Banque_Postale_0108|Banque_Postale_0106|Banque_Postale_0105|Banque_Postale_0109|Banque_Postale_0110,0,,both_fail,171.106,51.001,171.106,46744,2290,188350,7986
ESRS,"Banque Postale__Banque_Postale_0108__For Banque Postale’s biodiversity reporting, does the bank disclose that quantifiable targets to reduce its biodiversity impacts are already in place, or does it state they will be defined progressively following its 2023–2024 review of impacts, dependencies, risks and opportunities?",,Banque Postale,Banque Postale,Banque Postale,"For Banque Postale’s biodiversity reporting, does the bank disclose that quantifiable targets to reduce its biodiversity impacts are already in place, or does it state they will be defined progressively following its 2023–2024 review of impacts, dependencies, risks and opportunities?",Banque_Postale_0108,Banque_Postale_0108,Banque_Postale_0108|Banque_Postale_0104|Banque_Postale_0106|Banque_Postale_0107|Banque_Postale_0105,1,1.0,both_rank1,168.618,44.019,168.618,47451,2414,189400,8926
ESRS,"Banque Postale__Banque_Postale_0113__For ESRS E2 compliance on pollution-prevention planning, does La Banque Postale state that the findings of its TNFD-based Global Biodiversity Score review—covering portfolio dependencies and impacts on land and freshwater and including the pollution pressure—will trigger defined measures to be incorporated into a Nature Transition plan?",,Banque Postale,Banque Postale,Banque Postale,"For ESRS E2 compliance on pollution-prevention planning, does La Banque Postale state that the findings of its TNFD-based Global Biodiversity Score review—covering portfolio dependencies and impacts on land and freshwater and including the pollution pressure—will trigger defined measures to be incorporated into a Nature Transition plan?",Banque_Postale_0113,Banque_Postale_0113,Banque_Postale_0113|Banque_Postale_0114|Banque_Postale_0044|Banque_Postale_0000|Banque_Postale_0001,1,1.0,both_rank1,185.762,165.617,185.762,102188,9389,115143,10649
ESRS,"Banque Postale__Banque_Postale_0116__In its ESRS E3 disclosures on financing activities, does La Banque Postale set a quantitative exclusion related to counterparties’ pesticide-linked turnover, and if so, what is the threshold?",,Banque Postale,Banque Postale,Banque Postale,"In its ESRS E3 disclosures on financing activities, does La Banque Postale set a quantitative exclusion related to counterparties’ pesticide-linked turnover, and if so, what is the threshold?",Banque_Postale_0116,Banque_Postale_0116,Banque_Postale_0116|Banque_Postale_0098|Banque_Postale_0097|Banque_Postale_0117|Banque_Postale_0118,1,1.0,both_rank1,176.767,73.072,176.766,71185,3614,153706,8836
ESRS,Banque Postale__Banque_Postale_0117__What deadline does Banque Postale disclose for CNP Assurances to complete the mapping of financial portfolio assets located in areas subject to high or very high water-stress risk?,,Banque Postale,Banque Postale,Banque Postale,What deadline does Banque Postale disclose for CNP Assurances to complete the mapping of financial portfolio assets located in areas subject to high or very high water-stress risk?,Banque_Postale_0117,Banque_Postale_0117,Banque_Postale_0117|Banque_Postale_0119|Banque_Postale_0116|Banque_Postale_0118|Banque_Postale_0121,1,1.0,both_rank1,133.02,57.7,133.02,50648,2459,137930,6462
ESRS,"Banque Postale__Banque_Postale_0118__As presented, has Banque Postale already set quantified targets to reduce its impacts on water and marine resources across both balance sheet and off-balance sheet exposures?",,Banque Postale,Banque Postale,Banque Postale,"As presented, has Banque Postale already set quantified targets to reduce its impacts on water and marine resources across both balance sheet and off-balance sheet exposures?",Banque_Postale_0118,Banque_Postale_0118,Banque_Postale_0118|Banque_Postale_0119|Banque_Postale_0116|Banque_Postale_0117|Banque_Postale_0121,1,1.0,both_rank1,176.479,67.386,176.478,50227,2661,139380,9343
ESRS,"Banque Postale__Banque_Postale_0121__For its financing and investment activities, does Banque Postale’s Resources and Circular Economy policy impose any binding targets or formal commitments?",,Banque Postale,Banque Postale,Banque Postale,"For its financing and investment activities, does Banque Postale’s Resources and Circular Economy policy impose any binding targets or formal commitments?",Banque_Postale_0121,Banque_Postale_0000,Banque_Postale_0121|Banque_Postale_0124|Banque_Postale_0119|Banque_Postale_0122|Banque_Postale_0000,0,1.0,mrr_rank1_only,149.598,32.428,149.598,15530,1961,117999,7468
ESRS,Banque Postale__Banque_Postale_0122__Has Banque Postale quantified budget allocations for implementing its resource‑use and circular‑economy action roadmaps?,,Banque Postale,Banque Postale,Banque Postale,Has Banque Postale quantified budget allocations for implementing its resource‑use and circular‑economy action roadmaps?,Banque_Postale_0122,Banque_Postale_0122,Banque_Postale_0122|Banque_Postale_0121|Banque_Postale_0237|Banque_Postale_0119,1,1.0,both_rank1,212.968,34.236,212.968,50871,1880,179018,10199
ESRS,"Banque Postale__Banque_Postale_0129__Under Banque Postale’s GAR methodology, may the regulatory Green Asset Ratio incorporate estimated data, or must it be calculated strictly from asset-level assessments, with estimation techniques used only for the voluntary GAR?",,Banque Postale,Banque Postale,Banque Postale,"Under Banque Postale’s GAR methodology, may the regulatory Green Asset Ratio incorporate estimated data, or must it be calculated strictly from asset-level assessments, with estimation techniques used only for the voluntary GAR?",Banque_Postale_0129,Banque_Postale_0238,Banque_Postale_0129|Banque_Postale_0238|Banque_Postale_0219|Banque_Postale_0215_intro|Banque_Postale_0214,0,1.0,mrr_rank1_only,171.502,41.233,171.502,42409,1337,173102,6572
ESRS,Banque Postale__Banque_Postale_0140__Has Banque Postale assigned a formal oversight body to monitor execution of its Quality of Work Life and Working Conditions (QWLWC) agreement?,,Banque Postale,Banque Postale,Banque Postale,Has Banque Postale assigned a formal oversight body to monitor execution of its Quality of Work Life and Working Conditions (QWLWC) agreement?,Banque_Postale_0140,Banque_Postale_0141,Banque_Postale_0140|Banque_Postale_0141|Banque_Postale_0142|Banque_Postale_0143|Banque_Postale_0144,0,1.0,mrr_rank1_only,95.567,46.44,95.566,54071,1932,77212,5151
ESRS,"Banque Postale__Banque_Postale_0143__For Banque Postale, is there a clear disclosure that a standardized root-cause methodology is applied to investigate lost-time workplace accidents?",,Banque Postale,Banque Postale,Banque Postale,"For Banque Postale, is there a clear disclosure that a standardized root-cause methodology is applied to investigate lost-time workplace accidents?",Banque_Postale_0143,Banque_Postale_0143,Banque_Postale_0143|Banque_Postale_0142|Banque_Postale_0144|Banque_Postale_0139_intro|Banque_Postale_0140,1,1.0,both_rank1,90.636,46.262,90.636,54253,1696,75976,4080
ESRS,"Banque Postale__Banque_Postale_0144__Does La Banque Postale UES state that its Diversity and Inclusion policy covers every legally protected discrimination ground, and does it provide illustrative examples of such grounds?",,Banque Postale,Banque Postale,Banque Postale,"Does La Banque Postale UES state that its Diversity and Inclusion policy covers every legally protected discrimination ground, and does it provide illustrative examples of such grounds?",Banque_Postale_0144,Banque_Postale_0142,Banque_Postale_0144|Banque_Postale_0142|Banque_Postale_0143|Banque_Postale_0145|Banque_Postale_0146,0,1.0,mrr_rank1_only,94.524,42.503,94.524,54722,1626,76158,5197
ESRS,"Banque Postale__Banque_Postale_0145__For its ESRS human-rights policy disclosure, does Banque Postale state that its policy is grounded in internationally recognised standards, and identify the specific instruments it uses as benchmarks?",,Banque Postale,Banque Postale,Banque Postale,"For its ESRS human-rights policy disclosure, does Banque Postale state that its policy is grounded in internationally recognised standards, and identify the specific instruments it uses as benchmarks?",Banque_Postale_0145,Banque_Postale_0200,Banque_Postale_0182|Banque_Postale_0200|Banque_Postale_0183|Banque_Postale_0176|Banque_Postale_0190,0,,both_fail,133.298,33.835,133.298,48721,2101,202213,7721
ESRS,"Banque Postale__Banque_Postale_0146__For La Banque Postale, is accountability for fostering worker–management dialogue assigned to the Human Resources function, including setting up—under applicable legal requirements—the arrangements for exercising trade union rights, holding professional elections, and operating employee representative bodies?",,Banque Postale,Banque Postale,Banque Postale,"For La Banque Postale, is accountability for fostering worker–management dialogue assigned to the Human Resources function, including setting up—under applicable legal requirements—the arrangements for exercising trade union rights, holding professional elections, and operating employee representative bodies?",Banque_Postale_0146,Banque_Postale_0146,Banque_Postale_0146|Banque_Postale_0145|Banque_Postale_0147|Banque_Postale_0139_intro|Banque_Postale_0149,1,1.0,both_rank1,105.089,69.463,105.089,135438,4338,155321,6350
ESRS,"Banque Postale__Banque_Postale_0148__Under Banque Postale’s internal process for handling reports of distressing work situations, what is the set timeframe to commence the initial listening stage after a report is received?",,Banque Postale,Banque Postale,Banque Postale,"Under Banque Postale’s internal process for handling reports of distressing work situations, what is the set timeframe to commence the initial listening stage after a report is received?",Banque_Postale_0148,Banque_Postale_0147,Banque_Postale_0148|Banque_Postale_0147|Banque_Postale_0145|Banque_Postale_0149|Banque_Postale_0146,0,1.0,mrr_rank1_only,71.32,21.515,71.32,51167,1122,183240,3721
ESRS,"Banque Postale__Banque_Postale_0149__For ESRS S1 compliance on actions to prevent adverse impacts on own workers’ remuneration, has La Banque Postale put in place a defined annual funding envelope to address unjustified pay disparities and a clear trigger for individual reviews; if so, what is the annual amount and the trigger threshold?",,Banque Postale,Banque Postale,Banque Postale,"For ESRS S1 compliance on actions to prevent adverse impacts on own workers’ remuneration, has La Banque Postale put in place a defined annual funding envelope to address unjustified pay disparities and a clear trigger for individual reviews; if so, what is the annual amount and the trigger threshold?",Banque_Postale_0149,Banque_Postale_0149,Banque_Postale_0142|Banque_Postale_0144|Banque_Postale_0143|Banque_Postale_0140|Banque_Postale_0145,1,,accuracy_only_mrr_missing,195.814,178.832,195.814,122555,8912,130169,10327
ESRS,"Banque Postale__Banque_Postale_0153__In its ESRS-aligned disclosure on target-setting, does Banque Postale specify the mechanism and cadence for monitoring targets embedded in agreements with employee representatives during the life of those agreements?",,Banque Postale,Banque Postale,Banque Postale,"In its ESRS-aligned disclosure on target-setting, does Banque Postale specify the mechanism and cadence for monitoring targets embedded in agreements with employee representatives during the life of those agreements?",Banque_Postale_0153,Banque_Postale_0153,Banque_Postale_0153|Banque_Postale_0154|Banque_Postale_0151|Banque_Postale_0152|Banque_Postale_0157,1,1.0,both_rank1,93.145,29.865,93.145,48790,1778,209040,5605
ESRS,"Banque Postale__Banque_Postale_0154__For 2024, did Banque Postale set a full (100%) completion objective for managers’ training on preventing psychosocial hazards, limited to personnel with managerial duties, and what completion rate was achieved by 31 December 2024?",,Banque Postale,Banque Postale,Banque Postale,"For 2024, did Banque Postale set a full (100%) completion objective for managers’ training on preventing psychosocial hazards, limited to personnel with managerial duties, and what completion rate was achieved by 31 December 2024?",Banque_Postale_0154,Banque_Postale_0154,Banque_Postale_0154|Banque_Postale_0143|Banque_Postale_0161|Banque_Postale_0162|Banque_Postale_0150,1,1.0,both_rank1,130.807,25.201,130.806,51725,1277,197754,6436
ESRS,"Banque Postale__Banque_Postale_0157__For ESRS S1 social dialogue disclosures, does Banque Postale quantify the share of employees covered by collective bargaining, distinguishing between its workforce in France and CNP Assurances staff located outside France?",,Banque Postale,Banque Postale,Banque Postale,"For ESRS S1 social dialogue disclosures, does Banque Postale quantify the share of employees covered by collective bargaining, distinguishing between its workforce in France and CNP Assurances staff located outside France?",Banque_Postale_0157,Banque_Postale_0157,Banque_Postale_0157|Banque_Postale_0158|Banque_Postale_0156|Banque_Postale_0154|Banque_Postale_0146,1,1.0,both_rank1,123.846,38.945,123.846,55115,1766,159738,6062
ESRS,"Banque Postale__Banque_Postale_0158__For ESRS S1 diversity reporting on general management, has Banque Postale specified the boundary of the ‘general management’ population and the criteria used to include roles within that scope?",,Banque Postale,Banque Postale,Banque Postale,"For ESRS S1 diversity reporting on general management, has Banque Postale specified the boundary of the ‘general management’ population and the criteria used to include roles within that scope?",Banque_Postale_0158,Banque_Postale_0157,Banque_Postale_0158|Banque_Postale_0157|Banque_Postale_0156|Banque_Postale_0154|Banque_Postale_0144,0,1.0,mrr_rank1_only,136.79,48.96,136.79,55097,2102,166374,6727
ESRS,"Banque Postale__Banque_Postale_0159__Does Banque Postale state that every Group employee is protected against income loss—via statutory schemes or employer-provided benefits—for sickness, unemployment, occupational injury, parental leave, and retirement?",,Banque Postale,Banque Postale,Banque Postale,"Does Banque Postale state that every Group employee is protected against income loss—via statutory schemes or employer-provided benefits—for sickness, unemployment, occupational injury, parental leave, and retirement?",Banque_Postale_0159,Banque_Postale_0159,Banque_Postale_0159|Banque_Postale_0161|Banque_Postale_0158|Banque_Postale_0160|Banque_Postale_0162,1,1.0,both_rank1,118.321,45.022,118.321,55060,2202,81541,6498
ESRS,"Banque Postale__Banque_Postale_0160__Does Banque Postale Group set out a jurisdiction-specific methodology for counting employees with disabilities, indicating that French data are sourced from payroll records of declared RQTH status and that figures outside France are determined using each country’s statutory definition of disability?",,Banque Postale,Banque Postale,Banque Postale,"Does Banque Postale Group set out a jurisdiction-specific methodology for counting employees with disabilities, indicating that French data are sourced from payroll records of declared RQTH status and that figures outside France are determined using each country’s statutory definition of disability?",Banque_Postale_0160,Banque_Postale_0159,Banque_Postale_0160|Banque_Postale_0159|Banque_Postale_0161|Banque_Postale_0158|Banque_Postale_0155_intro,0,1.0,mrr_rank1_only,74.461,33.664,74.461,55126,1874,81443,5098
ESRS,"Banque Postale__Banque_Postale_0162__Under ESRS S1 health and safety metrics, has Banque Postale reported a lost-time injury frequency rate per million hours worked, and what figure is disclosed?",,Banque Postale,Banque Postale,Banque Postale,"Under ESRS S1 health and safety metrics, has Banque Postale reported a lost-time injury frequency rate per million hours worked, and what figure is disclosed?",Banque_Postale_0162,Banque_Postale_0162,Banque_Postale_0162|Banque_Postale_0161|Banque_Postale_0150|Banque_Postale_0149|Banque_Postale_0154,1,1.0,both_rank1,162.285,31.006,162.285,55504,1438,228964,7789
ESRS,"Banque Postale__Banque_Postale_0164__For La Banque Postale’s disclosed gender remuneration gap, does the bank identify any worker groups excluded from the calculation and explain the rationale for those exclusions?",,Banque Postale,Banque Postale,Banque Postale,"For La Banque Postale’s disclosed gender remuneration gap, does the bank identify any worker groups excluded from the calculation and explain the rationale for those exclusions?",Banque_Postale_0164,Banque_Postale_0164,Banque_Postale_0164|Banque_Postale_0163|Banque_Postale_0162|Banque_Postale_0154|Banque_Postale_0142,1,1.0,both_rank1,153.718,47.907,153.718,55964,1941,164885,6930
ESRS,"Banque Postale__Banque_Postale_0165__Under ESRS S1-17, does Banque Postale state whether any substantiated severe human-rights events occurred during the reporting year?",,Banque Postale,Banque Postale,Banque Postale,"Under ESRS S1-17, does Banque Postale state whether any substantiated severe human-rights events occurred during the reporting year?",Banque_Postale_0165,Banque_Postale_0165,Banque_Postale_0165|Banque_Postale_0164|Banque_Postale_0148|Banque_Postale_0149|Banque_Postale_0147,1,1.0,both_rank1,217.955,45.682,217.955,55781,2026,267177,11865
ESRS,"Banque Postale__Banque_Postale_0166__In its ESRS S2 discussion of links to strategy and business model, does Banque Postale classify its operational dependence on La Poste for a large share of value‑chain personnel as a risk that is tracked?",,Banque Postale,Banque Postale,Banque Postale,"In its ESRS S2 discussion of links to strategy and business model, does Banque Postale classify its operational dependence on La Poste for a large share of value‑chain personnel as a risk that is tracked?",Banque_Postale_0166,Banque_Postale_0166,Banque_Postale_0166|Banque_Postale_0167|Banque_Postale_0173|Banque_Postale_0168|Banque_Postale_0181,1,1.0,both_rank1,125.04,28.121,125.04,49215,1520,204524,8568
ESRS,"Banque Postale__Banque_Postale_0167__For the La Poste personnel working on its behalf, does Banque Postale disclose that the two bilateral arrangements with La Poste are subject to ongoing joint monitoring?",,Banque Postale,Banque Postale,Banque Postale,"For the La Poste personnel working on its behalf, does Banque Postale disclose that the two bilateral arrangements with La Poste are subject to ongoing joint monitoring?",Banque_Postale_0167,Banque_Postale_0166,Banque_Postale_0167|Banque_Postale_0166|Banque_Postale_0170|Banque_Postale_0168|Banque_Postale_0169,0,1.0,mrr_rank1_only,89.405,38.406,89.405,49155,2266,201971,5776
ESRS,"Banque Postale__Banque_Postale_0169__Under ESRS S2 grievance-channel expectations, does Banque Postale operate a whistleblowing mechanism that is structurally independent from case investigators and includes explicit protections for whistleblowers?",,Banque Postale,Banque Postale,Banque Postale,"Under ESRS S2 grievance-channel expectations, does Banque Postale operate a whistleblowing mechanism that is structurally independent from case investigators and includes explicit protections for whistleblowers?",Banque_Postale_0169,Banque_Postale_0214,Banque_Postale_0169|Banque_Postale_0214|Banque_Postale_0168|Banque_Postale_0167|Banque_Postale_0170,0,1.0,mrr_rank1_only,112.439,25.844,112.439,19963,1631,190503,7366
ESRS,Banque Postale__Banque_Postale_0170__How does La Banque Postale state it verifies whether its actions to mitigate material labour-related risks for workers performing services on its behalf are effective?,,Banque Postale,Banque Postale,Banque Postale,How does La Banque Postale state it verifies whether its actions to mitigate material labour-related risks for workers performing services on its behalf are effective?,Banque_Postale_0170,Banque_Postale_0169,Banque_Postale_0170|Banque_Postale_0168|Banque_Postale_0169|Banque_Postale_0167|Banque_Postale_0178,0,1.0,mrr_rank1_only,121.737,50.035,121.737,48870,2470,202306,7261
ESRS,"Banque Postale__Banque_Postale_0173__For ESRS S2 disclosures on value-chain workers, what amount has Banque Postale reported for fines, penalties, and compensation arising from discrimination incidents (including harassment) involving La Poste workers engaged for the bank?",,Banque Postale,Banque Postale,Banque Postale,"For ESRS S2 disclosures on value-chain workers, what amount has Banque Postale reported for fines, penalties, and compensation arising from discrimination incidents (including harassment) involving La Poste workers engaged for the bank?",Banque_Postale_0173,Banque_Postale_0172,Banque_Postale_0173|Banque_Postale_0172|Banque_Postale_0166|Banque_Postale_0169|Banque_Postale_0170,0,1.0,mrr_rank1_only,108.606,26.266,108.606,50322,1755,204518,7455
ESRS,"Banque Postale__Banque_Postale_0174__Within La Banque Postale Group’s responsible purchasing framework, which internal function is assigned accountability for implementing and monitoring the Responsible and Ethical Purchasing Charter?",,Banque Postale,Banque Postale,Banque Postale,"Within La Banque Postale Group’s responsible purchasing framework, which internal function is assigned accountability for implementing and monitoring the Responsible and Ethical Purchasing Charter?",Banque_Postale_0174,Banque_Postale_0175,Banque_Postale_0174|Banque_Postale_0175|Banque_Postale_0177|Banque_Postale_0176|Banque_Postale_0214,0,1.0,mrr_rank1_only,90.982,42.456,90.982,66123,2765,194682,6281
ESRS,Banque Postale__Banque_Postale_0185__Does Banque Postale specify which internal resources are responsible for operating its process to manage controversies related to human-rights impacts arising from portfolio companies?,,Banque Postale,Banque Postale,Banque Postale,Does Banque Postale specify which internal resources are responsible for operating its process to manage controversies related to human-rights impacts arising from portfolio companies?,Banque_Postale_0185,Banque_Postale_0185,Banque_Postale_0185|Banque_Postale_0186|Banque_Postale_0192|Banque_Postale_0184|Banque_Postale_0193,1,1.0,both_rank1,104.317,37.316,104.317,50164,2478,205477,7454
ESRS,"Banque Postale__Banque_Postale_0187__In its financial materiality assessment, does Banque Postale conclude that the affected-communities topic does not give rise to any significant risks or opportunities, including for any specific subgroup?",,Banque Postale,Banque Postale,Banque Postale,"In its financial materiality assessment, does Banque Postale conclude that the affected-communities topic does not give rise to any significant risks or opportunities, including for any specific subgroup?",Banque_Postale_0187,Banque_Postale_0186,Banque_Postale_0187|Banque_Postale_0189|Banque_Postale_0188|Banque_Postale_0186|Banque_Postale_0190,0,1.0,mrr_rank1_only,91.726,30.006,91.726,48532,1645,200385,5681
ESRS,"Banque Postale__Banque_Postale_0189__For ESRS S3 disclosures concerning affected communities, does Banque Postale state whether it identified any instances in 2024 of non-compliance with the UN Guiding Principles on Business and Human Rights, the ILO fundamental principles, or the OECD Guidelines for Multinational Enterprises?",,Banque Postale,Banque Postale,Banque Postale,"For ESRS S3 disclosures concerning affected communities, does Banque Postale state whether it identified any instances in 2024 of non-compliance with the UN Guiding Principles on Business and Human Rights, the ILO fundamental principles, or the OECD Guidelines for Multinational Enterprises?",Banque_Postale_0189,Banque_Postale_0189,Banque_Postale_0189|Banque_Postale_0190|Banque_Postale_0191|Banque_Postale_0192|Banque_Postale_0193,1,1.0,both_rank1,170.943,48.792,170.943,87558,3432,240575,11219
ESRS,Banque Postale__Banque_Postale_0191__Has Banque Postale disclosed that it has protections in place against retaliation for individuals who use grievance or whistleblowing channels related to its financed activities?,,Banque Postale,Banque Postale,Banque Postale,Has Banque Postale disclosed that it has protections in place against retaliation for individuals who use grievance or whistleblowing channels related to its financed activities?,Banque_Postale_0191,Banque_Postale_0214,Banque_Postale_0184|Banque_Postale_0191|Banque_Postale_0183|Banque_Postale_0214|Banque_Postale_0182,0,2.0,mrr_lower_only,169.814,35.517,169.814,19935,1679,227297,8723
ESRS,"Banque Postale__Banque_Postale_0197__In its ESRS S4 disclosures, does Banque Postale state that the scope of its community-loan monitoring includes environmental lending dedicated to projects aligned with the Taxonomy, in addition to social and impact lending?",,Banque Postale,Banque Postale,Banque Postale,"In its ESRS S4 disclosures, does Banque Postale state that the scope of its community-loan monitoring includes environmental lending dedicated to projects aligned with the Taxonomy, in addition to social and impact lending?",Banque_Postale_0197,Banque_Postale_0197,Banque_Postale_0197|Banque_Postale_0198|Banque_Postale_0196|Banque_Postale_0194|Banque_Postale_0205,1,1.0,both_rank1,179.431,39.938,179.43,48752,1646,202391,7234
ESRS,"Banque Postale__Banque_Postale_0199__For La Banque Postale, is notifying the CNIL explicitly required and systematically carried out when a customer data breach is identified under its data protection procedures?",,Banque Postale,Banque Postale,Banque Postale,"For La Banque Postale, is notifying the CNIL explicitly required and systematically carried out when a customer data breach is identified under its data protection procedures?",Banque_Postale_0199,Banque_Postale_0199,Banque_Postale_0199|Banque_Postale_0203|Banque_Postale_0202|Banque_Postale_0210|Banque_Postale_0214,1,1.0,both_rank1,160.697,34.647,160.696,50474,1836,220136,8547
ESRS,"Banque Postale__Banque_Postale_0201__Within La Banque Postale’s Corporate and Local Development Banking, is there already an operational, centralised grievance-handling procedure for business customers?",,Banque Postale,Banque Postale,Banque Postale,"Within La Banque Postale’s Corporate and Local Development Banking, is there already an operational, centralised grievance-handling procedure for business customers?",Banque_Postale_0201,Banque_Postale_0201,Banque_Postale_0201|Banque_Postale_0199|Banque_Postale_0200|Banque_Postale_0202|Banque_Postale_0237,1,1.0,both_rank1,175.654,40.753,175.654,50773,2145,223934,7458
ESRS,"Banque Postale__Banque_Postale_0205__For La Banque Postale’s ESRS S4-related disclosures on targets, does the bank indicate that pilot metrics on potential adverse effects for consumers (such as cybersecurity or information/security concerns) are withheld from publication on confidentiality grounds?",,Banque Postale,Banque Postale,Banque Postale,"For La Banque Postale’s ESRS S4-related disclosures on targets, does the bank indicate that pilot metrics on potential adverse effects for consumers (such as cybersecurity or information/security concerns) are withheld from publication on confidentiality grounds?",Banque_Postale_0205,Banque_Postale_0205,Banque_Postale_0205|Banque_Postale_0206|Banque_Postale_0207|Banque_Postale_0209|Banque_Postale_0208,1,1.0,both_rank1,121.597,49.351,121.597,49225,1835,199864,5547
ESRS,"Banque Postale__Banque_Postale_0211__Under the section titled “Indicators related to the accessibility of services,” does Banque Postale provide any quantitative metrics (e.g., counts or percentages) demonstrating the accessibility of its post offices and ATMs for persons with reduced mobility and for blind or visually impaired users?",,Banque Postale,Banque Postale,Banque Postale,"Under the section titled “Indicators related to the accessibility of services,” does Banque Postale provide any quantitative metrics (e.g., counts or percentages) demonstrating the accessibility of its post offices and ATMs for persons with reduced mobility and for blind or visually impaired users?",Banque_Postale_0211,Banque_Postale_0213,Banque_Postale_0213|Banque_Postale_0211|Banque_Postale_0214|Banque_Postale_0212|Banque_Postale_0210,0,2.0,mrr_lower_only,233.095,192.035,233.095,143500,10021,193971,12104
ESRS,Banque Postale__Banque_Postale_0212__Does La Banque Postale maintain a governance control whereby its ethics code undergoes periodic review and receives formal approval from the Supervisory Board?,,Banque Postale,Banque Postale,Banque Postale,Does La Banque Postale maintain a governance control whereby its ethics code undergoes periodic review and receives formal approval from the Supervisory Board?,Banque_Postale_0212,Banque_Postale_0214,Banque_Postale_0214|Banque_Postale_0238|Banque_Postale_0000|Banque_Postale_0237|Banque_Postale_0001,0,,both_fail,236.552,236.552,209.506,230304,12159,170679,10808
ESRS,"Banque Postale__Banque_Postale_0213__For ESRS transparency on influence-related outlays, does Banque Postale report the worldwide totals for 2024 of both monetary and non-monetary political contributions, and what figures are disclosed?",,Banque Postale,Banque Postale,Banque Postale,"For ESRS transparency on influence-related outlays, does Banque Postale report the worldwide totals for 2024 of both monetary and non-monetary political contributions, and what figures are disclosed?",Banque_Postale_0213,Banque_Postale_0214,Banque_Postale_0214|Banque_Postale_0237,0,,both_fail,154.374,43.497,154.374,19975,1861,61801,7683
ESRS,"Banque Postale__Banque_Postale_0214__For ESRS G1 transparency on public policy engagement, has Banque Postale declared registration in both the EU Transparency Register and the French HATVP register for interest representatives, including disclosure of the EU registration identifier?",,Banque Postale,Banque Postale,Banque Postale,"For ESRS G1 transparency on public policy engagement, has Banque Postale declared registration in both the EU Transparency Register and the French HATVP register for interest representatives, including disclosure of the EU registration identifier?",Banque_Postale_0214,Banque_Postale_0214,Banque_Postale_0214|Banque_Postale_0237|Banque_Postale_0000|Banque_Postale_0001,1,1.0,both_rank1,231.002,23.01,231.002,19987,1166,98172,11907
ESRS,"Banque Postale__Banque_Postale_0221__In its GAR technical reserves disclosures, does Banque Postale include, alongside the figures for Taxonomy-relevant exposures, the percentage of total assets that fall within the GAR scope (i.e., the coverage of assets in scope)?",,Banque Postale,Banque Postale,Banque Postale,"In its GAR technical reserves disclosures, does Banque Postale include, alongside the figures for Taxonomy-relevant exposures, the percentage of total assets that fall within the GAR scope (i.e., the coverage of assets in scope)?",Banque_Postale_0221,Banque_Postale_0221,Banque_Postale_0221|Banque_Postale_0219|Banque_Postale_0238|Banque_Postale_0220|Banque_Postale_0215_intro,1,1.0,both_rank1,307.091,78.437,307.091,33425,4330,137672,15083
ESRS,"Banque Postale__Banque_Postale_0231__For Banque Postale, does the asset management subsidiary’s EU Taxonomy reporting include a stated portfolio alignment ratio as at 31 December 2024?",,Banque Postale,Banque Postale,Banque Postale,"For Banque Postale, does the asset management subsidiary’s EU Taxonomy reporting include a stated portfolio alignment ratio as at 31 December 2024?",Banque_Postale_0231,Banque_Postale_0238,Banque_Postale_0130_intro|Banque_Postale_0238|Banque_Postale_0131|Banque_Postale_0214|Banque_Postale_0054,0,,both_fail,258.314,41.104,258.314,42373,1746,199582,12204
ESRS,"Belfius__Belfius_0001__Under the ESRS transitional provisions, has Belfius Bank opted to defer the ESRS E1-9 disclosure on anticipated financial effects of climate change?",,Belfius,Belfius,Belfius,"Under the ESRS transitional provisions, has Belfius Bank opted to defer the ESRS E1-9 disclosure on anticipated financial effects of climate change?",Belfius_0001,Belfius_0001,Belfius_0001|Belfius_0121|Belfius_0000|Belfius_0118,1,1.0,both_rank1,144.764,22.614,144.764,23447,1015,89243,7519
ESRS,"Belfius__Belfius_0005__For Belfius, do the disclosed greenhouse gas totals expressly exclude the use of offsets, removals, and avoided emissions, with any biogenic carbon balance recorded in a distinct inventory?",,Belfius,Belfius,Belfius,"For Belfius, do the disclosed greenhouse gas totals expressly exclude the use of offsets, removals, and avoided emissions, with any biogenic carbon balance recorded in a distinct inventory?",Belfius_0005,Belfius_0005,Belfius_0005|Belfius_0012|Belfius_0011|Belfius_0008|Belfius_0007_intro,1,1.0,both_rank1,186.336,173.988,186.336,53174,10600,64221,11427
ESRS,"Belfius__Belfius_0008__For ESRS-aligned transparency on calculation boundaries, has Belfius stated why exposures to local public sector counterparties are left out of its financed-emissions scope and how it intends to handle this limitation going forward?",,Belfius,Belfius,Belfius,"For ESRS-aligned transparency on calculation boundaries, has Belfius stated why exposures to local public sector counterparties are left out of its financed-emissions scope and how it intends to handle this limitation going forward?",Belfius_0008,Belfius_0008,Belfius_0008|Belfius_0007_intro|Belfius_0005|Belfius_0006|Belfius_0004_intro,1,1.0,both_rank1,102.57,40.36,102.57,19570,1857,39711,5784
ESRS,"Belfius__Belfius_0010__For ESRS-aligned target disclosures, has Belfius identified the reference year used to track progress on its operational emissions objectives and provided the rationale for that selection?",,Belfius,Belfius,Belfius,"For ESRS-aligned target disclosures, has Belfius identified the reference year used to track progress on its operational emissions objectives and provided the rationale for that selection?",Belfius_0010,Belfius_0010,Belfius_0010|Belfius_0009_intro|Belfius_0007_intro|Belfius_0011|Belfius_0003_intro,1,1.0,both_rank1,128.267,37.731,128.267,23682,2140,52998,7691
ESRS,"Belfius__Belfius_0011__For Belfius, is there a time-bound, quantitative emissions-intensity target for its vehicle leasing activities that identifies the reference year?",,Belfius,Belfius,Belfius,"For Belfius, is there a time-bound, quantitative emissions-intensity target for its vehicle leasing activities that identifies the reference year?",Belfius_0011,Belfius_0011,Belfius_0010|Belfius_0011|Belfius_0076|Belfius_0009_intro|Belfius_0008,1,2.0,accuracy_only_mrr_lower,190.426,49.198,190.426,25165,2505,68004,11395
ESRS,"Belfius__Belfius_0018__For its non‑retail climate credit risk analysis, does Belfius Bank specify discrete evaluation horizons for transition‑risk effects on (mid)corporate cash flows, and what are those time bands?",,Belfius,Belfius,Belfius,"For its non‑retail climate credit risk analysis, does Belfius Bank specify discrete evaluation horizons for transition‑risk effects on (mid)corporate cash flows, and what are those time bands?",Belfius_0018,Belfius_0019,Belfius_0018|Belfius_0019|Belfius_0017|Belfius_0027|Belfius_0031,0,1.0,mrr_rank1_only,155.821,102.549,155.821,39112,5423,55965,8617
ESRS,Belfius__Belfius_0019__Has Belfius Bank indicated that its client ESG scoring model undergoes ongoing review with the possibility to modify the key risk indicators and their respective weightings?,,Belfius,Belfius,Belfius,Has Belfius Bank indicated that its client ESG scoring model undergoes ongoing review with the possibility to modify the key risk indicators and their respective weightings?,Belfius_0019,Belfius_0021,Belfius_0021|Belfius_0034|Belfius_0035|Belfius_0037|Belfius_0066,0,,both_fail,213.482,139.103,213.482,49580,7057,76552,11477
ESRS,"Belfius__Belfius_0023__Does Belfius Bank disclose a sector-level assessment of climate-driven credit risk that applies clearly defined short-, medium-, and long-term horizons and communicates the relative severity of impacts for each sector?",,Belfius,Belfius,Belfius,"Does Belfius Bank disclose a sector-level assessment of climate-driven credit risk that applies clearly defined short-, medium-, and long-term horizons and communicates the relative severity of impacts for each sector?",Belfius_0023,Belfius_0023,Belfius_0023|Belfius_0021|Belfius_0024|Belfius_0027|Belfius_0026,1,1.0,both_rank1,163.693,68.716,163.693,31290,3347,49286,8636
ESRS,"Belfius__Belfius_0024__In its climate resilience assessment, does Belfius Bank specify the time horizons over which transition risks and acute physical hazards are expected to affect its strategic and business risks?",,Belfius,Belfius,Belfius,"In its climate resilience assessment, does Belfius Bank specify the time horizons over which transition risks and acute physical hazards are expected to affect its strategic and business risks?",Belfius_0024,Belfius_0017,Belfius_0024|Belfius_0017|Belfius_0021|Belfius_0025|Belfius_0026,0,1.0,mrr_rank1_only,186.923,68.44,186.923,28074,4248,56716,12032
ESRS,Belfius__Belfius_0031__Has Belfius aligned its classification of climate‑sensitive loan exposures with the ESRS high‑climate‑impact sector list by using NACE-based sector mapping?,,Belfius,Belfius,Belfius,Has Belfius aligned its classification of climate‑sensitive loan exposures with the ESRS high‑climate‑impact sector list by using NACE-based sector mapping?,Belfius_0031,Belfius_0031,Belfius_0031|Belfius_0028_intro|Belfius_0007_intro|Belfius_0008|Belfius_0026,1,1.0,both_rank1,174.224,103.194,174.224,42743,6384,68414,11103
ESRS,"Belfius__Belfius_0036__For ESRS disclosures on governance of actions, does Belfius Bank indicate that execution of its multi‑year ESG action plan is subject to ongoing quarterly tracking of key tasks?",,Belfius,Belfius,Belfius,"For ESRS disclosures on governance of actions, does Belfius Bank indicate that execution of its multi‑year ESG action plan is subject to ongoing quarterly tracking of key tasks?",Belfius_0036,Belfius_0001,Belfius_0001|Belfius_0117|Belfius_0121|Belfius_0116,0,,both_fail,168.125,168.125,149.332,187665,10307,136524,8791
ESRS,"Belfius__Belfius_0037__Within Belfius Bank’s three-lines model, is the dedicated ESG risk competence unit tasked with developing the climate and environmental risk framework located in the first, second, or third line of defence?",,Belfius,Belfius,Belfius,"Within Belfius Bank’s three-lines model, is the dedicated ESG risk competence unit tasked with developing the climate and environmental risk framework located in the first, second, or third line of defence?",Belfius_0037,Belfius_0001,Belfius_0001|Belfius_0117,0,,both_fail,158.036,30.853,158.036,23479,1852,89605,9259
ESRS,"Belfius__Belfius_0060__For Belfius’ mitigation plan, does the disclosure confirm that specific budget and staff resources have been earmarked to implement the prioritized risk-reduction measures?",,Belfius,Belfius,Belfius,"For Belfius’ mitigation plan, does the disclosure confirm that specific budget and staff resources have been earmarked to implement the prioritized risk-reduction measures?",Belfius_0060,Belfius_0007_intro,Belfius_0007_intro|Belfius_0008|Belfius_0037|Belfius_0035|Belfius_0036,0,,both_fail,255.627,114.734,255.627,29038,7049,68268,16261
ESRS,"Belfius__Belfius_0064__Has Belfius set a time-bound commitment for the frequency of ESG-related client communications, and if so, what cadence has it adopted?",,Belfius,Belfius,Belfius,"Has Belfius set a time-bound commitment for the frequency of ESG-related client communications, and if so, what cadence has it adopted?",Belfius_0064,Belfius_0116,Belfius_0116|Belfius_0001,0,,both_fail,140.714,140.714,127.938,145777,7639,106360,6832
ESRS,"Belfius__Belfius_0066__Considering ESRS expectations on metrics and targets, does Belfius identify a specific quantitative indicator to monitor completion of client ESG questionnaires, set a numeric objective for 2024, and report the 2024 outcome against that target?",,Belfius,Belfius,Belfius,"Considering ESRS expectations on metrics and targets, does Belfius identify a specific quantitative indicator to monitor completion of client ESG questionnaires, set a numeric objective for 2024, and report the 2024 outcome against that target?",Belfius_0066,Belfius_0121,Belfius_0121,0,,both_fail,93.324,93.324,90.177,42330,5786,37966,5571
ESRS,"Belfius__Belfius_0071__Has Belfius disclosed a quantitative 2024 breakdown of the volumes of its Ambition Loans and Ambition Leasing by client segment (Corporate, PSB, Business)?",,Belfius,Belfius,Belfius,"Has Belfius disclosed a quantitative 2024 breakdown of the volumes of its Ambition Loans and Ambition Leasing by client segment (Corporate, PSB, Business)?",Belfius_0071,Belfius_0071,Belfius_0071|Belfius_0072|Belfius_0069|Belfius_0121,1,1.0,both_rank1,195.224,44.967,195.224,24529,2812,74097,12920
ESRS,"Belfius__Belfius_0072__For Belfius, is an independent second-party review obligatory for client Green/Social/Sustainable bond issuances, and is detailed reporting on the allocation and use of proceeds mandated?",,Belfius,Belfius,Belfius,"For Belfius, is an independent second-party review obligatory for client Green/Social/Sustainable bond issuances, and is detailed reporting on the allocation and use of proceeds mandated?",Belfius_0072,Belfius_0073,Belfius_0072|Belfius_0074|Belfius_0073|Belfius_0001,0,1.0,mrr_rank1_only,161.663,52.3,161.663,24435,2836,75873,9325
ESRS,"Belfius__Belfius_0073__For Belfius’s sustainability‑linked loans oversight, has the bank set a fixed cadence at which responsible staff review performance metrics?",,Belfius,Belfius,Belfius,"For Belfius’s sustainability‑linked loans oversight, has the bank set a fixed cadence at which responsible staff review performance metrics?",Belfius_0073,Belfius_0073,Belfius_0073|Belfius_0072|Belfius_0074|Belfius_0001,1,1.0,both_rank1,141.854,44.271,141.854,24345,2575,71330,8040
ESRS,"Belfius__Belfius_0076__For ESRS metrics-and-targets reporting, has Belfius set a quantifiable 2024 target for the production of its energy sharing projects under SBRS & SBRS Energy?",,Belfius,Belfius,Belfius,"For ESRS metrics-and-targets reporting, has Belfius set a quantifiable 2024 target for the production of its energy sharing projects under SBRS & SBRS Energy?",Belfius_0076,Belfius_0121,Belfius_0121,0,,both_fail,105.996,105.996,100.949,47197,6097,42842,5818
ESRS,"Belfius__Belfius_0080__For Belfius, does the disclosure state that no quantified, outcome-focused objectives are set for the exclusions framework and indicate that this choice is due to its primary use as an ESG risk-mitigation tool?",,Belfius,Belfius,Belfius,"For Belfius, does the disclosure state that no quantified, outcome-focused objectives are set for the exclusions framework and indicate that this choice is due to its primary use as an ESG risk-mitigation tool?",Belfius_0080,Belfius_0080,Belfius_0080|Belfius_0081|Belfius_0061_intro|Belfius_0079_intro|Belfius_0082,1,1.0,both_rank1,149.674,52.977,149.674,23814,3168,51152,9381
ESRS,Belfius__Belfius_0082__Does Belfius state that Belfius AM operates an ex-ante selection control over third-party funds whereby a dedicated selection team conducts ESG due diligence via a detailed questionnaire on ESG policies and practices and limits inclusion to candidates with strong ESG credentials?,,Belfius,Belfius,Belfius,Does Belfius state that Belfius AM operates an ex-ante selection control over third-party funds whereby a dedicated selection team conducts ESG due diligence via a detailed questionnaire on ESG policies and practices and limits inclusion to candidates with strong ESG credentials?,Belfius_0082,Belfius_0001,Belfius_0001,0,,both_fail,81.085,81.085,75.498,67896,5413,53522,4878
ESRS,Belfius__Belfius_0083__Has Belfius Group set a quantified and time-bound objective for the proportion of its investment production to be classified under SFDR Articles 8 and 9?,,Belfius,Belfius,Belfius,Has Belfius Group set a quantified and time-bound objective for the proportion of its investment production to be classified under SFDR Articles 8 and 9?,Belfius_0083,Belfius_0001,Belfius_0001|Belfius_0083|Belfius_0082|Belfius_0086|Belfius_0081,0,2.0,mrr_lower_only,108.87,22.041,108.87,23451,1424,73802,7193
ESRS,"Belfius__Belfius_0084__For ESRS-oriented disclosure on sustainable investment strategies, does Belfius state that its thematic funds are subject to mandatory environmental or social selection criteria embedded in their investment policy framework?",,Belfius,Belfius,Belfius,"For ESRS-oriented disclosure on sustainable investment strategies, does Belfius state that its thematic funds are subject to mandatory environmental or social selection criteria embedded in their investment policy framework?",Belfius_0084,Belfius_0086,Belfius_0084|Belfius_0083|Belfius_0082|Belfius_0086|Belfius_0085_intro,0,1.0,mrr_rank1_only,100.089,45.417,100.089,23023,2969,39875,6970
ESRS,"Belfius__Belfius_0086__For ESRS policy disclosures on scope and coverage, does Belfius Bank identify which Belfius AM investment vehicles and portfolio services are subject to the climate policy’s requirements?",,Belfius,Belfius,Belfius,"For ESRS policy disclosures on scope and coverage, does Belfius Bank identify which Belfius AM investment vehicles and portfolio services are subject to the climate policy’s requirements?",Belfius_0086,Belfius_0086,Belfius_0086|Belfius_0081|Belfius_0082|Belfius_0083|Belfius_0085_intro,1,1.0,both_rank1,106.308,48.045,106.308,23014,2992,41374,7743
ESRS,"Belfius__Belfius_0089__For ESRS-aligned biodiversity risk controls, does Belfius provide for an exclusion on investments linked to deforestation with a clearly defined exception pathway based on compliance with TAP criteria?",,Belfius,Belfius,Belfius,"For ESRS-aligned biodiversity risk controls, does Belfius provide for an exclusion on investments linked to deforestation with a clearly defined exception pathway based on compliance with TAP criteria?",Belfius_0089,Belfius_0089,Belfius_0089|Belfius_0086|Belfius_0087|Belfius_0080|Belfius_0081,1,1.0,both_rank1,109.809,79.291,109.809,36553,5709,46696,8041
ESRS,"Belfius__Belfius_0091__For Belfius, are the annual disclosures on the use of proceeds and the related environmental and social impact of its green and social bonds subjected to an independent limited assurance review by an external auditor?",,Belfius,Belfius,Belfius,"For Belfius, are the annual disclosures on the use of proceeds and the related environmental and social impact of its green and social bonds subjected to an independent limited assurance review by an external auditor?",Belfius_0091,Belfius_0118,Belfius_0118|Belfius_0117|Belfius_0001|Belfius_0000,0,,both_fail,235.636,235.636,220.618,133138,15420,107248,14416
ESRS,Belfius__Belfius_0096__Has Belfius defined and disclosed quantitative eligibility thresholds for awarding energy-efficiency premium reductions in its property insurance portfolio?,,Belfius,Belfius,Belfius,Has Belfius defined and disclosed quantitative eligibility thresholds for awarding energy-efficiency premium reductions in its property insurance portfolio?,Belfius_0096,Belfius_0097,Belfius_0096|Belfius_0097|Belfius_0095|Belfius_0098,0,1.0,mrr_rank1_only,115.624,37.2,115.624,22300,2356,51502,7887
ESRS,"Belfius__Belfius_0098__For ESRS-compliant value-chain oversight, does Belfius specify a contractual enforcement measure for recognized vehicle repairers that persistently fail to meet the environmental conditions embedded in its collaboration agreement?",,Belfius,Belfius,Belfius,"For ESRS-compliant value-chain oversight, does Belfius specify a contractual enforcement measure for recognized vehicle repairers that persistently fail to meet the environmental conditions embedded in its collaboration agreement?",Belfius_0098,Belfius_0098,Belfius_0098|Belfius_0117|Belfius_0116,1,1.0,both_rank1,167.408,52.95,167.408,23757,3509,85392,10393
ESRS,"Belfius__Belfius_0109__Within Belfius’ EU Taxonomy strategy, does Belfius specify that its 2022 Ambition Loans & Lease are only EU Taxonomy-eligible rather than fully aligned (i.e., they have not yet satisfied the full set of technical screening requirements)?",,Belfius,Belfius,Belfius,"Within Belfius’ EU Taxonomy strategy, does Belfius specify that its 2022 Ambition Loans & Lease are only EU Taxonomy-eligible rather than fully aligned (i.e., they have not yet satisfied the full set of technical screening requirements)?",Belfius_0109,Belfius_0109,Belfius_0109|Belfius_0108|Belfius_0107|Belfius_0110_intro|Belfius_0111,1,1.0,both_rank1,74.548,28.181,74.547,17869,2015,37927,5801
ESRS,"Belfius__Belfius_0111__For Belfius Bank’s Green Asset Ratio, does the bank confirm that exposures to undertakings outside the NFRD disclosure scope are removed from the numerator but retained in the denominator, thereby introducing a methodological asymmetry?",,Belfius,Belfius,Belfius,"For Belfius Bank’s Green Asset Ratio, does the bank confirm that exposures to undertakings outside the NFRD disclosure scope are removed from the numerator but retained in the denominator, thereby introducing a methodological asymmetry?",Belfius_0111,Belfius_0111,Belfius_0111|Belfius_0125|Belfius_0108|Belfius_0110_intro|Belfius_0109,1,1.0,both_rank1,143.798,32.593,143.798,22292,2104,61040,9559
ESRS,"Belfius__Belfius_0113__In its asset manager disclosures, does Belfius indicate that sovereign investments are excluded from the asset base used to compute the Green Investment Ratio coverage, and does it provide both the coverage percentage and the corresponding monetary amount?",,Belfius,Belfius,Belfius,"In its asset manager disclosures, does Belfius indicate that sovereign investments are excluded from the asset base used to compute the Green Investment Ratio coverage, and does it provide both the coverage percentage and the corresponding monetary amount?",Belfius_0113,Belfius_0113,Belfius_0113|Belfius_0112|Belfius_0108|Belfius_0109,1,1.0,both_rank1,176.927,37.8,176.927,21313,2683,69122,12967
ESRS,"Belfius__Belfius_0126__For its EU Taxonomy disclosures, does Belfius publish a consolidated, revenue-weighted average of Taxonomy-aligned KPIs across its business lines, and state the resulting percentages for the turnover- and CapEx-based indicators?",,Belfius,Belfius,Belfius,"For its EU Taxonomy disclosures, does Belfius publish a consolidated, revenue-weighted average of Taxonomy-aligned KPIs across its business lines, and state the resulting percentages for the turnover- and CapEx-based indicators?",Belfius_0126,Belfius_0121,Belfius_0121|Belfius_0108|Belfius_0109|Belfius_0110_intro|Belfius_0107,0,,both_fail,171.513,152.237,171.513,52860,11882,59646,13598
ESRS,"Belfius__Belfius_0128__For its EU Taxonomy assets-under-management KPI, does Belfius exclude portfolios handled by Belfius Asset Management to avoid duplication because those exposures are reported in the asset manager–specific Annex IV template of the Disclosure Delegated Act?",,Belfius,Belfius,Belfius,"For its EU Taxonomy assets-under-management KPI, does Belfius exclude portfolios handled by Belfius Asset Management to avoid duplication because those exposures are reported in the asset manager–specific Annex IV template of the Disclosure Delegated Act?",Belfius_0128,Belfius_0129,Belfius_0111|Belfius_0110_intro|Belfius_0108|Belfius_0113|Belfius_0112,0,,both_fail,248.799,225.851,248.799,85724,16704,92171,18435
ESRS,"Caixa Geral de Depósitos__Caixa_Geral_de_Dep_sitos_0002__Does Caixa Geral de Depósitos state that variable remuneration for its management and employees is influenced by sustainability performance outcomes (such as ESG ratings), as would be required to disclose under ESRS governance-related remuneration disclosures?",,Caixa Geral de Depósitos,Caixa Geral de Depósitos,Caixa Geral de Depósitos,"Does Caixa Geral de Depósitos state that variable remuneration for its management and employees is influenced by sustainability performance outcomes (such as ESG ratings), as would be required to disclose under ESRS governance-related remuneration disclosures?",Caixa_Geral_de_Dep_sitos_0002,Caixa_Geral_de_Dep_sitos_0008,Caixa_Geral_de_Dep_sitos_0008|Caixa_Geral_de_Dep_sitos_0003|Caixa_Geral_de_Dep_sitos_0011|Caixa_Geral_de_Dep_sitos_0010|Caixa_Geral_de_Dep_sitos_0009,0,,both_fail,82.894,25.595,82.894,26772,1721,107371,5663
ESRS,"Caixa Geral de Depósitos__Caixa_Geral_de_Dep_sitos_0009__For its Article 8 EU Taxonomy disclosure, did Caixa Geral de Depósitos state the proportion of assets that are Taxonomy-aligned (Green Asset Ratio) for the December 2024 reference date, and what percentage did it report?",,Caixa Geral de Depósitos,Caixa Geral de Depósitos,Caixa Geral de Depósitos,"For its Article 8 EU Taxonomy disclosure, did Caixa Geral de Depósitos state the proportion of assets that are Taxonomy-aligned (Green Asset Ratio) for the December 2024 reference date, and what percentage did it report?",Caixa_Geral_de_Dep_sitos_0009,Caixa_Geral_de_Dep_sitos_0009,Caixa_Geral_de_Dep_sitos_0009|Caixa_Geral_de_Dep_sitos_0008|Caixa_Geral_de_Dep_sitos_0012|Caixa_Geral_de_Dep_sitos_0003,1,1.0,both_rank1,121.064,19.592,121.063,24670,1332,107421,7901
ESRS,"Caixa Geral de Depósitos__Caixa_Geral_de_Dep_sitos_0010__Under ESRS S1 (own workforce), has Caixa Geral de Depósitos defined the boundary of its workforce disclosures and indicated any categories that will only be covered in a subsequent reporting cycle (e.g., non‑salaried staff)?",,Caixa Geral de Depósitos,Caixa Geral de Depósitos,Caixa Geral de Depósitos,"Under ESRS S1 (own workforce), has Caixa Geral de Depósitos defined the boundary of its workforce disclosures and indicated any categories that will only be covered in a subsequent reporting cycle (e.g., non‑salaried staff)?",Caixa_Geral_de_Dep_sitos_0010,Caixa_Geral_de_Dep_sitos_0010,Caixa_Geral_de_Dep_sitos_0010|Caixa_Geral_de_Dep_sitos_0012|Caixa_Geral_de_Dep_sitos_0009,1,1.0,both_rank1,104.128,27.382,104.128,29977,1599,106733,7109
ESRS,"CaixaBank__CaixaBank_0012__For its climate-risk materiality assessment, does CaixaBank explicitly identify the NGFS scenario it uses as the baseline and articulate the basis for selecting that pathway?",,CaixaBank,CaixaBank,CaixaBank,"For its climate-risk materiality assessment, does CaixaBank explicitly identify the NGFS scenario it uses as the baseline and articulate the basis for selecting that pathway?",CaixaBank_0012,CaixaBank_0025,CaixaBank_0025|CaixaBank_0021_intro|CaixaBank_0015_intro|CaixaBank_0016|CaixaBank_0026,0,,both_fail,126.982,76.469,126.982,44446,5843,59962,9609
ESRS,"CaixaBank__CaixaBank_0022__For CaixaBank, does the long-term risk methodology explicitly assume that energy performance certificate ratings of mortgage collateral remain unchanged over time (i.e., no future energy-efficiency upgrades are reflected)?",,CaixaBank,CaixaBank,CaixaBank,"For CaixaBank, does the long-term risk methodology explicitly assume that energy performance certificate ratings of mortgage collateral remain unchanged over time (i.e., no future energy-efficiency upgrades are reflected)?",CaixaBank_0022,CaixaBank_0022,CaixaBank_0022|CaixaBank_0023|CaixaBank_0020|CaixaBank_0025|CaixaBank_0019,1,1.0,both_rank1,88.488,44.311,88.488,36237,2716,52507,6342
ESRS,"CaixaBank__CaixaBank_0024__Has CaixaBank explicitly reported that inadequate availability and quality of sustainability data is a principal constraint on quantifying climate-related effects on credit risk, and that it is undertaking a concrete remediation measure—namely, a comprehensive sustainability data model initiative within its Sustainability Plan—to address these data needs?",,CaixaBank,CaixaBank,CaixaBank,"Has CaixaBank explicitly reported that inadequate availability and quality of sustainability data is a principal constraint on quantifying climate-related effects on credit risk, and that it is undertaking a concrete remediation measure—namely, a comprehensive sustainability data model initiative within its Sustainability Plan—to address these data needs?",CaixaBank_0024,CaixaBank_0024,CaixaBank_0024|CaixaBank_0005|CaixaBank_0122|CaixaBank_0121|CaixaBank_0000,1,1.0,both_rank1,255.364,65.584,255.364,57971,4478,169830,17962
ESRS,CaixaBank__CaixaBank_0028__Does CaixaBank state whether climate-related risks are expected to reduce its net interest income in the short‑ to medium‑term horizon?,,CaixaBank,CaixaBank,CaixaBank,Does CaixaBank state whether climate-related risks are expected to reduce its net interest income in the short‑ to medium‑term horizon?,CaixaBank_0028,CaixaBank_0028,CaixaBank_0028|CaixaBank_0029|CaixaBank_0027_intro|CaixaBank_0012|CaixaBank_0005,1,1.0,both_rank1,172.802,26.416,172.802,30642,1607,94038,11604
ESRS,"CaixaBank__CaixaBank_0031__For ESRS governance and risk management reporting, does CaixaBank state that climate-related physical and transition risks are embedded within its risk appetite framework?",,CaixaBank,CaixaBank,CaixaBank,"For ESRS governance and risk management reporting, does CaixaBank state that climate-related physical and transition risks are embedded within its risk appetite framework?",CaixaBank_0031,CaixaBank_0031,CaixaBank_0031|CaixaBank_0032|CaixaBank_0122|CaixaBank_0012|CaixaBank_0035,1,1.0,both_rank1,161.893,28.093,161.893,29856,1921,92405,11128
ESRS,"CaixaBank__CaixaBank_0043__Has CaixaBank secured formal approval from its Board of Directors for the bank’s NZBA-aligned decarbonisation targets, confirming top-level governance responsibility for these climate goals?",,CaixaBank,CaixaBank,CaixaBank,"Has CaixaBank secured formal approval from its Board of Directors for the bank’s NZBA-aligned decarbonisation targets, confirming top-level governance responsibility for these climate goals?",CaixaBank_0043,CaixaBank_0004,CaixaBank_0043|CaixaBank_0004|CaixaBank_0042|CaixaBank_0041|CaixaBank_0122,0,1.0,mrr_rank1_only,160.258,21.507,160.258,44511,1281,152532,11094
ESRS,"CaixaBank__CaixaBank_0048__Within its electricity-sector transition plan, does CaixaBank indicate that it may adjust its lending portfolio by prioritising lower-emitting clients and reducing exposure to customers that are not committed to moving toward a low‑carbon pathway as a de‑risking action?",,CaixaBank,CaixaBank,CaixaBank,"Within its electricity-sector transition plan, does CaixaBank indicate that it may adjust its lending portfolio by prioritising lower-emitting clients and reducing exposure to customers that are not committed to moving toward a low‑carbon pathway as a de‑risking action?",CaixaBank_0048,CaixaBank_0048,CaixaBank_0048|CaixaBank_0052|CaixaBank_0047|CaixaBank_0046|CaixaBank_0045_intro,1,1.0,both_rank1,162.507,73.105,162.507,42345,2787,56447,8554
ESRS,CaixaBank__CaixaBank_0056__Has CaixaBank identified the International Energy Agency’s Net Zero 2050 scenario as the benchmark pathway for its emissions‑intensity trajectory in the light vehicle OEM sector?,,CaixaBank,CaixaBank,CaixaBank,Has CaixaBank identified the International Energy Agency’s Net Zero 2050 scenario as the benchmark pathway for its emissions‑intensity trajectory in the light vehicle OEM sector?,CaixaBank_0056,CaixaBank_0054,CaixaBank_0056|CaixaBank_0054|CaixaBank_0055|CaixaBank_0041|CaixaBank_0053_intro,0,1.0,mrr_rank1_only,113.618,55.313,113.618,41655,2841,64649,7189
ESRS,"CaixaBank__CaixaBank_0068__In its sector transition plan for commercial real estate, does CaixaBank mandate, as the foundational step, improving the coverage of energy performance certificates and asset-level emissions data across its financed portfolio to unlock subsequent decarbonisation measures?",,CaixaBank,CaixaBank,CaixaBank,"In its sector transition plan for commercial real estate, does CaixaBank mandate, as the foundational step, improving the coverage of energy performance certificates and asset-level emissions data across its financed portfolio to unlock subsequent decarbonisation measures?",CaixaBank_0068,CaixaBank_0066,CaixaBank_0068|CaixaBank_0066|CaixaBank_0065_intro|CaixaBank_0067|CaixaBank_0041,0,1.0,mrr_rank1_only,98.762,61.89,98.761,48466,4215,64340,6942
ESRS,"CaixaBank__CaixaBank_0072__For CaixaBank’s residential real estate transition plan, does the bank define the greenhouse-gas emissions boundary used for tracking financed emissions from mortgages to individuals, specifying which scopes are included?",,CaixaBank,CaixaBank,CaixaBank,"For CaixaBank’s residential real estate transition plan, does the bank define the greenhouse-gas emissions boundary used for tracking financed emissions from mortgages to individuals, specifying which scopes are included?",CaixaBank_0072,CaixaBank_0072,CaixaBank_0072|CaixaBank_0071|CaixaBank_0070|CaixaBank_0041|CaixaBank_0069_intro,1,1.0,both_rank1,100.604,44.05,100.604,42247,2960,58502,6888
ESRS,"CaixaBank__CaixaBank_0074__For CaixaBank’s 2030 target on its shipping portfolio, does the disclosure identify the external decarbonisation pathway used as the benchmark for alignment assessment?",,CaixaBank,CaixaBank,CaixaBank,"For CaixaBank’s 2030 target on its shipping portfolio, does the disclosure identify the external decarbonisation pathway used as the benchmark for alignment assessment?",CaixaBank_0074,CaixaBank_0041,CaixaBank_0074|CaixaBank_0041|CaixaBank_0073_intro|CaixaBank_0077|CaixaBank_0005,0,1.0,mrr_rank1_only,162.409,32.492,162.409,36605,2076,115522,12308
ESRS,"CaixaBank__CaixaBank_0075__In its sectoral transition actions with customers for the naval industry, does CaixaBank explicitly commit to progressively limiting its exposure to assets not aligned with the Poseidon Principles, including considering de-risking such positions?",,CaixaBank,CaixaBank,CaixaBank,"In its sectoral transition actions with customers for the naval industry, does CaixaBank explicitly commit to progressively limiting its exposure to assets not aligned with the Poseidon Principles, including considering de-risking such positions?",CaixaBank_0075,CaixaBank_0077,CaixaBank_0075|CaixaBank_0077|CaixaBank_0041|CaixaBank_0079|CaixaBank_0122,0,1.0,mrr_rank1_only,236.939,46.591,236.939,42061,3054,123408,16691
ESRS,"CaixaBank__CaixaBank_0077__For CaixaBank’s 2030 decarbonisation objective covering airline owners/operators, does the disclosure define the greenhouse gas boundary by specifying the inventory scope and the precise operational emission source included?",,CaixaBank,CaixaBank,CaixaBank,"For CaixaBank’s 2030 decarbonisation objective covering airline owners/operators, does the disclosure define the greenhouse gas boundary by specifying the inventory scope and the precise operational emission source included?",CaixaBank_0077,CaixaBank_0077,CaixaBank_0077|CaixaBank_0041|CaixaBank_0076_intro|CaixaBank_0126|CaixaBank_0007,1,1.0,both_rank1,244.182,46.781,244.181,42031,2692,128391,15210
ESRS,CaixaBank__CaixaBank_0081__Has CaixaBank disclosed that its 2030 customer-knowledge objective is qualitative and supported by a defined 12‑month timeline with staged engagement activities for key pork and beef clients?,,CaixaBank,CaixaBank,CaixaBank,Has CaixaBank disclosed that its 2030 customer-knowledge objective is qualitative and supported by a defined 12‑month timeline with staged engagement activities for key pork and beef clients?,CaixaBank_0081,CaixaBank_0081,CaixaBank_0081|CaixaBank_0082|CaixaBank_0041|CaixaBank_0122|CaixaBank_0007,1,1.0,both_rank1,247.708,82.036,247.708,46054,4784,132733,16199
ESRS,"CaixaBank__CaixaBank_0087__Does CaixaBank commit to re-evaluate potential post-2050 locked-in emissions from its financing and investment portfolio once counterparties provide ESRS-aligned information and, if these exposures are assessed as material, to put in place a dedicated plan to measure and manage them?",,CaixaBank,CaixaBank,CaixaBank,"Does CaixaBank commit to re-evaluate potential post-2050 locked-in emissions from its financing and investment portfolio once counterparties provide ESRS-aligned information and, if these exposures are assessed as material, to put in place a dedicated plan to measure and manage them?",CaixaBank_0087,CaixaBank_0087,CaixaBank_0087|CaixaBank_0122|CaixaBank_0041|CaixaBank_0121|CaixaBank_0007,1,1.0,both_rank1,259.255,111.938,259.255,57403,8725,152685,18779
ESRS,"CaixaBank__CaixaBank_0088__For the insurance business’s corporate investment portfolio financed emissions, does CaixaBank state where the investee data used for the calculation come from?",,CaixaBank,CaixaBank,CaixaBank,"For the insurance business’s corporate investment portfolio financed emissions, does CaixaBank state where the investee data used for the calculation come from?",CaixaBank_0088,CaixaBank_0088,CaixaBank_0088|CaixaBank_0085|CaixaBank_0042|CaixaBank_0032|CaixaBank_0043,1,1.0,both_rank1,112.19,93.14,112.19,51301,6518,57934,7898
ESRS,"CaixaBank__CaixaBank_0098__In CaixaBank’s 2024 disclosure on energy sourcing, does it indicate any quantity of purchased or otherwise acquired electricity, heat, steam, or cooling originating from fossil fuels, and if so, what volume is stated?",,CaixaBank,CaixaBank,CaixaBank,"In CaixaBank’s 2024 disclosure on energy sourcing, does it indicate any quantity of purchased or otherwise acquired electricity, heat, steam, or cooling originating from fossil fuels, and if so, what volume is stated?",CaixaBank_0098,CaixaBank_0098,CaixaBank_0098|CaixaBank_0097_intro|CaixaBank_0007,1,1.0,both_rank1,176.338,63.138,176.338,43155,3916,106478,11563
ESRS,"CaixaBank__CaixaBank_0099__For ESRS disclosures on the defined scope of policies and actions, does CaixaBank state that its Sustainable Mobility Plan spans both internal business travel and the external mobility of stakeholders (employees, customers, and suppliers)?",,CaixaBank,CaixaBank,CaixaBank,"For ESRS disclosures on the defined scope of policies and actions, does CaixaBank state that its Sustainable Mobility Plan spans both internal business travel and the external mobility of stakeholders (employees, customers, and suppliers)?",CaixaBank_0099,CaixaBank_0106,CaixaBank_0106|CaixaBank_0105|CaixaBank_0005|CaixaBank_0039|CaixaBank_0007,0,,both_fail,273.767,273.766,256.115,191563,19073,175596,18049
ESRS,"CaixaBank__CaixaBank_0102__For ESRS-style resource-use disclosures, has CaixaBank clearly defined the reporting perimeter for its paper-use indicators and furnished a multi‑year series showing both absolute A4 usage and an employee-normalised figure?",,CaixaBank,CaixaBank,CaixaBank,"For ESRS-style resource-use disclosures, has CaixaBank clearly defined the reporting perimeter for its paper-use indicators and furnished a multi‑year series showing both absolute A4 usage and an employee-normalised figure?",CaixaBank_0102,CaixaBank_0003,CaixaBank_0003|CaixaBank_0007,0,,both_fail,108.646,108.646,100.35,104380,6205,101133,5787
ESRS,"CaixaBank__CaixaBank_0108__For CaixaBank and in the context of ESRS S1 disclosures on equal pay for equal work, what adjusted gender pay gap value is reported for the period?",,CaixaBank,CaixaBank,CaixaBank,"For CaixaBank and in the context of ESRS S1 disclosures on equal pay for equal work, what adjusted gender pay gap value is reported for the period?",CaixaBank_0108,CaixaBank_0109,CaixaBank_0109|CaixaBank_0108,0,2.0,mrr_lower_only,64.525,21.39,64.525,51214,1158,122714,3561
ESRS,"CaixaBank__CaixaBank_0111__For ESRS S4 customer grievance governance, does CaixaBank state that its Customer Service Department (SAC) provides an annual report on complaints to the Board of Directors?",,CaixaBank,CaixaBank,CaixaBank,"For ESRS S4 customer grievance governance, does CaixaBank state that its Customer Service Department (SAC) provides an annual report on complaints to the Board of Directors?",CaixaBank_0111,CaixaBank_0111,CaixaBank_0111|CaixaBank_0004|CaixaBank_0003|CaixaBank_0112,1,1.0,both_rank1,161.969,16.101,161.968,49567,813,202501,8210
ESRS,CaixaBank__CaixaBank_0113__Does CaixaBank disclose that the results of its annual conduct and compliance risk review are fed into its Double Materiality assessment for business conduct?,,CaixaBank,CaixaBank,CaixaBank,Does CaixaBank disclose that the results of its annual conduct and compliance risk review are fed into its Double Materiality assessment for business conduct?,CaixaBank_0113,CaixaBank_0112,CaixaBank_0112|CaixaBank_0113|CaixaBank_0006|CaixaBank_0004|CaixaBank_0114,0,2.0,mrr_lower_only,88.207,15.551,88.207,26195,1018,150056,5743
ESRS,"CaixaBank__CaixaBank_0114__Under CaixaBank’s Internal Rules governing conduct in the securities markets, must covered individuals channel their own securities dealings through CaixaBank and refrain from speculative or short‑term personal trading?",,CaixaBank,CaixaBank,CaixaBank,"Under CaixaBank’s Internal Rules governing conduct in the securities markets, must covered individuals channel their own securities dealings through CaixaBank and refrain from speculative or short‑term personal trading?",CaixaBank_0114,CaixaBank_0114,CaixaBank_0114|CaixaBank_0115|CaixaBank_0112,1,1.0,both_rank1,91.061,15.151,91.061,34306,950,118438,5510
ESRS,"CaixaBank__CaixaBank_0116__For CaixaBank, what is the reported number of convictions for breaches of anti-corruption and bribery legislation in 2024?",,CaixaBank,CaixaBank,CaixaBank,"For CaixaBank, what is the reported number of convictions for breaches of anti-corruption and bribery legislation in 2024?",CaixaBank_0116,CaixaBank_0116,CaixaBank_0116|CaixaBank_0115|CaixaBank_0114|CaixaBank_0112|CaixaBank_0000,1,1.0,both_rank1,107.093,23.832,107.093,29574,1536,157259,7099
ESRS,"CaixaBank__CaixaBank_0118__For ESRS-aligned value-chain procurement disclosures, does CaixaBank demonstrate that, from June 2024, supplier contract awards incorporate its ESG index into the award evaluation matrix?",,CaixaBank,CaixaBank,CaixaBank,"For ESRS-aligned value-chain procurement disclosures, does CaixaBank demonstrate that, from June 2024, supplier contract awards incorporate its ESG index into the award evaluation matrix?",CaixaBank_0118,CaixaBank_0118,CaixaBank_0118|CaixaBank_0004|CaixaBank_0114|CaixaBank_0112,1,1.0,both_rank1,111.816,16.227,111.816,29777,1140,171578,8480
ESRS,"CaixaBank__CaixaBank_0120__Does CaixaBank disclose, for 2024, a jurisdiction-by-jurisdiction breakdown that presents profit before tax alongside the corporate income tax actually paid, enabling country-level assessment of its tax contribution?",,CaixaBank,CaixaBank,CaixaBank,"Does CaixaBank disclose, for 2024, a jurisdiction-by-jurisdiction breakdown that presents profit before tax alongside the corporate income tax actually paid, enabling country-level assessment of its tax contribution?",CaixaBank_0120,CaixaBank_0120,CaixaBank_0120|CaixaBank_0000|CaixaBank_0114|CaixaBank_0004|CaixaBank_0112,1,1.0,both_rank1,95.541,18.766,95.541,30728,1084,152803,6128
ESRS,"CaixaBank__CaixaBank_0122__For ESRS governance disclosures on oversight of sustainability risks, does CaixaBank assign its Board of Directors the authority to approve the Corporate Sustainability/ESG Risk Management Policy and to supervise adherence to that policy?",,CaixaBank,CaixaBank,CaixaBank,"For ESRS governance disclosures on oversight of sustainability risks, does CaixaBank assign its Board of Directors the authority to approve the Corporate Sustainability/ESG Risk Management Policy and to supervise adherence to that policy?",CaixaBank_0122,CaixaBank_0122,CaixaBank_0122|CaixaBank_0004|CaixaBank_0121|CaixaBank_0000|CaixaBank_0001,1,1.0,both_rank1,76.685,18.905,76.685,35653,1137,150419,5283
ESRS,"CaixaBank__CaixaBank_0124__For ESRS-aligned transparency on the incorporation of sustainability factors into investment management, does CaixaBank disclose the proportion of assets under management that apply ESG considerations at 31 December 2024?",,CaixaBank,CaixaBank,CaixaBank,"For ESRS-aligned transparency on the incorporation of sustainability factors into investment management, does CaixaBank disclose the proportion of assets under management that apply ESG considerations at 31 December 2024?",CaixaBank_0124,CaixaBank_0124,CaixaBank_0124|CaixaBank_0122|CaixaBank_0123|CaixaBank_0121|CaixaBank_0000,1,1.0,both_rank1,137.82,18.754,137.82,29342,1272,176351,10236
ESRS,"CaixaBank__CaixaBank_0127__Does CaixaBank’s cybersecurity disclosure set out quantified, time-bound targets or KPIs for its material cybersecurity topic within the 2023–2025 Strategic Information Security Plan or the annual Information Security Master Plan, in line with ESRS target-disclosure expectations?",,CaixaBank,CaixaBank,CaixaBank,"Does CaixaBank’s cybersecurity disclosure set out quantified, time-bound targets or KPIs for its material cybersecurity topic within the 2023–2025 Strategic Information Security Plan or the annual Information Security Master Plan, in line with ESRS target-disclosure expectations?",CaixaBank_0127,CaixaBank_0127,CaixaBank_0127|CaixaBank_0126|CaixaBank_0001|CaixaBank_0000|CaixaBank_0112,1,1.0,both_rank1,151.587,16.279,151.587,32214,1219,170092,10099
ESRS,"DNB__DNB_0011__Has DNB specified, for the CEO’s variable remuneration, the proportion linked to sustainability-related goals and, for each such goal, its individual weighting and whether performance is assessed qualitatively or by quantitative metrics?",,DNB,DNB,DNB,"Has DNB specified, for the CEO’s variable remuneration, the proportion linked to sustainability-related goals and, for each such goal, its individual weighting and whether performance is assessed qualitatively or by quantitative metrics?",DNB_0011,DNB_0011,DNB_0011,1,1.0,both_rank1,104.342,34.203,104.342,42258,2311,154720,6985
ESRS,"DNB__DNB_0013__For DNB, does the due diligence overview indicate where the bank documents the monitoring of the effectiveness of its measures and related communications, by cross‑referencing ESRS 2 MDR‑T and ESRS 2 MDR‑M with specific page citations?",,DNB,DNB,DNB,"For DNB, does the due diligence overview indicate where the bank documents the monitoring of the effectiveness of its measures and related communications, by cross‑referencing ESRS 2 MDR‑T and ESRS 2 MDR‑M with specific page citations?",DNB_0013,DNB_0029,DNB_0013|DNB_0029|DNB_0015,0,1.0,mrr_rank1_only,290.223,48.564,290.223,46287,3645,223586,24186
ESRS,"DNB__DNB_0015__Within DNB’s Internal Control over Sustainability Reporting, does DNB apply risk-based materiality thresholds to decide which ESRS disclosure requirements are included within the scope of its controls?",,DNB,DNB,DNB,"Within DNB’s Internal Control over Sustainability Reporting, does DNB apply risk-based materiality thresholds to decide which ESRS disclosure requirements are included within the scope of its controls?",DNB_0015,DNB_0018,DNB_0015|DNB_0018,0,1.0,mrr_rank1_only,148.972,29.994,148.972,42481,2310,136312,12186
ESRS,"DNB__DNB_0022__For DNB, does the disclosures indicate that the Board and Group Management receive briefings on stakeholder perspectives regarding the Group’s sustainability impacts via the double materiality process?",,DNB,DNB,DNB,"For DNB, does the disclosures indicate that the Board and Group Management receive briefings on stakeholder perspectives regarding the Group’s sustainability impacts via the double materiality process?",DNB_0022,DNB_0027,DNB_0027|DNB_0009|DNB_0029|DNB_0008|DNB_0007_intro,0,,both_fail,164.465,133.328,164.465,66713,10910,90382,13480
ESRS,"DNB__DNB_0029__Regarding ESRS E1-9 on projected financial impacts from climate-related physical and transition risks and opportunities, has DNB relied on the ESRS 1 Appendix C phase‑in to defer this disclosure in its 2024 annual report?",,DNB,DNB,DNB,"Regarding ESRS E1-9 on projected financial impacts from climate-related physical and transition risks and opportunities, has DNB relied on the ESRS 1 Appendix C phase‑in to defer this disclosure in its 2024 annual report?",DNB_0029,DNB_0029,DNB_0029|DNB_0090|DNB_0091|DNB_0089,1,1.0,both_rank1,160.272,125.013,160.272,124353,9772,171957,12133
ESRS,"DNB__DNB_0084__Has DNB Livsforsikring set a portfolio-level climate mitigation target for its listed equity and corporate bond investments that quantifies the reduction and identifies both the base year and the target year, as contemplated by ESRS E1-4?",,DNB,DNB,DNB,"Has DNB Livsforsikring set a portfolio-level climate mitigation target for its listed equity and corporate bond investments that quantifies the reduction and identifies both the base year and the target year, as contemplated by ESRS E1-4?",DNB_0084,DNB_0084,DNB_0084|DNB_0101|DNB_0085|DNB_0086|DNB_0088,1,1.0,both_rank1,85.901,24.936,85.901,43071,1939,87675,7714
ESRS,"DNB__DNB_0085__For DNB Livsforsikring, does the disclosure comply with ESRS 2 BP-2 by explicitly stating whether the calculations used to determine the proportion of assets under management with science-based emissions targets rely on estimates?",,DNB,DNB,DNB,"For DNB Livsforsikring, does the disclosure comply with ESRS 2 BP-2 by explicitly stating whether the calculations used to determine the proportion of assets under management with science-based emissions targets rely on estimates?",DNB_0085,DNB_0085,DNB_0085|DNB_0084|DNB_0086|DNB_0101|DNB_0088,1,1.0,both_rank1,93.539,26.714,93.539,43005,2312,87391,8613
ESRS,"DNB__DNB_0086__Under ESRS E1-4, has DNB Livsforsikring defined a numeric engagement objective aimed at the portfolio’s highest emitters to prompt adoption of science-based or net-zero commitments?",,DNB,DNB,DNB,"Under ESRS E1-4, has DNB Livsforsikring defined a numeric engagement objective aimed at the portfolio’s highest emitters to prompt adoption of science-based or net-zero commitments?",DNB_0086,DNB_0085,DNB_0086|DNB_0085|DNB_0084|DNB_0088|DNB_0101,0,1.0,mrr_rank1_only,90.12,25.916,90.119,42980,2047,87490,7627
ESRS,"DNB__DNB_0088__For ESRS 2 BP-2 purposes, does DNB specify the share of its 2019 baseline greenhouse gas data that was estimated versus measurement-based for Scope 1 and Scope 2?",,DNB,DNB,DNB,"For ESRS 2 BP-2 purposes, does DNB specify the share of its 2019 baseline greenhouse gas data that was estimated versus measurement-based for Scope 1 and Scope 2?",DNB_0088,DNB_0086,DNB_0086|DNB_0089|DNB_0090|DNB_0107,0,,both_fail,364.685,364.685,335.808,192085,27027,187661,25125
ESRS,"DNB__DNB_0090__Within its ESRS E1 assessment, has DNB concluded that the three sub-topics (adaptation, mitigation and energy) are material across all disclosed time horizons (short, medium and long term)?",,DNB,DNB,DNB,"Within its ESRS E1 assessment, has DNB concluded that the three sub-topics (adaptation, mitigation and energy) are material across all disclosed time horizons (short, medium and long term)?",DNB_0090,DNB_0090,DNB_0090|DNB_0027|DNB_0089|DNB_0091|DNB_0083_intro,1,1.0,both_rank1,142.603,23.963,142.603,44306,1439,141639,9896
ESRS,"DNB__DNB_0091__For ESRS-aligned transparency on scenario analysis, does DNB specify which transition pathways underpin its loan-portfolio climate risk stress testing?",,DNB,DNB,DNB,"For ESRS-aligned transparency on scenario analysis, does DNB specify which transition pathways underpin its loan-portfolio climate risk stress testing?",DNB_0091,DNB_0091,DNB_0091|DNB_0090|DNB_0089,1,1.0,both_rank1,182.518,29.835,182.518,44739,1447,164198,12135
ESRS,"DNB__DNB_0092__Under ESRS-style climate risk disclosures, does DNB Asset Management (DAM) explain how outputs from its January 2025 climate scenario analysis are applied to direct strategy and risk oversight for its investment portfolios?",,DNB,DNB,DNB,"Under ESRS-style climate risk disclosures, does DNB Asset Management (DAM) explain how outputs from its January 2025 climate scenario analysis are applied to direct strategy and risk oversight for its investment portfolios?",DNB_0092,DNB_0091,DNB_0092|DNB_0091|DNB_0093|DNB_0090|DNB_0089,0,1.0,mrr_rank1_only,125.584,40.445,125.584,44809,2353,92760,8229
ESRS,"DNB__DNB_0093__For ESRS-aligned transparency on scenario-modelling boundaries, has DNB Livsforsikring disclosed the scope limitations and data-quality constraints of the MSCI Climate VaR analysis it uses for portfolio climate risk?",,DNB,DNB,DNB,"For ESRS-aligned transparency on scenario-modelling boundaries, has DNB Livsforsikring disclosed the scope limitations and data-quality constraints of the MSCI Climate VaR analysis it uses for portfolio climate risk?",DNB_0093,DNB_0093,DNB_0093|DNB_0095|DNB_0092|DNB_0091|DNB_0090,1,1.0,both_rank1,94.382,26.322,94.382,44641,1588,89063,6606
ESRS,"DNB__DNB_0100__For ESRS E1-4 target disclosures, does DNB report that its 2030 climate objectives were independently validated as science-based and consistent with a 1.5°C trajectory, including confirmation of the appropriateness of scenario selection, baseline years, and emissions estimation methodology?",,DNB,DNB,DNB,"For ESRS E1-4 target disclosures, does DNB report that its 2030 climate objectives were independently validated as science-based and consistent with a 1.5°C trajectory, including confirmation of the appropriateness of scenario selection, baseline years, and emissions estimation methodology?",DNB_0100,DNB_0101,DNB_0100|DNB_0101|DNB_0083_intro,0,1.0,mrr_rank1_only,214.136,39.664,214.136,48522,2700,187696,14336
ESRS,"DNB__DNB_0101__With respect to the power generation portfolio, does DNB report, in line with ESRS 2 BP-2, the proportion of emissions-intensity information derived from estimates versus actual measurements?",,DNB,DNB,DNB,"With respect to the power generation portfolio, does DNB report, in line with ESRS 2 BP-2, the proportion of emissions-intensity information derived from estimates versus actual measurements?",DNB_0101,DNB_0083_intro,DNB_0101|DNB_0083_intro|DNB_0100|DNB_0119|DNB_0102,0,1.0,mrr_rank1_only,140.678,28.51,140.678,51263,1520,107386,7393
ESRS,"DNB__DNB_0109__For its ESRS E1 Scope 2 (location-based) reporting, does DNB explain how it estimates electricity consumption where direct activity data are unavailable, including the distinct bases used for Norwegian locations versus international representative offices?",,DNB,DNB,DNB,"For its ESRS E1 Scope 2 (location-based) reporting, does DNB explain how it estimates electricity consumption where direct activity data are unavailable, including the distinct bases used for Norwegian locations versus international representative offices?",DNB_0109,DNB_0109,DNB_0109|DNB_0107|DNB_0089,1,1.0,both_rank1,167.766,39.817,167.765,49131,2366,151081,10483
ESRS,"DNB__DNB_0110__In its 2024 market-based Scope 2 methodology, does DNB explicitly identify which energy uses are not covered by certificates and state that a residual-mix emissions factor is applied to those uses?",,DNB,DNB,DNB,"In its 2024 market-based Scope 2 methodology, does DNB explicitly identify which energy uses are not covered by certificates and state that a residual-mix emissions factor is applied to those uses?",DNB_0110,DNB_0110,DNB_0110|DNB_0089|DNB_0111_intro|DNB_0102,1,1.0,both_rank1,193.019,70.211,193.019,68203,4611,176814,12027
ESRS,"DNB__DNB_0116__For ESRS-style methodological transparency, does DNB explicitly describe, for its upstream oil and gas financed emissions, (i) the standard it applies, (ii) where the emissions figures come from, and (iii) how the attribution factor is computed (DNB’s committed lending divided by the client’s value defined as total debt plus equity from audited financial statements)?",,DNB,DNB,DNB,"For ESRS-style methodological transparency, does DNB explicitly describe, for its upstream oil and gas financed emissions, (i) the standard it applies, (ii) where the emissions figures come from, and (iii) how the attribution factor is computed (DNB’s committed lending divided by the client’s value defined as total debt plus equity from audited financial statements)?",DNB_0116,DNB_0116,DNB_0116|DNB_0115|DNB_0117|DNB_0102,1,1.0,both_rank1,218.732,54.998,218.732,56187,3903,178815,14871
ESRS,"DNB__DNB_0118__Within its steel sector disclosure, does DNB specify that the reporting boundary is confined to balance sheet positions and that off-balance-sheet items are excluded?",,DNB,DNB,DNB,"Within its steel sector disclosure, does DNB specify that the reporting boundary is confined to balance sheet positions and that off-balance-sheet items are excluded?",DNB_0118,DNB_0118,DNB_0118|DNB_0121|DNB_0122|DNB_0100|DNB_0101,1,1.0,both_rank1,182.398,148.321,182.397,78525,7642,100580,9959
ESRS,"DNB__DNB_0119__For its power generation reporting, has DNB defined the reporting boundary by confirming that only on-balance sheet credit exposures to customers are included and that off-balance sheet items are excluded?",,DNB,DNB,DNB,"For its power generation reporting, has DNB defined the reporting boundary by confirming that only on-balance sheet credit exposures to customers are included and that off-balance sheet items are excluded?",DNB_0119,DNB_0083_intro,DNB_0119|DNB_0083_intro|DNB_0118|DNB_0100|DNB_0101,0,1.0,mrr_rank1_only,150.777,95.084,150.777,73927,6072,118614,9940
ESRS,"DNB__DNB_0120__For DNB Næringseiendom, is the Scope 2 electricity footprint calculated using a location-based method tied to the Nordic grid, with Guarantees of Origin expressly excluded from the computation?",,DNB,DNB,DNB,"For DNB Næringseiendom, is the Scope 2 electricity footprint calculated using a location-based method tied to the Nordic grid, with Guarantees of Origin expressly excluded from the computation?",DNB_0120,DNB_0120,DNB_0088|DNB_0084|DNB_0085|DNB_0101|DNB_0086,1,,accuracy_only_mrr_missing,258.148,244.232,258.148,123795,17044,130458,18178
ESRS,"DNB__DNB_0124__For DNB’s greenhouse gas intensity normalised by net revenue, does DNB report the ratio on both a grid-average basis and a contract-adjusted basis, and what values are disclosed?",,DNB,DNB,DNB,"For DNB’s greenhouse gas intensity normalised by net revenue, does DNB report the ratio on both a grid-average basis and a contract-adjusted basis, and what values are disclosed?",DNB_0124,DNB_0124,DNB_0124|DNB_0125|DNB_0100|DNB_0089|DNB_0102,1,1.0,both_rank1,170.622,33.572,170.622,45328,1636,89930,10791
ESRS,"DNB__DNB_0129__For DNB, does the disclosure identify the temporal scope—short, medium, and long term—over which the negative impacts and related risks from exploitation of marine resources are assessed as material?",,DNB,DNB,DNB,"For DNB, does the disclosure identify the temporal scope—short, medium, and long term—over which the negative impacts and related risks from exploitation of marine resources are assessed as material?",DNB_0129,DNB_0129,DNB_0129|DNB_0027|DNB_0024|DNB_0131|DNB_0029,1,1.0,both_rank1,163.866,32.526,163.866,37825,2196,109622,11336
ESRS,"DNB__DNB_0131__Within its ESRS E3-1 disclosure on policies for water and marine resources, does DNB specify who holds responsibility for overseeing adherence to its sustainability instructions in credit activities?",,DNB,DNB,DNB,"Within its ESRS E3-1 disclosure on policies for water and marine resources, does DNB specify who holds responsibility for overseeing adherence to its sustainability instructions in credit activities?",DNB_0131,DNB_0134,DNB_0131|DNB_0134|DNB_0132|DNB_0129,0,1.0,mrr_rank1_only,172.849,32.897,172.849,37721,2181,152280,11747
ESRS,"DNB__DNB_0134__Under ESRS E3-3 on water and marine resources, does DNB disclose any concrete targets it intends to reach for this topic?",,DNB,DNB,DNB,"Under ESRS E3-3 on water and marine resources, does DNB disclose any concrete targets it intends to reach for this topic?",DNB_0134,DNB_0134,DNB_0134|DNB_0132|DNB_0131,1,1.0,both_rank1,113.384,30.204,113.384,37672,1934,112422,7662
ESRS,"DNB__DNB_0139__For ESRS S1 reporting scope, does DNB explicitly define its ""own workforce"" as including permanent staff, temporary employees, and consultants engaged by the bank?",,DNB,DNB,DNB,"For ESRS S1 reporting scope, does DNB explicitly define its ""own workforce"" as including permanent staff, temporary employees, and consultants engaged by the bank?",DNB_0139,DNB_0141,DNB_0139|DNB_0141,0,1.0,mrr_rank1_only,171.137,40.797,171.137,43198,2499,138493,12373
ESRS,"DNB__DNB_0148__For ESRS S1-6 reporting, does DNB disclose whether it has any employees on zero-hour or other non-guaranteed hours contracts?",,DNB,DNB,DNB,"For ESRS S1-6 reporting, does DNB disclose whether it has any employees on zero-hour or other non-guaranteed hours contracts?",DNB_0148,,,0,,both_fail,99.212,,99.212,0,0,104047,4228
ESRS,"DNB__DNB_0156__For ESRS-aligned transparency on privacy incidents, does DNB disclose the number of personal data breaches it notified to the Norwegian Data Protection Authority in 2024?",,DNB,DNB,DNB,"For ESRS-aligned transparency on privacy incidents, does DNB disclose the number of personal data breaches it notified to the Norwegian Data Protection Authority in 2024?",DNB_0156,DNB_0158,DNB_0158|DNB_0156|DNB_0157|DNB_0160|DNB_0029,0,2.0,mrr_lower_only,213.254,33.301,213.254,42091,2360,145717,13772
ESRS,"DNB__DNB_0160__Under ESRS S4-5 on targets, does DNB report having established a specific, time-bound objective for data protection?",,DNB,DNB,DNB,"Under ESRS S4-5 on targets, does DNB report having established a specific, time-bound objective for data protection?",DNB_0160,DNB_0158,DNB_0160|DNB_0158|DNB_0029|DNB_0177|DNB_0175,0,1.0,mrr_rank1_only,205.155,34.231,205.155,42042,2571,118492,13840
ESRS,"DNB__DNB_0166__For ESRS S4-3, does DNB indicate that it conducts formal assessments of how effective its consumer complaint channels are?",,DNB,DNB,DNB,"For ESRS S4-3, does DNB indicate that it conducts formal assessments of how effective its consumer complaint channels are?",DNB_0166,DNB_0167,DNB_0166|DNB_0167|DNB_0157|DNB_0165|DNB_0164,0,1.0,mrr_rank1_only,127.46,43.171,127.46,41759,2075,64095,7503
ESRS,DNB__DNB_0167__Does DNB disclose documented control processes to mitigate the risk of misleading or greenwashed communications to personal customers?,,DNB,DNB,DNB,Does DNB disclose documented control processes to mitigate the risk of misleading or greenwashed communications to personal customers?,DNB_0167,DNB_0167,DNB_0167|DNB_0166|DNB_0164|DNB_0163|DNB_0165,1,1.0,both_rank1,98.422,47.118,98.422,41724,2627,57831,5488
ESRS,"DNB__DNB_0169__Within its ESRS S4-5 reporting on consumers and end-users, how does DNB evidence performance tracking when it has not established a time-bound target?",,DNB,DNB,DNB,"Within its ESRS S4-5 reporting on consumers and end-users, how does DNB evidence performance tracking when it has not established a time-bound target?",DNB_0169,DNB_0160,DNB_0160|DNB_0158|DNB_0169|DNB_0167,0,3.0,mrr_lower_only,239.052,59.475,239.052,42245,3450,168110,13788
ESRS,"DNB__DNB_0174__For ESRS 2 MDR-P, does DNB state that its security-related Group policies have enterprise-wide applicability, binding all DNB Group entities and both permanent and temporary staff, including international operations?",,DNB,DNB,DNB,"For ESRS 2 MDR-P, does DNB state that its security-related Group policies have enterprise-wide applicability, binding all DNB Group entities and both permanent and temporary staff, including international operations?",DNB_0174,DNB_0175,DNB_0174|DNB_0175|DNB_0172|DNB_0156|DNB_0202,0,1.0,mrr_rank1_only,308.148,41.401,308.148,40754,2247,149886,18832
ESRS,"DNB__DNB_0177__For DNB’s cyber risk reporting under Targets and tracking, do the bank’s high‑level security aims specify measurable outcomes and fixed deadlines for progress assessment, or are they described as not outcome‑based and not time‑bound?",,DNB,DNB,DNB,"For DNB’s cyber risk reporting under Targets and tracking, do the bank’s high‑level security aims specify measurable outcomes and fixed deadlines for progress assessment, or are they described as not outcome‑based and not time‑bound?",DNB_0177,DNB_0177,DNB_0177|DNB_0176_intro|DNB_0175,1,1.0,both_rank1,200.622,35.803,200.622,40444,1595,156266,11183
ESRS,"DNB__DNB_0182__For ESRS 2 GOV-1 purposes, does DNB identify which governance bodies are charged with overseeing the management of culture-related impacts, risks and opportunities?",,DNB,DNB,DNB,"For ESRS 2 GOV-1 purposes, does DNB identify which governance bodies are charged with overseeing the management of culture-related impacts, risks and opportunities?",DNB_0182,DNB_0009,DNB_0009|DNB_0182|DNB_0008|DNB_0003|DNB_0007_intro,0,2.0,mrr_lower_only,173.654,57.643,173.654,48082,3321,103897,11148
ESRS,"DNB__DNB_0186__For DNB, does the disclosed governance programme include a recurring month focused on ethics and professional conduct that obliges all employees to complete training on the code, confidentiality obligations, and conflict‑of‑interest management?",,DNB,DNB,DNB,"For DNB, does the disclosed governance programme include a recurring month focused on ethics and professional conduct that obliges all employees to complete training on the code, confidentiality obligations, and conflict‑of‑interest management?",DNB_0186,DNB_0186,DNB_0186|DNB_0185|DNB_0188|DNB_0182|DNB_0184,1,1.0,both_rank1,88.234,34.748,88.234,38894,2225,53141,6077
ESRS,"DNB__DNB_0191__For ESRS disclosures on material impacts, risks and opportunities, does DNB explicitly indicate that bribery and corruption risks within its own operations were rated as most significant over a short‑term time horizon?",,DNB,DNB,DNB,"For ESRS disclosures on material impacts, risks and opportunities, does DNB explicitly indicate that bribery and corruption risks within its own operations were rated as most significant over a short‑term time horizon?",DNB_0191,DNB_0191,DNB_0191|DNB_0024|DNB_0027|DNB_0193|DNB_0029,1,1.0,both_rank1,235.637,87.953,235.637,46657,6364,127368,17966
ESRS,"DNB__DNB_0193__Under ESRS G1-1’s governance expectations for business conduct, which senior executive role at DNB holds final accountability for putting the bank’s anti-corruption instructions and framework into effect?",,DNB,DNB,DNB,"Under ESRS G1-1’s governance expectations for business conduct, which senior executive role at DNB holds final accountability for putting the bank’s anti-corruption instructions and framework into effect?",DNB_0193,DNB_0191,DNB_0193|DNB_0191|DNB_0194|DNB_0195|DNB_0185,0,1.0,mrr_rank1_only,122.456,42.888,122.456,40480,2502,62492,8809
ESRS,"DNB__DNB_0195__In its actions disclosure, does DNB report instituting a formal gifts-and-hospitality register as a control to strengthen record-keeping and transparency over evaluations and determinations related to those activities?",,DNB,DNB,DNB,"In its actions disclosure, does DNB report instituting a formal gifts-and-hospitality register as a control to strengthen record-keeping and transparency over evaluations and determinations related to those activities?",DNB_0195,DNB_0195,DNB_0195|DNB_0194|DNB_0193|DNB_0197|DNB_0186,1,1.0,both_rank1,101.45,29.701,101.45,39121,1927,59935,7068
ESRS,"DNB__DNB_0198__For ESRS 2 MDR-T purposes, has DNB established quantified, outcome-based objectives for anti-corruption and anti-bribery to demonstrate the effectiveness of its measures?",,DNB,DNB,DNB,"For ESRS 2 MDR-T purposes, has DNB established quantified, outcome-based objectives for anti-corruption and anti-bribery to demonstrate the effectiveness of its measures?",DNB_0198,DNB_0199,DNB_0198|DNB_0199|DNB_0195|DNB_0197|DNB_0193,0,1.0,mrr_rank1_only,90.35,32.992,90.35,38925,2079,52527,6389
ESRS,"DNB__DNB_0204__Under ESRS 2 MDR-P on policies to manage material sustainability matters, has DNB Bank ASA designated a specific accountable role to oversee adherence to its anti-money laundering and counter-terrorist financing procedures?",,DNB,DNB,DNB,"Under ESRS 2 MDR-P on policies to manage material sustainability matters, has DNB Bank ASA designated a specific accountable role to oversee adherence to its anti-money laundering and counter-terrorist financing procedures?",DNB_0204,DNB_0202,DNB_0204|DNB_0202|DNB_0205,0,1.0,mrr_rank1_only,243.38,50.651,243.38,40214,3070,148131,16918
ESRS,"DNB__DNB_0207__Within its ESRS G1 disclosure on business conduct, does DNB report that it has established quantified, outcome-focused objectives for preventing financial crime, or does it state that such targets are not in place?",,DNB,DNB,DNB,"Within its ESRS G1 disclosure on business conduct, does DNB report that it has established quantified, outcome-focused objectives for preventing financial crime, or does it state that such targets are not in place?",DNB_0207,DNB_0207,DNB_0207|DNB_0206_intro|DNB_0205|DNB_0204|DNB_0202,1,1.0,both_rank1,79.314,30.201,79.314,40782,1958,54701,5645
ESRS,"DNB__DNB_0210__For compliance with ESRS 2 MDR-P, does DNB demonstrate that it has adopted formal measures to manage the material topic of operational stability, specifically through contingency and recovery planning and defined risk tolerance boundaries?",,DNB,DNB,DNB,"For compliance with ESRS 2 MDR-P, does DNB demonstrate that it has adopted formal measures to manage the material topic of operational stability, specifically through contingency and recovery planning and defined risk tolerance boundaries?",DNB_0210,DNB_0212,DNB_0212|DNB_0213_intro|DNB_0215|DNB_0216|DNB_0214,0,,both_fail,111.388,49.362,111.388,41276,3485,53676,8460
ESRS,"DNB__DNB_0218__For its recovery plan indicators, has DNB invoked the ESRS 1 paragraph 7.7 confidentiality exemption to lawfully omit publishing the related metrics?",,DNB,DNB,DNB,"For its recovery plan indicators, has DNB invoked the ESRS 1 paragraph 7.7 confidentiality exemption to lawfully omit publishing the related metrics?",DNB_0218,DNB_0218,DNB_0009|DNB_0003|DNB_0008|DNB_0005|DNB_0029,1,,accuracy_only_mrr_missing,226.289,210.065,226.289,119168,15768,132790,17173
ESRS,"DNB__DNB_0037__In its ESRS-aligned disclosure of the KPI for off-balance sheet exposures (turnover), has DNB provided quantified figures for the Financial Guarantees metric (FinGuar KPI)?",,DNB,DNB,DNB,"In its ESRS-aligned disclosure of the KPI for off-balance sheet exposures (turnover), has DNB provided quantified figures for the Financial Guarantees metric (FinGuar KPI)?",DNB_0037,DNB_0037,DNB_0037|DNB_0039|DNB_0040|DNB_0038|DNB_0031,1,1.0,both_rank1,145.358,21.087,145.358,33616,1589,230278,10390
ESRS,"DNB__DNB_0038__Within DNB’s off-balance-sheet exposure stock KPIs, is the financial guarantee metric quantified, and if so, which figures are disclosed?",,DNB,DNB,DNB,"Within DNB’s off-balance-sheet exposure stock KPIs, is the financial guarantee metric quantified, and if so, which figures are disclosed?",DNB_0038,DNB_0037,DNB_0037|DNB_0038|DNB_0040|DNB_0039|DNB_0031,0,2.0,mrr_lower_only,113.649,27.341,113.649,33576,1805,177210,7022
ESRS,"DNB__DNB_0039__Within DNB’s disclosure of off‑balance‑sheet exposure flows (turnover), does the financial guarantee KPI present quantified amounts for the disaggregated sub‑categories (use‑of‑proceeds, transitional, and enabling)?",,DNB,DNB,DNB,"Within DNB’s disclosure of off‑balance‑sheet exposure flows (turnover), does the financial guarantee KPI present quantified amounts for the disaggregated sub‑categories (use‑of‑proceeds, transitional, and enabling)?",DNB_0039,DNB_0039,DNB_0039|DNB_0040|DNB_0037|DNB_0038|DNB_0031,1,1.0,both_rank1,156.636,37.078,156.636,33647,2243,209299,10386
ESRS,"DNB__DNB_0040__For DNB’s KPI on off-balance sheet exposures flow (capex), does the Financial guarantees (FinGuar KPI) disclosure include a separate 'of which transitional' amount, and if so, what percentage is reported?",,DNB,DNB,DNB,"For DNB’s KPI on off-balance sheet exposures flow (capex), does the Financial guarantees (FinGuar KPI) disclosure include a separate 'of which transitional' amount, and if so, what percentage is reported?",DNB_0040,DNB_0040,DNB_0040|DNB_0037|DNB_0039|DNB_0038|DNB_0031,1,1.0,both_rank1,130.685,28.22,130.685,41799,1929,188153,7750
ESRS,"Deutsche Bank__Deutsche_Bank_0000__Does Deutsche Bank’s Sustainability Statement indicate that it has been subjected to independent external limited assurance, as required under the ESRS assurance framework?",,Deutsche Bank,Deutsche Bank,Deutsche Bank,"Does Deutsche Bank’s Sustainability Statement indicate that it has been subjected to independent external limited assurance, as required under the ESRS assurance framework?",Deutsche_Bank_0000,Deutsche_Bank_0002,Deutsche_Bank_0002|Deutsche_Bank_0025|Deutsche_Bank_0024|Deutsche_Bank_0000|Deutsche_Bank_0023,0,4.0,mrr_lower_only,62.871,16.259,62.871,31826,1138,142621,4277
ESRS,"Deutsche Bank__Deutsche_Bank_0004__For its 2024 double materiality assessment, did Deutsche Bank’s impact-severity methodology, applied in line with ESRS 1, evaluate the magnitude and extent of impacts and, for adverse impacts, also consider whether harms could be difficult to remedy or irreversible?",,Deutsche Bank,Deutsche Bank,Deutsche Bank,"For its 2024 double materiality assessment, did Deutsche Bank’s impact-severity methodology, applied in line with ESRS 1, evaluate the magnitude and extent of impacts and, for adverse impacts, also consider whether harms could be difficult to remedy or irreversible?",Deutsche_Bank_0004,Deutsche_Bank_0004,Deutsche_Bank_0004|Deutsche_Bank_0002|Deutsche_Bank_0003|Deutsche_Bank_0001|Deutsche_Bank_0000,1,1.0,both_rank1,134.103,15.072,134.103,33128,1427,195831,11720
ESRS,"Deutsche Bank__Deutsche_Bank_0005__Within Deutsche Bank’s sustainability statement, is there a disclosure that executive remuneration is contingent on conforming to the bank’s sectoral emissions pathway targets?",,Deutsche Bank,Deutsche Bank,Deutsche Bank,"Within Deutsche Bank’s sustainability statement, is there a disclosure that executive remuneration is contingent on conforming to the bank’s sectoral emissions pathway targets?",Deutsche_Bank_0005,Deutsche_Bank_0003,Deutsche_Bank_0003|Deutsche_Bank_0005|Deutsche_Bank_0009|Deutsche_Bank_0026|Deutsche_Bank_0012,0,2.0,mrr_lower_only,86.377,20.819,86.377,36335,1277,193490,5701
ESRS,"Deutsche Bank__Deutsche_Bank_0011__For its year-end 2024 Article 8 disclosures, does Deutsche Bank limit reporting of Taxonomy-aligned exposures to the two climate objectives (mitigation and adaptation), with alignment for water, circular economy, pollution, and biodiversity objectives deferred until year-end 2025?",,Deutsche Bank,Deutsche Bank,Deutsche Bank,"For its year-end 2024 Article 8 disclosures, does Deutsche Bank limit reporting of Taxonomy-aligned exposures to the two climate objectives (mitigation and adaptation), with alignment for water, circular economy, pollution, and biodiversity objectives deferred until year-end 2025?",Deutsche_Bank_0011,Deutsche_Bank_0011,Deutsche_Bank_0011|Deutsche_Bank_0010|Deutsche_Bank_0009|Deutsche_Bank_0000|Deutsche_Bank_0002,1,1.0,both_rank1,69.248,16.031,69.248,33449,1462,148894,5504
ESRS,"Deutsche Bank__Deutsche_Bank_0014__For ESRS S1-8 compliance, has Deutsche Bank specified the EEA jurisdiction where it has “significant employment” and disclosed the proportion of employees there covered by collective bargaining as at 31 December 2024?",,Deutsche Bank,Deutsche Bank,Deutsche Bank,"For ESRS S1-8 compliance, has Deutsche Bank specified the EEA jurisdiction where it has “significant employment” and disclosed the proportion of employees there covered by collective bargaining as at 31 December 2024?",Deutsche_Bank_0014,Deutsche_Bank_0014,Deutsche_Bank_0014|Deutsche_Bank_0026|Deutsche_Bank_0013,1,1.0,both_rank1,112.147,24.987,112.147,59272,1736,203019,9131
ESRS,"Deutsche Bank__Deutsche_Bank_0019__For ESRS 2 GOV-2 policy disclosures, does Deutsche Bank confirm that its group-wide antitrust policy is subject to a yearly review cycle?",,Deutsche Bank,Deutsche Bank,Deutsche Bank,"For ESRS 2 GOV-2 policy disclosures, does Deutsche Bank confirm that its group-wide antitrust policy is subject to a yearly review cycle?",Deutsche_Bank_0019,Deutsche_Bank_0019,Deutsche_Bank_0019|Deutsche_Bank_0026|Deutsche_Bank_0003|Deutsche_Bank_0005|Deutsche_Bank_0018,1,1.0,both_rank1,101.662,13.103,101.662,31965,1028,190511,8720
ESRS,"Deutsche Bank__Deutsche_Bank_0020__For Deutsche Bank’s tax governance disclosures aligned with ESRS 2 GOV-2, does the bank specify which corporate bodies formally ratify its tax strategy and the associated tax principles framework?",,Deutsche Bank,Deutsche Bank,Deutsche Bank,"For Deutsche Bank’s tax governance disclosures aligned with ESRS 2 GOV-2, does the bank specify which corporate bodies formally ratify its tax strategy and the associated tax principles framework?",Deutsche_Bank_0020,Deutsche_Bank_0020,Deutsche_Bank_0020|Deutsche_Bank_0019|Deutsche_Bank_0026|Deutsche_Bank_0003,1,1.0,both_rank1,191.066,31.411,191.066,31856,1071,208830,10763
ESRS,"Deutsche Bank__Deutsche_Bank_0021__For ESRS G1-5 transparency on political influence activities, does Deutsche Bank disclose that it is enrolled in the EU Transparency Register and that it publicly reports annually updated estimates of its advocacy expenditures toward EU institutions?",,Deutsche Bank,Deutsche Bank,Deutsche Bank,"For ESRS G1-5 transparency on political influence activities, does Deutsche Bank disclose that it is enrolled in the EU Transparency Register and that it publicly reports annually updated estimates of its advocacy expenditures toward EU institutions?",Deutsche_Bank_0021,Deutsche_Bank_0021,Deutsche_Bank_0021|Deutsche_Bank_0026|Deutsche_Bank_0006|Deutsche_Bank_0005|Deutsche_Bank_0020,1,1.0,both_rank1,77.37,21.606,77.37,34854,1395,166325,5251
ESRS,"Deutsche Bank__Deutsche_Bank_0022__Has Deutsche Bank quantified the share of personnel who completed compulsory data‑privacy training in 2024, and what percentage is reported?",,Deutsche Bank,Deutsche Bank,Deutsche Bank,"Has Deutsche Bank quantified the share of personnel who completed compulsory data‑privacy training in 2024, and what percentage is reported?",Deutsche_Bank_0022,Deutsche_Bank_0022,Deutsche_Bank_0022|Deutsche_Bank_0005|Deutsche_Bank_0021|Deutsche_Bank_0023,1,1.0,both_rank1,160.544,18.176,160.544,32913,1100,175978,9390
ESRS,"Deutsche Bank__Deutsche_Bank_0026__Under ESRS 2 GOV-5, does Deutsche Bank demonstrate that it has disclosed its governance arrangements for risk oversight and internal control systems over sustainability reporting within its Sustainability Statement?",,Deutsche Bank,Deutsche Bank,Deutsche Bank,"Under ESRS 2 GOV-5, does Deutsche Bank demonstrate that it has disclosed its governance arrangements for risk oversight and internal control systems over sustainability reporting within its Sustainability Statement?",Deutsche_Bank_0026,Deutsche_Bank_0003,Deutsche_Bank_0003|Deutsche_Bank_0026|Deutsche_Bank_0025|Deutsche_Bank_0004|Deutsche_Bank_0002,0,2.0,mrr_lower_only,165.472,16.07,165.472,36359,1222,218888,11561
ESRS,"ING__ING_0000__Within the E1 climate disclosures, does ING’s Sustainability Statement contents evidence a distinct subsection devoted to climate transition planning?",,ING,ING,ING,"Within the E1 climate disclosures, does ING’s Sustainability Statement contents evidence a distinct subsection devoted to climate transition planning?",ING_0000,ING_0000,ING_0000|ING_0032_intro|ING_0033|ING_0034|ING_0035,1,1.0,both_rank1,72.61,17.466,72.61,4850,1125,25179,5638
ESRS,"ING__ING_0004__For ESRS connectivity to the financial statements, does ING specify the consolidation perimeter and whether impairment allowances are included in its EU Taxonomy figures?",,ING,ING,ING,"For ESRS connectivity to the financial statements, does ING specify the consolidation perimeter and whether impairment allowances are included in its EU Taxonomy figures?",ING_0004,ING_0004,ING_0004|ING_0002|ING_0005|ING_0006|ING_0007,1,1.0,both_rank1,68.262,18.823,68.262,8459,1177,20288,4794
ESRS,"ING__ING_0009__For ESRS double materiality purposes, has ING defined the assessment boundary to extend beyond the entities consolidated in its financial statements by including unconsolidated associates and joint ventures as part of its value‑chain relationships?",,ING,ING,ING,"For ESRS double materiality purposes, has ING defined the assessment boundary to extend beyond the entities consolidated in its financial statements by including unconsolidated associates and joint ventures as part of its value‑chain relationships?",ING_0009,ING_0009,ING_0009|ING_0012|ING_0011|ING_0010|ING_0008_intro,1,1.0,both_rank1,76.987,21.551,76.987,9836,1509,28320,5514
ESRS,"ING__ING_0010__Has ING formally defined the time horizons applied in its ESRS double materiality assessment, and what durations are assigned to the very short-, short-, medium- and long-term categories?",,ING,ING,ING,"Has ING formally defined the time horizons applied in its ESRS double materiality assessment, and what durations are assigned to the very short-, short-, medium- and long-term categories?",ING_0010,ING_0010,ING_0010|ING_0012|ING_0016|ING_0013|ING_0011,1,1.0,both_rank1,60.117,19.548,60.117,9853,1119,29162,3618
ESRS,ING__ING_0011__Is the result of ING’s double materiality assessment subject to formal approval by its highest governing bodies?,,ING,ING,ING,Is the result of ING’s double materiality assessment subject to formal approval by its highest governing bodies?,ING_0011,ING_0014,ING_0014|ING_0013|ING_0011|ING_0019|ING_0018,0,3.0,mrr_lower_only,97.747,75.998,97.747,23792,4989,35814,6856
ESRS,"ING__ING_0012__For ING, is the double materiality evaluation carried out on a pre‑mitigation basis, excluding any mitigating actions implemented by ING from the determination of materiality?",,ING,ING,ING,"For ING, is the double materiality evaluation carried out on a pre‑mitigation basis, excluding any mitigating actions implemented by ING from the determination of materiality?",ING_0012,ING_0012,ING_0012|ING_0010|ING_0011|ING_0009|ING_0008_intro,1,1.0,both_rank1,54.54,18.525,54.54,9779,1322,28473,3926
ESRS,"ING__ING_0013__For ING’s validation of its double materiality assessment outcomes, does the disclosure demonstrate that, when direct engagement was not possible, proxy mechanisms were used to capture stakeholder perspectives—specifically by inviting NGOs to stand in for affected communities and for non-voiced interests such as nature and biodiversity, and by relying on internal and publicly available data to reflect private customers’ views?",,ING,ING,ING,"For ING’s validation of its double materiality assessment outcomes, does the disclosure demonstrate that, when direct engagement was not possible, proxy mechanisms were used to capture stakeholder perspectives—specifically by inviting NGOs to stand in for affected communities and for non-voiced interests such as nature and biodiversity, and by relying on internal and publicly available data to reflect private customers’ views?",ING_0013,ING_0013,ING_0013|ING_0014|ING_0011|ING_0010|ING_0012,1,1.0,both_rank1,62.649,19.677,62.649,9754,1230,29036,4651
ESRS,"ING__ING_0018__For ING, does the governance setup indicate that whenever agenda items relate to disclosures or control matters, the ESG Committee meets jointly with the Audit Committee to integrate oversight of reporting controls?",,ING,ING,ING,"For ING, does the governance setup indicate that whenever agenda items relate to disclosures or control matters, the ESG Committee meets jointly with the Audit Committee to integrate oversight of reporting controls?",ING_0018,ING_0018,ING_0018|ING_0019|ING_0022|ING_0021|ING_0024,1,1.0,both_rank1,72.552,17.091,72.552,7354,1249,19223,5485
ESRS,"ING__ING_0019__For ING, in the context of ESRS governance disclosures, does the company state how frequently its Executive Board and Management Board Banking oversee sustainability-related impacts, risks and opportunities?",,ING,ING,ING,"For ING, in the context of ESRS governance disclosures, does the company state how frequently its Executive Board and Management Board Banking oversee sustainability-related impacts, risks and opportunities?",ING_0019,ING_0019,ING_0019|ING_0018|ING_0022|ING_0021|ING_0024,1,1.0,both_rank1,75.739,19.302,75.739,7375,1230,19270,5198
ESRS,"ING__ING_0025__For ESRS governance reporting, does ING disclose that sustainability leads in major countries maintain a functional reporting relationship to the global Head of Sustainability to ensure alignment between group-level and local actions?",,ING,ING,ING,"For ESRS governance reporting, does ING disclose that sustainability leads in major countries maintain a functional reporting relationship to the global Head of Sustainability to ensure alignment between group-level and local actions?",ING_0025,ING_0019,ING_0025|ING_0019|ING_0018|ING_0021|ING_0024,0,1.0,mrr_rank1_only,92.546,35.054,92.546,7385,1896,19420,5494
ESRS,"ING__ING_0028__For ESRS value‑chain scoping on materiality, does ING specify which parts of its value chain treat climate change mitigation and adaptation as material topics?",,ING,ING,ING,"For ESRS value‑chain scoping on materiality, does ING specify which parts of its value chain treat climate change mitigation and adaptation as material topics?",ING_0028,ING_0016,ING_0016|ING_0011|ING_0012|ING_0010|ING_0009,0,,both_fail,86.767,32.136,86.767,10158,1965,29287,5653
ESRS,"ING__ING_0029__For ESRS-aligned transparency on impact assessment methods, does ING state the regulatory basis it applies to evaluate energy-efficiency related negative impacts in its real estate lending portfolio?",,ING,ING,ING,"For ESRS-aligned transparency on impact assessment methods, does ING state the regulatory basis it applies to evaluate energy-efficiency related negative impacts in its real estate lending portfolio?",ING_0029,ING_0028,ING_0029|ING_0028|ING_0030|ING_0060|ING_0061,0,1.0,mrr_rank1_only,114.373,34.234,114.373,12716,2388,40304,7778
ESRS,"ING__ING_0030__Within ING’s climate change adaptation disclosure, does ING articulate how acute events (e.g., storms, floods) and longer-term physical shifts (e.g., sea-level rise, warming) could transmit to credit risk across its loan book segments—specifically mortgages, wholesale/business lending, and sovereign exposures?",,ING,ING,ING,"Within ING’s climate change adaptation disclosure, does ING articulate how acute events (e.g., storms, floods) and longer-term physical shifts (e.g., sea-level rise, warming) could transmit to credit risk across its loan book segments—specifically mortgages, wholesale/business lending, and sovereign exposures?",ING_0030,ING_0030,ING_0030|ING_0031|ING_0028|ING_0062|ING_0061,1,1.0,both_rank1,111.797,32.393,111.797,13590,2138,41358,7686
ESRS,"ING__ING_0031__Has ING invoked the ESRS transitional relief for forward‑looking financial impacts, restricting disclosure to ESRS‑compatible EBA Pillar III ESG data and presenting it via Template 5 (physical risk‑sensitive exposures) and Template 2 (energy efficiency of real‑estate collateral) in the appendix with the resilience analysis scope?",,ING,ING,ING,"Has ING invoked the ESRS transitional relief for forward‑looking financial impacts, restricting disclosure to ESRS‑compatible EBA Pillar III ESG data and presenting it via Template 5 (physical risk‑sensitive exposures) and Template 2 (energy efficiency of real‑estate collateral) in the appendix with the resilience analysis scope?",ING_0031,ING_0031,ING_0031|ING_0030|ING_0015|ING_0056|ING_0000,1,1.0,both_rank1,196.749,77.515,196.749,26030,5399,60916,13172
ESRS,"ING__ING_0033__At ING, is decision-making authority for approving and overseeing its net-zero transition planning, including the Terra approach, explicitly assigned to the management boards?",,ING,ING,ING,"At ING, is decision-making authority for approving and overseeing its net-zero transition planning, including the Terra approach, explicitly assigned to the management boards?",ING_0033,ING_0019,ING_0019|ING_0024|ING_0025|ING_0021|ING_0022,0,,both_fail,234.544,234.544,213.87,62354,17171,59111,15517
ESRS,"ING__ING_0042__For ING’s power generation reporting, does the bank explicitly specify which emissions indicator is used to steer the portfolio and state that financed emissions—computed with a different scope and methodology—are not used for that steering?",,ING,ING,ING,"For ING’s power generation reporting, does the bank explicitly specify which emissions indicator is used to steer the portfolio and state that financed emissions—computed with a different scope and methodology—are not used for that steering?",ING_0042,ING_0042,ING_0042|ING_0041_intro|ING_0039|ING_0040|ING_0037,1,1.0,both_rank1,134.216,25.779,134.216,20612,1849,50069,10307
ESRS,"ING__ING_0048__For ING’s automotive portfolio, does ING explicitly state the emissions data vintage used for its 2024 calculations and justify the reliance on prior‑year figures, as required for methodology transparency under ESRS?",,ING,ING,ING,"For ING’s automotive portfolio, does ING explicitly state the emissions data vintage used for its 2024 calculations and justify the reliance on prior‑year figures, as required for methodology transparency under ESRS?",ING_0048,ING_0053_intro,ING_0048|ING_0039|ING_0053_intro|ING_0054,0,1.0,mrr_rank1_only,218.136,40.08,218.136,16090,2634,86633,15507
ESRS,"ING__ING_0050__In its Shipping disclosure, does ING present financed emissions separately for Scopes 1 and 2 versus Scope 3 and identify the primary reason for the change from the previous measurement?",,ING,ING,ING,"In its Shipping disclosure, does ING present financed emissions separately for Scopes 1 and 2 versus Scope 3 and identify the primary reason for the change from the previous measurement?",ING_0050,ING_0050,ING_0050|ING_0054,1,1.0,both_rank1,175.69,25.909,175.69,20361,1807,80950,11933
ESRS,"ING__ING_0052__For ING’s residential mortgage portfolio, does ING state how it manages gaps in energy performance certificate information when computing portfolio emissions intensity, including the use of estimation substitutes and steps planned to improve underlying data completeness?",,ING,ING,ING,"For ING’s residential mortgage portfolio, does ING state how it manages gaps in energy performance certificate information when computing portfolio emissions intensity, including the use of estimation substitutes and steps planned to improve underlying data completeness?",ING_0052,ING_0060,ING_0052|ING_0060|ING_0031|ING_0059_intro|ING_0054,0,1.0,mrr_rank1_only,179.78,43.901,179.78,19182,2761,78257,13311
ESRS,"ING__ING_0054__For ESRS comparability purposes, does ING explain how it revised its 2023 financed-emissions disclosure to align with the 2024 basis of reporting?",,ING,ING,ING,"For ESRS comparability purposes, does ING explain how it revised its 2023 financed-emissions disclosure to align with the 2024 basis of reporting?",ING_0054,ING_0055,ING_0054|ING_0005|ING_0053_intro|ING_0004|ING_0055,0,1.0,mrr_rank1_only,196.724,37.134,196.724,16495,2969,80010,16975
ESRS,"ING__ING_0055__In its 2023 financed-emissions disclosure, does ING set out how the “economic intensity” figure for each asset class is derived (i.e., the calculation basis)?",,ING,ING,ING,"In its 2023 financed-emissions disclosure, does ING set out how the “economic intensity” figure for each asset class is derived (i.e., the calculation basis)?",ING_0055,ING_0055,ING_0055|ING_0054|ING_0053_intro,1,1.0,both_rank1,200.88,33.831,200.88,16523,1837,63267,12194
ESRS,"ING__ING_0056__In the context of ESRS transition-plan disclosures, does ING report numerical estimates for the impact of its decarbonisation levers on future targets?",,ING,ING,ING,"In the context of ESRS transition-plan disclosures, does ING report numerical estimates for the impact of its decarbonisation levers on future targets?",ING_0056,ING_0056,ING_0056|ING_0033|ING_0037|ING_0031|ING_0000,1,1.0,both_rank1,284.036,27.788,284.036,13388,1556,77592,15401
ESRS,"ING__ING_0060__For ING’s residential mortgage origination activities, has ING instituted mandatory internal control procedures to ensure Energy Performance Certificate information is captured at the point of granting new loans?",,ING,ING,ING,"For ING’s residential mortgage origination activities, has ING instituted mandatory internal control procedures to ensure Energy Performance Certificate information is captured at the point of granting new loans?",ING_0060,ING_0060,ING_0060|ING_0052|ING_0058_intro|ING_0059_intro|ING_0031,1,1.0,both_rank1,154.423,47.642,154.423,19110,2391,54043,8295
ESRS,"ING__ING_0061__Within ING’s Business Banking lending activities, has ING established defined risk‑appetite thresholds that limit its exposure to transition-related risks?",,ING,ING,ING,"Within ING’s Business Banking lending activities, has ING established defined risk‑appetite thresholds that limit its exposure to transition-related risks?",ING_0061,ING_0061,ING_0061|ING_0062|ING_0031|ING_0029|ING_0028,1,1.0,both_rank1,171.938,36.382,171.938,18876,2072,51017,10168
ESRS,"ING__ING_0062__For ESRS-aligned reporting on risk appetite and metrics in carbon‑intensive sectors, has ING put in place a quantitative indicator and exposure limits for clients deemed to present the highest transition risk, so that lending is steered in line with its decarbonisation objectives?",,ING,ING,ING,"For ESRS-aligned reporting on risk appetite and metrics in carbon‑intensive sectors, has ING put in place a quantitative indicator and exposure limits for clients deemed to present the highest transition risk, so that lending is steered in line with its decarbonisation objectives?",ING_0062,ING_0062,ING_0062|ING_0035|ING_0034|ING_0033|ING_0061,1,1.0,both_rank1,161.569,58.316,161.569,19555,3507,41776,9866
ESRS,"ING__ING_0069__For its biodiversity and ecosystems reporting, does ING set out the specific time horizons applied to its assessment of impacts and risks and provide a corresponding resilience analysis (quantitative or qualitative) for those horizons?",,ING,ING,ING,"For its biodiversity and ecosystems reporting, does ING set out the specific time horizons applied to its assessment of impacts and risks and provide a corresponding resilience analysis (quantitative or qualitative) for those horizons?",ING_0069,ING_0069,ING_0069|ING_0070|ING_0010|ING_0016|ING_0068_intro,1,1.0,both_rank1,171.208,32.647,171.208,10868,2058,43538,10663
ESRS,ING__ING_0070__Does ING disclose whether the principal drivers of biodiversity deterioration are material at the portfolio level and whether those factors are systematically taken into account in the appraisal of each transaction?,,ING,ING,ING,Does ING disclose whether the principal drivers of biodiversity deterioration are material at the portfolio level and whether those factors are systematically taken into account in the appraisal of each transaction?,ING_0070,ING_0069,ING_0070|ING_0069|ING_0072|ING_0074|ING_0073,0,1.0,mrr_rank1_only,95.93,42.522,95.93,10826,2594,27933,6408
ESRS,"ING__ING_0072__For its lending activities, does ING mandate heightened due diligence before approving financing for projects that would involve major land conversion or affect IUCN Category III/IV sites or other sensitive areas such as Key Biodiversity Areas?",,ING,ING,ING,"For its lending activities, does ING mandate heightened due diligence before approving financing for projects that would involve major land conversion or affect IUCN Category III/IV sites or other sensitive areas such as Key Biodiversity Areas?",ING_0072,ING_0070,ING_0072|ING_0070|ING_0074|ING_0073|ING_0075,0,1.0,mrr_rank1_only,109.184,28.937,109.184,10425,1814,29496,8255
ESRS,"ING__ING_0073__For ESRS-aligned reporting on escalation and disengagement, does ING specify a defined point in time from which it will tighten lending terms or exit clients that fail to advance toward its no-deforestation and supply-chain traceability expectations?",,ING,ING,ING,"For ESRS-aligned reporting on escalation and disengagement, does ING specify a defined point in time from which it will tighten lending terms or exit clients that fail to advance toward its no-deforestation and supply-chain traceability expectations?",ING_0073,ING_0075,ING_0073|ING_0075|ING_0072|ING_0074|ING_0070,0,1.0,mrr_rank1_only,60.793,24.595,60.793,10462,1447,28478,4280
ESRS,"ING__ING_0074__For ESRS biodiversity reporting purposes, does ING disclose that its Equator Principles framework applies a mitigation hierarchy—first avoiding and reducing impacts on biodiversity and ecosystems, and only considering biodiversity offsets as a final step after establishing residual impacts?",,ING,ING,ING,"For ESRS biodiversity reporting purposes, does ING disclose that its Equator Principles framework applies a mitigation hierarchy—first avoiding and reducing impacts on biodiversity and ecosystems, and only considering biodiversity offsets as a final step after establishing residual impacts?",ING_0074,ING_0075,ING_0074|ING_0073|ING_0075|ING_0072|ING_0070,0,1.0,mrr_rank1_only,67.24,21.633,67.24,10456,1679,28773,5521
ESRS,"ING__ING_0075__For ESRS target-disclosure purposes, does ING expressly acknowledge that it has not yet established quantitative indicators or goals concerning nature and biodiversity?",,ING,ING,ING,"For ESRS target-disclosure purposes, does ING expressly acknowledge that it has not yet established quantitative indicators or goals concerning nature and biodiversity?",ING_0075,ING_0075,ING_0075|ING_0072|ING_0074|ING_0073|ING_0069,1,1.0,both_rank1,85.672,32.964,85.672,10348,1745,28500,5676
ESRS,ING__ING_0078__Has ING put in place any business-strategy steering KPIs linked to the Green Asset Ratio (GAR) at this point in time?,,ING,ING,ING,Has ING put in place any business-strategy steering KPIs linked to the Green Asset Ratio (GAR) at this point in time?,ING_0078,ING_0077,ING_0078|ING_0077|ING_0024|ING_0022|ING_0000,0,1.0,mrr_rank1_only,216.425,24.193,216.425,10168,1546,58291,12927
ESRS,"ING__ING_0081__Has ING described the approach it uses to determine the current financial effects of workforce-related impacts, including its internal information sources and accounting basis, and stated whether any such effects were significant in 2024?",,ING,ING,ING,"Has ING described the approach it uses to determine the current financial effects of workforce-related impacts, including its internal information sources and accounting basis, and stated whether any such effects were significant in 2024?",ING_0081,ING_0081,ING_0081|ING_0082|ING_0000,1,1.0,both_rank1,229.105,28.167,229.105,9454,1887,41951,10585
ESRS,"ING__ING_0086__For ESRS S1 metrics on own workforce, does ING evidence a recurring, survey-based inclusion measure that is broken down by demographic groups to evaluate the effectiveness of its inclusion policy and steer remedial actions?",,ING,ING,ING,"For ESRS S1 metrics on own workforce, does ING evidence a recurring, survey-based inclusion measure that is broken down by demographic groups to evaluate the effectiveness of its inclusion policy and steer remedial actions?",ING_0086,ING_0086,ING_0086|ING_0085|ING_0088|ING_0087|ING_0083_intro,1,1.0,both_rank1,125.097,47.205,125.097,17103,2357,43981,6103
ESRS,"ING__ING_0088__For ESRS S1 own workforce disclosures, has ING clarified whether any staff are on contracts without guaranteed hours and, if applicable, how on‑call arrangements are classified in its headcount reporting?",,ING,ING,ING,"For ESRS S1 own workforce disclosures, has ING clarified whether any staff are on contracts without guaranteed hours and, if applicable, how on‑call arrangements are classified in its headcount reporting?",ING_0088,ING_0088,ING_0088|ING_0086|ING_0085|ING_0087|ING_0000,1,1.0,both_rank1,163.189,62.415,163.189,17535,2115,49266,6800
ESRS,"ING__ING_0089__In setting its annual gender diversity targets, does ING include consultation with workforce/employee representative bodies, or is the approval process confined to internal management and supervisory governance?",,ING,ING,ING,"In setting its annual gender diversity targets, does ING include consultation with workforce/employee representative bodies, or is the approval process confined to internal management and supervisory governance?",ING_0089,ING_0089,ING_0089|ING_0085|ING_0086|ING_0083_intro|ING_0087,1,1.0,both_rank1,133.283,42.74,133.283,16865,2014,48839,7192
ESRS,"ING__ING_0091__In its disclosure on the unadjusted gender pay differential for 2024, does ING identify the specific pay components used to compute the figure?",,ING,ING,ING,"In its disclosure on the unadjusted gender pay differential for 2024, does ING identify the specific pay components used to compute the figure?",ING_0091,ING_0091,ING_0091|ING_0090_intro|ING_0092|ING_0089|ING_0083_intro,1,1.0,both_rank1,122.783,46.303,122.783,19269,1870,40543,5868
ESRS,"ING__ING_0095__Consistent with ESRS expectations for time-bound action plans, does ING disclose a defined implementation window and bank-wide geographic coverage for its disability and neurodiversity strategy?",,ING,ING,ING,"Consistent with ESRS expectations for time-bound action plans, does ING disclose a defined implementation window and bank-wide geographic coverage for its disability and neurodiversity strategy?",ING_0095,ING_0095,ING_0095|ING_0094|ING_0097|ING_0096|ING_0093,1,1.0,both_rank1,133.961,68.488,133.961,16709,2900,41702,6612
ESRS,ING__ING_0100__Has ING identified a management-level owner accountable for its customer-engagement process?,,ING,ING,ING,Has ING identified a management-level owner accountable for its customer-engagement process?,ING_0100,ING_0100,ING_0100|ING_0099|ING_0101|ING_0103|ING_0000,1,1.0,both_rank1,261.215,35.871,261.215,10148,1363,44212,12162
ESRS,ING__ING_0101__What mechanism does ING use to maintain ongoing compliance with obligations relating to customer privacy and data protection?,,ING,ING,ING,What mechanism does ING use to maintain ongoing compliance with obligations relating to customer privacy and data protection?,ING_0101,ING_0108,ING_0107|ING_0106|ING_0108|ING_0105|ING_0104,0,,both_fail,125.169,37.903,125.169,9890,1738,27566,5921
ESRS,"ING__ING_0104__For ING, does the complaints-handling framework include ongoing performance measurement by tracking case turnaround times and resolution rates to assess effectiveness?",,ING,ING,ING,"For ING, does the complaints-handling framework include ongoing performance measurement by tracking case turnaround times and resolution rates to assess effectiveness?",ING_0104,ING_0103,ING_0104|ING_0103|ING_0101|ING_0105|ING_0100,0,1.0,mrr_rank1_only,128.116,50.181,128.116,13453,2312,30859,5993
ESRS,"ING__ING_0106__For ING, does its personal data governance framework stipulate that ING’s internal units and external providers must ensure a GDPR-comparable level of protection when personal data is transferred beyond the European Economic Area?",,ING,ING,ING,"For ING, does its personal data governance framework stipulate that ING’s internal units and external providers must ensure a GDPR-comparable level of protection when personal data is transferred beyond the European Economic Area?",ING_0106,ING_0108,ING_0108|ING_0000,0,,both_fail,232.748,232.748,228.907,40558,10027,39298,9805
ESRS,"ING__ING_0108__For issues related to access to information, social inclusion, and data protection, does ING disclose a quantified reduction target for complaints/breaches as part of its metrics and targets, or does it only express a general intention to reduce them?",,ING,ING,ING,"For issues related to access to information, social inclusion, and data protection, does ING disclose a quantified reduction target for complaints/breaches as part of its metrics and targets, or does it only express a general intention to reduce them?",ING_0108,ING_0108,ING_0108|ING_0106|ING_0107|ING_0105|ING_0104,1,1.0,both_rank1,96.307,31.667,96.307,10058,1293,27902,5208
ESRS,"ING__ING_0119__To meet ESRS expectations on disclosing actions to mitigate identified behavioural risks, does ING report a specific 2024 intervention stemming from its behavioural risk assessments, including its purpose, scope of participants, and the means used to deploy it?",,ING,ING,ING,"To meet ESRS expectations on disclosing actions to mitigate identified behavioural risks, does ING report a specific 2024 intervention stemming from its behavioural risk assessments, including its purpose, scope of participants, and the means used to deploy it?",ING_0119,ING_0120,ING_0119|ING_0118|ING_0120|ING_0121|ING_0116,0,1.0,mrr_rank1_only,149.522,44.05,149.521,10351,2092,27891,7024
ESRS,"ING__ING_0121__For ESRS-aligned governance disclosures on speak-up mechanisms, does ING specify that whistleblowing investigations are handled by a designated internal function with safeguards for independence and confidentiality, and identify which unit performs them?",,ING,ING,ING,"For ESRS-aligned governance disclosures on speak-up mechanisms, does ING specify that whistleblowing investigations are handled by a designated internal function with safeguards for independence and confidentiality, and identify which unit performs them?",ING_0121,ING_0121,ING_0121|ING_0120|ING_0119|ING_0118|ING_0122,1,1.0,both_rank1,108.081,39.183,108.081,10783,1958,26977,6151
ESRS,"ING__ING_0122__For ESRS-aligned reporting on anti-bribery oversight, does ING state whether the incident metrics used in its monthly KRI tracking zero‑tolerance breaches are subject to independent third‑party verification?",,ING,ING,ING,"For ESRS-aligned reporting on anti-bribery oversight, does ING state whether the incident metrics used in its monthly KRI tracking zero‑tolerance breaches are subject to independent third‑party verification?",ING_0122,ING_0122,ING_0122,1,1.0,both_rank1,172.841,33.136,172.841,11194,2018,38562,11034
ESRS,"Intesa Sanpaolo__Intesa_Sanpaolo_0003__In its climate reporting, does Intesa Sanpaolo state a specific base year and a quantified 2030 target for its direct (Scope 1 and 2) emissions, and disclose a numeric progress figure as of the end of 2024?",,Intesa Sanpaolo,Intesa Sanpaolo,Intesa Sanpaolo,"In its climate reporting, does Intesa Sanpaolo state a specific base year and a quantified 2030 target for its direct (Scope 1 and 2) emissions, and disclose a numeric progress figure as of the end of 2024?",Intesa_Sanpaolo_0003,Intesa_Sanpaolo_0000,Intesa_Sanpaolo_0056|Intesa_Sanpaolo_0003|Intesa_Sanpaolo_0055|Intesa_Sanpaolo_0000|Intesa_Sanpaolo_0052,0,2.0,mrr_lower_only,130.653,26.659,130.653,44138,1295,172413,8109
ESRS,"Intesa Sanpaolo__Intesa_Sanpaolo_0004__For ESRS-aligned disclosure on managing biodiversity and pollution risks in credit origination, does Intesa Sanpaolo Group state that, as of January 2025, it has Group-wide “Rules on Biodiversity and Nature” that apply to lending, wealth management and direct impacts, and that these rules introduce exclusion screens, enhanced due diligence, and risk monitoring for new lending based on project/counterparty location, sector, and project type?",,Intesa Sanpaolo,Intesa Sanpaolo,Intesa Sanpaolo,"For ESRS-aligned disclosure on managing biodiversity and pollution risks in credit origination, does Intesa Sanpaolo Group state that, as of January 2025, it has Group-wide “Rules on Biodiversity and Nature” that apply to lending, wealth management and direct impacts, and that these rules introduce exclusion screens, enhanced due diligence, and risk monitoring for new lending based on project/counterparty location, sector, and project type?",Intesa_Sanpaolo_0004,Intesa_Sanpaolo_0101,Intesa_Sanpaolo_0101|Intesa_Sanpaolo_0099|Intesa_Sanpaolo_0006|Intesa_Sanpaolo_0102|Intesa_Sanpaolo_0103,0,,both_fail,167.987,51.161,167.987,54402,3436,163033,11830
ESRS,"Intesa Sanpaolo__Intesa_Sanpaolo_0007__For Intesa Sanpaolo’s supplier onboarding, is registration on the Group Supplier Portal conditional upon a formal acceptance by the supplier of the Bank’s ethics, conduct, anti-corruption, inclusion and Legislative Decree 231/2001 governance policies, as well as the General Conditions of Supply, to ensure respect for workers’ rights and safe working conditions?",,Intesa Sanpaolo,Intesa Sanpaolo,Intesa Sanpaolo,"For Intesa Sanpaolo’s supplier onboarding, is registration on the Group Supplier Portal conditional upon a formal acceptance by the supplier of the Bank’s ethics, conduct, anti-corruption, inclusion and Legislative Decree 231/2001 governance policies, as well as the General Conditions of Supply, to ensure respect for workers’ rights and safe working conditions?",Intesa_Sanpaolo_0007,Intesa_Sanpaolo_0241,Intesa_Sanpaolo_0241|Intesa_Sanpaolo_0347|Intesa_Sanpaolo_0348|Intesa_Sanpaolo_0345|Intesa_Sanpaolo_0350,0,,both_fail,185.345,168.684,185.345,131113,13057,137164,14538
ESRS,"Intesa Sanpaolo__Intesa_Sanpaolo_0010__For ESRS-aligned disclosures on whistleblower governance, has Intesa Sanpaolo assigned a specific senior role to manage its speak-up mechanism?",,Intesa Sanpaolo,Intesa Sanpaolo,Intesa Sanpaolo,"For ESRS-aligned disclosures on whistleblower governance, has Intesa Sanpaolo assigned a specific senior role to manage its speak-up mechanism?",Intesa_Sanpaolo_0010,Intesa_Sanpaolo_0341,Intesa_Sanpaolo_0341|Intesa_Sanpaolo_0343|Intesa_Sanpaolo_0347|Intesa_Sanpaolo_0345|Intesa_Sanpaolo_0346,0,,both_fail,91.118,27.614,91.118,51791,1499,68622,6632
ESRS,"Intesa Sanpaolo__Intesa_Sanpaolo_0014__For Intesa Sanpaolo Group, does the officer in charge of financial reporting, jointly with the Managing Director and CEO, issue a formal attestation that the Sustainability Statement included in the Report on operations has been prepared in conformity with ESRS and Legislative Decree No. 125/2024?",,Intesa Sanpaolo,Intesa Sanpaolo,Intesa Sanpaolo,"For Intesa Sanpaolo Group, does the officer in charge of financial reporting, jointly with the Managing Director and CEO, issue a formal attestation that the Sustainability Statement included in the Report on operations has been prepared in conformity with ESRS and Legislative Decree No. 125/2024?",Intesa_Sanpaolo_0014,Intesa_Sanpaolo_0014,Intesa_Sanpaolo_0014|Intesa_Sanpaolo_0015|Intesa_Sanpaolo_0010|Intesa_Sanpaolo_0011_intro,1,1.0,both_rank1,135.615,31.75,135.615,52727,2675,195573,10344
ESRS,Intesa Sanpaolo__Intesa_Sanpaolo_0015__Has Intesa Sanpaolo provided a quantitative coverage metric (by assets and headcount) to substantiate that its 2024 sustainability reporting scope is sufficiently comprehensive?,,Intesa Sanpaolo,Intesa Sanpaolo,Intesa Sanpaolo,Has Intesa Sanpaolo provided a quantitative coverage metric (by assets and headcount) to substantiate that its 2024 sustainability reporting scope is sufficiently comprehensive?,Intesa_Sanpaolo_0015,Intesa_Sanpaolo_0015,Intesa_Sanpaolo_0015|Intesa_Sanpaolo_0014|Intesa_Sanpaolo_0010|Intesa_Sanpaolo_0016|Intesa_Sanpaolo_0011_intro,1,1.0,both_rank1,126.055,30.211,126.055,53406,2232,114249,7658
ESRS,Intesa Sanpaolo__Intesa_Sanpaolo_0019__Has Intesa Sanpaolo Group invoked the ESRS E1-9 transitional phase-in for portfolio physical climate risk disclosures?,,Intesa Sanpaolo,Intesa Sanpaolo,Intesa Sanpaolo,Has Intesa Sanpaolo Group invoked the ESRS E1-9 transitional phase-in for portfolio physical climate risk disclosures?,Intesa_Sanpaolo_0019,Intesa_Sanpaolo_0088,Intesa_Sanpaolo_0088|Intesa_Sanpaolo_0087|Intesa_Sanpaolo_0050|Intesa_Sanpaolo_0076|Intesa_Sanpaolo_0051,0,,both_fail,179.711,60.208,179.711,75158,4125,140151,12980
ESRS,"Intesa Sanpaolo__Intesa_Sanpaolo_0023__According to its Statement on due diligence, has Intesa Sanpaolo disclosed that for downstream value chain topics other than climate, it has not yet set measurable, quantitative targets?",,Intesa Sanpaolo,Intesa Sanpaolo,Intesa Sanpaolo,"According to its Statement on due diligence, has Intesa Sanpaolo disclosed that for downstream value chain topics other than climate, it has not yet set measurable, quantitative targets?",Intesa_Sanpaolo_0023,Intesa_Sanpaolo_0025,Intesa_Sanpaolo_0023|Intesa_Sanpaolo_0021|Intesa_Sanpaolo_0025|Intesa_Sanpaolo_0022|Intesa_Sanpaolo_0016,0,1.0,mrr_rank1_only,92.177,33.012,92.177,52954,2203,77728,6814
ESRS,"Intesa Sanpaolo__Intesa_Sanpaolo_0025__For ESRS-aligned climate strategy disclosure, does Intesa Sanpaolo assert that its principal lines of business are engaged in net-zero programmes to reduce emissions across lending, investment, and insurance activities?",,Intesa Sanpaolo,Intesa Sanpaolo,Intesa Sanpaolo,"For ESRS-aligned climate strategy disclosure, does Intesa Sanpaolo assert that its principal lines of business are engaged in net-zero programmes to reduce emissions across lending, investment, and insurance activities?",Intesa_Sanpaolo_0025,Intesa_Sanpaolo_0062_intro,Intesa_Sanpaolo_0062_intro|Intesa_Sanpaolo_0061|Intesa_Sanpaolo_0051|Intesa_Sanpaolo_0076|Intesa_Sanpaolo_0059,0,,both_fail,162.717,35.466,162.717,62380,2490,126008,13425
ESRS,"Intesa Sanpaolo__Intesa_Sanpaolo_0026__Within its ESRS business model disclosure, does Intesa Sanpaolo articulate binding prohibitions and conditional approval steps governing financing and other banking services related to the armaments sector?",,Intesa Sanpaolo,Intesa Sanpaolo,Intesa Sanpaolo,"Within its ESRS business model disclosure, does Intesa Sanpaolo articulate binding prohibitions and conditional approval steps governing financing and other banking services related to the armaments sector?",Intesa_Sanpaolo_0026,Intesa_Sanpaolo_0026,Intesa_Sanpaolo_0026|Intesa_Sanpaolo_0027|Intesa_Sanpaolo_0025|Intesa_Sanpaolo_0042,1,1.0,both_rank1,188.558,42.594,188.558,98903,3271,231849,14222
ESRS,"Intesa Sanpaolo__Intesa_Sanpaolo_0027__For ESRS value chain transparency, has Intesa Sanpaolo specified the principal upstream procurement categories that are handled through centralized sourcing?",,Intesa Sanpaolo,Intesa Sanpaolo,Intesa Sanpaolo,"For ESRS value chain transparency, has Intesa Sanpaolo specified the principal upstream procurement categories that are handled through centralized sourcing?",Intesa_Sanpaolo_0027,Intesa_Sanpaolo_0027,Intesa_Sanpaolo_0027|Intesa_Sanpaolo_0026|Intesa_Sanpaolo_0238|Intesa_Sanpaolo_0016|Intesa_Sanpaolo_0025,1,1.0,both_rank1,120.263,21.722,120.263,52230,1507,139062,8849
ESRS,"Intesa Sanpaolo__Intesa_Sanpaolo_0028__For ESRS-aligned reporting on environmentally focused financing activities, does Intesa Sanpaolo disclose the monetary amount of new green lending to retail clients in 2024?",,Intesa Sanpaolo,Intesa Sanpaolo,Intesa Sanpaolo,"For ESRS-aligned reporting on environmentally focused financing activities, does Intesa Sanpaolo disclose the monetary amount of new green lending to retail clients in 2024?",Intesa_Sanpaolo_0028,Intesa_Sanpaolo_0075,Intesa_Sanpaolo_0075|Intesa_Sanpaolo_0076|Intesa_Sanpaolo_0003|Intesa_Sanpaolo_0004|Intesa_Sanpaolo_0006,0,,both_fail,172.341,48.507,172.341,60026,2229,155000,11818
ESRS,"Intesa Sanpaolo__Intesa_Sanpaolo_0030__For its 2024 double materiality exercise under ESRS, did Intesa Sanpaolo apply a predefined materiality threshold, aligned with the bank’s existing risk management framework, to determine which impacts, risks and opportunities are material?",,Intesa Sanpaolo,Intesa Sanpaolo,Intesa Sanpaolo,"For its 2024 double materiality exercise under ESRS, did Intesa Sanpaolo apply a predefined materiality threshold, aligned with the bank’s existing risk management framework, to determine which impacts, risks and opportunities are material?",Intesa_Sanpaolo_0030,Intesa_Sanpaolo_0030,Intesa_Sanpaolo_0030|Intesa_Sanpaolo_0031|Intesa_Sanpaolo_0034|Intesa_Sanpaolo_0033|Intesa_Sanpaolo_0032,1,1.0,both_rank1,78.119,23.302,78.119,53432,1835,77037,6800
ESRS,"Intesa Sanpaolo__Intesa_Sanpaolo_0038__For Intesa Sanpaolo, is there clear disclosure that the Board has constituted a committee at Board level with responsibility for sustainability oversight?",,Intesa Sanpaolo,Intesa Sanpaolo,Intesa Sanpaolo,"For Intesa Sanpaolo, is there clear disclosure that the Board has constituted a committee at Board level with responsibility for sustainability oversight?",Intesa_Sanpaolo_0038,Intesa_Sanpaolo_0000,Intesa_Sanpaolo_0042|Intesa_Sanpaolo_0001_intro|Intesa_Sanpaolo_0000|Intesa_Sanpaolo_0003|Intesa_Sanpaolo_0010,0,,both_fail,93.174,19.604,93.174,44042,1660,152804,7579
ESRS,"Intesa Sanpaolo__Intesa_Sanpaolo_0045__For Intesa Sanpaolo, does the long-term share plan disclose a sustainability-linked downward modifier and quantify the possible reduction in awards if the bank misses its 2022–2025 ESG performance objectives?",,Intesa Sanpaolo,Intesa Sanpaolo,Intesa Sanpaolo,"For Intesa Sanpaolo, does the long-term share plan disclose a sustainability-linked downward modifier and quantify the possible reduction in awards if the bank misses its 2022–2025 ESG performance objectives?",Intesa_Sanpaolo_0045,Intesa_Sanpaolo_0045,Intesa_Sanpaolo_0045|Intesa_Sanpaolo_0042|Intesa_Sanpaolo_0001_intro|Intesa_Sanpaolo_0000|Intesa_Sanpaolo_0010,1,1.0,both_rank1,133.527,125.82,133.527,194331,8702,202448,9424
ESRS,"Intesa Sanpaolo__Intesa_Sanpaolo_0046__For Intesa Sanpaolo, does the disclosure expressly state that the Risks and Sustainability Committee scrutinises the CEO’s annual and long‑term incentive plans to confirm their alignment with current and forward‑looking risk exposures?",,Intesa Sanpaolo,Intesa Sanpaolo,Intesa Sanpaolo,"For Intesa Sanpaolo, does the disclosure expressly state that the Risks and Sustainability Committee scrutinises the CEO’s annual and long‑term incentive plans to confirm their alignment with current and forward‑looking risk exposures?",Intesa_Sanpaolo_0046,Intesa_Sanpaolo_0047,Intesa_Sanpaolo_0046|Intesa_Sanpaolo_0047|Intesa_Sanpaolo_0042|Intesa_Sanpaolo_0001_intro|Intesa_Sanpaolo_0010,0,1.0,mrr_rank1_only,168.493,96.865,168.493,143649,7217,169902,13096
ESRS,"Intesa Sanpaolo__Intesa_Sanpaolo_0051__For ESRS-consistent scenario analysis, does Intesa Sanpaolo explicitly set out the distinct climate pathways used in its resilience assessment to evaluate transition and physical risks?",,Intesa Sanpaolo,Intesa Sanpaolo,Intesa Sanpaolo,"For ESRS-consistent scenario analysis, does Intesa Sanpaolo explicitly set out the distinct climate pathways used in its resilience assessment to evaluate transition and physical risks?",Intesa_Sanpaolo_0051,Intesa_Sanpaolo_0051,Intesa_Sanpaolo_0051|Intesa_Sanpaolo_0050|Intesa_Sanpaolo_0088|Intesa_Sanpaolo_0076|Intesa_Sanpaolo_0059,1,1.0,both_rank1,172.338,21.907,172.338,61912,1600,125666,8866
ESRS,"Intesa Sanpaolo__Intesa_Sanpaolo_0054__For ESRS policy-governance disclosure purposes, does Intesa Sanpaolo identify the senior role that bears ultimate responsibility for implementing its environmental and energy policy to mitigate climate impacts within its own operations?",,Intesa Sanpaolo,Intesa Sanpaolo,Intesa Sanpaolo,"For ESRS policy-governance disclosure purposes, does Intesa Sanpaolo identify the senior role that bears ultimate responsibility for implementing its environmental and energy policy to mitigate climate impacts within its own operations?",Intesa_Sanpaolo_0054,Intesa_Sanpaolo_0054,Intesa_Sanpaolo_0054|Intesa_Sanpaolo_0055|Intesa_Sanpaolo_0052|Intesa_Sanpaolo_0003|Intesa_Sanpaolo_0010,1,1.0,both_rank1,161.805,41.29,161.805,63154,2450,147918,10320
ESRS,"Intesa Sanpaolo__Intesa_Sanpaolo_0056__For its entity‑specific climate disclosure under Regulation (EU) 2023/2772, what percentage of renewable‑origin electricity procurement does Intesa Sanpaolo report as of 31 December 2024?",,Intesa Sanpaolo,Intesa Sanpaolo,Intesa Sanpaolo,"For its entity‑specific climate disclosure under Regulation (EU) 2023/2772, what percentage of renewable‑origin electricity procurement does Intesa Sanpaolo report as of 31 December 2024?",Intesa_Sanpaolo_0056,Intesa_Sanpaolo_0059,Intesa_Sanpaolo_0059|Intesa_Sanpaolo_0084|Intesa_Sanpaolo_0086|Intesa_Sanpaolo_0085|Intesa_Sanpaolo_0081,0,,both_fail,207.692,41.278,207.692,64243,2717,119014,13795
ESRS,"Intesa Sanpaolo__Intesa_Sanpaolo_0060__Within its sector governance disclosures, does Intesa Sanpaolo commit to a blanket refusal to provide financing to companies or projects that would adversely affect designated categories of internationally protected natural sites, and are those categories explicitly identified?",,Intesa Sanpaolo,Intesa Sanpaolo,Intesa Sanpaolo,"Within its sector governance disclosures, does Intesa Sanpaolo commit to a blanket refusal to provide financing to companies or projects that would adversely affect designated categories of internationally protected natural sites, and are those categories explicitly identified?",Intesa_Sanpaolo_0060,Intesa_Sanpaolo_0101,Intesa_Sanpaolo_0101|Intesa_Sanpaolo_0099|Intesa_Sanpaolo_0103|Intesa_Sanpaolo_0026|Intesa_Sanpaolo_0027,0,,both_fail,223.22,223.22,205.321,238377,16623,228563,14952
ESRS,"Intesa Sanpaolo__Intesa_Sanpaolo_0061__For ESRS-governance purposes, does Intesa Sanpaolo identify the internal function accountable for granting the sustainability classification to lending products and transactions and for checking its consistency with the bank’s ESG risk management framework?",,Intesa Sanpaolo,Intesa Sanpaolo,Intesa Sanpaolo,"For ESRS-governance purposes, does Intesa Sanpaolo identify the internal function accountable for granting the sustainability classification to lending products and transactions and for checking its consistency with the bank’s ESG risk management framework?",Intesa_Sanpaolo_0061,Intesa_Sanpaolo_0042,Intesa_Sanpaolo_0042|Intesa_Sanpaolo_0006|Intesa_Sanpaolo_0047|Intesa_Sanpaolo_0010|Intesa_Sanpaolo_0000,0,,both_fail,294.014,294.014,274.261,323428,17912,313092,16423
ESRS,"Intesa Sanpaolo__Intesa_Sanpaolo_0065__For ESRS-aligned disclosure on transition levers in high-emitting sectors, does Intesa Sanpaolo state that it will steer more financing to aluminium clients with Net-Zero-aligned transition plans, using performance-linked financial products to incentivize decarbonisation outcomes?",,Intesa Sanpaolo,Intesa Sanpaolo,Intesa Sanpaolo,"For ESRS-aligned disclosure on transition levers in high-emitting sectors, does Intesa Sanpaolo state that it will steer more financing to aluminium clients with Net-Zero-aligned transition plans, using performance-linked financial products to incentivize decarbonisation outcomes?",Intesa_Sanpaolo_0065,Intesa_Sanpaolo_0065,Intesa_Sanpaolo_0065|Intesa_Sanpaolo_0064|Intesa_Sanpaolo_0062_intro|Intesa_Sanpaolo_0061|Intesa_Sanpaolo_0075,1,1.0,both_rank1,171.438,53.109,171.438,69058,2911,123047,9494
ESRS,"Intesa Sanpaolo__Intesa_Sanpaolo_0068__For ESRS-aligned transition planning disclosures, has Intesa Sanpaolo specified a concrete year by which it will exit its credit exposure to counterparties involved in coal mining?",,Intesa Sanpaolo,Intesa Sanpaolo,Intesa Sanpaolo,"For ESRS-aligned transition planning disclosures, has Intesa Sanpaolo specified a concrete year by which it will exit its credit exposure to counterparties involved in coal mining?",Intesa_Sanpaolo_0068,Intesa_Sanpaolo_0000,Intesa_Sanpaolo_0074|Intesa_Sanpaolo_0073_intro|Intesa_Sanpaolo_0003|Intesa_Sanpaolo_0000|Intesa_Sanpaolo_0004,0,,both_fail,122.177,26.709,122.177,44074,1394,165241,7376
ESRS,"Intesa Sanpaolo__Intesa_Sanpaolo_0069__For the Iron & Steel sector, does Intesa Sanpaolo disclose that it will deploy earmarked financing to back decarbonisation technologies, including hydrogen-based steelmaking?",,Intesa Sanpaolo,Intesa Sanpaolo,Intesa Sanpaolo,"For the Iron & Steel sector, does Intesa Sanpaolo disclose that it will deploy earmarked financing to back decarbonisation technologies, including hydrogen-based steelmaking?",Intesa_Sanpaolo_0069,Intesa_Sanpaolo_0069,Intesa_Sanpaolo_0069|Intesa_Sanpaolo_0071|Intesa_Sanpaolo_0070|Intesa_Sanpaolo_0068|Intesa_Sanpaolo_0061,1,1.0,both_rank1,138.984,38.358,138.984,68434,2229,123018,8855
ESRS,"Intesa Sanpaolo__Intesa_Sanpaolo_0070__Within Intesa Sanpaolo’s sustainability disclosures, is there a clearly time-bound financing restriction for the oil and gas sector—specifically an exit from exposures to unconventional oil and gas by 2025—and is this commitment anchored in the bank’s “Rules for Oil & Gas Operations” updated in June 2024?",,Intesa Sanpaolo,Intesa Sanpaolo,Intesa Sanpaolo,"Within Intesa Sanpaolo’s sustainability disclosures, is there a clearly time-bound financing restriction for the oil and gas sector—specifically an exit from exposures to unconventional oil and gas by 2025—and is this commitment anchored in the bank’s “Rules for Oil & Gas Operations” updated in June 2024?",Intesa_Sanpaolo_0070,Intesa_Sanpaolo_0070,Intesa_Sanpaolo_0070|Intesa_Sanpaolo_0060|Intesa_Sanpaolo_0061|Intesa_Sanpaolo_0059|Intesa_Sanpaolo_0068,1,1.0,both_rank1,151.88,122.854,151.88,93412,8755,106776,10536
ESRS,"Intesa Sanpaolo__Intesa_Sanpaolo_0072__Under ESRS expectations to disclose target assumptions and dependencies, does Intesa Sanpaolo identify any material external preconditions that could determine whether its decarbonisation goals for both Residential and Commercial Real Estate can be met?",,Intesa Sanpaolo,Intesa Sanpaolo,Intesa Sanpaolo,"Under ESRS expectations to disclose target assumptions and dependencies, does Intesa Sanpaolo identify any material external preconditions that could determine whether its decarbonisation goals for both Residential and Commercial Real Estate can be met?",Intesa_Sanpaolo_0072,Intesa_Sanpaolo_0074,Intesa_Sanpaolo_0072|Intesa_Sanpaolo_0074|Intesa_Sanpaolo_0075|Intesa_Sanpaolo_0071|Intesa_Sanpaolo_0073_intro,0,1.0,mrr_rank1_only,125.395,50.876,125.395,62586,3239,108231,7470
ESRS,"Intesa Sanpaolo__Intesa_Sanpaolo_0081__For Intesa Sanpaolo, is the computation basis of the 2024 intensity indicator “total energy consumption from activities in high climate impact sectors per net revenue” explicitly defined as megawatt-hours divided by euros of net revenue from those activities?",,Intesa Sanpaolo,Intesa Sanpaolo,Intesa Sanpaolo,"For Intesa Sanpaolo, is the computation basis of the 2024 intensity indicator “total energy consumption from activities in high climate impact sectors per net revenue” explicitly defined as megawatt-hours divided by euros of net revenue from those activities?",Intesa_Sanpaolo_0081,Intesa_Sanpaolo_0081,Intesa_Sanpaolo_0081|Intesa_Sanpaolo_0082|Intesa_Sanpaolo_0080_intro|Intesa_Sanpaolo_0084|Intesa_Sanpaolo_0083_intro,1,1.0,both_rank1,122.987,52.518,122.986,61667,2065,87966,7278
ESRS,"Intesa Sanpaolo__Intesa_Sanpaolo_0082__For the 2024 reporting year, has Intesa Sanpaolo identified the specific net revenue figure that serves as the denominator for its energy intensity metric in activities deemed to have high climate impact?",,Intesa Sanpaolo,Intesa Sanpaolo,Intesa Sanpaolo,"For the 2024 reporting year, has Intesa Sanpaolo identified the specific net revenue figure that serves as the denominator for its energy intensity metric in activities deemed to have high climate impact?",Intesa_Sanpaolo_0082,Intesa_Sanpaolo_0084,Intesa_Sanpaolo_0082|Intesa_Sanpaolo_0081|Intesa_Sanpaolo_0084|Intesa_Sanpaolo_0080_intro|Intesa_Sanpaolo_0083_intro,0,1.0,mrr_rank1_only,119.075,46.976,119.075,66647,2905,93819,7899
ESRS,"Intesa Sanpaolo__Intesa_Sanpaolo_0084__For ESRS-compliant Scope 3 transparency, has Intesa Sanpaolo stated the proportion of its value-chain GHG calculations that rely on primary data from counterparties, and what percentage does it report?",,Intesa Sanpaolo,Intesa Sanpaolo,Intesa Sanpaolo,"For ESRS-compliant Scope 3 transparency, has Intesa Sanpaolo stated the proportion of its value-chain GHG calculations that rely on primary data from counterparties, and what percentage does it report?",Intesa_Sanpaolo_0084,Intesa_Sanpaolo_0084,Intesa_Sanpaolo_0084|Intesa_Sanpaolo_0085|Intesa_Sanpaolo_0086,1,1.0,both_rank1,191.75,43.128,191.75,66668,1938,179004,8362
ESRS,"Intesa Sanpaolo__Intesa_Sanpaolo_0086__Does Intesa Sanpaolo disclose a quantitative bridge reconciling the net revenue used as the denominator in its GHG emissions intensity metric to the net revenue reported in its 2024 financial statements, specifying the figures 44,798 million, 7,160 million, and 51,958 million euro?",,Intesa Sanpaolo,Intesa Sanpaolo,Intesa Sanpaolo,"Does Intesa Sanpaolo disclose a quantitative bridge reconciling the net revenue used as the denominator in its GHG emissions intensity metric to the net revenue reported in its 2024 financial statements, specifying the figures 44,798 million, 7,160 million, and 51,958 million euro?",Intesa_Sanpaolo_0086,Intesa_Sanpaolo_0086,Intesa_Sanpaolo_0086|Intesa_Sanpaolo_0084|Intesa_Sanpaolo_0085,1,1.0,both_rank1,284.623,62.724,284.623,63119,3627,241722,16544
ESRS,Intesa Sanpaolo__Intesa_Sanpaolo_0087__Does Intesa Sanpaolo quantify the share of its location-based Scope 2 greenhouse gas emissions that fall under its internal carbon pricing scheme?,,Intesa Sanpaolo,Intesa Sanpaolo,Intesa Sanpaolo,Does Intesa Sanpaolo quantify the share of its location-based Scope 2 greenhouse gas emissions that fall under its internal carbon pricing scheme?,Intesa_Sanpaolo_0087,Intesa_Sanpaolo_0087,Intesa_Sanpaolo_0087|Intesa_Sanpaolo_0086|Intesa_Sanpaolo_0088|Intesa_Sanpaolo_0025|Intesa_Sanpaolo_0003,1,1.0,both_rank1,183.475,25.926,183.475,59715,1466,230081,11881
ESRS,"Intesa Sanpaolo__Intesa_Sanpaolo_0090__For ESRS E2 (Pollution), does Intesa Sanpaolo state that its impact materiality evaluation applied the legally required criteria—namely magnitude, breadth, reversibility of harm, and probability—when assessing identified impacts?",,Intesa Sanpaolo,Intesa Sanpaolo,Intesa Sanpaolo,"For ESRS E2 (Pollution), does Intesa Sanpaolo state that its impact materiality evaluation applied the legally required criteria—namely magnitude, breadth, reversibility of harm, and probability—when assessing identified impacts?",Intesa_Sanpaolo_0090,Intesa_Sanpaolo_0090,Intesa_Sanpaolo_0090|Intesa_Sanpaolo_0034|Intesa_Sanpaolo_0033|Intesa_Sanpaolo_0032|Intesa_Sanpaolo_0030,1,1.0,both_rank1,118.885,32.43,118.885,50874,1909,125026,8420
ESRS,"Intesa Sanpaolo__Intesa_Sanpaolo_0093__Does Intesa Sanpaolo disclose any quantified, time-bound pollution reduction targets within its risk governance and decision-making processes?",,Intesa Sanpaolo,Intesa Sanpaolo,Intesa Sanpaolo,"Does Intesa Sanpaolo disclose any quantified, time-bound pollution reduction targets within its risk governance and decision-making processes?",Intesa_Sanpaolo_0093,Intesa_Sanpaolo_0090,Intesa_Sanpaolo_0093|Intesa_Sanpaolo_0092|Intesa_Sanpaolo_0094|Intesa_Sanpaolo_0090|Intesa_Sanpaolo_0023,0,1.0,mrr_rank1_only,122.443,35.164,122.443,50736,2278,115520,8326
ESRS,Intesa Sanpaolo__Intesa_Sanpaolo_0101__Do Intesa Sanpaolo’s Group-wide Rules on Biodiversity and Nature treat new lending to projects or counterparties situated in jurisdictions that have not acceded to key international biodiversity agreements or within internationally protected areas as subject to exclusion and/or escalated due diligence owing to elevated nature-related risk?,,Intesa Sanpaolo,Intesa Sanpaolo,Intesa Sanpaolo,Do Intesa Sanpaolo’s Group-wide Rules on Biodiversity and Nature treat new lending to projects or counterparties situated in jurisdictions that have not acceded to key international biodiversity agreements or within internationally protected areas as subject to exclusion and/or escalated due diligence owing to elevated nature-related risk?,Intesa_Sanpaolo_0101,Intesa_Sanpaolo_0099,Intesa_Sanpaolo_0101|Intesa_Sanpaolo_0099|Intesa_Sanpaolo_0004|Intesa_Sanpaolo_0003|Intesa_Sanpaolo_0103,0,1.0,mrr_rank1_only,179.716,28.193,179.716,52221,1769,209686,11143
ESRS,"Intesa Sanpaolo__Intesa_Sanpaolo_0102__For Intesa Sanpaolo, does the disclosure confirm the existence of precise numerical targets for biodiversity and ecosystem protection, or does it state that such quantified objectives have not been established?",,Intesa Sanpaolo,Intesa Sanpaolo,Intesa Sanpaolo,"For Intesa Sanpaolo, does the disclosure confirm the existence of precise numerical targets for biodiversity and ecosystem protection, or does it state that such quantified objectives have not been established?",Intesa_Sanpaolo_0102,Intesa_Sanpaolo_0102,Intesa_Sanpaolo_0102|Intesa_Sanpaolo_0101|Intesa_Sanpaolo_0103|Intesa_Sanpaolo_0098|Intesa_Sanpaolo_0099,1,1.0,both_rank1,70.602,27.627,70.601,52735,1683,67742,4591
ESRS,"Intesa Sanpaolo__Intesa_Sanpaolo_0103__For ESRS purposes on explaining integration of biodiversity into core processes, does Intesa Sanpaolo state that biodiversity-related factors are incorporated into its credit governance and strategy?",,Intesa Sanpaolo,Intesa Sanpaolo,Intesa Sanpaolo,"For ESRS purposes on explaining integration of biodiversity into core processes, does Intesa Sanpaolo state that biodiversity-related factors are incorporated into its credit governance and strategy?",Intesa_Sanpaolo_0103,Intesa_Sanpaolo_0101,Intesa_Sanpaolo_0103|Intesa_Sanpaolo_0101|Intesa_Sanpaolo_0099|Intesa_Sanpaolo_0102|Intesa_Sanpaolo_0098,0,1.0,mrr_rank1_only,94.534,40.703,94.534,54010,2787,68503,6081
ESRS,"Intesa Sanpaolo__Intesa_Sanpaolo_0105__Under its ESRS E5 financial materiality review, did Intesa Sanpaolo conclude that its internal operations face any risks related to circular economy and resource use?",,Intesa Sanpaolo,Intesa Sanpaolo,Intesa Sanpaolo,"Under its ESRS E5 financial materiality review, did Intesa Sanpaolo conclude that its internal operations face any risks related to circular economy and resource use?",Intesa_Sanpaolo_0105,Intesa_Sanpaolo_0105,Intesa_Sanpaolo_0105|Intesa_Sanpaolo_0034|Intesa_Sanpaolo_0035|Intesa_Sanpaolo_0004,1,1.0,both_rank1,233.208,34.496,233.208,50739,1402,212339,10471
ESRS,Intesa Sanpaolo__Intesa_Sanpaolo_0107__Has Intesa Sanpaolo clearly disclosed whether its internal circular‑economy lending framework is fully consistent with the EU Taxonomy criteria for the Circular Economy objective and how such loans are treated in the Green Asset Ratio calculation?,,Intesa Sanpaolo,Intesa Sanpaolo,Intesa Sanpaolo,Has Intesa Sanpaolo clearly disclosed whether its internal circular‑economy lending framework is fully consistent with the EU Taxonomy criteria for the Circular Economy objective and how such loans are treated in the Green Asset Ratio calculation?,Intesa_Sanpaolo_0107,Intesa_Sanpaolo_0107,Intesa_Sanpaolo_0107|Intesa_Sanpaolo_0108|Intesa_Sanpaolo_0117|Intesa_Sanpaolo_0115|Intesa_Sanpaolo_0116,1,1.0,both_rank1,192.096,170.127,192.095,161536,9957,179684,11422
ESRS,"Intesa Sanpaolo__Intesa_Sanpaolo_0110__To demonstrate transparency on capital allocation to circular-economy lending, does Intesa Sanpaolo disclose that in 2024 it executed a second ESG/circular-economy synthetic securitisation of approximately €2.5 billion in loans to clients with high ESG scores and/or circular-economy engagement, designed to optimise capital use and allow the addition of new loans during the transaction’s life?",,Intesa Sanpaolo,Intesa Sanpaolo,Intesa Sanpaolo,"To demonstrate transparency on capital allocation to circular-economy lending, does Intesa Sanpaolo disclose that in 2024 it executed a second ESG/circular-economy synthetic securitisation of approximately €2.5 billion in loans to clients with high ESG scores and/or circular-economy engagement, designed to optimise capital use and allow the addition of new loans during the transaction’s life?",Intesa_Sanpaolo_0110,Intesa_Sanpaolo_0108,Intesa_Sanpaolo_0110|Intesa_Sanpaolo_0108|Intesa_Sanpaolo_0107|Intesa_Sanpaolo_0004|Intesa_Sanpaolo_0003,0,1.0,mrr_rank1_only,224.597,159.926,224.597,166921,9698,185853,13199
ESRS,"Intesa Sanpaolo__Intesa_Sanpaolo_0111__For ESRS reporting on measures that facilitate the shift to circular business models, does Intesa Sanpaolo disclose quantified outputs of the Circular Economy Lab’s non-financial support for 2024 (such as counts of training sessions, outreach events, and advisory engagements)?",,Intesa Sanpaolo,Intesa Sanpaolo,Intesa Sanpaolo,"For ESRS reporting on measures that facilitate the shift to circular business models, does Intesa Sanpaolo disclose quantified outputs of the Circular Economy Lab’s non-financial support for 2024 (such as counts of training sessions, outreach events, and advisory engagements)?",Intesa_Sanpaolo_0111,Intesa_Sanpaolo_0111,Intesa_Sanpaolo_0111|Intesa_Sanpaolo_0112|Intesa_Sanpaolo_0110|Intesa_Sanpaolo_0113|Intesa_Sanpaolo_0108,1,1.0,both_rank1,111.006,52.218,111.006,57055,2715,74713,6964
ESRS,"Intesa Sanpaolo__Intesa_Sanpaolo_0112__Against ESRS expectations to disclose measurable outcomes for circular resource management, does Intesa Sanpaolo’s reporting include quantified results for its internal ICT circular asset initiative, namely the count of retired devices handled and the corresponding greenhouse-gas reductions achieved?",,Intesa Sanpaolo,Intesa Sanpaolo,Intesa Sanpaolo,"Against ESRS expectations to disclose measurable outcomes for circular resource management, does Intesa Sanpaolo’s reporting include quantified results for its internal ICT circular asset initiative, namely the count of retired devices handled and the corresponding greenhouse-gas reductions achieved?",Intesa_Sanpaolo_0112,,,0,,both_fail,72.506,,72.506,0,0,98744,4327
ESRS,"Intesa Sanpaolo__Intesa_Sanpaolo_0188__For ESRS S1 workforce mobility disclosures, does Intesa Sanpaolo set out the calculation basis for its 2024 employee turnover rate by identifying both the denominator and which categories of employment terminations are included in the numerator?",,Intesa Sanpaolo,Intesa Sanpaolo,Intesa Sanpaolo,"For ESRS S1 workforce mobility disclosures, does Intesa Sanpaolo set out the calculation basis for its 2024 employee turnover rate by identifying both the denominator and which categories of employment terminations are included in the numerator?",Intesa_Sanpaolo_0188,Intesa_Sanpaolo_0188,Intesa_Sanpaolo_0188|Intesa_Sanpaolo_0187|Intesa_Sanpaolo_0189,1,1.0,both_rank1,160.289,31.51,160.289,53203,1823,170819,9009
ESRS,"Intesa Sanpaolo__Intesa_Sanpaolo_0190__In its disclosure of human rights matters relating to its own workforce, has Intesa Sanpaolo set out the criteria it uses to determine when an incident qualifies as a severe human rights case?",,Intesa Sanpaolo,Intesa Sanpaolo,Intesa Sanpaolo,"In its disclosure of human rights matters relating to its own workforce, has Intesa Sanpaolo set out the criteria it uses to determine when an incident qualifies as a severe human rights case?",Intesa_Sanpaolo_0190,Intesa_Sanpaolo_0190,Intesa_Sanpaolo_0190|Intesa_Sanpaolo_0187|Intesa_Sanpaolo_0192|Intesa_Sanpaolo_0199|Intesa_Sanpaolo_0189,1,1.0,both_rank1,146.029,60.009,146.029,61323,3466,93921,9120
ESRS,"Intesa Sanpaolo__Intesa_Sanpaolo_0194__For ESRS social dialogue disclosures, has Intesa Sanpaolo indicated whether it has any transnational employee representation bodies in place (such as a European Works Council or Works Councils under SE/SCE statutes)?",,Intesa Sanpaolo,Intesa Sanpaolo,Intesa Sanpaolo,"For ESRS social dialogue disclosures, has Intesa Sanpaolo indicated whether it has any transnational employee representation bodies in place (such as a European Works Council or Works Councils under SE/SCE statutes)?",Intesa_Sanpaolo_0194,Intesa_Sanpaolo_0194,Intesa_Sanpaolo_0194|Intesa_Sanpaolo_0198|Intesa_Sanpaolo_0195|Intesa_Sanpaolo_0199|Intesa_Sanpaolo_0192,1,1.0,both_rank1,77.726,33.851,77.726,58876,2073,81568,4848
ESRS,"Intesa Sanpaolo__Intesa_Sanpaolo_0198__Has Intesa Sanpaolo formally assigned operational accountability for conducting dialogue with workers’ representatives, and which internal unit and governance area hold that mandate?",,Intesa Sanpaolo,Intesa Sanpaolo,Intesa Sanpaolo,"Has Intesa Sanpaolo formally assigned operational accountability for conducting dialogue with workers’ representatives, and which internal unit and governance area hold that mandate?",Intesa_Sanpaolo_0198,Intesa_Sanpaolo_0194,Intesa_Sanpaolo_0198|Intesa_Sanpaolo_0194|Intesa_Sanpaolo_0195|Intesa_Sanpaolo_0199|Intesa_Sanpaolo_0193,0,1.0,mrr_rank1_only,100.352,42.09,100.352,58778,2143,81808,6399
ESRS,Intesa Sanpaolo__Intesa_Sanpaolo_0199__Has Intesa Sanpaolo disclosed that at least one of its workforce grievance channels provides explicit assurances of confidentiality and protection against reprisals for reporters?,,Intesa Sanpaolo,Intesa Sanpaolo,Intesa Sanpaolo,Has Intesa Sanpaolo disclosed that at least one of its workforce grievance channels provides explicit assurances of confidentiality and protection against reprisals for reporters?,Intesa_Sanpaolo_0199,Intesa_Sanpaolo_0341,Intesa_Sanpaolo_0341|Intesa_Sanpaolo_0332|Intesa_Sanpaolo_0342|Intesa_Sanpaolo_0330|Intesa_Sanpaolo_0343,0,,both_fail,136.819,40.907,136.819,51791,1830,69528,5363
ESRS,"Intesa Sanpaolo__Intesa_Sanpaolo_0201__For ESRS governance disclosures on social policies, does Intesa Sanpaolo identify an executive role accountable for setting diversity, equity and inclusion objectives and specify to whom and how often performance is reported?",,Intesa Sanpaolo,Intesa Sanpaolo,Intesa Sanpaolo,"For ESRS governance disclosures on social policies, does Intesa Sanpaolo identify an executive role accountable for setting diversity, equity and inclusion objectives and specify to whom and how often performance is reported?",Intesa_Sanpaolo_0201,Intesa_Sanpaolo_0201,Intesa_Sanpaolo_0201|Intesa_Sanpaolo_0205|Intesa_Sanpaolo_0206|Intesa_Sanpaolo_0042|Intesa_Sanpaolo_0204,1,1.0,both_rank1,275.779,52.062,275.778,60835,2279,194886,15899
ESRS,Intesa Sanpaolo__Intesa_Sanpaolo_0209__Did Intesa Sanpaolo apply any country cost-of-living adjustments to the remuneration data underlying the disclosed 2024 gender pay gap and the highest-to-median pay ratio?,,Intesa Sanpaolo,Intesa Sanpaolo,Intesa Sanpaolo,Did Intesa Sanpaolo apply any country cost-of-living adjustments to the remuneration data underlying the disclosed 2024 gender pay gap and the highest-to-median pay ratio?,Intesa_Sanpaolo_0209,Intesa_Sanpaolo_0209,Intesa_Sanpaolo_0209|Intesa_Sanpaolo_0208|Intesa_Sanpaolo_0202|Intesa_Sanpaolo_0203,1,1.0,both_rank1,145.148,40.434,145.148,59262,2079,133996,7456
ESRS,"Intesa Sanpaolo__Intesa_Sanpaolo_0204__For ESRS-compliant disclosure on remediation channels, does Intesa Sanpaolo demonstrate a defined acknowledgment control for sexual-harassment reports submitted to its dedicated mailbox, and what is the specified deadline for sending that acknowledgment?",,Intesa Sanpaolo,Intesa Sanpaolo,Intesa Sanpaolo,"For ESRS-compliant disclosure on remediation channels, does Intesa Sanpaolo demonstrate a defined acknowledgment control for sexual-harassment reports submitted to its dedicated mailbox, and what is the specified deadline for sending that acknowledgment?",Intesa_Sanpaolo_0204,Intesa_Sanpaolo_0203,Intesa_Sanpaolo_0204|Intesa_Sanpaolo_0203|Intesa_Sanpaolo_0201|Intesa_Sanpaolo_0205|Intesa_Sanpaolo_0206,0,1.0,mrr_rank1_only,91.276,34.052,91.275,59953,1960,87662,5569
ESRS,"Intesa Sanpaolo__Intesa_Sanpaolo_0206__For ESRS S1 reporting on the evaluation of actions, did Intesa Sanpaolo undergo an external review in 2024 of its gender-equality management system, and what was the scope of that review?",,Intesa Sanpaolo,Intesa Sanpaolo,Intesa Sanpaolo,"For ESRS S1 reporting on the evaluation of actions, did Intesa Sanpaolo undergo an external review in 2024 of its gender-equality management system, and what was the scope of that review?",Intesa_Sanpaolo_0206,Intesa_Sanpaolo_0206,Intesa_Sanpaolo_0206|Intesa_Sanpaolo_0207|Intesa_Sanpaolo_0201|Intesa_Sanpaolo_0006|Intesa_Sanpaolo_0197,1,1.0,both_rank1,233.559,36.266,233.559,60885,2152,173087,12996
ESRS,"Intesa Sanpaolo__Intesa_Sanpaolo_0216__For ESRS governance disclosures on sustainability-related competencies, does Intesa Sanpaolo indicate that its internal audit function received a bespoke ESG training program designed by the Chief Audit Officer?",,Intesa Sanpaolo,Intesa Sanpaolo,Intesa Sanpaolo,"For ESRS governance disclosures on sustainability-related competencies, does Intesa Sanpaolo indicate that its internal audit function received a bespoke ESG training program designed by the Chief Audit Officer?",Intesa_Sanpaolo_0216,Intesa_Sanpaolo_0042,Intesa_Sanpaolo_0042|Intesa_Sanpaolo_0047|Intesa_Sanpaolo_0010,0,,both_fail,224.821,224.821,205.71,224852,12550,216987,11213
ESRS,"Intesa Sanpaolo__Intesa_Sanpaolo_0218__Within Intesa Sanpaolo’s occupational health and safety governance, who is explicitly assigned ultimate responsibility for putting the safety policies into effect?",,Intesa Sanpaolo,Intesa Sanpaolo,Intesa Sanpaolo,"Within Intesa Sanpaolo’s occupational health and safety governance, who is explicitly assigned ultimate responsibility for putting the safety policies into effect?",Intesa_Sanpaolo_0218,Intesa_Sanpaolo_0218,Intesa_Sanpaolo_0218|Intesa_Sanpaolo_0220|Intesa_Sanpaolo_0219|Intesa_Sanpaolo_0221|Intesa_Sanpaolo_0222,1,1.0,both_rank1,79.485,33.207,79.485,57067,1805,72516,5227
ESRS,"Intesa Sanpaolo__Intesa_Sanpaolo_0223__Has Intesa Sanpaolo set out the precise method used to derive its recordable injury rate, including what constitutes the numerator, how the hours-worked denominator is determined, and the scaling factor applied?",,Intesa Sanpaolo,Intesa Sanpaolo,Intesa Sanpaolo,"Has Intesa Sanpaolo set out the precise method used to derive its recordable injury rate, including what constitutes the numerator, how the hours-worked denominator is determined, and the scaling factor applied?",Intesa_Sanpaolo_0223,Intesa_Sanpaolo_0225,Intesa_Sanpaolo_0223|Intesa_Sanpaolo_0225|Intesa_Sanpaolo_0222,0,1.0,mrr_rank1_only,183.546,39.807,183.546,58011,2489,191551,11286
ESRS,"Intesa Sanpaolo__Intesa_Sanpaolo_0225__For ESRS reporting on policy governance, has Intesa Sanpaolo designated specific internal functions as accountable for its Flexible Working Rules that underpin work–life balance?",,Intesa Sanpaolo,Intesa Sanpaolo,Intesa Sanpaolo,"For ESRS reporting on policy governance, has Intesa Sanpaolo designated specific internal functions as accountable for its Flexible Working Rules that underpin work–life balance?",Intesa_Sanpaolo_0225,Intesa_Sanpaolo_0226,Intesa_Sanpaolo_0225|Intesa_Sanpaolo_0226|Intesa_Sanpaolo_0229|Intesa_Sanpaolo_0227|Intesa_Sanpaolo_0230,0,1.0,mrr_rank1_only,136.681,42.405,136.681,58832,2689,89683,9384
ESRS,"Intesa Sanpaolo__Intesa_Sanpaolo_0226__Within Intesa Sanpaolo, is there a Compliance-led control that oversees the internal rules on working time to verify both their legal conformity and their correct application?",,Intesa Sanpaolo,Intesa Sanpaolo,Intesa Sanpaolo,"Within Intesa Sanpaolo, is there a Compliance-led control that oversees the internal rules on working time to verify both their legal conformity and their correct application?",Intesa_Sanpaolo_0226,Intesa_Sanpaolo_0226,Intesa_Sanpaolo_0226|Intesa_Sanpaolo_0225,1,1.0,both_rank1,250.699,78.48,250.699,70121,4602,230448,13674
ESRS,"Intesa Sanpaolo__Intesa_Sanpaolo_0230__For Intesa Sanpaolo, is there a clearly defined yearly limit on home-based flexible working days that would evidence a control over working-time arrangements?",,Intesa Sanpaolo,Intesa Sanpaolo,Intesa Sanpaolo,"For Intesa Sanpaolo, is there a clearly defined yearly limit on home-based flexible working days that would evidence a control over working-time arrangements?",Intesa_Sanpaolo_0230,Intesa_Sanpaolo_0226,Intesa_Sanpaolo_0230|Intesa_Sanpaolo_0226|Intesa_Sanpaolo_0229|Intesa_Sanpaolo_0228|Intesa_Sanpaolo_0227,0,1.0,mrr_rank1_only,96.302,40.888,96.302,58818,2265,80811,5557
ESRS,Intesa Sanpaolo__Intesa_Sanpaolo_0234__Has Intesa Sanpaolo specified employee-facing complaint routes for privacy-related reports or rights requests and identified the internal function accountable for registering these submissions and ensuring they are processed within legal timeframes?,,Intesa Sanpaolo,Intesa Sanpaolo,Intesa Sanpaolo,Has Intesa Sanpaolo specified employee-facing complaint routes for privacy-related reports or rights requests and identified the internal function accountable for registering these submissions and ensuring they are processed within legal timeframes?,Intesa_Sanpaolo_0234,Intesa_Sanpaolo_0234,Intesa_Sanpaolo_0234|Intesa_Sanpaolo_0233|Intesa_Sanpaolo_0232|Intesa_Sanpaolo_0297|Intesa_Sanpaolo_0236,1,1.0,both_rank1,128.804,36.049,128.803,56891,2514,89401,8928
ESRS,"Intesa Sanpaolo__Intesa_Sanpaolo_0240__For ESRS disclosures on value chain workforce due diligence, does Intesa Sanpaolo state that its supplier selection process includes a control to assess whether suppliers and their sub-suppliers have measures in place to minimise potential social and environmental harms to workers in the supply chain?",,Intesa Sanpaolo,Intesa Sanpaolo,Intesa Sanpaolo,"For ESRS disclosures on value chain workforce due diligence, does Intesa Sanpaolo state that its supplier selection process includes a control to assess whether suppliers and their sub-suppliers have measures in place to minimise potential social and environmental harms to workers in the supply chain?",Intesa_Sanpaolo_0240,Intesa_Sanpaolo_0240,Intesa_Sanpaolo_0240|Intesa_Sanpaolo_0241|Intesa_Sanpaolo_0238|Intesa_Sanpaolo_0243|Intesa_Sanpaolo_0242,1,1.0,both_rank1,86.159,41.679,86.159,52853,2663,69155,6856
ESRS,"Intesa Sanpaolo__Intesa_Sanpaolo_0241__For supplier onboarding to the Group Suppliers List, does Intesa Sanpaolo obligate every new vendor to complete an ESG-focused questionnaire as part of pre-qualification due diligence, with the results influencing the vendor’s composite score and consequent qualification status?",,Intesa Sanpaolo,Intesa Sanpaolo,Intesa Sanpaolo,"For supplier onboarding to the Group Suppliers List, does Intesa Sanpaolo obligate every new vendor to complete an ESG-focused questionnaire as part of pre-qualification due diligence, with the results influencing the vendor’s composite score and consequent qualification status?",Intesa_Sanpaolo_0241,Intesa_Sanpaolo_0347,Intesa_Sanpaolo_0347|Intesa_Sanpaolo_0238|Intesa_Sanpaolo_0345|Intesa_Sanpaolo_0346|Intesa_Sanpaolo_0330,0,,both_fail,146.141,35.155,146.141,52522,2144,122389,8838
ESRS,"Intesa Sanpaolo__Intesa_Sanpaolo_0243__In alignment with ESRS expectations to set and track supply-chain workforce targets, does Intesa Sanpaolo disclose a time-bound goal to achieve full ESG assessment coverage of active suppliers and report the percentage coverage attained by the end of 2024?",,Intesa Sanpaolo,Intesa Sanpaolo,Intesa Sanpaolo,"In alignment with ESRS expectations to set and track supply-chain workforce targets, does Intesa Sanpaolo disclose a time-bound goal to achieve full ESG assessment coverage of active suppliers and report the percentage coverage attained by the end of 2024?",Intesa_Sanpaolo_0243,Intesa_Sanpaolo_0245,Intesa_Sanpaolo_0243|Intesa_Sanpaolo_0245|Intesa_Sanpaolo_0241|Intesa_Sanpaolo_0242|Intesa_Sanpaolo_0240,0,1.0,mrr_rank1_only,103.873,39.045,103.873,52358,2476,72226,6632
ESRS,Intesa Sanpaolo__Intesa_Sanpaolo_0246__Has Intesa Sanpaolo set measurable (numeric) targets for managing impacts and risks affecting the workers of its portfolio companies?,,Intesa Sanpaolo,Intesa Sanpaolo,Intesa Sanpaolo,Has Intesa Sanpaolo set measurable (numeric) targets for managing impacts and risks affecting the workers of its portfolio companies?,Intesa_Sanpaolo_0246,Intesa_Sanpaolo_0245,Intesa_Sanpaolo_0246|Intesa_Sanpaolo_0245|Intesa_Sanpaolo_0243|Intesa_Sanpaolo_0007|Intesa_Sanpaolo_0006,0,1.0,mrr_rank1_only,148.935,44.894,148.935,52190,2510,121776,9388
ESRS,"Intesa Sanpaolo__Intesa_Sanpaolo_0248__For ESRS S3 (affected communities), did Intesa Sanpaolo base its impact materiality determination on the legally prescribed severity and probability parameters—specifically scale, scope, irreversibility, and likelihood?",,Intesa Sanpaolo,Intesa Sanpaolo,Intesa Sanpaolo,"For ESRS S3 (affected communities), did Intesa Sanpaolo base its impact materiality determination on the legally prescribed severity and probability parameters—specifically scale, scope, irreversibility, and likelihood?",Intesa_Sanpaolo_0248,Intesa_Sanpaolo_0248,Intesa_Sanpaolo_0248|Intesa_Sanpaolo_0034|Intesa_Sanpaolo_0033|Intesa_Sanpaolo_0032|Intesa_Sanpaolo_0030,1,1.0,both_rank1,151.88,29.632,151.88,51084,1571,135182,9962
ESRS,"Intesa Sanpaolo__Intesa_Sanpaolo_0251__Has Intesa Sanpaolo linked its community-related policy instrument to specific material impact areas relevant under ESRS, and if so, which material topics are explicitly identified?",,Intesa Sanpaolo,Intesa Sanpaolo,Intesa Sanpaolo,"Has Intesa Sanpaolo linked its community-related policy instrument to specific material impact areas relevant under ESRS, and if so, which material topics are explicitly identified?",Intesa_Sanpaolo_0251,Intesa_Sanpaolo_0248,Intesa_Sanpaolo_0251|Intesa_Sanpaolo_0248|Intesa_Sanpaolo_0254|Intesa_Sanpaolo_0255|Intesa_Sanpaolo_0249_intro,0,1.0,mrr_rank1_only,104.428,34.586,104.428,51024,2548,76211,7666
ESRS,"Intesa Sanpaolo__Intesa_Sanpaolo_0254__Does Intesa Sanpaolo’s corporate charter authorise the establishment of a dedicated fund, financed from distributable earnings, to support philanthropic, social and cultural initiatives?",,Intesa Sanpaolo,Intesa Sanpaolo,Intesa Sanpaolo,"Does Intesa Sanpaolo’s corporate charter authorise the establishment of a dedicated fund, financed from distributable earnings, to support philanthropic, social and cultural initiatives?",Intesa_Sanpaolo_0254,,,0,,both_fail,49.39,,49.39,0,0,87093,2819
ESRS,Intesa Sanpaolo__Intesa_Sanpaolo_0253__Does Intesa Sanpaolo disclose whether any serious human-rights breaches were detected through its channels and procedures for reporting potential non-compliance affecting community rights?,,Intesa Sanpaolo,Intesa Sanpaolo,Intesa Sanpaolo,Does Intesa Sanpaolo disclose whether any serious human-rights breaches were detected through its channels and procedures for reporting potential non-compliance affecting community rights?,Intesa_Sanpaolo_0253,Intesa_Sanpaolo_0256,Intesa_Sanpaolo_0253|Intesa_Sanpaolo_0256|Intesa_Sanpaolo_0251|Intesa_Sanpaolo_0282|Intesa_Sanpaolo_0257_intro,0,1.0,mrr_rank1_only,182.446,46.219,182.446,52228,2664,91646,9655
ESRS,"Intesa Sanpaolo__Intesa_Sanpaolo_0264__For the reporting year, does Intesa Sanpaolo disclose quantifiable results that evidence the effectiveness of its youth education and employability initiatives (e.g., beneficiary counts and placement outcomes)?",,Intesa Sanpaolo,Intesa Sanpaolo,Intesa Sanpaolo,"For the reporting year, does Intesa Sanpaolo disclose quantifiable results that evidence the effectiveness of its youth education and employability initiatives (e.g., beneficiary counts and placement outcomes)?",Intesa_Sanpaolo_0264,Intesa_Sanpaolo_0264,Intesa_Sanpaolo_0264|Intesa_Sanpaolo_0263|Intesa_Sanpaolo_0267|Intesa_Sanpaolo_0266|Intesa_Sanpaolo_0268,1,1.0,both_rank1,299.572,93.761,299.572,62243,2977,101712,8830
ESRS,"Intesa Sanpaolo__Intesa_Sanpaolo_0266__For ESRS-style due diligence disclosure, does Intesa Sanpaolo describe a defined pre-approval control for projects on its For Funding platform, stating that branch units together with the Credit and Risk Management functions conduct vetting before any project is published?",,Intesa Sanpaolo,Intesa Sanpaolo,Intesa Sanpaolo,"For ESRS-style due diligence disclosure, does Intesa Sanpaolo describe a defined pre-approval control for projects on its For Funding platform, stating that branch units together with the Credit and Risk Management functions conduct vetting before any project is published?",Intesa_Sanpaolo_0266,Intesa_Sanpaolo_0266,Intesa_Sanpaolo_0266|Intesa_Sanpaolo_0264|Intesa_Sanpaolo_0265|Intesa_Sanpaolo_0256|Intesa_Sanpaolo_0253,1,1.0,both_rank1,346.79,225.449,346.79,119721,6362,155515,11674
ESRS,"Intesa Sanpaolo__Intesa_Sanpaolo_0268__For ESRS-aligned oversight of impacts on affected communities, does Intesa Sanpaolo specify a governance/control mechanism to measure the effectiveness of the Savings Museum’s financial education initiatives, such as independent evaluations by external parties?",,Intesa Sanpaolo,Intesa Sanpaolo,Intesa Sanpaolo,"For ESRS-aligned oversight of impacts on affected communities, does Intesa Sanpaolo specify a governance/control mechanism to measure the effectiveness of the Savings Museum’s financial education initiatives, such as independent evaluations by external parties?",Intesa_Sanpaolo_0268,Intesa_Sanpaolo_0268,Intesa_Sanpaolo_0268|Intesa_Sanpaolo_0256|Intesa_Sanpaolo_0267|Intesa_Sanpaolo_0253|Intesa_Sanpaolo_0252,1,1.0,both_rank1,248.691,88.287,248.691,63206,3168,97540,9817
ESRS,"Intesa Sanpaolo__Intesa_Sanpaolo_0270__For ESRS reporting on impacts and outcomes for affected communities, does Intesa Sanpaolo disclose quantitative indicators demonstrating the scale of the Gallerie d’Italia initiative during the reporting year?",,Intesa Sanpaolo,Intesa Sanpaolo,Intesa Sanpaolo,"For ESRS reporting on impacts and outcomes for affected communities, does Intesa Sanpaolo disclose quantitative indicators demonstrating the scale of the Gallerie d’Italia initiative during the reporting year?",Intesa_Sanpaolo_0270,Intesa_Sanpaolo_0270,Intesa_Sanpaolo_0270|Intesa_Sanpaolo_0272|Intesa_Sanpaolo_0271|Intesa_Sanpaolo_0273|Intesa_Sanpaolo_0269_intro,1,1.0,both_rank1,236.085,103.343,236.085,65775,3282,87821,10349
ESRS,"Intesa Sanpaolo__Intesa_Sanpaolo_0271__For ESRS disclosures on actions and resources applied to protect cultural assets, does Intesa Sanpaolo provide a quantified figure for conservation/repair work carried out on its art collection during the period?",,Intesa Sanpaolo,Intesa Sanpaolo,Intesa Sanpaolo,"For ESRS disclosures on actions and resources applied to protect cultural assets, does Intesa Sanpaolo provide a quantified figure for conservation/repair work carried out on its art collection during the period?",Intesa_Sanpaolo_0271,Intesa_Sanpaolo_0271,Intesa_Sanpaolo_0271|Intesa_Sanpaolo_0270|Intesa_Sanpaolo_0272|Intesa_Sanpaolo_0273|Intesa_Sanpaolo_0269_intro,1,1.0,both_rank1,140.287,65.944,140.287,65614,3306,84942,7683
ESRS,"Intesa Sanpaolo__Intesa_Sanpaolo_0272__For ESRS reporting on community investment actions, has Intesa Sanpaolo quantified the scale and territorial coverage of the 2024 edition of the “Restituzioni” initiative?",,Intesa Sanpaolo,Intesa Sanpaolo,Intesa Sanpaolo,"For ESRS reporting on community investment actions, has Intesa Sanpaolo quantified the scale and territorial coverage of the 2024 edition of the “Restituzioni” initiative?",Intesa_Sanpaolo_0272,Intesa_Sanpaolo_0272,Intesa_Sanpaolo_0272|Intesa_Sanpaolo_0270|Intesa_Sanpaolo_0271|Intesa_Sanpaolo_0273|Intesa_Sanpaolo_0269_intro,1,1.0,both_rank1,132.769,64.724,132.769,65670,3097,84729,7164
ESRS,"Intesa Sanpaolo__Intesa_Sanpaolo_0275__For ESRS-style metric disclosure, does Intesa Sanpaolo provide quantifiable indicators for its 2024 executive training initiative of the Gallerie d’Italia Academy on cultural-heritage management (specifically participant numbers, trainers, scholarships granted, and total teaching hours)?",,Intesa Sanpaolo,Intesa Sanpaolo,Intesa Sanpaolo,"For ESRS-style metric disclosure, does Intesa Sanpaolo provide quantifiable indicators for its 2024 executive training initiative of the Gallerie d’Italia Academy on cultural-heritage management (specifically participant numbers, trainers, scholarships granted, and total teaching hours)?",Intesa_Sanpaolo_0275,Intesa_Sanpaolo_0277,Intesa_Sanpaolo_0275|Intesa_Sanpaolo_0274|Intesa_Sanpaolo_0277|Intesa_Sanpaolo_0273|Intesa_Sanpaolo_0270,0,1.0,mrr_rank1_only,175.262,61.761,175.262,65086,2971,97886,8603
ESRS,"Intesa Sanpaolo__Intesa_Sanpaolo_0277__Within this Social solidarity section, does Intesa Sanpaolo provide quantifiable metrics for its support (e.g., amounts contributed or beneficiaries reached) for the initiatives described during the reporting period?",,Intesa Sanpaolo,Intesa Sanpaolo,Intesa Sanpaolo,"Within this Social solidarity section, does Intesa Sanpaolo provide quantifiable metrics for its support (e.g., amounts contributed or beneficiaries reached) for the initiatives described during the reporting period?",Intesa_Sanpaolo_0277,Intesa_Sanpaolo_0266,Intesa_Sanpaolo_0277|Intesa_Sanpaolo_0267|Intesa_Sanpaolo_0266|Intesa_Sanpaolo_0280|Intesa_Sanpaolo_0278,0,1.0,mrr_rank1_only,177.056,66.154,177.056,61435,3867,101106,11580
ESRS,"Intesa Sanpaolo__Intesa_Sanpaolo_0278__In this section, does Intesa Sanpaolo set quantified, time-bound environmental targets or disclose KPIs and achieved results linked to the listed initiatives (e.g., the Rome reforestation or ocean protection efforts)?",,Intesa Sanpaolo,Intesa Sanpaolo,Intesa Sanpaolo,"In this section, does Intesa Sanpaolo set quantified, time-bound environmental targets or disclose KPIs and achieved results linked to the listed initiatives (e.g., the Rome reforestation or ocean protection efforts)?",Intesa_Sanpaolo_0278,Intesa_Sanpaolo_0103,Intesa_Sanpaolo_0102|Intesa_Sanpaolo_0101|Intesa_Sanpaolo_0103|Intesa_Sanpaolo_0096|Intesa_Sanpaolo_0099,0,,both_fail,155.931,98.444,155.931,59445,6834,75533,10699
ESRS,"Intesa Sanpaolo__Intesa_Sanpaolo_0279__Does Intesa Sanpaolo disclose any quantified evidence (e.g., numbers of free check-ups delivered, citizens reached, or prevention projects financed) demonstrating outcomes from its health-related initiatives such as Tennis & Friends, Tour della Salute, the European Epilepsy Conference, or CORRI LA VITA?",,Intesa Sanpaolo,Intesa Sanpaolo,Intesa Sanpaolo,"Does Intesa Sanpaolo disclose any quantified evidence (e.g., numbers of free check-ups delivered, citizens reached, or prevention projects financed) demonstrating outcomes from its health-related initiatives such as Tennis & Friends, Tour della Salute, the European Epilepsy Conference, or CORRI LA VITA?",Intesa_Sanpaolo_0279,Intesa_Sanpaolo_0279,Intesa_Sanpaolo_0279|Intesa_Sanpaolo_0265|Intesa_Sanpaolo_0277|Intesa_Sanpaolo_0280|Intesa_Sanpaolo_0278,1,1.0,both_rank1,321.968,321.968,304.125,274620,23078,265669,21564
ESRS,"Intesa Sanpaolo__Intesa_Sanpaolo_0284__Under ESRS S4, does Intesa Sanpaolo’s financial materiality assessment treat the operational risk associated with customer privacy as material?",,Intesa Sanpaolo,Intesa Sanpaolo,Intesa Sanpaolo,"Under ESRS S4, does Intesa Sanpaolo’s financial materiality assessment treat the operational risk associated with customer privacy as material?",Intesa_Sanpaolo_0284,Intesa_Sanpaolo_0284,Intesa_Sanpaolo_0284|Intesa_Sanpaolo_0035|Intesa_Sanpaolo_0009|Intesa_Sanpaolo_0008|Intesa_Sanpaolo_0007,1,1.0,both_rank1,266.143,34.903,266.143,51884,1591,229514,15565
ESRS,"Intesa Sanpaolo__Intesa_Sanpaolo_0289__Under its grievance-handling arrangements, does Intesa Sanpaolo commit to promptly notify the complainant with a specific notice when a deeper review makes it impossible to meet the legally mandated response deadline?",,Intesa Sanpaolo,Intesa Sanpaolo,Intesa Sanpaolo,"Under its grievance-handling arrangements, does Intesa Sanpaolo commit to promptly notify the complainant with a specific notice when a deeper review makes it impossible to meet the legally mandated response deadline?",Intesa_Sanpaolo_0289,Intesa_Sanpaolo_0289,Intesa_Sanpaolo_0297|Intesa_Sanpaolo_0341|Intesa_Sanpaolo_0345|Intesa_Sanpaolo_0347|Intesa_Sanpaolo_0346,1,,accuracy_only_mrr_missing,322.802,298.125,322.802,149130,15714,155529,17060
ESRS,"Intesa Sanpaolo__Intesa_Sanpaolo_0295__Does Intesa Sanpaolo’s reporting articulate the measurement basis for complaint-handling duration (elapsed calendar days from filing to closure) and explicitly flag that, unlike the other categories, the legal deadline for Payment Services (PAG) is expressed in business days?",,Intesa Sanpaolo,Intesa Sanpaolo,Intesa Sanpaolo,"Does Intesa Sanpaolo’s reporting articulate the measurement basis for complaint-handling duration (elapsed calendar days from filing to closure) and explicitly flag that, unlike the other categories, the legal deadline for Payment Services (PAG) is expressed in business days?",Intesa_Sanpaolo_0295,Intesa_Sanpaolo_0295,Intesa_Sanpaolo_0295|Intesa_Sanpaolo_0293|Intesa_Sanpaolo_0291|Intesa_Sanpaolo_0297|Intesa_Sanpaolo_0294,1,1.0,both_rank1,206.479,90.362,206.479,72049,5341,96177,12829
ESRS,"Intesa Sanpaolo__Intesa_Sanpaolo_0297__For Intesa Sanpaolo Group, is there a GDPR Article 30 register of processing operations that is kept up to date and that, for each processing activity, specifies at least the purpose, the data retention/storage arrangements, and the security safeguards applied?",,Intesa Sanpaolo,Intesa Sanpaolo,Intesa Sanpaolo,"For Intesa Sanpaolo Group, is there a GDPR Article 30 register of processing operations that is kept up to date and that, for each processing activity, specifies at least the purpose, the data retention/storage arrangements, and the security safeguards applied?",Intesa_Sanpaolo_0297,Intesa_Sanpaolo_0297,Intesa_Sanpaolo_0297|Intesa_Sanpaolo_0301|Intesa_Sanpaolo_0300|Intesa_Sanpaolo_0299|Intesa_Sanpaolo_0302,1,1.0,both_rank1,230.486,134.543,230.486,159641,7320,180548,13375
ESRS,"Intesa Sanpaolo__Intesa_Sanpaolo_0299__Within its remediation and complaint-handling arrangements, whom has Intesa Sanpaolo designated as responsible for tracking receipt and ensuring timely processing of data-subject complaints and rights requests?",,Intesa Sanpaolo,Intesa Sanpaolo,Intesa Sanpaolo,"Within its remediation and complaint-handling arrangements, whom has Intesa Sanpaolo designated as responsible for tracking receipt and ensuring timely processing of data-subject complaints and rights requests?",Intesa_Sanpaolo_0299,Intesa_Sanpaolo_0297,Intesa_Sanpaolo_0299|Intesa_Sanpaolo_0298|Intesa_Sanpaolo_0297|Intesa_Sanpaolo_0303|Intesa_Sanpaolo_0301,0,1.0,mrr_rank1_only,182.496,75.279,182.496,103725,3888,124241,9171
ESRS,"Intesa Sanpaolo__Intesa_Sanpaolo_0301__For Intesa Sanpaolo, does the disclosure demonstrate that the bank actively tracks staff completion and success of mandatory data-protection e‑learning as part of its customer privacy controls?",,Intesa Sanpaolo,Intesa Sanpaolo,Intesa Sanpaolo,"For Intesa Sanpaolo, does the disclosure demonstrate that the bank actively tracks staff completion and success of mandatory data-protection e‑learning as part of its customer privacy controls?",Intesa_Sanpaolo_0301,Intesa_Sanpaolo_0300,Intesa_Sanpaolo_0301|Intesa_Sanpaolo_0300|Intesa_Sanpaolo_0297|Intesa_Sanpaolo_0299|Intesa_Sanpaolo_0302,0,1.0,mrr_rank1_only,143.568,87.916,143.568,101715,3290,123651,6271
ESRS,"Intesa Sanpaolo__Intesa_Sanpaolo_0302__For ESRS-aligned reporting on consumer protection, does Intesa Sanpaolo specify defined timeframes for its customer anti-fraud measures so that readers can see when initiatives began and how long they will run?",,Intesa Sanpaolo,Intesa Sanpaolo,Intesa Sanpaolo,"For ESRS-aligned reporting on consumer protection, does Intesa Sanpaolo specify defined timeframes for its customer anti-fraud measures so that readers can see when initiatives began and how long they will run?",Intesa_Sanpaolo_0302,Intesa_Sanpaolo_0311,Intesa_Sanpaolo_0306|Intesa_Sanpaolo_0307|Intesa_Sanpaolo_0308|Intesa_Sanpaolo_0311|Intesa_Sanpaolo_0315,0,,both_fail,171.301,62.832,171.301,55997,3566,82972,9598
ESRS,"Intesa Sanpaolo__Intesa_Sanpaolo_0303__For the 2024 reporting period, how many Intesa Sanpaolo customer data breach incidents were formally notified to the Italian Data Protection Authority?",,Intesa Sanpaolo,Intesa Sanpaolo,Intesa Sanpaolo,"For the 2024 reporting period, how many Intesa Sanpaolo customer data breach incidents were formally notified to the Italian Data Protection Authority?",Intesa_Sanpaolo_0303,Intesa_Sanpaolo_0306,Intesa_Sanpaolo_0303|Intesa_Sanpaolo_0307|Intesa_Sanpaolo_0304|Intesa_Sanpaolo_0302|Intesa_Sanpaolo_0306,0,1.0,mrr_rank1_only,148.571,73.034,148.571,53896,2709,79868,6677
ESRS,"Intesa Sanpaolo__Intesa_Sanpaolo_0304__For the 2024 reporting year, does Intesa Sanpaolo disclose the basis of calculation for its metric on prevented customer transaction abuses by specifying that a monitoring system distinguishes between fraud and swindle cases?",,Intesa Sanpaolo,Intesa Sanpaolo,Intesa Sanpaolo,"For the 2024 reporting year, does Intesa Sanpaolo disclose the basis of calculation for its metric on prevented customer transaction abuses by specifying that a monitoring system distinguishes between fraud and swindle cases?",Intesa_Sanpaolo_0304,Intesa_Sanpaolo_0306,Intesa_Sanpaolo_0304|Intesa_Sanpaolo_0307|Intesa_Sanpaolo_0306|Intesa_Sanpaolo_0302|Intesa_Sanpaolo_0309,0,1.0,mrr_rank1_only,190.706,83.787,190.706,100145,3631,123736,9183
ESRS,Intesa Sanpaolo__Intesa_Sanpaolo_0307__Has Intesa Sanpaolo established a designated email channel for customers to report alleged breaches of its Code of Ethics?,,Intesa Sanpaolo,Intesa Sanpaolo,Intesa Sanpaolo,Has Intesa Sanpaolo established a designated email channel for customers to report alleged breaches of its Code of Ethics?,Intesa_Sanpaolo_0307,Intesa_Sanpaolo_0332,Intesa_Sanpaolo_0332|Intesa_Sanpaolo_0330|Intesa_Sanpaolo_0341|Intesa_Sanpaolo_0339|Intesa_Sanpaolo_0334,0,,both_fail,163.989,73.444,163.989,61338,4781,79597,9648
ESRS,Intesa Sanpaolo__Intesa_Sanpaolo_0311__Does Intesa Sanpaolo operate a post-disbursement control to confirm that a loan’s sustainability label remains valid for the full life of the facility?,,Intesa Sanpaolo,Intesa Sanpaolo,Intesa Sanpaolo,Does Intesa Sanpaolo operate a post-disbursement control to confirm that a loan’s sustainability label remains valid for the full life of the facility?,Intesa_Sanpaolo_0311,Intesa_Sanpaolo_0076,Intesa_Sanpaolo_0076|Intesa_Sanpaolo_0061|Intesa_Sanpaolo_0060|Intesa_Sanpaolo_0075,0,,both_fail,380.928,380.928,357.872,189407,15385,179161,14171
ESRS,"Intesa Sanpaolo__Intesa_Sanpaolo_0312__Does Intesa Sanpaolo describe a defined process for systematically collecting customer feedback, including the timing of such assessments, and indicate that insights are used to adjust products and services?",,Intesa Sanpaolo,Intesa Sanpaolo,Intesa Sanpaolo,"Does Intesa Sanpaolo describe a defined process for systematically collecting customer feedback, including the timing of such assessments, and indicate that insights are used to adjust products and services?",Intesa_Sanpaolo_0312,Intesa_Sanpaolo_0288,Intesa_Sanpaolo_0291|Intesa_Sanpaolo_0288|Intesa_Sanpaolo_0289|Intesa_Sanpaolo_0290|Intesa_Sanpaolo_0297,0,,both_fail,242.64,183.294,242.64,70352,6795,85515,9801
ESRS,"ABN Amro__ABN_Amro_0146__In its disclosure of non-Taxonomy climate-mitigation financing, does ABN Amro indicate that its loan exposures (including those to financial and non-financial corporates, commercial real estate, households, and residential mortgages) mitigate physical climate risk?",,ABN Amro,ABN Amro,ABN Amro,"In its disclosure of non-Taxonomy climate-mitigation financing, does ABN Amro indicate that its loan exposures (including those to financial and non-financial corporates, commercial real estate, households, and residential mortgages) mitigate physical climate risk?",ABN_Amro_0146,ABN_Amro_0146,ABN_Amro_0146|ABN_Amro_0145|ABN_Amro_0066|ABN_Amro_0144|ABN_Amro_0073,1,1.0,both_rank1,573.095,51.727,573.095,15143,1532,103225,20467
ESRS,"Banca Monte dei Paschi di Siena__Banca_Monte_dei_Paschi_di_Siena_0094__For Banca Monte dei Paschi di Siena, does the MPS Sviluppa initiative affirm that access to learning and development is non-discriminatory and that this principle is anchored in the bank’s Code of Ethics and its internal inclusion rules?",,Banca Monte dei Paschi di Siena,Banca Monte dei Paschi di Siena,Banca Monte dei Paschi di Siena,"For Banca Monte dei Paschi di Siena, does the MPS Sviluppa initiative affirm that access to learning and development is non-discriminatory and that this principle is anchored in the bank’s Code of Ethics and its internal inclusion rules?",Banca_Monte_dei_Paschi_di_Siena_0094,Banca_Monte_dei_Paschi_di_Siena_0095,Banca_Monte_dei_Paschi_di_Siena_0094|Banca_Monte_dei_Paschi_di_Siena_0095|Banca_Monte_dei_Paschi_di_Siena_0093|Banca_Monte_dei_Paschi_di_Siena_0092|Banca_Monte_dei_Paschi_di_Siena_0091,0,1.0,mrr_rank1_only,161.839,92.786,161.839,23475,4817,40480,8578
ESRS,Banque Postale__Banque_Postale_0124__Has Banque Postale set waste-management targets that extend to its lending and investment portfolios?,,Banque Postale,Banque Postale,Banque Postale,Has Banque Postale set waste-management targets that extend to its lending and investment portfolios?,Banque_Postale_0124,Banque_Postale_0000,Banque_Postale_0124|Banque_Postale_0121|Banque_Postale_0122|Banque_Postale_0000|Banque_Postale_0120_intro,0,1.0,mrr_rank1_only,172.68,36.928,172.68,15498,1732,82262,6532
ESRS,"CaixaBank__CaixaBank_0023__Does CaixaBank’s disclosure explicitly identify the sources of data used to quantify climate-related risks by separating internal client-level questionnaires, asset-specific due diligence and mortgage EPCs, public client disclosures and litigation checks, and external third‑party inputs (including ESG rating providers and datasets from UNEP FI, IPCC, IEA, PIK, INE, NGFS, PCAF, and Copernicus)?",,CaixaBank,CaixaBank,CaixaBank,"Does CaixaBank’s disclosure explicitly identify the sources of data used to quantify climate-related risks by separating internal client-level questionnaires, asset-specific due diligence and mortgage EPCs, public client disclosures and litigation checks, and external third‑party inputs (including ESG rating providers and datasets from UNEP FI, IPCC, IEA, PIK, INE, NGFS, PCAF, and Copernicus)?",CaixaBank_0023,CaixaBank_0023,CaixaBank_0023|CaixaBank_0022|CaixaBank_0019|CaixaBank_0020|CaixaBank_0014_intro,1,1.0,both_rank1,213.641,137.32,213.641,44352,7426,56042,11670
ESRS,"CaixaBank__CaixaBank_0060__In its sector transition plan, does CaixaBank specify client-oriented levers—such as engagement with major customers and portfolio rebalancing—as the means to deliver its interim portfolio decarbonisation objective?",,CaixaBank,CaixaBank,CaixaBank,"In its sector transition plan, does CaixaBank specify client-oriented levers—such as engagement with major customers and portfolio rebalancing—as the means to deliver its interim portfolio decarbonisation objective?",CaixaBank_0060,CaixaBank_0060,CaixaBank_0060|CaixaBank_0052|CaixaBank_0058|CaixaBank_0050|CaixaBank_0059,1,1.0,both_rank1,223.005,96.703,223.005,41858,4256,59683,11034
ESRS,"Deutsche Bank__Deutsche_Bank_0002__Under the ESRS 2 BP‑2(16) cross‑referencing possibility, which specific ESRS disclosures has Deutsche Bank located outside its Sustainability Statement, and where in the Annual Report does it direct users to find each of them?",,Deutsche Bank,Deutsche Bank,Deutsche Bank,"Under the ESRS 2 BP‑2(16) cross‑referencing possibility, which specific ESRS disclosures has Deutsche Bank located outside its Sustainability Statement, and where in the Annual Report does it direct users to find each of them?",Deutsche_Bank_0002,Deutsche_Bank_0002,Deutsche_Bank_0002|Deutsche_Bank_0026|Deutsche_Bank_0000|Deutsche_Bank_0001|Deutsche_Bank_0025,1,1.0,both_rank1,151.459,32.472,151.459,31910,1678,153827,8141
ESRS,"Deutsche Bank__Deutsche_Bank_0006__For ESRS 2 SBM-2 purposes, does Deutsche Bank describe a defined process for handling environmental or social allegations raised by non-governmental stakeholders, including how it evaluates the claims and the range of response actions available?",,Deutsche Bank,Deutsche Bank,Deutsche Bank,"For ESRS 2 SBM-2 purposes, does Deutsche Bank describe a defined process for handling environmental or social allegations raised by non-governmental stakeholders, including how it evaluates the claims and the range of response actions available?",Deutsche_Bank_0006,Deutsche_Bank_0006,Deutsche_Bank_0006|Deutsche_Bank_0008|Deutsche_Bank_0003|Deutsche_Bank_0017|Deutsche_Bank_0007,1,1.0,both_rank1,161.969,31.757,161.969,33414,1340,172036,7224
ESRS,"Deutsche Bank__Deutsche_Bank_0023__For the ESRS 2 disclosures cited (GOV-2, SBM-3, MDR-P, MDR-A), where does Deutsche Bank indicate that stakeholders can access its detailed description of information security governance, strategy, and risk oversight?",,Deutsche Bank,Deutsche Bank,Deutsche Bank,"For the ESRS 2 disclosures cited (GOV-2, SBM-3, MDR-P, MDR-A), where does Deutsche Bank indicate that stakeholders can access its detailed description of information security governance, strategy, and risk oversight?",Deutsche_Bank_0023,Deutsche_Bank_0023,Deutsche_Bank_0023|Deutsche_Bank_0002|Deutsche_Bank_0022|Deutsche_Bank_0026|Deutsche_Bank_0016,1,1.0,both_rank1,228.623,33.764,228.622,29724,1612,201797,10536
ESRS,"Intesa Sanpaolo__Intesa_Sanpaolo_0261__For Intesa Sanpaolo’s collaboration with Fondazione Banco Farmaceutico under the “Pharma Links” initiative, does the disclosure include a quantifiable, time-bound outcome indicator evidencing performance (i.e., the number of medicines and the specific reporting years covered)?",,Intesa Sanpaolo,Intesa Sanpaolo,Intesa Sanpaolo,"For Intesa Sanpaolo’s collaboration with Fondazione Banco Farmaceutico under the “Pharma Links” initiative, does the disclosure include a quantifiable, time-bound outcome indicator evidencing performance (i.e., the number of medicines and the specific reporting years covered)?",Intesa_Sanpaolo_0261,Intesa_Sanpaolo_0261,Intesa_Sanpaolo_0261|Intesa_Sanpaolo_0259|Intesa_Sanpaolo_0260|Intesa_Sanpaolo_0262|Intesa_Sanpaolo_0253,1,1.0,both_rank1,203.46,65.97,203.46,64142,2965,96775,10567
ESRS,"Intesa Sanpaolo__Intesa_Sanpaolo_0313__For ESRS reporting on grievance mechanisms, has Intesa Sanpaolo identified customer complaint intake routes that cover both digital and physical submission options?",,Intesa Sanpaolo,Intesa Sanpaolo,Intesa Sanpaolo,"For ESRS reporting on grievance mechanisms, has Intesa Sanpaolo identified customer complaint intake routes that cover both digital and physical submission options?",Intesa_Sanpaolo_0313,Intesa_Sanpaolo_0297,Intesa_Sanpaolo_0289|Intesa_Sanpaolo_0299|Intesa_Sanpaolo_0298|Intesa_Sanpaolo_0297|Intesa_Sanpaolo_0302,0,,both_fail,175.481,73.194,175.481,57529,3036,85689,8024
ESRS,"Intesa Sanpaolo__Intesa_Sanpaolo_0314__For the ESG workshop count metric, has Intesa Sanpaolo disclosed a numeric baseline as of 31 December 2021 to support target tracking?",,Intesa Sanpaolo,Intesa Sanpaolo,Intesa Sanpaolo,"For the ESG workshop count metric, has Intesa Sanpaolo disclosed a numeric baseline as of 31 December 2021 to support target tracking?",Intesa_Sanpaolo_0314,Intesa_Sanpaolo_0009,Intesa_Sanpaolo_0009|Intesa_Sanpaolo_0008|Intesa_Sanpaolo_0007|Intesa_Sanpaolo_0000,0,,both_fail,390.806,390.806,377.251,300786,13954,297139,13245
ESRS,"Intesa Sanpaolo__Intesa_Sanpaolo_0315__Do Intesa Sanpaolo's disclosures specify automated internal controls in retail lending to ensure compliance with consumer lending regulations, including surveillance of legal interest-rate ceilings and affordability ratios based on borrower income, to prevent over-indebtedness?",,Intesa Sanpaolo,Intesa Sanpaolo,Intesa Sanpaolo,"Do Intesa Sanpaolo's disclosures specify automated internal controls in retail lending to ensure compliance with consumer lending regulations, including surveillance of legal interest-rate ceilings and affordability ratios based on borrower income, to prevent over-indebtedness?",Intesa_Sanpaolo_0315,Intesa_Sanpaolo_0315,Intesa_Sanpaolo_0315|Intesa_Sanpaolo_0287|Intesa_Sanpaolo_0285|Intesa_Sanpaolo_0284|Intesa_Sanpaolo_0009,1,1.0,both_rank1,394.979,303.805,394.979,189401,13657,255484,17922
ESRS,"Intesa Sanpaolo__Intesa_Sanpaolo_0316__For ESRS-style transparency on metric boundaries, does Intesa Sanpaolo specify the measurement bases and reporting perimeter used for its 2024 sustainable lending disbursements and stocks across environmental, social, and other sustainability categories, including whether figures come from accounting versus operational balances and which parts of the Group they cover?",,Intesa Sanpaolo,Intesa Sanpaolo,Intesa Sanpaolo,"For ESRS-style transparency on metric boundaries, does Intesa Sanpaolo specify the measurement bases and reporting perimeter used for its 2024 sustainable lending disbursements and stocks across environmental, social, and other sustainability categories, including whether figures come from accounting versus operational balances and which parts of the Group they cover?",Intesa_Sanpaolo_0316,Intesa_Sanpaolo_0015,Intesa_Sanpaolo_0015|Intesa_Sanpaolo_0016|Intesa_Sanpaolo_0014|Intesa_Sanpaolo_0011_intro,0,,both_fail,253.163,253.163,233.384,164006,12642,160190,11484
ESRS,"Intesa Sanpaolo__Intesa_Sanpaolo_0319__For ESRS reporting, does Intesa Sanpaolo disclose that the Asset Management Division’s sustainability policies are subject to a formal annual review cycle?",,Intesa Sanpaolo,Intesa Sanpaolo,Intesa Sanpaolo,"For ESRS reporting, does Intesa Sanpaolo disclose that the Asset Management Division’s sustainability policies are subject to a formal annual review cycle?",Intesa_Sanpaolo_0319,Intesa_Sanpaolo_0010,Intesa_Sanpaolo_0010|Intesa_Sanpaolo_0184|Intesa_Sanpaolo_0183,0,,both_fail,293.012,293.012,275.561,288470,14398,283996,13259
ESRS,"Intesa Sanpaolo__Intesa_Sanpaolo_0320__For ESRS governance disclosures, which Intesa Sanpaolo role holds final accountability for implementing the policies that embed sustainability risk integration and principal adverse impact considerations within investment advisory and insurance distribution?",,Intesa Sanpaolo,Intesa Sanpaolo,Intesa Sanpaolo,"For ESRS governance disclosures, which Intesa Sanpaolo role holds final accountability for implementing the policies that embed sustainability risk integration and principal adverse impact considerations within investment advisory and insurance distribution?",Intesa_Sanpaolo_0320,Intesa_Sanpaolo_0042,Intesa_Sanpaolo_0042|Intesa_Sanpaolo_0010,0,,both_fail,271.356,271.356,254.102,261066,14047,255239,13362
ESRS,"Intesa Sanpaolo__Intesa_Sanpaolo_0321__For Intesa Sanpaolo, does the disclosure set a quantified, time-bound 2025 target for the share of Eurizon UCIs classified under SFDR Articles 8 and 9, and identify the corresponding baseline date and percentage?",,Intesa Sanpaolo,Intesa Sanpaolo,Intesa Sanpaolo,"For Intesa Sanpaolo, does the disclosure set a quantified, time-bound 2025 target for the share of Eurizon UCIs classified under SFDR Articles 8 and 9, and identify the corresponding baseline date and percentage?",Intesa_Sanpaolo_0321,Intesa_Sanpaolo_0028,Intesa_Sanpaolo_0028|Intesa_Sanpaolo_0025|Intesa_Sanpaolo_0027,0,,both_fail,193.773,193.773,177.344,175673,11338,169505,10519
ESRS,"Intesa Sanpaolo__Intesa_Sanpaolo_0323__For ESRS governance disclosures, which control functions within Intesa Sanpaolo’s Asset Management Division are tasked with overseeing adherence to its sustainability-focused investment approaches (such as negative/positive screening and engagement)?",,Intesa Sanpaolo,Intesa Sanpaolo,Intesa Sanpaolo,"For ESRS governance disclosures, which control functions within Intesa Sanpaolo’s Asset Management Division are tasked with overseeing adherence to its sustainability-focused investment approaches (such as negative/positive screening and engagement)?",Intesa_Sanpaolo_0323,Intesa_Sanpaolo_0042,Intesa_Sanpaolo_0042,0,,both_fail,182.178,182.178,169.149,176280,8944,171036,8403
ESRS,"Intesa Sanpaolo__Intesa_Sanpaolo_0324__Within its sustainability disclosure, does Intesa Sanpaolo state a defined 2022–2025 timeframe for increasing the share of Private Banking offerings classified under SFDR Articles 8/9 and report the 2024 result for the proportion of new products meeting those classifications?",,Intesa Sanpaolo,Intesa Sanpaolo,Intesa Sanpaolo,"Within its sustainability disclosure, does Intesa Sanpaolo state a defined 2022–2025 timeframe for increasing the share of Private Banking offerings classified under SFDR Articles 8/9 and report the 2024 result for the proportion of new products meeting those classifications?",Intesa_Sanpaolo_0324,Intesa_Sanpaolo_0025,Intesa_Sanpaolo_0025|Intesa_Sanpaolo_0028,0,,both_fail,204.093,204.093,194.86,216409,12127,212279,11319
ESRS,"Intesa Sanpaolo__Intesa_Sanpaolo_0327__For Intesa Sanpaolo, does the insurance disclosure set out a quantified greenhouse-gas reduction target for its investment portfolio that identifies the base year, target year, and the intensity metric applied?",,Intesa Sanpaolo,Intesa Sanpaolo,Intesa Sanpaolo,"For Intesa Sanpaolo, does the insurance disclosure set out a quantified greenhouse-gas reduction target for its investment portfolio that identifies the base year, target year, and the intensity metric applied?",Intesa_Sanpaolo_0327,Intesa_Sanpaolo_0182,Intesa_Sanpaolo_0182|Intesa_Sanpaolo_0181|Intesa_Sanpaolo_0183|Intesa_Sanpaolo_0074|Intesa_Sanpaolo_0061,0,,both_fail,483.626,483.626,467.129,402191,29433,391642,27996
ESRS,"Intesa Sanpaolo__Intesa_Sanpaolo_0330__Within its ESRS G1 (Business Conduct) financial materiality assessment for the supplier chain, which single risk did Intesa Sanpaolo classify as financially material, and to which business conduct themes is it tied?",,Intesa Sanpaolo,Intesa Sanpaolo,Intesa Sanpaolo,"Within its ESRS G1 (Business Conduct) financial materiality assessment for the supplier chain, which single risk did Intesa Sanpaolo classify as financially material, and to which business conduct themes is it tied?",Intesa_Sanpaolo_0330,Intesa_Sanpaolo_0330,Intesa_Sanpaolo_0330|Intesa_Sanpaolo_0332|Intesa_Sanpaolo_0034|Intesa_Sanpaolo_0035|Intesa_Sanpaolo_0010,1,1.0,both_rank1,273.62,45.261,273.62,50765,1778,233971,14396
ESRS,"Intesa Sanpaolo__Intesa_Sanpaolo_0332__Within Intesa Sanpaolo’s disclosures on corporate culture policies, does the bank specify which governing bodies formally authorize the adoption and subsequent revisions of its Code of Ethics, as required for ESRS governance-policy transparency?",,Intesa Sanpaolo,Intesa Sanpaolo,Intesa Sanpaolo,"Within Intesa Sanpaolo’s disclosures on corporate culture policies, does the bank specify which governing bodies formally authorize the adoption and subsequent revisions of its Code of Ethics, as required for ESRS governance-policy transparency?",Intesa_Sanpaolo_0332,Intesa_Sanpaolo_0330,Intesa_Sanpaolo_0332|Intesa_Sanpaolo_0330|Intesa_Sanpaolo_0334|Intesa_Sanpaolo_0333|Intesa_Sanpaolo_0336,0,1.0,mrr_rank1_only,129.605,59.605,129.605,50759,2664,72741,7644
ESRS,"Intesa Sanpaolo__Intesa_Sanpaolo_0334__For ESRS-compliant disclosure on measures to uphold its Code of Ethics, does Intesa Sanpaolo state that non-completion of mandatory training within set deadlines triggers consequences tied to the Group’s incentive/remuneration framework?",,Intesa Sanpaolo,Intesa Sanpaolo,Intesa Sanpaolo,"For ESRS-compliant disclosure on measures to uphold its Code of Ethics, does Intesa Sanpaolo state that non-completion of mandatory training within set deadlines triggers consequences tied to the Group’s incentive/remuneration framework?",Intesa_Sanpaolo_0334,Intesa_Sanpaolo_0338,Intesa_Sanpaolo_0334|Intesa_Sanpaolo_0336|Intesa_Sanpaolo_0338|Intesa_Sanpaolo_0339|Intesa_Sanpaolo_0341,0,1.0,mrr_rank1_only,148.643,43.31,148.643,54085,2634,78755,9316
ESRS,"Intesa Sanpaolo__Intesa_Sanpaolo_0336__For ESRS reporting on business conduct policies, does Intesa Sanpaolo clearly state the Group-wide applicability of its Anti-Corruption Guidelines and identify any entities that are carved out?",,Intesa Sanpaolo,Intesa Sanpaolo,Intesa Sanpaolo,"For ESRS reporting on business conduct policies, does Intesa Sanpaolo clearly state the Group-wide applicability of its Anti-Corruption Guidelines and identify any entities that are carved out?",Intesa_Sanpaolo_0336,Intesa_Sanpaolo_0337,Intesa_Sanpaolo_0336|Intesa_Sanpaolo_0338|Intesa_Sanpaolo_0337|Intesa_Sanpaolo_0332|Intesa_Sanpaolo_0334,0,1.0,mrr_rank1_only,130.213,33.127,130.213,52688,2396,84581,8859
ESRS,"Intesa Sanpaolo__Intesa_Sanpaolo_0337__In its corruption-prevention disclosures, does Intesa Sanpaolo confirm whether it has established quantitative, time-bound targets for this governance area?",,Intesa Sanpaolo,Intesa Sanpaolo,Intesa Sanpaolo,"In its corruption-prevention disclosures, does Intesa Sanpaolo confirm whether it has established quantitative, time-bound targets for this governance area?",Intesa_Sanpaolo_0337,Intesa_Sanpaolo_0337,Intesa_Sanpaolo_0337|Intesa_Sanpaolo_0338|Intesa_Sanpaolo_0336|Intesa_Sanpaolo_0341|Intesa_Sanpaolo_0342,1,1.0,both_rank1,120.503,36.252,120.503,52625,1445,72451,6691
ESRS,"Intesa Sanpaolo__Intesa_Sanpaolo_0345__Within its ESRS S2 disclosure on policies for workers in the value chain, does Intesa Sanpaolo state that it relies on internal procurement guidelines that allocate governance accountabilities for purchasing activities between the parent entity and group companies?",,Intesa Sanpaolo,Intesa Sanpaolo,Intesa Sanpaolo,"Within its ESRS S2 disclosure on policies for workers in the value chain, does Intesa Sanpaolo state that it relies on internal procurement guidelines that allocate governance accountabilities for purchasing activities between the parent entity and group companies?",Intesa_Sanpaolo_0345,Intesa_Sanpaolo_0241,Intesa_Sanpaolo_0241|Intesa_Sanpaolo_0240|Intesa_Sanpaolo_0238,0,,both_fail,137.307,47.997,137.307,53596,2510,113174,8530
ESRS,"Intesa Sanpaolo__Intesa_Sanpaolo_0352__For ESRS transparency on public policy engagement, does Intesa Sanpaolo specify the internal unit responsible for its EU-level lobbying and interactions with policymakers?",,Intesa Sanpaolo,Intesa Sanpaolo,Intesa Sanpaolo,"For ESRS transparency on public policy engagement, does Intesa Sanpaolo specify the internal unit responsible for its EU-level lobbying and interactions with policymakers?",Intesa_Sanpaolo_0352,Intesa_Sanpaolo_0352,Intesa_Sanpaolo_0352|Intesa_Sanpaolo_0350|Intesa_Sanpaolo_0351|Intesa_Sanpaolo_0353|Intesa_Sanpaolo_0330,1,1.0,both_rank1,73.028,38.147,73.028,52567,2262,87392,4859
ESRS,"Banque Postale__Banque_Postale_0015__For the 2024 financial year, has Banque Postale quantified the share of Executive Board variable remuneration linked to sustainability outcomes and identified its components, including a climate pathway aligned with the Paris Agreement?",,Banque Postale,Banque Postale,Banque Postale,"For the 2024 financial year, has Banque Postale quantified the share of Executive Board variable remuneration linked to sustainability outcomes and identified its components, including a climate pathway aligned with the Paris Agreement?",Banque_Postale_0015,Banque_Postale_0000,Banque_Postale_0238|Banque_Postale_0051|Banque_Postale_0049|Banque_Postale_0032|Banque_Postale_0214,0,,both_fail,289.548,289.548,271.208,311105,19795,245583,18371
ESRS,"Banque Postale__Banque_Postale_0070__For ESRS transparency on external sustainability commitments, does Banque Postale explicitly state that it has entered into a sector-wide initiative that obliges it to align its corporate strategy with international and national sustainability frameworks?",,Banque Postale,Banque Postale,Banque Postale,"For ESRS transparency on external sustainability commitments, does Banque Postale explicitly state that it has entered into a sector-wide initiative that obliges it to align its corporate strategy with international and national sustainability frameworks?",Banque_Postale_0070,Banque_Postale_0069,Banque_Postale_0238|Banque_Postale_0004_intro|Banque_Postale_0015|Banque_Postale_0016|Banque_Postale_0054,0,,both_fail,611.981,611.981,555.017,468602,40279,325384,36326
ESRS,"CaixaBank__CaixaBank_0004__For ESRS-aligned disclosures on due diligence, has CaixaBank instituted a Board-approved, recurring human rights due diligence process?",,CaixaBank,CaixaBank,CaixaBank,"For ESRS-aligned disclosures on due diligence, has CaixaBank instituted a Board-approved, recurring human rights due diligence process?",CaixaBank_0004,CaixaBank_0004,CaixaBank_0004|CaixaBank_0122|CaixaBank_0112|CaixaBank_0111|CaixaBank_0110,1,1.0,both_rank1,168.0,24.705,168.0,44471,1402,208650,10643
ESRS,"DNB__DNB_0032__For DNB’s 2023 GAR KPI based on turnover, does the scope explicitly omit held‑for‑trading loans, debt securities and equity holdings from both the numerator and the denominator?",,DNB,DNB,DNB,"For DNB’s 2023 GAR KPI based on turnover, does the scope explicitly omit held‑for‑trading loans, debt securities and equity holdings from both the numerator and the denominator?",DNB_0032,DNB_0032,DNB_0032|DNB_0031|DNB_0034|DNB_0035|DNB_0030,1,1.0,both_rank1,191.707,31.356,191.707,34320,2065,232241,13535
ESRS,"Intesa Sanpaolo__Intesa_Sanpaolo_0353__For ESRS G1-5 disclosures on political influence and lobbying, does Intesa Sanpaolo report its EU Transparency Register registration identifier?",,Intesa Sanpaolo,Intesa Sanpaolo,Intesa Sanpaolo,"For ESRS G1-5 disclosures on political influence and lobbying, does Intesa Sanpaolo report its EU Transparency Register registration identifier?",Intesa_Sanpaolo_0353,Intesa_Sanpaolo_0353,Intesa_Sanpaolo_0353|Intesa_Sanpaolo_0352|Intesa_Sanpaolo_0350|Intesa_Sanpaolo_0351,1,1.0,both_rank1,177.939,34.004,177.939,71774,1734,207545,8999
ESRS,"KBC Group__KBC_Group_0002__Did KBC Group invoke the ESRS confidentiality carve-out to withhold disclosures that would reveal protected intellectual property, know‑how, or innovation outcomes?",,KBC Group,KBC Group,KBC Group,"Did KBC Group invoke the ESRS confidentiality carve-out to withhold disclosures that would reveal protected intellectual property, know‑how, or innovation outcomes?",KBC_Group_0002,KBC_Group_0000,KBC_Group_0002|KBC_Group_0003|KBC_Group_0000|KBC_Group_0018,0,1.0,mrr_rank1_only,128.123,19.14,128.123,18925,1276,120203,7789
ESRS,"KBC Group__KBC_Group_0003__Does KBC Group disclose that, for the financial materiality assessment of risks within its double materiality process, it applies alternative short-, medium-, and long-term horizons and clarify how each differs from the ESRS reference periods?",,KBC Group,KBC Group,KBC Group,"Does KBC Group disclose that, for the financial materiality assessment of risks within its double materiality process, it applies alternative short-, medium-, and long-term horizons and clarify how each differs from the ESRS reference periods?",KBC_Group_0003,KBC_Group_0000,KBC_Group_0003|KBC_Group_0002|KBC_Group_0000|KBC_Group_0017|KBC_Group_0015,0,1.0,mrr_rank1_only,91.999,26.377,91.999,18985,1742,88557,6518
ESRS,"KBC Group__KBC_Group_0007__For ESRS-consistent governance disclosure on pay alignment, does KBC Group quantify the share of Executive Committee variable compensation that is expressly contingent on climate-related performance, and what range does it report?",,KBC Group,KBC Group,KBC Group,"For ESRS-consistent governance disclosure on pay alignment, does KBC Group quantify the share of Executive Committee variable compensation that is expressly contingent on climate-related performance, and what range does it report?",KBC_Group_0007,KBC_Group_0007,KBC_Group_0007|KBC_Group_0006|KBC_Group_0005|KBC_Group_0008|KBC_Group_0047,1,1.0,both_rank1,86.472,20.717,86.472,22948,1144,77016,5362
ESRS,"KBC Group__KBC_Group_0009__Within KBC Group’s sustainability-reporting governance, which internal function is designated to coordinate preparation of the Sustainability Statement and to ensure conformity with ESRS requirements?",,KBC Group,KBC Group,KBC Group,"Within KBC Group’s sustainability-reporting governance, which internal function is designated to coordinate preparation of the Sustainability Statement and to ensure conformity with ESRS requirements?",KBC_Group_0009,KBC_Group_0008,KBC_Group_0009|KBC_Group_0008|KBC_Group_0011|KBC_Group_0003|KBC_Group_0002,0,1.0,mrr_rank1_only,109.014,92.388,109.014,68568,5439,79283,6573
ESRS,"KBC Group__KBC_Group_0011__Does KBC Group’s disclosure under Strategy, business model and value chain provide a structured description of its value chain that separates (i) key upstream inputs, (ii) activities within its own operations, and (iii) the main downstream business activities through which it serves customers?",,KBC Group,KBC Group,KBC Group,"Does KBC Group’s disclosure under Strategy, business model and value chain provide a structured description of its value chain that separates (i) key upstream inputs, (ii) activities within its own operations, and (iii) the main downstream business activities through which it serves customers?",KBC_Group_0011,KBC_Group_0011,KBC_Group_0011|KBC_Group_0012|KBC_Group_0014|KBC_Group_0015|KBC_Group_0018,1,1.0,both_rank1,104.132,26.686,104.132,23711,1581,83686,7143
ESRS,"KBC Group__KBC_Group_0014__Did KBC Group justify the absence of a comparative disclosure of changes to its material impacts, risks and opportunities relative to the previous reporting period?",,KBC Group,KBC Group,KBC Group,"Did KBC Group justify the absence of a comparative disclosure of changes to its material impacts, risks and opportunities relative to the previous reporting period?",KBC_Group_0014,KBC_Group_0017,KBC_Group_0017|KBC_Group_0003|KBC_Group_0018|KBC_Group_0002|KBC_Group_0000,0,,both_fail,129.432,53.471,129.432,33148,3039,82232,7184
ESRS,"KBC Group__KBC_Group_0015__Consistent with ESRS transparency on estimation uncertainty, does KBC Group disclose that constrained ESG risk data granularity leads it to use proxy indicators—particularly for value‑chain exposures—when estimating current financial effects, and note that this affects the reliability and stability of those estimates?",,KBC Group,KBC Group,KBC Group,"Consistent with ESRS transparency on estimation uncertainty, does KBC Group disclose that constrained ESG risk data granularity leads it to use proxy indicators—particularly for value‑chain exposures—when estimating current financial effects, and note that this affects the reliability and stability of those estimates?",KBC_Group_0015,KBC_Group_0003,KBC_Group_0003|KBC_Group_0002|KBC_Group_0000|KBC_Group_0017|KBC_Group_0018,0,,both_fail,92.915,58.383,92.915,24441,4440,74544,7007
ESRS,KBC Group__KBC_Group_0018__Has KBC Group indicated that the ESRS E1-9 disclosure requiring disaggregation of the carrying amount of its real estate portfolio by energy-efficiency categories is subject to a phase-in period?,,KBC Group,KBC Group,KBC Group,Has KBC Group indicated that the ESRS E1-9 disclosure requiring disaggregation of the carrying amount of its real estate portfolio by energy-efficiency categories is subject to a phase-in period?,KBC_Group_0018,KBC_Group_0003,KBC_Group_0003|KBC_Group_0000,0,,both_fail,106.335,106.335,106.335,77733,6908,77733,6908
ESRS,"KBC Group__KBC_Group_0020__For the credit institution perimeter, has KBC Group prepared its Article 8 EU Taxonomy disclosures on the prudential consolidation basis required by the Disclosure Delegated Act, and does that perimeter coincide with KBC Group’s accounting consolidation scope?",,KBC Group,KBC Group,KBC Group,"For the credit institution perimeter, has KBC Group prepared its Article 8 EU Taxonomy disclosures on the prudential consolidation basis required by the Disclosure Delegated Act, and does that perimeter coincide with KBC Group’s accounting consolidation scope?",KBC_Group_0020,KBC_Group_0020,KBC_Group_0020,1,1.0,both_rank1,81.031,22.413,81.031,24350,1522,83015,5126
ESRS,KBC Group__KBC_Group_0029__Does KBC Group’s documented base-year recalculation policy for its own-operations greenhouse gas targets specify a numeric trigger for when the baseline must be revised?,,KBC Group,KBC Group,KBC Group,Does KBC Group’s documented base-year recalculation policy for its own-operations greenhouse gas targets specify a numeric trigger for when the baseline must be revised?,KBC_Group_0029,KBC_Group_0029,KBC_Group_0029|KBC_Group_0035|KBC_Group_0034|KBC_Group_0023,1,1.0,both_rank1,150.294,34.402,150.294,31303,1987,101710,9592
ESRS,"KBC Group__KBC_Group_0030__For its loan and lease portfolio climate targets, has KBC Group clarified whether the target boundary includes counterparties’ Scope 3 emissions, or is it limited to Scope 1 and, where applicable, Scope 2 emissions of borrowers?",,KBC Group,KBC Group,KBC Group,"For its loan and lease portfolio climate targets, has KBC Group clarified whether the target boundary includes counterparties’ Scope 3 emissions, or is it limited to Scope 1 and, where applicable, Scope 2 emissions of borrowers?",KBC_Group_0030,KBC_Group_0030,KBC_Group_0030|KBC_Group_0035|KBC_Group_0023|KBC_Group_0017|KBC_Group_0020,1,1.0,both_rank1,137.201,38.014,137.201,36167,2307,97379,9077
ESRS,KBC Group__KBC_Group_0031__Does KBC Group’s asset management disclosure clearly state which greenhouse gas scopes are included in the carbon-intensity indicator applied to corporate holdings within its responsible funds?,,KBC Group,KBC Group,KBC Group,Does KBC Group’s asset management disclosure clearly state which greenhouse gas scopes are included in the carbon-intensity indicator applied to corporate holdings within its responsible funds?,KBC_Group_0031,KBC_Group_0035,KBC_Group_0031|KBC_Group_0035|KBC_Group_0033_intro|KBC_Group_0034|KBC_Group_0030,0,1.0,mrr_rank1_only,106.19,40.457,106.19,34491,2931,70927,7717
ESRS,"KBC Group__KBC_Group_0035__For ESRS-aligned completeness of Scope 3 Category 15 disclosures, has KBC Group explicitly quantified the proportion of its loan portfolio excluded from financed-emissions calculations due to missing methods or data?",,KBC Group,KBC Group,KBC Group,"For ESRS-aligned completeness of Scope 3 Category 15 disclosures, has KBC Group explicitly quantified the proportion of its loan portfolio excluded from financed-emissions calculations due to missing methods or data?",KBC_Group_0035,KBC_Group_0035,KBC_Group_0035|KBC_Group_0033_intro|KBC_Group_0034|KBC_Group_0030|KBC_Group_0003,1,1.0,both_rank1,152.27,40.405,152.27,34563,2771,93811,9438
ESRS,"KBC Group__KBC_Group_0036__Regarding ESRS transparency on verification, did KBC Group obtain any independent assurance over its absolute insurance-underwriting emissions figures beyond the work performed by its assurance provider?",,KBC Group,KBC Group,KBC Group,"Regarding ESRS transparency on verification, did KBC Group obtain any independent assurance over its absolute insurance-underwriting emissions figures beyond the work performed by its assurance provider?",KBC_Group_0036,KBC_Group_0036,KBC_Group_0036|KBC_Group_0035|KBC_Group_0034|KBC_Group_0033_intro|KBC_Group_0000,1,1.0,both_rank1,171.159,38.434,171.159,31499,2998,99392,12528
ESRS,"KBC Group__KBC_Group_0039__For ESRS-related disclosure on methodology assurance, can KBC Group confirm whether its internal carbon price calculations are independently verified by any third party other than the assurance provider of its Sustainability Statement?",,KBC Group,KBC Group,KBC Group,"For ESRS-related disclosure on methodology assurance, can KBC Group confirm whether its internal carbon price calculations are independently verified by any third party other than the assurance provider of its Sustainability Statement?",KBC_Group_0039,KBC_Group_0040,KBC_Group_0040|KBC_Group_0003|KBC_Group_0000,0,,both_fail,131.104,14.309,131.104,19606,896,112338,8785
ESRS,KBC Group__KBC_Group_0041__Does KBC Group indicate that water-related risk is captured in its sectoral environmental and social heatmap used at credit origination and for ongoing monitoring?,,KBC Group,KBC Group,KBC Group,Does KBC Group indicate that water-related risk is captured in its sectoral environmental and social heatmap used at credit origination and for ongoing monitoring?,KBC_Group_0041,KBC_Group_0041,KBC_Group_0041|KBC_Group_0040|KBC_Group_0042|KBC_Group_0026|KBC_Group_0017,1,1.0,both_rank1,123.815,15.643,123.815,19147,1009,109511,8633
ESRS,KBC Group__KBC_Group_0042__Has KBC Group set any measurable targets or ambition indicators for water and marine resources as of the reporting period?,,KBC Group,KBC Group,KBC Group,Has KBC Group set any measurable targets or ambition indicators for water and marine resources as of the reporting period?,KBC_Group_0042,KBC_Group_0042,KBC_Group_0042|KBC_Group_0041|KBC_Group_0040|KBC_Group_0018|KBC_Group_0017,1,1.0,both_rank1,81.709,16.029,81.709,19137,680,99991,4653
ESRS,"KBC Group__KBC_Group_0044__For KBC Group, does the Biodiversity Policy place a binding requirement on clients that produce or trade forest commodities to obtain full certification of their plantations and supply chains under an internationally recognised scheme to ensure supply‑chain traceability for biodiversity‑relevant materials?",,KBC Group,KBC Group,KBC Group,"For KBC Group, does the Biodiversity Policy place a binding requirement on clients that produce or trade forest commodities to obtain full certification of their plantations and supply chains under an internationally recognised scheme to ensure supply‑chain traceability for biodiversity‑relevant materials?",KBC_Group_0044,KBC_Group_0044,KBC_Group_0044|KBC_Group_0043|KBC_Group_0045|KBC_Group_0046|KBC_Group_0042,1,1.0,both_rank1,115.273,15.993,115.273,21001,1022,103906,7746
ESRS,"KBC Group__KBC_Group_0045__In KBC Group’s disclosure on actions to address biodiversity and ecosystem issues, does the bank indicate any use of biodiversity offsetting mechanisms within its action plans?",,KBC Group,KBC Group,KBC Group,"In KBC Group’s disclosure on actions to address biodiversity and ecosystem issues, does the bank indicate any use of biodiversity offsetting mechanisms within its action plans?",KBC_Group_0045,KBC_Group_0045,KBC_Group_0045|KBC_Group_0046|KBC_Group_0044|KBC_Group_0043|KBC_Group_0018,1,1.0,both_rank1,107.331,15.696,107.331,19234,872,113944,6693
ESRS,KBC Group__KBC_Group_0046__Has KBC Group established targets for biodiversity and ecosystems that set out a defined ambition and include qualitative or quantitative indicators to monitor progress?,,KBC Group,KBC Group,KBC Group,Has KBC Group established targets for biodiversity and ecosystems that set out a defined ambition and include qualitative or quantitative indicators to monitor progress?,KBC_Group_0046,KBC_Group_0046,KBC_Group_0046|KBC_Group_0045|KBC_Group_0044|KBC_Group_0043|KBC_Group_0018,1,1.0,both_rank1,142.09,15.876,142.09,18929,936,109955,6237
ESRS,KBC Group__KBC_Group_0047__Does KBC Group’s Remuneration Policy mandate gender-neutral pay arrangements to ensure equal remuneration for work of the same value?,,KBC Group,KBC Group,KBC Group,Does KBC Group’s Remuneration Policy mandate gender-neutral pay arrangements to ensure equal remuneration for work of the same value?,KBC_Group_0047,KBC_Group_0047,KBC_Group_0047|KBC_Group_0057|KBC_Group_0006|KBC_Group_0005|KBC_Group_0053,1,1.0,both_rank1,120.971,20.923,120.971,21988,1027,86688,6302
ESRS,"KBC Group__KBC_Group_0048__In its description of engagement with the workforce, does KBC Group specify how it evaluates the effectiveness of these engagement activities?",,KBC Group,KBC Group,KBC Group,"In its description of engagement with the workforce, does KBC Group specify how it evaluates the effectiveness of these engagement activities?",KBC_Group_0048,KBC_Group_0048,KBC_Group_0048|KBC_Group_0047|KBC_Group_0064|KBC_Group_0053|KBC_Group_0050,1,1.0,both_rank1,96.143,15.337,96.143,19200,823,90314,6575
ESRS,KBC Group__KBC_Group_0049__Does KBC Group expressly provide non-retaliation safeguards for employees who escalate concerns through its internal reporting avenues?,,KBC Group,KBC Group,KBC Group,Does KBC Group expressly provide non-retaliation safeguards for employees who escalate concerns through its internal reporting avenues?,KBC_Group_0049,KBC_Group_0047,KBC_Group_0047|KBC_Group_0049|KBC_Group_0050|KBC_Group_0064|KBC_Group_0048,0,2.0,mrr_lower_only,68.397,14.495,68.397,21976,901,93650,4487
ESRS,"KBC Group__KBC_Group_0052__In this section, does KBC Group disclose the basis for calculating its employee turnover rate, specifying that the year-end headcount is used as the denominator?",,KBC Group,KBC Group,KBC Group,"In this section, does KBC Group disclose the basis for calculating its employee turnover rate, specifying that the year-end headcount is used as the denominator?",KBC_Group_0052,KBC_Group_0052,KBC_Group_0052|KBC_Group_0053|KBC_Group_0051|KBC_Group_0050|KBC_Group_0000,1,1.0,both_rank1,121.317,20.475,121.317,19682,1208,100506,6717
ESRS,"KBC Group__KBC_Group_0057__Has KBC Group set out a transparent methodology for its adjusted gender pay gap, specifying the employee segmentation criteria used and disclosing the resulting percentage for the reporting date?",,KBC Group,KBC Group,KBC Group,"Has KBC Group set out a transparent methodology for its adjusted gender pay gap, specifying the employee segmentation criteria used and disclosing the resulting percentage for the reporting date?",KBC_Group_0057,KBC_Group_0057,KBC_Group_0057|KBC_Group_0056|KBC_Group_0054|KBC_Group_0055|KBC_Group_0053,1,1.0,both_rank1,134.436,38.62,134.436,19216,1480,87391,7216
ESRS,KBC Group__KBC_Group_0058__Does KBC Group specify whether the metrics disclosed in this section received any external verification beyond the work performed by its assurance provider?,,KBC Group,KBC Group,KBC Group,Does KBC Group specify whether the metrics disclosed in this section received any external verification beyond the work performed by its assurance provider?,KBC_Group_0058,KBC_Group_0058,KBC_Group_0058|KBC_Group_0068|KBC_Group_0057|KBC_Group_0003|KBC_Group_0002,1,1.0,both_rank1,118.548,27.781,118.548,19028,1593,74253,6176
ESRS,"KBC Group__KBC_Group_0061__For ESRS-aligned impartial grievance handling, does KBC Group assign consumer complaint processing to a function that is structurally separate from commercial business lines, with involvement of Compliance where warranted?",,KBC Group,KBC Group,KBC Group,"For ESRS-aligned impartial grievance handling, does KBC Group assign consumer complaint processing to a function that is structurally separate from commercial business lines, with involvement of Compliance where warranted?",KBC_Group_0061,KBC_Group_0061,KBC_Group_0061|KBC_Group_0062|KBC_Group_0059|KBC_Group_0060|KBC_Group_0064,1,1.0,both_rank1,64.946,26.201,64.946,19594,1196,91545,3748
ESRS,KBC Group__KBC_Group_0062__Has KBC Group established a requirement to conduct privacy impact assessments mandated by data protection law whenever processing activities for clients’ personal data meet the legal threshold?,,KBC Group,KBC Group,KBC Group,Has KBC Group established a requirement to conduct privacy impact assessments mandated by data protection law whenever processing activities for clients’ personal data meet the legal threshold?,KBC_Group_0062,KBC_Group_0062,KBC_Group_0062|KBC_Group_0059|KBC_Group_0064|KBC_Group_0061|KBC_Group_0060,1,1.0,both_rank1,129.432,28.033,129.432,21508,1342,109368,7961
ESRS,"KBC Group__KBC_Group_0065__Under ESRS-aligned supplier due-diligence expectations, at what interval does KBC Group conduct ongoing risk surveillance of its active suppliers for indicators such as financial deterioration, sanctions/embargo exposure, litigation, or convictions?",,KBC Group,KBC Group,KBC Group,"Under ESRS-aligned supplier due-diligence expectations, at what interval does KBC Group conduct ongoing risk surveillance of its active suppliers for indicators such as financial deterioration, sanctions/embargo exposure, litigation, or convictions?",KBC_Group_0065,KBC_Group_0065,KBC_Group_0065|KBC_Group_0064|KBC_Group_0066|KBC_Group_0067|KBC_Group_0008,1,1.0,both_rank1,106.061,15.077,106.061,19284,950,92631,5850
ESRS,"KBC Group__KBC_Group_0067__Within KBC Group’s anti-bribery compliance framework, identify the distinct risk dimensions that are systematically included in the annual, entity-level assessment of corruption and bribery exposure.",,KBC Group,KBC Group,KBC Group,"Within KBC Group’s anti-bribery compliance framework, identify the distinct risk dimensions that are systematically included in the annual, entity-level assessment of corruption and bribery exposure.",KBC_Group_0067,KBC_Group_0067,KBC_Group_0067|KBC_Group_0066|KBC_Group_0064|KBC_Group_0063,1,1.0,both_rank1,95.291,23.588,95.291,19408,1156,106110,5675
ESRS,"KBC Group__KBC_Group_0069__For ESRS-aligned transparency on supplier payment practices, does KBC Group quantify the share of invoices covered by its default payment term and identify notable exceptions by business segment or geography?",,KBC Group,KBC Group,KBC Group,"For ESRS-aligned transparency on supplier payment practices, does KBC Group quantify the share of invoices covered by its default payment term and identify notable exceptions by business segment or geography?",KBC_Group_0069,KBC_Group_0069,KBC_Group_0069|KBC_Group_0067|KBC_Group_0068|KBC_Group_0065|KBC_Group_0066,1,1.0,both_rank1,65.15,19.12,65.15,19223,1018,85047,3956
ESRS,"KfW__KfW_0000__In KfW’s Combined non-financial report, is there a dedicated disclosure describing the controls and risk oversight applied to the preparation of sustainability reporting?",,KfW,KfW,KfW,"In KfW’s Combined non-financial report, is there a dedicated disclosure describing the controls and risk oversight applied to the preparation of sustainability reporting?",KfW_0000,KfW_0001,KfW_0016|KfW_0000|KfW_0002|KfW_0015|KfW_0001,0,2.0,mrr_lower_only,110.625,43.115,110.625,8420,2622,35462,7452
ESRS,"KfW__KfW_0001__For financial year 2024, does KfW explicitly acknowledge a justified departure from the ESRS obligation to embed the sustainability statement within the combined management report (ESRS 1.110), thereby confirming that only a partial application of the ESRS was performed?",,KfW,KfW,KfW,"For financial year 2024, does KfW explicitly acknowledge a justified departure from the ESRS obligation to embed the sustainability statement within the combined management report (ESRS 1.110), thereby confirming that only a partial application of the ESRS was performed?",KfW_0001,KfW_0001,KfW_0001|KfW_0002|KfW_0000|KfW_0011,1,1.0,both_rank1,137.806,28.926,137.806,8512,1737,56799,9058
ESRS,"KfW__KfW_0005__Does KfW disclose that stakeholders affected by its lending and investment activities can file complaints about potential human-rights or environmental risks through formal grievance channels, including a complaints procedure established under the German Supply Chain Act (LkSG)?",,KfW,KfW,KfW,"Does KfW disclose that stakeholders affected by its lending and investment activities can file complaints about potential human-rights or environmental risks through formal grievance channels, including a complaints procedure established under the German Supply Chain Act (LkSG)?",KfW_0005,KfW_0000,KfW_0058|KfW_0060|KfW_0062|KfW_0059|KfW_0000,0,,both_fail,131.122,31.228,131.122,9114,2184,38896,8189
ESRS,KfW__KfW_0011__Has KfW Group designated the ESRS E1-6 disclosure on total and Scopes 1–3 greenhouse gas emissions as material and specified where this disclosure is located in its sustainability report?,,KfW,KfW,KfW,Has KfW Group designated the ESRS E1-6 disclosure on total and Scopes 1–3 greenhouse gas emissions as material and specified where this disclosure is located in its sustainability report?,KfW_0011,KfW_0011,KfW_0011|KfW_0028|KfW_0010|KfW_0002|KfW_0027_intro,1,1.0,both_rank1,205.408,160.391,205.408,58220,9342,83569,11754
ESRS,"KfW__KfW_0015__Does KfW Group’s due diligence statement specify where in its sustainability report the integration of due diligence into governance, strategy and the business model is addressed, and which specific sections are referenced?",,KfW,KfW,KfW,"Does KfW Group’s due diligence statement specify where in its sustainability report the integration of due diligence into governance, strategy and the business model is addressed, and which specific sections are referenced?",KfW_0015,KfW_0015,KfW_0015|KfW_0014|KfW_0013|KfW_0000|KfW_0047,1,1.0,both_rank1,203.766,29.764,203.766,12534,1517,49830,10521
ESRS,"KfW__KfW_0016__For KfW, does the sustainability-reporting risk assessment employ a standardized matrix that balances categories of potential impact (e.g., financial, normative/compliance, reputational) against likelihood, with the outcomes formally recorded in a controls inventory?",,KfW,KfW,KfW,"For KfW, does the sustainability-reporting risk assessment employ a standardized matrix that balances categories of potential impact (e.g., financial, normative/compliance, reputational) against likelihood, with the outcomes formally recorded in a controls inventory?",KfW_0016,KfW_0015,KfW_0016|KfW_0015|KfW_0017|KfW_0000|KfW_0006,0,1.0,mrr_rank1_only,199.451,173.947,199.45,39110,8618,53151,10110
ESRS,"KfW__KfW_0022__What minimum CO2 equivalents (CO2eq) reduction percentages must KfW substantiate for energy-efficiency financings to be recognised within its environment quota, distinguishing new from replacement investments?",,KfW,KfW,KfW,"What minimum CO2 equivalents (CO2eq) reduction percentages must KfW substantiate for energy-efficiency financings to be recognised within its environment quota, distinguishing new from replacement investments?",KfW_0022,KfW_0022,KfW_0022|KfW_0020|KfW_0021|KfW_0023|KfW_0018_intro,1,1.0,both_rank1,152.389,32.515,152.389,19679,1747,53769,7647
ESRS,"KfW__KfW_0023__In its ESRS-related reporting, does KfW state that oversight of its environmental objectives is integrated into its internal control framework and that any underperformance prompts a root-cause analysis and a re-evaluation of the strategy’s underlying assumptions in light of internal and external factors?",,KfW,KfW,KfW,"In its ESRS-related reporting, does KfW state that oversight of its environmental objectives is integrated into its internal control framework and that any underperformance prompts a root-cause analysis and a re-evaluation of the strategy’s underlying assumptions in light of internal and external factors?",KfW_0023,KfW_0023,KfW_0016|KfW_0017|KfW_0015|KfW_0014|KfW_0013,1,,accuracy_only_mrr_missing,282.925,261.745,282.924,64497,16099,72248,17622
ESRS,"KfW__KfW_0025__For KfW IPEX-Bank, do category A and category B+ project financings require the customer to institute a stakeholder grievance process to receive and address complaints from workers and affected communities during the project term?",,KfW,KfW,KfW,"For KfW IPEX-Bank, do category A and category B+ project financings require the customer to institute a stakeholder grievance process to receive and address complaints from workers and affected communities during the project term?",KfW_0025,KfW_0025,KfW_0025|KfW_0054|KfW_0000,1,1.0,both_rank1,241.047,34.538,241.047,21332,2015,91096,13148
ESRS,"KfW__KfW_0030__For KfW, is there a binding pre-approval control that prevents execution of a financing when the loan application shows the transaction falls within scope of KfW’s Paris‑aligned sector guidelines but evidences of compliance are not provided?",,KfW,KfW,KfW,"For KfW, is there a binding pre-approval control that prevents execution of a financing when the loan application shows the transaction falls within scope of KfW’s Paris‑aligned sector guidelines but evidences of compliance are not provided?",KfW_0030,KfW_0031,KfW_0030|KfW_0031|KfW_0025|KfW_0028|KfW_0027_intro,0,1.0,mrr_rank1_only,143.532,92.484,143.532,38405,6659,59069,10017
ESRS,KfW__KfW_0031__Does KfW disclose that it has implemented a group-wide methodology and accounting system to regularly measure and quantify greenhouse gas emissions associated with its financing portfolio?,,KfW,KfW,KfW,Does KfW disclose that it has implemented a group-wide methodology and accounting system to regularly measure and quantify greenhouse gas emissions associated with its financing portfolio?,KfW_0031,KfW_0031,KfW_0031|KfW_0028|KfW_0021|KfW_0032|KfW_0027_intro,1,1.0,both_rank1,130.274,47.256,130.274,16296,2563,40912,8232
ESRS,"KfW__KfW_0032__Within KfW’s disclosure on the DEG Impact/Climate Commitments, does the bank commit to start, from the 2025 reporting period, publishing performance measurement and progress against the greenhouse-gas intensity targets in a way that aligns with ESRS requirements?",,KfW,KfW,KfW,"Within KfW’s disclosure on the DEG Impact/Climate Commitments, does the bank commit to start, from the 2025 reporting period, publishing performance measurement and progress against the greenhouse-gas intensity targets in a way that aligns with ESRS requirements?",KfW_0032,KfW_0032,KfW_0032|KfW_0031|KfW_0028|KfW_0027_intro|KfW_0033,1,1.0,both_rank1,85.665,34.699,85.665,17746,2401,38772,5847
ESRS,"KfW__KfW_0035__Has KfW disclosed a quantified 2024 promotional business volume for projects designated with biodiversity objectives (primary or secondary), including partner-country contracts carrying biodiversity/tropical-forest labels?",,KfW,KfW,KfW,"Has KfW disclosed a quantified 2024 promotional business volume for projects designated with biodiversity objectives (primary or secondary), including partner-country contracts carrying biodiversity/tropical-forest labels?",KfW_0035,KfW_0033,KfW_0035|KfW_0033|KfW_0025|KfW_0034_intro|KfW_0022,0,1.0,mrr_rank1_only,157.704,45.714,157.704,12569,2440,50040,9192
ESRS,"KfW__KfW_0036__Within KfW Group’s Environmental and Social Appraisal, is there an explicit bar on financing projects that would lead to a net decrease in the populations of endangered or particularly endangered species under the biodiversity safeguards it applies?",,KfW,KfW,KfW,"Within KfW Group’s Environmental and Social Appraisal, is there an explicit bar on financing projects that would lead to a net decrease in the populations of endangered or particularly endangered species under the biodiversity safeguards it applies?",KfW_0036,KfW_0038,KfW_0036|KfW_0038|KfW_0035|KfW_0025|KfW_0026,0,1.0,mrr_rank1_only,115.7,34.407,115.7,14371,2489,44845,7333
ESRS,"KBC Group__KBC_Group_0008__Within its sustainability statement, does KBC Group identify the specific sections where it reports on monitoring the success of its measures (via targets or equivalent) for climate, water and marine resources, biodiversity, its own workforce, consumers/end-users, and business conduct?",,KBC Group,KBC Group,KBC Group,"Within its sustainability statement, does KBC Group identify the specific sections where it reports on monitoring the success of its measures (via targets or equivalent) for climate, water and marine resources, biodiversity, its own workforce, consumers/end-users, and business conduct?",KBC_Group_0008,KBC_Group_0008,KBC_Group_0008|KBC_Group_0009|KBC_Group_0007|KBC_Group_0003|KBC_Group_0000,1,1.0,both_rank1,156.848,122.268,156.848,79090,8712,90828,11121
ESRS,"KfW__KfW_0040__For KfW as a credit institution, is there a compliance obligation to present its Green Asset Ratio (GAR) using the Article 8 Disclosures Delegated Act templates—specifically Annex VI for credit-institution KPIs and Annex XII for nuclear and fossil gas-related disclosures?",,KfW,KfW,KfW,"For KfW as a credit institution, is there a compliance obligation to present its Green Asset Ratio (GAR) using the Article 8 Disclosures Delegated Act templates—specifically Annex VI for credit-institution KPIs and Annex XII for nuclear and fossil gas-related disclosures?",KfW_0040,KfW_0068,KfW_0040|KfW_0068|KfW_0069|KfW_0000|KfW_0073,0,1.0,mrr_rank1_only,135.445,31.139,135.445,13634,2282,64886,9914
ESRS,"KfW__KfW_0042__In KfW’s 2024 taxonomy disclosures, does KfW determine the eligible and aligned proportions of unearmarked corporate exposures to NFRD/CSRD-subject non-financial corporates, as well as exposures to financial undertakings (excluding the on-lending business), by relying on those counterparties’ published 2023 taxonomy indicators based on turnover and capital expenditure for each environmental objective?",,KfW,KfW,KfW,"In KfW’s 2024 taxonomy disclosures, does KfW determine the eligible and aligned proportions of unearmarked corporate exposures to NFRD/CSRD-subject non-financial corporates, as well as exposures to financial undertakings (excluding the on-lending business), by relying on those counterparties’ published 2023 taxonomy indicators based on turnover and capital expenditure for each environmental objective?",KfW_0042,KfW_0043,KfW_0042|KfW_0043|KfW_0068|KfW_0044|KfW_0069,0,1.0,mrr_rank1_only,183.253,126.786,183.252,45611,8063,68820,11179
ESRS,"KfW__KfW_0049__For ESRS S1 transparency on targets, does KfW disclose a quantified, time-bound objective for the share of women at the team head level, and what is that target?",,KfW,KfW,KfW,"For ESRS S1 transparency on targets, does KfW disclose a quantified, time-bound objective for the share of women at the team head level, and what is that target?",KfW_0049,KfW_0049,KfW_0049|KfW_0047|KfW_0000,1,1.0,both_rank1,158.93,24.968,158.93,22263,1739,71320,9352
ESRS,"KfW__KfW_0055__For ESRS disclosures on consumer-related targets, has KfW set a quantified objective for customer satisfaction in its domestic promotional business?",,KfW,KfW,KfW,"For ESRS disclosures on consumer-related targets, has KfW set a quantified objective for customer satisfaction in its domestic promotional business?",KfW_0055,KfW_0055,KfW_0055|KfW_0056|KfW_0008|KfW_0054|KfW_0053_intro,1,1.0,both_rank1,124.561,32.426,124.561,17321,1834,70528,8049
ESRS,"KfW__KfW_0058__For ESRS-oriented disclosure on grievance channels, does KfW confirm that both its staff and external parties may file anonymous reports of suspected criminal conduct through a dedicated compliance whistleblowing system?",,KfW,KfW,KfW,"For ESRS-oriented disclosure on grievance channels, does KfW confirm that both its staff and external parties may file anonymous reports of suspected criminal conduct through a dedicated compliance whistleblowing system?",KfW_0058,KfW_0066,KfW_0058|KfW_0060|KfW_0059|KfW_0066|KfW_0065,0,1.0,mrr_rank1_only,79.538,38.489,79.538,13387,2915,42325,6540
ESRS,KfW__KfW_0061__Does KfW’s disclosure specify how many discrimination-related employee grievances arose in the reporting year and state how they were concluded?,,KfW,KfW,KfW,Does KfW’s disclosure specify how many discrimination-related employee grievances arose in the reporting year and state how they were concluded?,KfW_0061,KfW_0061,KfW_0061|KfW_0062|KfW_0060|KfW_0049|KfW_0052,1,1.0,both_rank1,78.142,22.087,78.142,16526,1483,52853,5406
ESRS,"KfW__KfW_0062__Within KfW’s described financing context, is it the bank’s standard practice to direct employees of financed companies or on‑lending banks (i.e., workers in the value chain) to the financing bank’s grievance channel?",,KfW,KfW,KfW,"Within KfW’s described financing context, is it the bank’s standard practice to direct employees of financed companies or on‑lending banks (i.e., workers in the value chain) to the financing bank’s grievance channel?",KfW_0062,KfW_0061,KfW_0062|KfW_0061|KfW_0058|KfW_0059|KfW_0060,0,1.0,mrr_rank1_only,104.815,27.576,104.815,16652,1945,35659,7320
ESRS,"KfW__KfW_0066__Within its business conduct controls, does KfW disclose that, in line with Section 25h KWG, it performs a yearly assessment of internal and external fraud risks, documents safeguards, and derives corresponding preventive measures?",,KfW,KfW,KfW,"Within its business conduct controls, does KfW disclose that, in line with Section 25h KWG, it performs a yearly assessment of internal and external fraud risks, documents safeguards, and derives corresponding preventive measures?",KfW_0066,KfW_0066,KfW_0066|KfW_0065|KfW_0000,1,1.0,both_rank1,122.036,27.456,122.036,13423,1784,53432,7935
ESRS,"KfW__KfW_0073__At the stated reference date T, what percentage shares has KfW reported for its off-balance-sheet Capital Expenditure KPI relating to financial guarantees that are Taxonomy-eligible and Taxonomy-aligned, and how is the aligned amount split across use-of-proceeds, transitional, and enabling activities?",,KfW,KfW,KfW,"At the stated reference date T, what percentage shares has KfW reported for its off-balance-sheet Capital Expenditure KPI relating to financial guarantees that are Taxonomy-eligible and Taxonomy-aligned, and how is the aligned amount split across use-of-proceeds, transitional, and enabling activities?",KfW_0073,KfW_0073,KfW_0073|KfW_0069|KfW_0068|KfW_0072|KfW_0000,1,1.0,both_rank1,154.843,32.667,154.843,16174,2170,81858,10732
ESRS,"KfW__KfW_0077__Under the ESRS stock-based template for off-balance-sheet financial guarantees, does KfW report any involvement, financing, or exposure through guarantees to the construction or operation of fossil gas–fired electricity generation facilities?",,KfW,KfW,KfW,"Under the ESRS stock-based template for off-balance-sheet financial guarantees, does KfW report any involvement, financing, or exposure through guarantees to the construction or operation of fossil gas–fired electricity generation facilities?",KfW_0077,KfW_0073,KfW_0077|KfW_0076|KfW_0073|KfW_0044|KfW_0000,0,1.0,mrr_rank1_only,216.892,176.11,216.892,54331,10840,78188,13734
ESRS,"Nordea Bank__Nordea_Bank_0004__Within Nordea Bank’s governance structure, which committee is explicitly tasked with oversight of the methodologies for financed-emissions used in the Group’s risk appetite framework?",,Nordea Bank,Nordea Bank,Nordea Bank,"Within Nordea Bank’s governance structure, which committee is explicitly tasked with oversight of the methodologies for financed-emissions used in the Group’s risk appetite framework?",Nordea_Bank_0004,Nordea_Bank_0004,Nordea_Bank_0004|Nordea_Bank_0005|Nordea_Bank_0011|Nordea_Bank_0010|Nordea_Bank_0006,1,1.0,both_rank1,84.459,28.121,84.459,10437,1704,32931,5581
ESRS,"Nordea Bank__Nordea_Bank_0006__Within Nordea Bank’s ESG governance setup, is an independent assurance role over ESG risks explicitly designated, as required for ESRS governance disclosures, and who carries it out?",,Nordea Bank,Nordea Bank,Nordea Bank,"Within Nordea Bank’s ESG governance setup, is an independent assurance role over ESG risks explicitly designated, as required for ESRS governance disclosures, and who carries it out?",Nordea_Bank_0006,Nordea_Bank_0006,Nordea_Bank_0006|Nordea_Bank_0007|Nordea_Bank_0004|Nordea_Bank_0005|Nordea_Bank_0009,1,1.0,both_rank1,74.255,23.188,74.255,10748,1439,27726,4752
ESRS,"Nordea Bank__Nordea_Bank_0011__For ESRS-aligned transparency on targets and metrics, does Nordea Bank state that its Group-wide financed-emissions ceiling is decomposed into Level 2 limits for business areas, calibrated to a 2019 baseline and 2030 objectives, with an explicit requirement for annual reductions?",,Nordea Bank,Nordea Bank,Nordea Bank,"For ESRS-aligned transparency on targets and metrics, does Nordea Bank state that its Group-wide financed-emissions ceiling is decomposed into Level 2 limits for business areas, calibrated to a 2019 baseline and 2030 objectives, with an explicit requirement for annual reductions?",Nordea_Bank_0011,Nordea_Bank_0011,Nordea_Bank_0011|Nordea_Bank_0010|Nordea_Bank_0002|Nordea_Bank_0006|Nordea_Bank_0001_intro,1,1.0,both_rank1,127.539,101.772,127.539,30005,7421,41752,9280
ESRS,"Nordea Bank__Nordea_Bank_0014__For ESRS disclosures on time-bound climate targets, does Nordea Bank specify concrete target years for its climate objectives?",,Nordea Bank,Nordea Bank,Nordea Bank,"For ESRS disclosures on time-bound climate targets, does Nordea Bank specify concrete target years for its climate objectives?",Nordea_Bank_0014,Nordea_Bank_0014,Nordea_Bank_0045|Nordea_Bank_0014|Nordea_Bank_0049|Nordea_Bank_0050|Nordea_Bank_0016,1,2.0,accuracy_only_mrr_lower,110.362,26.585,110.362,8469,1655,41320,7528
ESRS,"Nordea Bank__Nordea_Bank_0016__In its CSRD-required double materiality assessment, did Nordea Bank conclude that ESRS E2 (Pollution) is non-material?",,Nordea Bank,Nordea Bank,Nordea Bank,"In its CSRD-required double materiality assessment, did Nordea Bank conclude that ESRS E2 (Pollution) is non-material?",Nordea_Bank_0016,Nordea_Bank_0014,Nordea_Bank_0016|Nordea_Bank_0014|Nordea_Bank_0017,0,1.0,mrr_rank1_only,208.696,27.2,208.696,8499,1774,46616,10491
ESRS,Nordea Bank__Nordea_Bank_0020__Does Nordea Bank describe concrete methods or controls to prevent recognising the same ESG hazard transmission more than once when mapping credit-risk-related hazards to business model risk?,,Nordea Bank,Nordea Bank,Nordea Bank,Does Nordea Bank describe concrete methods or controls to prevent recognising the same ESG hazard transmission more than once when mapping credit-risk-related hazards to business model risk?,Nordea_Bank_0020,Nordea_Bank_0016,Nordea_Bank_0016|Nordea_Bank_0010|Nordea_Bank_0001_intro|Nordea_Bank_0009|Nordea_Bank_0011,0,,both_fail,323.654,323.653,323.653,78840,19497,78840,19497
ESRS,"Nordea Bank__Nordea_Bank_0021__For Nordea Bank, does the 2024 materiality assessment specify a single business‑model transmission channel aggregating all relevant climate and environmental hazards, defined as the risk of lacking a sufficiently robust long‑term strategy to address those hazards within an appropriate timeframe?",,Nordea Bank,Nordea Bank,Nordea Bank,"For Nordea Bank, does the 2024 materiality assessment specify a single business‑model transmission channel aggregating all relevant climate and environmental hazards, defined as the risk of lacking a sufficiently robust long‑term strategy to address those hazards within an appropriate timeframe?",Nordea_Bank_0021,Nordea_Bank_0010,Nordea_Bank_0016|Nordea_Bank_0017|Nordea_Bank_0010|Nordea_Bank_0009|Nordea_Bank_0001_intro,0,,both_fail,148.387,43.853,148.387,12286,2343,44983,9794
ESRS,"Nordea Bank__Nordea_Bank_0022__In its ESRS-oriented materiality assessment of business model risk, has Nordea Bank undertaken a heatmapping exercise that connects ESG risk drivers to the transmission channels through which they could influence the bank’s business model, primarily via credit risk?",,Nordea Bank,Nordea Bank,Nordea Bank,"In its ESRS-oriented materiality assessment of business model risk, has Nordea Bank undertaken a heatmapping exercise that connects ESG risk drivers to the transmission channels through which they could influence the bank’s business model, primarily via credit risk?",Nordea_Bank_0022,Nordea_Bank_0010,Nordea_Bank_0022|Nordea_Bank_0010|Nordea_Bank_0001_intro|Nordea_Bank_0011|Nordea_Bank_0009,0,1.0,mrr_rank1_only,166.677,48.287,166.676,12256,2922,49481,11696
ESRS,"Nordea Bank__Nordea_Bank_0027__Has Nordea Bank identified and reported the priority channels through which climate factors affect credit risk, based on its cross-sector and geographic heat-mapping?",,Nordea Bank,Nordea Bank,Nordea Bank,"Has Nordea Bank identified and reported the priority channels through which climate factors affect credit risk, based on its cross-sector and geographic heat-mapping?",Nordea_Bank_0027,Nordea_Bank_0026,Nordea_Bank_0027|Nordea_Bank_0026|Nordea_Bank_0010|Nordea_Bank_0011|Nordea_Bank_0009,0,1.0,mrr_rank1_only,137.023,121.644,137.023,42259,8752,52288,10014
ESRS,"Nordea Bank__Nordea_Bank_0028__Has Nordea Bank specified the basis for calculating the capital needed for climate-related credit risk, namely that it uses the one-year effect on risk exposure amount derived from climate stress tests that include both transition and physical climate risk drivers?",,Nordea Bank,Nordea Bank,Nordea Bank,"Has Nordea Bank specified the basis for calculating the capital needed for climate-related credit risk, namely that it uses the one-year effect on risk exposure amount derived from climate stress tests that include both transition and physical climate risk drivers?",Nordea_Bank_0028,Nordea_Bank_0025,Nordea_Bank_0055|Nordea_Bank_0001_intro|Nordea_Bank_0010|Nordea_Bank_0011|Nordea_Bank_0006,0,,both_fail,215.578,197.244,215.578,64545,12503,73642,13719
ESRS,"Nordea Bank__Nordea_Bank_0033__For ESRS materiality disclosure, does Nordea Bank’s 2024 assessment for market risk specify the classification tier and confirm whether any incremental capital is required?",,Nordea Bank,Nordea Bank,Nordea Bank,"For ESRS materiality disclosure, does Nordea Bank’s 2024 assessment for market risk specify the classification tier and confirm whether any incremental capital is required?",Nordea_Bank_0033,Nordea_Bank_0033,Nordea_Bank_0055|Nordea_Bank_0010|Nordea_Bank_0057|Nordea_Bank_0056|Nordea_Bank_0011,1,,accuracy_only_mrr_missing,243.615,215.525,243.615,52793,12835,60488,14683
ESRS,"Nordea Bank__Nordea_Bank_0037__Within its liquidity risk materiality methodology, does Nordea Bank state that it ran stress tests using four short-term scenarios under the ILAAP process to evaluate potential liquidity impacts?",,Nordea Bank,Nordea Bank,Nordea Bank,"Within its liquidity risk materiality methodology, does Nordea Bank state that it ran stress tests using four short-term scenarios under the ILAAP process to evaluate potential liquidity impacts?",Nordea_Bank_0037,,,0,,both_fail,57.742,,57.742,0,0,17453,3297
ESRS,"Nordea Bank__Nordea_Bank_0038__Does Nordea Bank’s 2024 determination for liquidity risk indicate whether the outcome entails any consequences for capital allocation (e.g., requiring capital to be set aside or reallocated)?",,Nordea Bank,Nordea Bank,Nordea Bank,"Does Nordea Bank’s 2024 determination for liquidity risk indicate whether the outcome entails any consequences for capital allocation (e.g., requiring capital to be set aside or reallocated)?",Nordea_Bank_0038,,,0,,both_fail,54.095,,54.095,0,0,15972,3565
ESRS,"Nordea Bank__Nordea_Bank_0042__Within its operational risk materiality methodology, does Nordea Bank specify, for each identified climate- and nature-related transition risk, the expected timeframe in which the risk could crystallise using forward-looking scenario techniques?",,Nordea Bank,Nordea Bank,Nordea Bank,"Within its operational risk materiality methodology, does Nordea Bank specify, for each identified climate- and nature-related transition risk, the expected timeframe in which the risk could crystallise using forward-looking scenario techniques?",Nordea_Bank_0042,Nordea_Bank_0045,Nordea_Bank_0042|Nordea_Bank_0043|Nordea_Bank_0010|Nordea_Bank_0045|Nordea_Bank_0011,0,1.0,mrr_rank1_only,176.499,120.143,176.498,37450,7246,59820,11189
ESRS,"Nordea Bank__Nordea_Bank_0043__In its 2024 assessment, does Nordea Bank disclose the materiality tier assigned to operational risk and state whether this triggers any capital allocation changes?",,Nordea Bank,Nordea Bank,Nordea Bank,"In its 2024 assessment, does Nordea Bank disclose the materiality tier assigned to operational risk and state whether this triggers any capital allocation changes?",Nordea_Bank_0043,Nordea_Bank_0045,Nordea_Bank_0043|Nordea_Bank_0045|Nordea_Bank_0055|Nordea_Bank_0057|Nordea_Bank_0056,0,1.0,mrr_rank1_only,177.81,141.804,177.81,27401,9446,45107,11951
ESRS,"Nordea Bank__Nordea_Bank_0045__For ESRS governance disclosure purposes, does Nordea Bank specify that senior management reviews the forecasted trajectory and usage of its financed-emissions limits, and what is the minimum frequency of that oversight?",,Nordea Bank,Nordea Bank,Nordea Bank,"For ESRS governance disclosure purposes, does Nordea Bank specify that senior management reviews the forecasted trajectory and usage of its financed-emissions limits, and what is the minimum frequency of that oversight?",Nordea_Bank_0045,Nordea_Bank_0006,Nordea_Bank_0006|Nordea_Bank_0011|Nordea_Bank_0004|Nordea_Bank_0005|Nordea_Bank_0007,0,,both_fail,105.016,35.724,105.016,10778,2521,28580,6757
ESRS,"Nordea Bank__Nordea_Bank_0047__For ESRS reporting on nature impacts, does Nordea Bank disclose that it applies a third-party biodiversity impact scoring to quantify impacts in its loan portfolio?",,Nordea Bank,Nordea Bank,Nordea Bank,"For ESRS reporting on nature impacts, does Nordea Bank disclose that it applies a third-party biodiversity impact scoring to quantify impacts in its loan portfolio?",Nordea_Bank_0047,Nordea_Bank_0047,Nordea_Bank_0047|Nordea_Bank_0046|Nordea_Bank_0016|Nordea_Bank_0014|Nordea_Bank_0017,1,1.0,both_rank1,135.573,81.014,135.573,29065,4879,44263,8849
ESRS,"Nordea Bank__Nordea_Bank_0053__Within its operational risk arrangements, does Nordea Bank explicitly recognise a risk that ESG information reported in statutory or supervisory filings may be incomplete or inaccurate, and how is that risk described?",,Nordea Bank,Nordea Bank,Nordea Bank,"Within its operational risk arrangements, does Nordea Bank explicitly recognise a risk that ESG information reported in statutory or supervisory filings may be incomplete or inaccurate, and how is that risk described?",Nordea_Bank_0053,Nordea_Bank_0079,Nordea_Bank_0079|Nordea_Bank_0010|Nordea_Bank_0006|Nordea_Bank_0011|Nordea_Bank_0007,0,,both_fail,205.596,188.21,205.596,43425,12362,51029,13713
ESRS,"Nordea Bank__Nordea_Bank_0056__In its ILAAP, does Nordea Bank specify which components of its liquidity portfolio are most vulnerable to environmental stressors, particularly combined hydrological events?",,Nordea Bank,Nordea Bank,Nordea Bank,"In its ILAAP, does Nordea Bank specify which components of its liquidity portfolio are most vulnerable to environmental stressors, particularly combined hydrological events?",Nordea_Bank_0056,Nordea_Bank_0056,Nordea_Bank_0056|Nordea_Bank_0057|Nordea_Bank_0038|Nordea_Bank_0035|Nordea_Bank_0055,1,1.0,both_rank1,177.512,71.706,177.512,24002,4973,52256,12595
ESRS,"Nordea Bank__Nordea_Bank_0057__For its climate-related credit risk stress tests, has Nordea Bank specified that it uses borrowers’ Scope 1 and 2 emissions data and substitutes sector-level proxies where client-specific data are missing?",,Nordea Bank,Nordea Bank,Nordea Bank,"For its climate-related credit risk stress tests, has Nordea Bank specified that it uses borrowers’ Scope 1 and 2 emissions data and substitutes sector-level proxies where client-specific data are missing?",Nordea_Bank_0057,Nordea_Bank_0057,Nordea_Bank_0057|Nordea_Bank_0055|Nordea_Bank_0056|Nordea_Bank_0027|Nordea_Bank_0006,1,1.0,both_rank1,131.982,93.095,131.982,33420,6549,55540,9592
ESRS,"Nordea Bank__Nordea_Bank_0067__Within Nordea Bank’s borrower monitoring process, is there a control that obliges staff to determine, upon any early-warning flag, whether the issue concerns ESG matters and, if it does, to initiate an ESG-specific assessment?",,Nordea Bank,Nordea Bank,Nordea Bank,"Within Nordea Bank’s borrower monitoring process, is there a control that obliges staff to determine, upon any early-warning flag, whether the issue concerns ESG matters and, if it does, to initiate an ESG-specific assessment?",Nordea_Bank_0067,Nordea_Bank_0050,Nordea_Bank_0050|Nordea_Bank_0049,0,,both_fail,155.02,82.132,155.02,34805,5960,64424,10828
ESRS,"OTP Bank__OTP_Bank_0003__Under ESRS 2 SBM-2 on stakeholder engagement, does OTP Bank state whether stakeholders’ perspectives on its strategy and business model were assessed within its materiality and due diligence processes?",,OTP Bank,OTP Bank,OTP Bank,"Under ESRS 2 SBM-2 on stakeholder engagement, does OTP Bank state whether stakeholders’ perspectives on its strategy and business model were assessed within its materiality and due diligence processes?",OTP_Bank_0003,OTP_Bank_0003,OTP_Bank_0003|OTP_Bank_0004|OTP_Bank_0034|OTP_Bank_0002|OTP_Bank_0035,1,1.0,both_rank1,83.877,37.081,83.877,26649,2586,59521,5415
ESRS,"OTP Bank__OTP_Bank_0004__For the 2024 reporting year, does OTP Bank state that it recognised any provisions or established a capital buffer specifically for ESG-related risks under its ESRS materiality and financial effects disclosures?",,OTP Bank,OTP Bank,OTP Bank,"For the 2024 reporting year, does OTP Bank state that it recognised any provisions or established a capital buffer specifically for ESG-related risks under its ESRS materiality and financial effects disclosures?",OTP_Bank_0004,OTP_Bank_0004,OTP_Bank_0004|OTP_Bank_0005|OTP_Bank_0034|OTP_Bank_0003|OTP_Bank_0035,1,1.0,both_rank1,153.272,41.238,153.272,22052,2648,79643,10574
ESRS,"OTP Bank__OTP_Bank_0005__In its individual sustainability statement, does OTP Bank affirm that the ESRS disclosure scope is derived from the Group’s materiality assessment, with only the sub-topics deemed material for OTP Bank included?",,OTP Bank,OTP Bank,OTP Bank,"In its individual sustainability statement, does OTP Bank affirm that the ESRS disclosure scope is derived from the Group’s materiality assessment, with only the sub-topics deemed material for OTP Bank included?",OTP_Bank_0005,OTP_Bank_0005,OTP_Bank_0005|OTP_Bank_0004|OTP_Bank_0001|OTP_Bank_0003|OTP_Bank_0038,1,1.0,both_rank1,86.667,28.064,86.667,15699,1587,58197,5428
ESRS,"OTP Bank__OTP_Bank_0014__In its Capex-based GAR stock disclosure, does OTP Bank quantify the share of total assets within the GAR scope, and if so, what overall coverage percentage is reported for the Total GAR assets?",,OTP Bank,OTP Bank,OTP Bank,"In its Capex-based GAR stock disclosure, does OTP Bank quantify the share of total assets within the GAR scope, and if so, what overall coverage percentage is reported for the Total GAR assets?",OTP_Bank_0014,OTP_Bank_0012,OTP_Bank_0012|OTP_Bank_0008|OTP_Bank_0014|OTP_Bank_0011|OTP_Bank_0013,0,3.0,mrr_lower_only,163.066,40.717,163.066,25777,2525,167242,12280
ESRS,"OTP Bank__OTP_Bank_0015__Has OTP Bank specified the reporting cut-off date for its turnover-based KPIs on off-balance sheet exposures, and what date is stated?",,OTP Bank,OTP Bank,OTP Bank,"Has OTP Bank specified the reporting cut-off date for its turnover-based KPIs on off-balance sheet exposures, and what date is stated?",OTP_Bank_0015,OTP_Bank_0015,OTP_Bank_0015|OTP_Bank_0017|OTP_Bank_0016|OTP_Bank_0008|OTP_Bank_0014,1,1.0,both_rank1,101.81,31.722,101.809,19897,1949,65555,6567
ESRS,"OTP Bank__OTP_Bank_0017__For OTP Bank’s turnover-based KPI on off-balance-sheet exposure flows, does the disclosure state a reporting cut-off date for the presented percentages, and if so, what date is indicated?",,OTP Bank,OTP Bank,OTP Bank,"For OTP Bank’s turnover-based KPI on off-balance-sheet exposure flows, does the disclosure state a reporting cut-off date for the presented percentages, and if so, what date is indicated?",OTP_Bank_0017,OTP_Bank_0017,OTP_Bank_0017|OTP_Bank_0018|OTP_Bank_0016|OTP_Bank_0008|OTP_Bank_0014,1,1.0,both_rank1,111.821,29.445,111.821,19955,1554,65040,7630
ESRS,"OTP Bank__OTP_Bank_0018__Within its CapEx-based off-balance sheet flow metrics, does OTP Bank disclose for Financial guarantees under the climate change mitigation objective a disaggregation of Taxonomy-aligned exposures into proceeds-based, transitional, and enabling activity categories?",,OTP Bank,OTP Bank,OTP Bank,"Within its CapEx-based off-balance sheet flow metrics, does OTP Bank disclose for Financial guarantees under the climate change mitigation objective a disaggregation of Taxonomy-aligned exposures into proceeds-based, transitional, and enabling activity categories?",OTP_Bank_0018,OTP_Bank_0018,OTP_Bank_0018|OTP_Bank_0017|OTP_Bank_0016|OTP_Bank_0015|OTP_Bank_0014,1,1.0,both_rank1,117.718,45.828,117.718,20198,2862,55538,7817
ESRS,"OTP Bank__OTP_Bank_0019__For the ESRS E3-3 and E4-4 target-setting disclosures, has OTP Bank adopted concrete, measurable objectives for water and for biodiversity/ecosystems?",,OTP Bank,OTP Bank,OTP Bank,"For the ESRS E3-3 and E4-4 target-setting disclosures, has OTP Bank adopted concrete, measurable objectives for water and for biodiversity/ecosystems?",OTP_Bank_0019,OTP_Bank_0019,OTP_Bank_0019|OTP_Bank_0034|OTP_Bank_0053|OTP_Bank_0035|OTP_Bank_0020,1,1.0,both_rank1,179.973,64.811,179.973,30012,3613,71294,10102
ESRS,"OTP Bank__OTP_Bank_0023__With reference to ESRS S1-5 on setting objectives, does OTP Bank’s stated goal for female representation on its Board of Directors and Supervisory Board specify a concrete timeframe or deadline?",,OTP Bank,OTP Bank,OTP Bank,"With reference to ESRS S1-5 on setting objectives, does OTP Bank’s stated goal for female representation on its Board of Directors and Supervisory Board specify a concrete timeframe or deadline?",OTP_Bank_0023,OTP_Bank_0156,OTP_Bank_0156|OTP_Bank_0155|OTP_Bank_0157|OTP_Bank_0158|OTP_Bank_0034,0,,both_fail,125.589,82.613,125.589,42925,4807,56396,7465
ESRS,"OTP Bank__OTP_Bank_0024__Within its Own Workforce disclosure on Training and skills development, does OTP Bank state that it is applying a phased (gradual) implementation for certain indicators?",,OTP Bank,OTP Bank,OTP Bank,"Within its Own Workforce disclosure on Training and skills development, does OTP Bank state that it is applying a phased (gradual) implementation for certain indicators?",OTP_Bank_0024,OTP_Bank_0034,OTP_Bank_0034|OTP_Bank_0162|OTP_Bank_0160|OTP_Bank_0161|OTP_Bank_0159_intro,0,,both_fail,107.772,29.745,107.772,11787,1401,43437,5687
ESRS,"OTP Bank__OTP_Bank_0025__Under ESRS S1-5 concerning occupational health and safety objectives, does OTP Bank disclose any explicit, quantified target for its workplace health and safety performance?",,OTP Bank,OTP Bank,OTP Bank,"Under ESRS S1-5 concerning occupational health and safety objectives, does OTP Bank disclose any explicit, quantified target for its workplace health and safety performance?",OTP_Bank_0025,OTP_Bank_0168,OTP_Bank_0168|OTP_Bank_0167|OTP_Bank_0169|OTP_Bank_0151|OTP_Bank_0150,0,,both_fail,171.002,83.861,171.002,24284,3749,52487,9234
ESRS,"OTP Bank__OTP_Bank_0033__For ESRS G1-4 on corruption and bribery, does OTP Bank explicitly disclose whether any substantiated corruption or bribery incidents occurred during the reporting year?",,OTP Bank,OTP Bank,OTP Bank,"For ESRS G1-4 on corruption and bribery, does OTP Bank explicitly disclose whether any substantiated corruption or bribery incidents occurred during the reporting year?",OTP_Bank_0033,OTP_Bank_0033,OTP_Bank_0033|OTP_Bank_0208|OTP_Bank_0207|OTP_Bank_0210|OTP_Bank_0036,1,1.0,both_rank1,102.787,43.516,102.787,22374,2722,48465,6343
ESRS,"OTP Bank__OTP_Bank_0036__For ESRS-aligned third‑party due diligence, does OTP Bank state that from 2023 its standard business rules and contracts embed explicit anti‑corruption clauses applicable to contracting partners?",,OTP Bank,OTP Bank,OTP Bank,"For ESRS-aligned third‑party due diligence, does OTP Bank state that from 2023 its standard business rules and contracts embed explicit anti‑corruption clauses applicable to contracting partners?",OTP_Bank_0036,OTP_Bank_0036,OTP_Bank_0036|OTP_Bank_0035|OTP_Bank_0207|OTP_Bank_0206|OTP_Bank_0033,1,1.0,both_rank1,171.293,24.359,171.293,11131,1471,56642,7450
ESRS,"OTP Bank__OTP_Bank_0037__For ESRS G1 business conduct metrics, does OTP Bank quantify its anti–money laundering exposure by disclosing how many security incident filings in 2024 related to alleged money laundering?",,OTP Bank,OTP Bank,OTP Bank,"For ESRS G1 business conduct metrics, does OTP Bank quantify its anti–money laundering exposure by disclosing how many security incident filings in 2024 related to alleged money laundering?",OTP_Bank_0037,OTP_Bank_0036,OTP_Bank_0037|OTP_Bank_0036|OTP_Bank_0033|OTP_Bank_0034|OTP_Bank_0210,0,1.0,mrr_rank1_only,208.43,26.725,208.43,11127,1404,61189,10703
ESRS,"OTP Bank__OTP_Bank_0038__Does OTP Bank state that, for the ESRS climate disclosure E1-6 (datapoint 50.b), it applies an operational control boundary that includes assets outside the financial consolidation perimeter used for its financial statements?",,OTP Bank,OTP Bank,OTP Bank,"Does OTP Bank state that, for the ESRS climate disclosure E1-6 (datapoint 50.b), it applies an operational control boundary that includes assets outside the financial consolidation perimeter used for its financial statements?",OTP_Bank_0038,OTP_Bank_0038,OTP_Bank_0038|OTP_Bank_0119|OTP_Bank_0120|OTP_Bank_0035|OTP_Bank_0034,1,1.0,both_rank1,132.864,27.091,132.864,20129,1413,76408,7392
ESRS,"OTP Bank__OTP_Bank_0044__For ESRS 2 SBM-2, did OTP Bank document that its materiality and due diligence processes captured stakeholder perspectives specifically on the bank’s strategy and business model?",,OTP Bank,OTP Bank,OTP Bank,"For ESRS 2 SBM-2, did OTP Bank document that its materiality and due diligence processes captured stakeholder perspectives specifically on the bank’s strategy and business model?",OTP_Bank_0044,OTP_Bank_0003,OTP_Bank_0003|OTP_Bank_0004|OTP_Bank_0038|OTP_Bank_0034|OTP_Bank_0035,0,,both_fail,147.503,110.42,147.503,50967,7381,81639,10054
ESRS,"OTP Bank__OTP_Bank_0046__Within its materiality methodology, does OTP Bank apply an automatic trigger for negative impacts whereby achieving the maximum rating on any one attribute (scale, scope, or irreversibility) leads to the impact being classified as material regardless of other scores?",,OTP Bank,OTP Bank,OTP Bank,"Within its materiality methodology, does OTP Bank apply an automatic trigger for negative impacts whereby achieving the maximum rating on any one attribute (scale, scope, or irreversibility) leads to the impact being classified as material regardless of other scores?",OTP_Bank_0046,OTP_Bank_0046,OTP_Bank_0004|OTP_Bank_0003|OTP_Bank_0001|OTP_Bank_0005|OTP_Bank_0038,1,,accuracy_only_mrr_missing,215.374,204.518,215.374,99178,14139,124625,15086
ESRS,"OTP Bank__OTP_Bank_0048__Does OTP Bank’s disclosure spell out the evaluation framework it applies to sustainability-related financial risks and opportunities, including the rating tiers for potential impact and probability and the specific combinations that trigger materiality?",,OTP Bank,OTP Bank,OTP Bank,"Does OTP Bank’s disclosure spell out the evaluation framework it applies to sustainability-related financial risks and opportunities, including the rating tiers for potential impact and probability and the specific combinations that trigger materiality?",OTP_Bank_0048,OTP_Bank_0004,OTP_Bank_0004|OTP_Bank_0003|OTP_Bank_0001|OTP_Bank_0038|OTP_Bank_0005,0,,both_fail,114.098,35.494,114.098,22052,2024,63823,7177
ESRS,"OTP Bank__OTP_Bank_0050__In OTP Bank’s governance over the validation of its materiality assessment, what voting threshold did the ESG Sub-Committee apply when formally adopting the list of material impacts, risks and opportunities?",,OTP Bank,OTP Bank,OTP Bank,"In OTP Bank’s governance over the validation of its materiality assessment, what voting threshold did the ESG Sub-Committee apply when formally adopting the list of material impacts, risks and opportunities?",OTP_Bank_0050,OTP_Bank_0004,OTP_Bank_0004|OTP_Bank_0002|OTP_Bank_0038|OTP_Bank_0003|OTP_Bank_0001,0,,both_fail,68.86,39.26,68.86,39196,2296,73075,4222
ESRS,"OTP Bank__OTP_Bank_0051__For OTP Bank, does the disclosure state that the institution has established specific provisions or a separate capital buffer to cover ESG-related risks?",,OTP Bank,OTP Bank,OTP Bank,"For OTP Bank, does the disclosure state that the institution has established specific provisions or a separate capital buffer to cover ESG-related risks?",OTP_Bank_0051,OTP_Bank_0132,OTP_Bank_0004|OTP_Bank_0005|OTP_Bank_0132|OTP_Bank_0035,0,,both_fail,206.059,40.123,206.059,20872,2563,111085,12609
ESRS,"OTP Bank__OTP_Bank_0052__For ESRS-required disclosure of material legal and compliance risks, does OTP Bank state that if services to newly sanctioned counterparties are not discontinued within any permitted run‑off window, the bank (via OTP Group) could itself become subject to sanctions?",,OTP Bank,OTP Bank,OTP Bank,"For ESRS-required disclosure of material legal and compliance risks, does OTP Bank state that if services to newly sanctioned counterparties are not discontinued within any permitted run‑off window, the bank (via OTP Group) could itself become subject to sanctions?",OTP_Bank_0052,OTP_Bank_0199,OTP_Bank_0199|OTP_Bank_0033|OTP_Bank_0004|OTP_Bank_0002|OTP_Bank_0005,0,,both_fail,249.568,249.568,249.568,117260,15705,117260,15705
ESRS,"OTP Bank__OTP_Bank_0056__Does OTP Bank include comparative Green Asset Ratio metrics for the prior reporting period (t-1) in its non-financial statement, using the Annex VI templates and calculated on a prudentially consolidated basis, as required by Article 8 of Regulation (EU) 2021/2178?",,OTP Bank,OTP Bank,OTP Bank,"Does OTP Bank include comparative Green Asset Ratio metrics for the prior reporting period (t-1) in its non-financial statement, using the Annex VI templates and calculated on a prudentially consolidated basis, as required by Article 8 of Regulation (EU) 2021/2178?",OTP_Bank_0056,OTP_Bank_0056,OTP_Bank_0056|OTP_Bank_0059|OTP_Bank_0058|OTP_Bank_0080|OTP_Bank_0079,1,1.0,both_rank1,183.266,38.671,183.266,44721,2792,191002,12027
ESRS,"OTP Bank__OTP_Bank_0059__As of the 31 December 2023 reporting date, has OTP Bank stated the aggregate amount of assets that are included in the Green Asset Ratio denominator but excluded from its numerator?",,OTP Bank,OTP Bank,OTP Bank,"As of the 31 December 2023 reporting date, has OTP Bank stated the aggregate amount of assets that are included in the Green Asset Ratio denominator but excluded from its numerator?",OTP_Bank_0059,OTP_Bank_0059,OTP_Bank_0059|OTP_Bank_0061|OTP_Bank_0058|OTP_Bank_0066|OTP_Bank_0008,1,1.0,both_rank1,247.566,180.494,247.566,93437,11883,208308,15798
ESRS,"OTP Bank__OTP_Bank_0060__In OTP Bank’s Taxonomy GAR (capex-based) tables, does the bank quantify the pool of assets that are not counted in the GAR numerator but remain in the denominator, and does it itemise within that amount the portions relating to (i) SMEs and other non‑financial corporates outside NFRD scope and (ii) non‑EU counterparties outside NFRD scope as at 31 December 2024?",,OTP Bank,OTP Bank,OTP Bank,"In OTP Bank’s Taxonomy GAR (capex-based) tables, does the bank quantify the pool of assets that are not counted in the GAR numerator but remain in the denominator, and does it itemise within that amount the portions relating to (i) SMEs and other non‑financial corporates outside NFRD scope and (ii) non‑EU counterparties outside NFRD scope as at 31 December 2024?",OTP_Bank_0060,OTP_Bank_0008,OTP_Bank_0008|OTP_Bank_0012|OTP_Bank_0014|OTP_Bank_0011|OTP_Bank_0013,0,,both_fail,157.175,56.508,157.175,30511,3110,90170,9788
ESRS,"OTP Bank__OTP_Bank_0064__In OTP Bank’s turnover-based GAR stock disclosure, does the bank indicate the share of its total assets that are included in the GAR denominator for the “Total GAR assets” line item?",,OTP Bank,OTP Bank,OTP Bank,"In OTP Bank’s turnover-based GAR stock disclosure, does the bank indicate the share of its total assets that are included in the GAR denominator for the “Total GAR assets” line item?",OTP_Bank_0064,OTP_Bank_0011,OTP_Bank_0011|OTP_Bank_0013|OTP_Bank_0008|OTP_Bank_0012|OTP_Bank_0010,0,,both_fail,103.612,33.924,103.612,26193,2073,80745,7950
ESRS,"OTP Bank__OTP_Bank_0066__In the Total GAR assets line of the turnover-based GAR KPI stock (T-1), what proportion of OTP Bank’s total assets is reported as falling within the GAR scope?",,OTP Bank,OTP Bank,OTP Bank,"In the Total GAR assets line of the turnover-based GAR KPI stock (T-1), what proportion of OTP Bank’s total assets is reported as falling within the GAR scope?",OTP_Bank_0066,OTP_Bank_0011,OTP_Bank_0011|OTP_Bank_0008|OTP_Bank_0013|OTP_Bank_0012|OTP_Bank_0010,0,,both_fail,107.04,33.459,107.04,26181,2326,80201,7801
ESRS,"OTP Bank__OTP_Bank_0067__Within the GAR KPI stock (capex-based, T-1) disclosure, does OTP Bank explicitly state the reporting cut-off date for the presented figures, and if so, which date is provided?",,OTP Bank,OTP Bank,OTP Bank,"Within the GAR KPI stock (capex-based, T-1) disclosure, does OTP Bank explicitly state the reporting cut-off date for the presented figures, and if so, which date is provided?",OTP_Bank_0067,OTP_Bank_0012,OTP_Bank_0014|OTP_Bank_0012|OTP_Bank_0008|OTP_Bank_0011|OTP_Bank_0013,0,,both_fail,88.973,26.316,88.973,25783,1824,87107,6815
ESRS,"OTP Bank__OTP_Bank_0070__For OTP Bank, does the turnover-based off-balance sheet KPI for Assets under Management report, as of 31 December 2024, the aggregated percentages of exposures classified as taxonomy-eligible and taxonomy-aligned relative to total eligible off-balance sheet assets, and if so, what are those figures?",,OTP Bank,OTP Bank,OTP Bank,"For OTP Bank, does the turnover-based off-balance sheet KPI for Assets under Management report, as of 31 December 2024, the aggregated percentages of exposures classified as taxonomy-eligible and taxonomy-aligned relative to total eligible off-balance sheet assets, and if so, what are those figures?",OTP_Bank_0070,OTP_Bank_0015,OTP_Bank_0015|OTP_Bank_0017|OTP_Bank_0008|OTP_Bank_0016|OTP_Bank_0014,0,,both_fail,119.74,40.291,119.74,20095,3186,65918,8839
ESRS,"OTP Bank__OTP_Bank_0071__In OTP Bank’s capex-based off-balance-sheet disclosures, does the Assets under Management KPI provide, for each environmental objective, a separate identification of exposures that are within Taxonomy-relevant sectors (eligible) and those that meet the Taxonomy’s environmental sustainability criteria (aligned)?",,OTP Bank,OTP Bank,OTP Bank,"In OTP Bank’s capex-based off-balance-sheet disclosures, does the Assets under Management KPI provide, for each environmental objective, a separate identification of exposures that are within Taxonomy-relevant sectors (eligible) and those that meet the Taxonomy’s environmental sustainability criteria (aligned)?",OTP_Bank_0071,OTP_Bank_0016,OTP_Bank_0016|OTP_Bank_0018|OTP_Bank_0015|OTP_Bank_0017|OTP_Bank_0014,0,,both_fail,110.403,40.449,110.403,20132,2724,54665,7609
ESRS,"OTP Bank__OTP_Bank_0097__Consistent with ESRS expectations on defining the reporting boundary and preserving comparability, does OTP Bank state that the OTP Fund Manager’s 2024 disclosure consolidates subsidiaries while the 2023 disclosure is on a standalone legal-entity basis, and that this change restricts year-on-year comparability?",,OTP Bank,OTP Bank,OTP Bank,"Consistent with ESRS expectations on defining the reporting boundary and preserving comparability, does OTP Bank state that the OTP Fund Manager’s 2024 disclosure consolidates subsidiaries while the 2023 disclosure is on a standalone legal-entity basis, and that this change restricts year-on-year comparability?",OTP_Bank_0097,,,0,,both_fail,18.959,,18.959,0,0,10780,1260
ESRS,"OTP Bank__OTP_Bank_0099__From the second reporting cycle onward, does OTP Bank disaggregate the evolution of its EU Taxonomy–aligned activities into business-driven, methodological, and data-related factors?",,OTP Bank,OTP Bank,OTP Bank,"From the second reporting cycle onward, does OTP Bank disaggregate the evolution of its EU Taxonomy–aligned activities into business-driven, methodological, and data-related factors?",OTP_Bank_0099,OTP_Bank_0099,OTP_Bank_0099|OTP_Bank_0098|OTP_Bank_0078|OTP_Bank_0056|OTP_Bank_0008,1,1.0,both_rank1,138.534,87.713,138.534,77147,5037,175642,7943
ESRS,"OTP Bank__OTP_Bank_0101__For ESRS Taxonomy reporting, does OTP Bank specify whether the OTP Omega Fund of Funds holds any investments that are compliant with the EU Taxonomy for environmentally sustainable activities?",,OTP Bank,OTP Bank,OTP Bank,"For ESRS Taxonomy reporting, does OTP Bank specify whether the OTP Omega Fund of Funds holds any investments that are compliant with the EU Taxonomy for environmentally sustainable activities?",OTP_Bank_0101,OTP_Bank_0101,OTP_Bank_0101|OTP_Bank_0100|OTP_Bank_0102|OTP_Bank_0099|OTP_Bank_0097,1,1.0,both_rank1,92.864,41.173,92.864,41224,2726,156401,6571
ESRS,"OTP Bank__OTP_Bank_0102__In its 2024 consolidated management report, has OTP Bank disclosed an analysis of the specific factors driving the year-over-year changes in the OTP Ecotrend Fund’s KPIs?",,OTP Bank,OTP Bank,OTP Bank,"In its 2024 consolidated management report, has OTP Bank disclosed an analysis of the specific factors driving the year-over-year changes in the OTP Ecotrend Fund’s KPIs?",OTP_Bank_0102,OTP_Bank_0104_intro,OTP_Bank_0104_intro,0,,both_fail,119.58,119.58,119.58,53290,8043,53290,8043
ESRS,"OTP Bank__OTP_Bank_0103__For OTP Bank, when a fund or portfolio has an explicit sustainable-investment commitment tied to the EU Taxonomy, does the alignment assessment explicitly include checks against the EU Taxonomy’s ‘do no significant harm’ criteria in addition to the sustainability metric from the selected ESG data provider?",,OTP Bank,OTP Bank,OTP Bank,"For OTP Bank, when a fund or portfolio has an explicit sustainable-investment commitment tied to the EU Taxonomy, does the alignment assessment explicitly include checks against the EU Taxonomy’s ‘do no significant harm’ criteria in addition to the sustainability metric from the selected ESG data provider?",OTP_Bank_0103,OTP_Bank_0103,OTP_Bank_0103|OTP_Bank_0102|OTP_Bank_0100|OTP_Bank_0099|OTP_Bank_0104_intro,1,1.0,both_rank1,148.071,79.668,148.071,52337,5138,137285,9514
ESRS,"OTP Bank__OTP_Bank_0105__For OTP Bank, does the disclosure explicitly clarify that the reported green portfolio incorporates exposures that are not eligible for inclusion in the mandatory GAR under the Taxonomy Regulation (such as non-EU entities and clients not in scope of NFRD/CSRD)?",,OTP Bank,OTP Bank,OTP Bank,"For OTP Bank, does the disclosure explicitly clarify that the reported green portfolio incorporates exposures that are not eligible for inclusion in the mandatory GAR under the Taxonomy Regulation (such as non-EU entities and clients not in scope of NFRD/CSRD)?",OTP_Bank_0105,OTP_Bank_0105,OTP_Bank_0105|OTP_Bank_0056|OTP_Bank_0104_intro|OTP_Bank_0103|OTP_Bank_0102,1,1.0,both_rank1,124.192,27.285,124.192,17880,1957,115436,9154
ESRS,"OTP Bank__OTP_Bank_0108__Under OTP Bank’s Sustainable Finance Framework, which types of business activities are explicitly barred from receiving proceeds from its sustainable instruments?",,OTP Bank,OTP Bank,OTP Bank,"Under OTP Bank’s Sustainable Finance Framework, which types of business activities are explicitly barred from receiving proceeds from its sustainable instruments?",OTP_Bank_0108,OTP_Bank_0109,OTP_Bank_0108|OTP_Bank_0109|OTP_Bank_0106_intro|OTP_Bank_0105,0,1.0,mrr_rank1_only,111.104,32.662,111.104,17413,1860,56762,7132
ESRS,"OTP Bank__OTP_Bank_0109__For ESRS-aligned disclosures on EU Taxonomy alignment, does OTP Bank acknowledge a significant impediment to treating real-estate lending as Taxonomy-compliant?",,OTP Bank,OTP Bank,OTP Bank,"For ESRS-aligned disclosures on EU Taxonomy alignment, does OTP Bank acknowledge a significant impediment to treating real-estate lending as Taxonomy-compliant?",OTP_Bank_0109,OTP_Bank_0112,OTP_Bank_0112|OTP_Bank_0008|OTP_Bank_0141|OTP_Bank_0010|OTP_Bank_0019,0,,both_fail,236.122,139.386,236.122,75524,9007,121848,14806
ESRS,"OTP Bank__OTP_Bank_0043__For ESRS‑aligned reporting on data availability, does OTP Bank acknowledge that the uneven readiness of its clients to quantify and deliver credible sustainability information is a major impediment to compiling and disclosing client‑related sustainability performance?",,OTP Bank,OTP Bank,OTP Bank,"For ESRS‑aligned reporting on data availability, does OTP Bank acknowledge that the uneven readiness of its clients to quantify and deliver credible sustainability information is a major impediment to compiling and disclosing client‑related sustainability performance?",OTP_Bank_0043,OTP_Bank_0122,OTP_Bank_0122|OTP_Bank_0079|OTP_Bank_0121|OTP_Bank_0119|OTP_Bank_0120,0,,both_fail,568.347,568.347,568.347,191699,33737,191699,33737
ESRS,"OTP Bank__OTP_Bank_0069__For the capex-based Green Asset Ratio at the 31 December 2024 reference date, does OTP Bank report any exposures categorised as transition or enabling activities under the taxonomy contribution types?",,OTP Bank,OTP Bank,OTP Bank,"For the capex-based Green Asset Ratio at the 31 December 2024 reference date, does OTP Bank report any exposures categorised as transition or enabling activities under the taxonomy contribution types?",OTP_Bank_0069,OTP_Bank_0014,OTP_Bank_0014|OTP_Bank_0012|OTP_Bank_0011|OTP_Bank_0013|OTP_Bank_0010,0,,both_fail,148.296,44.846,148.296,26038,2330,78159,8269
ESRS,"OTP Bank__OTP_Bank_0110__From an ESRS metrics standpoint, has OTP Bank quantified the outstanding balance of its retail green lending at the close of 2024?",,OTP Bank,OTP Bank,OTP Bank,"From an ESRS metrics standpoint, has OTP Bank quantified the outstanding balance of its retail green lending at the close of 2024?",OTP_Bank_0110,OTP_Bank_0112,OTP_Bank_0105|OTP_Bank_0110|OTP_Bank_0112|OTP_Bank_0109|OTP_Bank_0104_intro,0,2.0,mrr_lower_only,129.446,49.441,129.446,23168,2587,51581,8522
ESRS,"OTP Bank__OTP_Bank_0112__For ESRS-governance disclosures, does OTP Bank specify both the frequency of review and the governing body that authorizes the Group Credit Risk Policy?",,OTP Bank,OTP Bank,OTP Bank,"For ESRS-governance disclosures, does OTP Bank specify both the frequency of review and the governing body that authorizes the Group Credit Risk Policy?",OTP_Bank_0112,OTP_Bank_0002,OTP_Bank_0002|OTP_Bank_0034|OTP_Bank_0001|OTP_Bank_0005|OTP_Bank_0003,0,,both_fail,220.47,220.47,220.47,104688,13877,104688,13877
ESRS,"OTP Bank__OTP_Bank_0113__For ESRS-consistent disclosure of policy applicability and perimeter, does OTP Bank state that its Corporate Lending Policy, including ESG-related requirements, applies across the Group and specify any 2025 exclusions and the interim treatment of those entities?",,OTP Bank,OTP Bank,OTP Bank,"For ESRS-consistent disclosure of policy applicability and perimeter, does OTP Bank state that its Corporate Lending Policy, including ESG-related requirements, applies across the Group and specify any 2025 exclusions and the interim treatment of those entities?",OTP_Bank_0113,OTP_Bank_0113,OTP_Bank_0113|OTP_Bank_0112|OTP_Bank_0128_intro|OTP_Bank_0127|OTP_Bank_0126_intro,1,1.0,both_rank1,198.159,164.81,198.159,58664,11122,72480,13232
ESRS,"OTP Bank__OTP_Bank_0115__For ESRS-aligned reporting, does OTP Bank indicate that it has an adopted climate transition plan; if not, what status and next step does it disclose?",,OTP Bank,OTP Bank,OTP Bank,"For ESRS-aligned reporting, does OTP Bank indicate that it has an adopted climate transition plan; if not, what status and next step does it disclose?",OTP_Bank_0115,OTP_Bank_0115,OTP_Bank_0115|OTP_Bank_0035|OTP_Bank_0034|OTP_Bank_0125_intro|OTP_Bank_0139,1,1.0,both_rank1,125.222,83.234,125.222,75652,5789,105041,9005
ESRS,"OTP Bank__OTP_Bank_0117__For ESRS target-disclosure purposes, has OTP Bank identified a baseline year for its 2030 carbon‑neutral operations objective that covers Scope 1 and Scope 2 emissions?",,OTP Bank,OTP Bank,OTP Bank,"For ESRS target-disclosure purposes, has OTP Bank identified a baseline year for its 2030 carbon‑neutral operations objective that covers Scope 1 and Scope 2 emissions?",OTP_Bank_0117,OTP_Bank_0115,OTP_Bank_0117|OTP_Bank_0116|OTP_Bank_0115|OTP_Bank_0124|OTP_Bank_0123,0,1.0,mrr_rank1_only,126.253,32.007,126.252,26846,2579,77164,9131
ESRS,"Banca Monte dei Paschi di Siena__Banca_Monte_dei_Paschi_di_Siena_0220__Within its stock GAR disclosure, what share of Banca Monte dei Paschi di Siena’s total assets is within the GAR scope for the Total GAR assets line in 2024 and in 2023?",,Banca Monte dei Paschi di Siena,Banca Monte dei Paschi di Siena,Banca Monte dei Paschi di Siena,"Within its stock GAR disclosure, what share of Banca Monte dei Paschi di Siena’s total assets is within the GAR scope for the Total GAR assets line in 2024 and in 2023?",Banca_Monte_dei_Paschi_di_Siena_0220,Banca_Monte_dei_Paschi_di_Siena_0216,Banca_Monte_dei_Paschi_di_Siena_0216|Banca_Monte_dei_Paschi_di_Siena_0217|Banca_Monte_dei_Paschi_di_Siena_0220|Banca_Monte_dei_Paschi_di_Siena_0221|Banca_Monte_dei_Paschi_di_Siena_0219,0,3.0,mrr_lower_only,124.103,45.993,124.103,23834,3135,97175,8719
ESRS,"OTP Bank__OTP_Bank_0118__Within OTP Bank’s ESRS E4 actions-and-resources disclosure, does the report confirm the existence of concrete measures to manage biodiversity and ecosystem impacts, or does it state that such measures are not yet established pending further impact assessment?",,OTP Bank,OTP Bank,OTP Bank,"Within OTP Bank’s ESRS E4 actions-and-resources disclosure, does the report confirm the existence of concrete measures to manage biodiversity and ecosystem impacts, or does it state that such measures are not yet established pending further impact assessment?",OTP_Bank_0118,OTP_Bank_0118,OTP_Bank_0019|OTP_Bank_0118|OTP_Bank_0117|OTP_Bank_0119|OTP_Bank_0020,1,2.0,accuracy_only_mrr_lower,129.871,31.516,129.871,23051,2133,74490,9353
ESRS,"OTP Bank__OTP_Bank_0123__For OTP Bank, does the report explicitly state that an external party (MSCI) calculated the financed GHG emissions for assets under management?",,OTP Bank,OTP Bank,OTP Bank,"For OTP Bank, does the report explicitly state that an external party (MSCI) calculated the financed GHG emissions for assets under management?",OTP_Bank_0123,OTP_Bank_0123,OTP_Bank_0123|OTP_Bank_0138|OTP_Bank_0136|OTP_Bank_0135|OTP_Bank_0137,1,1.0,both_rank1,168.595,155.111,168.595,60035,9508,63983,10199
ESRS,"OTP Bank__OTP_Bank_0140__For OTP Bank’s residential green lending, does the disclosure specify the legal benchmarks that underpin its ‘green’ classification, referencing national building energy performance rules and EU-aligned NZEB criteria?",,OTP Bank,OTP Bank,OTP Bank,"For OTP Bank’s residential green lending, does the disclosure specify the legal benchmarks that underpin its ‘green’ classification, referencing national building energy performance rules and EU-aligned NZEB criteria?",OTP_Bank_0140,OTP_Bank_0140,OTP_Bank_0140|OTP_Bank_0141|OTP_Bank_0139|OTP_Bank_0124|OTP_Bank_0123,1,1.0,both_rank1,149.986,88.937,149.986,47492,6167,60296,8183
ESRS,"OTP Bank__OTP_Bank_0142__For Scope 2 accounting under ESRS, does OTP Bank declare that electricity backed by contractual instruments (such as Guarantees of Origin or Renewable Energy Certificates) is reported with a market-based emission factor of zero?",,OTP Bank,OTP Bank,OTP Bank,"For Scope 2 accounting under ESRS, does OTP Bank declare that electricity backed by contractual instruments (such as Guarantees of Origin or Renewable Energy Certificates) is reported with a market-based emission factor of zero?",OTP_Bank_0142,OTP_Bank_0142,OTP_Bank_0142|OTP_Bank_0119|OTP_Bank_0121|OTP_Bank_0120|OTP_Bank_0139,1,1.0,both_rank1,131.272,104.304,131.272,67288,6779,79620,8374
ESRS,"OTP Bank__OTP_Bank_0127__Does OTP Bank have a formal plan to analyse portfolio exposure to climate-related physical and transition risks over distinct time horizons (less than one year, one to five years, and more than five years) for priority sectors?",,OTP Bank,OTP Bank,OTP Bank,"Does OTP Bank have a formal plan to analyse portfolio exposure to climate-related physical and transition risks over distinct time horizons (less than one year, one to five years, and more than five years) for priority sectors?",OTP_Bank_0127,OTP_Bank_0127,OTP_Bank_0127|OTP_Bank_0132|OTP_Bank_0133|OTP_Bank_0128_intro|OTP_Bank_0126_intro,1,1.0,both_rank1,229.331,44.69,229.331,19670,2332,54691,11563
ESRS,"OTP Bank__OTP_Bank_0131__For ESRS-related disclosure on risk methodology, does OTP Bank indicate that movable vehicle collateral is auto-assigned to four ESG risk bands (ESG1–ESG4) based on asset attributes, including consideration of EURO emissions ratings?",,OTP Bank,OTP Bank,OTP Bank,"For ESRS-related disclosure on risk methodology, does OTP Bank indicate that movable vehicle collateral is auto-assigned to four ESG risk bands (ESG1–ESG4) based on asset attributes, including consideration of EURO emissions ratings?",OTP_Bank_0131,OTP_Bank_0131,OTP_Bank_0131|OTP_Bank_0132|OTP_Bank_0130|OTP_Bank_0128_intro|OTP_Bank_0129_intro,1,1.0,both_rank1,140.459,82.621,140.459,31659,3823,40923,7170
ESRS,"OTP Bank__OTP_Bank_0133__In its disclosures, does OTP Bank confirm that ESG considerations are embedded within its probability-of-default (PD) model for credit risk assessment?",,OTP Bank,OTP Bank,OTP Bank,"In its disclosures, does OTP Bank confirm that ESG considerations are embedded within its probability-of-default (PD) model for credit risk assessment?",OTP_Bank_0133,OTP_Bank_0134,OTP_Bank_0133|OTP_Bank_0134|OTP_Bank_0128_intro|OTP_Bank_0127|OTP_Bank_0132,0,1.0,mrr_rank1_only,136.291,52.314,136.291,29635,2468,58095,6305
ESRS,"OTP Bank__OTP_Bank_0135__Within OTP Bank’s operational risk framework, is there a group-wide ESG operational risk tolerance threshold that is monitored on a quarterly basis?",,OTP Bank,OTP Bank,OTP Bank,"Within OTP Bank’s operational risk framework, is there a group-wide ESG operational risk tolerance threshold that is monitored on a quarterly basis?",OTP_Bank_0135,OTP_Bank_0038,OTP_Bank_0038|OTP_Bank_0035|OTP_Bank_0004|OTP_Bank_0033|OTP_Bank_0005,0,,both_fail,441.771,441.771,441.771,162107,22800,162107,22800
ESRS,OTP Bank__OTP_Bank_0136__Has OTP Bank instituted formal limits or an explicit policy framework to manage Principal Adverse Impacts (PAI) within its discretionary portfolio management?,,OTP Bank,OTP Bank,OTP Bank,Has OTP Bank instituted formal limits or an explicit policy framework to manage Principal Adverse Impacts (PAI) within its discretionary portfolio management?,OTP_Bank_0136,OTP_Bank_0053,OTP_Bank_0053|OTP_Bank_0035|OTP_Bank_0034,0,,both_fail,211.251,211.251,211.251,75426,13097,75426,13097
ESRS,OTP Bank__OTP_Bank_0147__Has OTP Bank stated whether any significant impacts on its own workforce are linked to specific countries or regions?,,OTP Bank,OTP Bank,OTP Bank,Has OTP Bank stated whether any significant impacts on its own workforce are linked to specific countries or regions?,OTP_Bank_0147,OTP_Bank_0147,OTP_Bank_0022_intro|OTP_Bank_0147|OTP_Bank_0175|OTP_Bank_0051|OTP_Bank_0146_intro,1,2.0,accuracy_only_mrr_lower,257.638,35.541,257.638,20938,1310,87907,10829
ESRS,"OTP Bank__OTP_Bank_0149__For OTP Bank, does the disclosure state whether the Group has concluded any group-wide overarching agreement with employee representatives addressing respect for workforce human rights?",,OTP Bank,OTP Bank,OTP Bank,"For OTP Bank, does the disclosure state whether the Group has concluded any group-wide overarching agreement with employee representatives addressing respect for workforce human rights?",OTP_Bank_0149,OTP_Bank_0148,OTP_Bank_0149|OTP_Bank_0148|OTP_Bank_0150|OTP_Bank_0151|OTP_Bank_0035,0,1.0,mrr_rank1_only,103.383,57.297,103.383,29800,2906,55514,5801
ESRS,"OTP Bank__OTP_Bank_0150__For OTP Bank’s own workforce, does the disclosure specify whether any employee-raised occupational health and safety grievances were lodged during the reporting period?",,OTP Bank,OTP Bank,OTP Bank,"For OTP Bank’s own workforce, does the disclosure specify whether any employee-raised occupational health and safety grievances were lodged during the reporting period?",OTP_Bank_0150,OTP_Bank_0022_intro,OTP_Bank_0022_intro|OTP_Bank_0150|OTP_Bank_0149|OTP_Bank_0151|OTP_Bank_0025,0,2.0,mrr_lower_only,123.777,32.21,123.777,18957,1624,66408,6540
ESRS,"OTP Bank__OTP_Bank_0151__Within its ESRS S1 target-setting, does OTP Bank define the employee engagement goal as a relative objective benchmarked against sectoral and global top‑quartile comparators?",,OTP Bank,OTP Bank,OTP Bank,"Within its ESRS S1 target-setting, does OTP Bank define the employee engagement goal as a relative objective benchmarked against sectoral and global top‑quartile comparators?",OTP_Bank_0151,OTP_Bank_0151,OTP_Bank_0151|OTP_Bank_0150|OTP_Bank_0149|OTP_Bank_0152|OTP_Bank_0175,1,1.0,both_rank1,84.47,45.96,84.47,25680,2899,51510,5300
ESRS,"OTP Bank__OTP_Bank_0155__For ESRS S1 reporting, can OTP Bank demonstrate that its diversity and equal-opportunity programs are governed by consistently defined effectiveness benchmarks rather than merely being monitored?",,OTP Bank,OTP Bank,OTP Bank,"For ESRS S1 reporting, can OTP Bank demonstrate that its diversity and equal-opportunity programs are governed by consistently defined effectiveness benchmarks rather than merely being monitored?",OTP_Bank_0155,OTP_Bank_0155,OTP_Bank_0155|OTP_Bank_0154_intro|OTP_Bank_0156|OTP_Bank_0153|OTP_Bank_0175,1,1.0,both_rank1,123.406,65.878,123.406,29210,4327,50218,8430
ESRS,"OTP Bank__OTP_Bank_0165__In its ESRS S1 health and safety disclosures, has OTP Bank clarified whether the described workplace safety activities are classified as ESRS ‘measures’ or presented only as contextual practices?",,OTP Bank,OTP Bank,OTP Bank,"In its ESRS S1 health and safety disclosures, has OTP Bank clarified whether the described workplace safety activities are classified as ESRS ‘measures’ or presented only as contextual practices?",OTP_Bank_0165,OTP_Bank_0025,OTP_Bank_0025|OTP_Bank_0022_intro|OTP_Bank_0024|OTP_Bank_0027|OTP_Bank_0026,0,,both_fail,101.908,39.614,101.908,18160,2460,38252,6924
ESRS,OTP Bank__OTP_Bank_0166__Has OTP Bank declared that it provides occupational health assessments to all job categories regardless of any statutory obligation to do so?,,OTP Bank,OTP Bank,OTP Bank,Has OTP Bank declared that it provides occupational health assessments to all job categories regardless of any statutory obligation to do so?,OTP_Bank_0166,OTP_Bank_0025,OTP_Bank_0025|OTP_Bank_0024|OTP_Bank_0023|OTP_Bank_0026|OTP_Bank_0022_intro,0,,both_fail,108.897,29.879,108.897,18076,1614,38977,5315
ESRS,"OTP Bank__OTP_Bank_0168__In OTP Bank’s disclosure, is the Uzbek subsidiary’s objective of zero workplace accidents accompanied by a defined monitoring frequency, and if so, what is it?",,OTP Bank,OTP Bank,OTP Bank,"In OTP Bank’s disclosure, is the Uzbek subsidiary’s objective of zero workplace accidents accompanied by a defined monitoring frequency, and if so, what is it?",OTP_Bank_0168,OTP_Bank_0168,OTP_Bank_0168|OTP_Bank_0167|OTP_Bank_0169|OTP_Bank_0165|OTP_Bank_0175,1,1.0,both_rank1,102.726,28.583,102.726,24284,1655,51180,6342
ESRS,"OTP Bank__OTP_Bank_0169__For OTP Bank, does the disclosure specify the basis used to calculate hours worked that support the published employee accident rate, including the approach applied when detailed time records are unavailable?",,OTP Bank,OTP Bank,OTP Bank,"For OTP Bank, does the disclosure specify the basis used to calculate hours worked that support the published employee accident rate, including the approach applied when detailed time records are unavailable?",OTP_Bank_0169,OTP_Bank_0175,OTP_Bank_0175|OTP_Bank_0025|OTP_Bank_0027|OTP_Bank_0026|OTP_Bank_0024,0,,both_fail,128.296,117.179,128.295,46784,7328,53618,7906
ESRS,"OTP Bank__OTP_Bank_0171__Under the ESRS S1-4 section, does OTP Bank evidence oversight of the effectiveness of its work–life balance measures by setting out formal monitoring mechanisms and disclosing quantified employee-survey results?",,OTP Bank,OTP Bank,OTP Bank,"Under the ESRS S1-4 section, does OTP Bank evidence oversight of the effectiveness of its work–life balance measures by setting out formal monitoring mechanisms and disclosing quantified employee-survey results?",OTP_Bank_0171,OTP_Bank_0171,OTP_Bank_0171|OTP_Bank_0173|OTP_Bank_0152|OTP_Bank_0175|OTP_Bank_0174,1,1.0,both_rank1,152.146,75.487,152.146,26441,4745,49899,9674
ESRS,"OTP Bank__OTP_Bank_0178__Within its ESRS S4-2 narrative on engagement with consumers, does OTP Bank state the frequency of its retail customer satisfaction surveys per country and the typical size/representativeness of the respondent pool?",,OTP Bank,OTP Bank,OTP Bank,"Within its ESRS S4-2 narrative on engagement with consumers, does OTP Bank state the frequency of its retail customer satisfaction surveys per country and the typical size/representativeness of the respondent pool?",OTP_Bank_0178,OTP_Bank_0178,OTP_Bank_0178|OTP_Bank_0177|OTP_Bank_0179_intro|OTP_Bank_0196|OTP_Bank_0175,1,1.0,both_rank1,147.761,35.893,147.761,16522,2144,50838,9218
ESRS,"OTP Bank__OTP_Bank_0182__With reference to ESRS expectations on protecting consumers’ personal data in grievance mechanisms, does OTP Bank’s disclosure confirm that complaint-management systems within the group were upgraded to strengthen safeguards for customer information?",,OTP Bank,OTP Bank,OTP Bank,"With reference to ESRS expectations on protecting consumers’ personal data in grievance mechanisms, does OTP Bank’s disclosure confirm that complaint-management systems within the group were upgraded to strengthen safeguards for customer information?",OTP_Bank_0182,OTP_Bank_0185,OTP_Bank_0182|OTP_Bank_0183|OTP_Bank_0185|OTP_Bank_0181|OTP_Bank_0186,0,1.0,mrr_rank1_only,141.609,49.992,141.609,20586,2872,43903,8092
ESRS,"OTP Bank__OTP_Bank_0183__In its disclosure, does OTP Bank state whether it obliges its business partners across the value chain to operate customer complaint submission mechanisms?",,OTP Bank,OTP Bank,OTP Bank,"In its disclosure, does OTP Bank state whether it obliges its business partners across the value chain to operate customer complaint submission mechanisms?",OTP_Bank_0183,OTP_Bank_0185,OTP_Bank_0028_intro|OTP_Bank_0185|OTP_Bank_0029|OTP_Bank_0035|OTP_Bank_0196,0,,both_fail,208.226,79.17,208.226,27975,4758,69581,11951
ESRS,"OTP Bank__OTP_Bank_0186__For the 2024 reporting year, does OTP Bank disclose group-wide quantitative figures for customer privacy violations and related complaints from third parties and regulators under its ESRS S4 information security and fraud management disclosures?",,OTP Bank,OTP Bank,OTP Bank,"For the 2024 reporting year, does OTP Bank disclose group-wide quantitative figures for customer privacy violations and related complaints from third parties and regulators under its ESRS S4 information security and fraud management disclosures?",OTP_Bank_0186,OTP_Bank_0186,OTP_Bank_0186|OTP_Bank_0187|OTP_Bank_0183|OTP_Bank_0185|OTP_Bank_0182,1,1.0,both_rank1,200.501,46.283,200.501,23020,3038,53514,12613
ESRS,"OTP Bank__OTP_Bank_0187__For ESRS S4 target reporting, has OTP Bank specified both a reference year and a defined end date for its objective to install cameras on its ATMs?",,OTP Bank,OTP Bank,OTP Bank,"For ESRS S4 target reporting, has OTP Bank specified both a reference year and a defined end date for its objective to install cameras on its ATMs?",OTP_Bank_0187,OTP_Bank_0187,OTP_Bank_0187|OTP_Bank_0186|OTP_Bank_0196|OTP_Bank_0031|OTP_Bank_0175,1,1.0,both_rank1,217.548,60.573,217.548,19777,2893,72404,12309
ESRS,"OTP Bank__OTP_Bank_0189__For ESRS S4 policy coverage, does OTP Bank impose the Responsible Marketing Policy as mandatory across its subsidiaries, or is adoption at subsidiary level only encouraged?",,OTP Bank,OTP Bank,OTP Bank,"For ESRS S4 policy coverage, does OTP Bank impose the Responsible Marketing Policy as mandatory across its subsidiaries, or is adoption at subsidiary level only encouraged?",OTP_Bank_0189,OTP_Bank_0189,OTP_Bank_0189|OTP_Bank_0030|OTP_Bank_0029|OTP_Bank_0193|OTP_Bank_0177,1,1.0,both_rank1,151.018,93.388,151.018,42260,5907,64342,9142
ESRS,"OTP Bank__OTP_Bank_0190__Under its ESRS S4-4 actions, does OTP Bank disclose that educating clients on digital self-service channels (such as ATMs, online, and mobile banking) is a defined operational duty for branch advisers and other advisory staff?",,OTP Bank,OTP Bank,OTP Bank,"Under its ESRS S4-4 actions, does OTP Bank disclose that educating clients on digital self-service channels (such as ATMs, online, and mobile banking) is a defined operational duty for branch advisers and other advisory staff?",OTP_Bank_0190,OTP_Bank_0190,OTP_Bank_0190|OTP_Bank_0189|OTP_Bank_0194|OTP_Bank_0193|OTP_Bank_0196,1,1.0,both_rank1,181.023,66.486,181.023,20784,4180,49397,10517
ESRS,OTP Bank__OTP_Bank_0195__Which internal system does OTP Bank use to keep current records of the rollout of accessibility support measures across its branch network?,,OTP Bank,OTP Bank,OTP Bank,Which internal system does OTP Bank use to keep current records of the rollout of accessibility support measures across its branch network?,OTP_Bank_0195,OTP_Bank_0031,OTP_Bank_0031|OTP_Bank_0195|OTP_Bank_0194|OTP_Bank_0196|OTP_Bank_0030,0,2.0,mrr_lower_only,125.024,33.481,125.024,17711,1829,55673,6598
ESRS,"OTP Bank__OTP_Bank_0196__For S4 disclosures, does OTP Bank’s computation of customer compensation explicitly exclude reimbursed transaction amounts from the total reported redress?",,OTP Bank,OTP Bank,OTP Bank,"For S4 disclosures, does OTP Bank’s computation of customer compensation explicitly exclude reimbursed transaction amounts from the total reported redress?",OTP_Bank_0196,OTP_Bank_0196,OTP_Bank_0196|OTP_Bank_0178|OTP_Bank_0177|OTP_Bank_0186|OTP_Bank_0175,1,1.0,both_rank1,168.631,30.779,168.631,13606,1648,49921,8511
ESRS,"OTP Bank__OTP_Bank_0201__For written submissions lodged via OTP Bank’s dedicated online Reporting System, is there a prescribed deadline to issue a receipt confirmation to the whistleblower, and what is that timeframe?",,OTP Bank,OTP Bank,OTP Bank,"For written submissions lodged via OTP Bank’s dedicated online Reporting System, is there a prescribed deadline to issue a receipt confirmation to the whistleblower, and what is that timeframe?",OTP_Bank_0201,OTP_Bank_0201,OTP_Bank_0201|OTP_Bank_0200_intro|OTP_Bank_0202|OTP_Bank_0033|OTP_Bank_0199,1,1.0,both_rank1,114.72,64.092,114.72,31859,3593,54092,6270
ESRS,"OTP Bank__OTP_Bank_0205__For OTP Bank’s AML/CFT whistleblowing channel, does the policy stipulate a maximum period to complete an internal investigation, and if yes, what is that period?",,OTP Bank,OTP Bank,OTP Bank,"For OTP Bank’s AML/CFT whistleblowing channel, does the policy stipulate a maximum period to complete an internal investigation, and if yes, what is that period?",OTP_Bank_0205,OTP_Bank_0207,OTP_Bank_0207|OTP_Bank_0206|OTP_Bank_0201|OTP_Bank_0200_intro|OTP_Bank_0033,0,,both_fail,102.155,51.927,102.155,28789,2916,49412,6646
ESRS,"OTP Bank__OTP_Bank_0208__In OTP Bank’s ESRS G1-4 disclosure regarding the two confirmed 2024 corruption/bribery incidents at Uzbek Ipoteka Bank, does the bank report that any business partner contracts were ended as a corrective action?",,OTP Bank,OTP Bank,OTP Bank,"In OTP Bank’s ESRS G1-4 disclosure regarding the two confirmed 2024 corruption/bribery incidents at Uzbek Ipoteka Bank, does the bank report that any business partner contracts were ended as a corrective action?",OTP_Bank_0208,OTP_Bank_0208,OTP_Bank_0208|OTP_Bank_0207|OTP_Bank_0036|OTP_Bank_0033|OTP_Bank_0035,1,1.0,both_rank1,202.396,72.445,202.396,28419,4160,71459,12536
ESRS,"OTP Bank__OTP_Bank_0209__For ESRS purposes on reporting significant legal exposures, does OTP Bank disclose a material antitrust (interchange fee) case against itself, stating that the 2009 GVH penalty was annulled with the paid amount refunded, and that a renewed procedure launched in 2021 remained pending in 2024?",,OTP Bank,OTP Bank,OTP Bank,"For ESRS purposes on reporting significant legal exposures, does OTP Bank disclose a material antitrust (interchange fee) case against itself, stating that the 2009 GVH penalty was annulled with the paid amount refunded, and that a renewed procedure launched in 2021 remained pending in 2024?",OTP_Bank_0209,OTP_Bank_0209,OTP_Bank_0209|OTP_Bank_0208|OTP_Bank_0033|OTP_Bank_0034|OTP_Bank_0035,1,1.0,both_rank1,195.042,88.254,195.042,29588,4221,61762,10027
ESRS,"OTP Bank__OTP_Bank_0210__For OTP Bank’s ESRS G1 reporting, when determining the coverage rate of anti-bribery/anti-corruption training for staff in higher-risk roles, does the calculation include both employees who completed the training during the reporting year and those mandated to attend it even if not finished by the reporting cut-off?",,OTP Bank,OTP Bank,OTP Bank,"For OTP Bank’s ESRS G1 reporting, when determining the coverage rate of anti-bribery/anti-corruption training for staff in higher-risk roles, does the calculation include both employees who completed the training during the reporting year and those mandated to attend it even if not finished by the reporting cut-off?",OTP_Bank_0210,OTP_Bank_0210,OTP_Bank_0210|OTP_Bank_0209|OTP_Bank_0202|OTP_Bank_0033|OTP_Bank_0206,1,1.0,both_rank1,121.211,76.956,121.211,23912,3508,47958,6167
ESRS,"PKO Bank Polski__PKO_Bank_Polski_0002__Under ESRS confidentiality provisions that allow redaction of trade secrets, did the PKO Bank Polski S.A. Group invoke this basis to exclude any disclosures related to intellectual property, know‑how, or innovation outcomes in its 2024 sustainability statement?",,PKO Bank Polski,PKO Bank Polski,PKO Bank Polski,"Under ESRS confidentiality provisions that allow redaction of trade secrets, did the PKO Bank Polski S.A. Group invoke this basis to exclude any disclosures related to intellectual property, know‑how, or innovation outcomes in its 2024 sustainability statement?",PKO_Bank_Polski_0002,PKO_Bank_Polski_0002,PKO_Bank_Polski_0002,1,1.0,both_rank1,144.561,40.856,144.561,19305,1965,46959,8441
ESRS,"PKO Bank Polski__PKO_Bank_Polski_0004__For GOV-2 purposes, has PKO Bank Polski’s Management Board formally endorsed the set of material impacts, risks, and opportunities identified through the 2024 double materiality assessment?",,PKO Bank Polski,PKO Bank Polski,PKO Bank Polski,"For GOV-2 purposes, has PKO Bank Polski’s Management Board formally endorsed the set of material impacts, risks, and opportunities identified through the 2024 double materiality assessment?",PKO_Bank_Polski_0004,PKO_Bank_Polski_0004,PKO_Bank_Polski_0004|PKO_Bank_Polski_0003|PKO_Bank_Polski_0011|PKO_Bank_Polski_0005|PKO_Bank_Polski_0016,1,1.0,both_rank1,110.421,45.408,110.421,26003,2701,75633,7092
ESRS,PKO Bank Polski__PKO_Bank_Polski_0010__Does PKO Bank Polski evidence that its double materiality assessment covered the entire group perimeter by applying the assessment at both the consolidated Group level and separately for each subsidiary?,,PKO Bank Polski,PKO Bank Polski,PKO Bank Polski,Does PKO Bank Polski evidence that its double materiality assessment covered the entire group perimeter by applying the assessment at both the consolidated Group level and separately for each subsidiary?,PKO_Bank_Polski_0010,PKO_Bank_Polski_0010,PKO_Bank_Polski_0010|PKO_Bank_Polski_0007|PKO_Bank_Polski_0008|PKO_Bank_Polski_0011|PKO_Bank_Polski_0016,1,1.0,both_rank1,129.656,46.743,129.656,21595,2379,62205,7215
ESRS,"PKO Bank Polski__PKO_Bank_Polski_0011__In its impact materiality methodology, does PKO Bank Polski apply a defined set of criteria—scale, scope, reversibility (as part of severity), and likelihood—each rated on a five-level scale, and then use expert-set thresholds with a explicit cut-off score to decide which impacts are material?",,PKO Bank Polski,PKO Bank Polski,PKO Bank Polski,"In its impact materiality methodology, does PKO Bank Polski apply a defined set of criteria—scale, scope, reversibility (as part of severity), and likelihood—each rated on a five-level scale, and then use expert-set thresholds with a explicit cut-off score to decide which impacts are material?",PKO_Bank_Polski_0011,PKO_Bank_Polski_0011,PKO_Bank_Polski_0011|PKO_Bank_Polski_0010|PKO_Bank_Polski_0012|PKO_Bank_Polski_0007|PKO_Bank_Polski_0008,1,1.0,both_rank1,147.425,50.08,147.425,21444,2208,65319,7965
ESRS,"PKO Bank Polski__PKO_Bank_Polski_0014__For ESRS climate-resilience disclosures, does PKO Bank Polski specify the scenario pathway and analytical model it used to evaluate acute physical climate risks to its own properties?",,PKO Bank Polski,PKO Bank Polski,PKO Bank Polski,"For ESRS climate-resilience disclosures, does PKO Bank Polski specify the scenario pathway and analytical model it used to evaluate acute physical climate risks to its own properties?",PKO_Bank_Polski_0014,PKO_Bank_Polski_0095,PKO_Bank_Polski_0095|PKO_Bank_Polski_0096|PKO_Bank_Polski_0079|PKO_Bank_Polski_0078|PKO_Bank_Polski_0077,0,,both_fail,256.17,256.169,256.169,88641,15389,88641,15389
ESRS,"PKO Bank Polski__PKO_Bank_Polski_0015__For the 2024 reporting year, has PKO Bank Polski utilised the ESRS phase‑in option to postpone disclosures under ESRS E1‑9 related to portfolio exposure to climate‑related physical risks (including the acute/chronic split, locations of materially exposed assets, energy efficiency of real estate collateral, and exposure to climate‑related opportunities)?",,PKO Bank Polski,PKO Bank Polski,PKO Bank Polski,"For the 2024 reporting year, has PKO Bank Polski utilised the ESRS phase‑in option to postpone disclosures under ESRS E1‑9 related to portfolio exposure to climate‑related physical risks (including the acute/chronic split, locations of materially exposed assets, energy efficiency of real estate collateral, and exposure to climate‑related opportunities)?",PKO_Bank_Polski_0015,PKO_Bank_Polski_0099,PKO_Bank_Polski_0099|PKO_Bank_Polski_0097|PKO_Bank_Polski_0098,0,,both_fail,306.533,58.442,306.533,17231,4024,81762,18573
ESRS,"PKO Bank Polski__PKO_Bank_Polski_0016__Evidence of governance sign-off: Did PKO Bank Polski secure formal approval by its Management Board for the stakeholder-engagement results underpinning its double materiality assessment, and on what date was this approval granted?",,PKO Bank Polski,PKO Bank Polski,PKO Bank Polski,"Evidence of governance sign-off: Did PKO Bank Polski secure formal approval by its Management Board for the stakeholder-engagement results underpinning its double materiality assessment, and on what date was this approval granted?",PKO_Bank_Polski_0016,PKO_Bank_Polski_0016,PKO_Bank_Polski_0016|PKO_Bank_Polski_0010|PKO_Bank_Polski_0011|PKO_Bank_Polski_0012|PKO_Bank_Polski_0004,1,1.0,both_rank1,110.295,34.155,110.295,21210,1686,57194,6182
ESRS,"PKO Bank Polski__PKO_Bank_Polski_0018__Within its 2025–2027 strategy, does PKO Bank Polski S.A. set a measurable target for the share of its loan portfolio that will be subject to a decarbonisation plan by 2027?",,PKO Bank Polski,PKO Bank Polski,PKO Bank Polski,"Within its 2025–2027 strategy, does PKO Bank Polski S.A. set a measurable target for the share of its loan portfolio that will be subject to a decarbonisation plan by 2027?",PKO_Bank_Polski_0018,PKO_Bank_Polski_0095,PKO_Bank_Polski_0094|PKO_Bank_Polski_0095|PKO_Bank_Polski_0080_intro|PKO_Bank_Polski_0083|PKO_Bank_Polski_0082,0,,both_fail,145.525,39.807,145.525,17887,2361,68768,9708
ESRS,"PKO Bank Polski__PKO_Bank_Polski_0023__Within its EU Taxonomy section, does PKO Bank Polski S.A. Group state that an activity qualifies as environmentally sustainable only if all four criteria are satisfied concurrently—namely, a material contribution to at least one of the six environmental objectives, no significant harm to the others, compliance with minimum safeguards, and alignment with the Commission’s technical screening criteria?",,PKO Bank Polski,PKO Bank Polski,PKO Bank Polski,"Within its EU Taxonomy section, does PKO Bank Polski S.A. Group state that an activity qualifies as environmentally sustainable only if all four criteria are satisfied concurrently—namely, a material contribution to at least one of the six environmental objectives, no significant harm to the others, compliance with minimum safeguards, and alignment with the Commission’s technical screening criteria?",PKO_Bank_Polski_0023,PKO_Bank_Polski_0023,PKO_Bank_Polski_0023|PKO_Bank_Polski_0024|PKO_Bank_Polski_0052|PKO_Bank_Polski_0025_intro|PKO_Bank_Polski_0093,1,1.0,both_rank1,141.36,29.549,141.36,12911,2052,95357,8978
ESRS,"PKO Bank Polski__PKO_Bank_Polski_0045__For ESRS scoping purposes, does PKO Bank Polski treat as in-scope for mandatory sustainability reporting those subsidiaries that are included in the consolidation perimeter of public‑interest parent companies of large groups under Articles 19a/29a of Directive 2013/34/EU?",,PKO Bank Polski,PKO Bank Polski,PKO Bank Polski,"For ESRS scoping purposes, does PKO Bank Polski treat as in-scope for mandatory sustainability reporting those subsidiaries that are included in the consolidation perimeter of public‑interest parent companies of large groups under Articles 19a/29a of Directive 2013/34/EU?",PKO_Bank_Polski_0045,PKO_Bank_Polski_0002,PKO_Bank_Polski_0002,0,,both_fail,113.024,47.106,113.024,19347,3299,36160,7482
ESRS,"PKO Bank Polski__PKO_Bank_Polski_0046__Where a client within the scope of Directive 2013/34/EU does not satisfy the Article 18 minimum safeguards, does PKO Bank Polski classify the client’s economic activities as EU Taxonomy-eligible but not aligned in its disclosures?",,PKO Bank Polski,PKO Bank Polski,PKO Bank Polski,"Where a client within the scope of Directive 2013/34/EU does not satisfy the Article 18 minimum safeguards, does PKO Bank Polski classify the client’s economic activities as EU Taxonomy-eligible but not aligned in its disclosures?",PKO_Bank_Polski_0046,PKO_Bank_Polski_0045,PKO_Bank_Polski_0046|PKO_Bank_Polski_0045|PKO_Bank_Polski_0047|PKO_Bank_Polski_0052|PKO_Bank_Polski_0048,0,1.0,mrr_rank1_only,142.531,55.876,142.531,28647,2512,96011,7845
ESRS,PKO Bank Polski__PKO_Bank_Polski_0052__Has PKO Bank Polski implemented a due diligence process to verify clients’ and counterparties’ conformity with the EU Taxonomy’s minimum safeguards?,,PKO Bank Polski,PKO Bank Polski,PKO Bank Polski,Has PKO Bank Polski implemented a due diligence process to verify clients’ and counterparties’ conformity with the EU Taxonomy’s minimum safeguards?,PKO_Bank_Polski_0052,PKO_Bank_Polski_0077,PKO_Bank_Polski_0052|PKO_Bank_Polski_0053|PKO_Bank_Polski_0077|PKO_Bank_Polski_0094|PKO_Bank_Polski_0093,0,1.0,mrr_rank1_only,171.16,42.361,171.16,20290,2832,87952,10679
ESRS,"PKO Bank Polski__PKO_Bank_Polski_0053__Under the credit portfolio classification approved by its Management Board in the first half of 2024, does PKO Bank Polski state that exposures meeting EU Taxonomy Article 3 criteria (its “dark green” category) are included in the Green Asset Ratio (GAR)?",,PKO Bank Polski,PKO Bank Polski,PKO Bank Polski,"Under the credit portfolio classification approved by its Management Board in the first half of 2024, does PKO Bank Polski state that exposures meeting EU Taxonomy Article 3 criteria (its “dark green” category) are included in the Green Asset Ratio (GAR)?",PKO_Bank_Polski_0053,PKO_Bank_Polski_0052,PKO_Bank_Polski_0053|PKO_Bank_Polski_0052|PKO_Bank_Polski_0023|PKO_Bank_Polski_0024|PKO_Bank_Polski_0074,0,1.0,mrr_rank1_only,166.48,61.314,166.48,29887,2756,100748,9734
ESRS,"PKO Bank Polski__PKO_Bank_Polski_0074__For the 2024 taxonomy analysis, does PKO Bank Polski confirm that borrowers linked to the 43 investment loans identified as contributing substantially to climate mitigation and complying with do-no-significant-harm also fulfil the minimum safeguards criterion?",,PKO Bank Polski,PKO Bank Polski,PKO Bank Polski,"For the 2024 taxonomy analysis, does PKO Bank Polski confirm that borrowers linked to the 43 investment loans identified as contributing substantially to climate mitigation and complying with do-no-significant-harm also fulfil the minimum safeguards criterion?",PKO_Bank_Polski_0074,PKO_Bank_Polski_0077,PKO_Bank_Polski_0073|PKO_Bank_Polski_0077|PKO_Bank_Polski_0043|PKO_Bank_Polski_0094|PKO_Bank_Polski_0093,0,,both_fail,211.219,43.883,211.219,20434,2259,100418,11081
ESRS,PKO Bank Polski__PKO_Bank_Polski_0082__Does PKO Bank Polski indicate a planned program to strengthen its loan-portfolio financed-emissions measurement methods and to upgrade the robustness of its underlying emissions data in future reporting periods?,,PKO Bank Polski,PKO Bank Polski,PKO Bank Polski,Does PKO Bank Polski indicate a planned program to strengthen its loan-portfolio financed-emissions measurement methods and to upgrade the robustness of its underlying emissions data in future reporting periods?,PKO_Bank_Polski_0082,PKO_Bank_Polski_0082,PKO_Bank_Polski_0082|PKO_Bank_Polski_0080_intro|PKO_Bank_Polski_0081|PKO_Bank_Polski_0083|PKO_Bank_Polski_0023,1,1.0,both_rank1,130.235,87.211,130.235,32823,5466,59626,8078
ESRS,"PKO Bank Polski__PKO_Bank_Polski_0084__Has PKO Bank Polski specified a quantitative, time-bound percentage reduction target for emissions intensity in its energy-generation financing by 2030?",,PKO Bank Polski,PKO Bank Polski,PKO Bank Polski,"Has PKO Bank Polski specified a quantitative, time-bound percentage reduction target for emissions intensity in its energy-generation financing by 2030?",PKO_Bank_Polski_0084,PKO_Bank_Polski_0083,PKO_Bank_Polski_0083|PKO_Bank_Polski_0084|PKO_Bank_Polski_0085|PKO_Bank_Polski_0086|PKO_Bank_Polski_0087,0,2.0,mrr_lower_only,85.591,38.645,85.591,25145,2141,55112,5319
ESRS,"PKO Bank Polski__PKO_Bank_Polski_0094__For PKO Bank Polski, does the report provide quantified estimates of the capital and operating expenditures allocated to implement the ongoing or planned climate-related actions described?",,PKO Bank Polski,PKO Bank Polski,PKO Bank Polski,"For PKO Bank Polski, does the report provide quantified estimates of the capital and operating expenditures allocated to implement the ongoing or planned climate-related actions described?",PKO_Bank_Polski_0094,PKO_Bank_Polski_0093,PKO_Bank_Polski_0094|PKO_Bank_Polski_0093|PKO_Bank_Polski_0081|PKO_Bank_Polski_0092|PKO_Bank_Polski_0091,0,1.0,mrr_rank1_only,171.277,75.167,171.277,21915,3701,64463,9327
ESRS,"PKO Bank Polski__PKO_Bank_Polski_0095__Within its E1-4 target disclosure, does PKO Bank Polski provide numeric Scope 1–2 emissions levels for the intermediate years 2035 and 2040, or are those years left without quantified values?",,PKO Bank Polski,PKO Bank Polski,PKO Bank Polski,"Within its E1-4 target disclosure, does PKO Bank Polski provide numeric Scope 1–2 emissions levels for the intermediate years 2035 and 2040, or are those years left without quantified values?",PKO_Bank_Polski_0095,PKO_Bank_Polski_0095,PKO_Bank_Polski_0095|PKO_Bank_Polski_0094|PKO_Bank_Polski_0096,1,1.0,both_rank1,248.57,34.566,248.57,17880,1925,91981,15622
ESRS,"PKO Bank Polski__PKO_Bank_Polski_0103__For ESRS 2 target disclosures, does PKO Bank Polski state that it has established a measurable objective related to employee remuneration or financial security, and if not, what alternative commitment does it report?",,PKO Bank Polski,PKO Bank Polski,PKO Bank Polski,"For ESRS 2 target disclosures, does PKO Bank Polski state that it has established a measurable objective related to employee remuneration or financial security, and if not, what alternative commitment does it report?",PKO_Bank_Polski_0103,PKO_Bank_Polski_0103,PKO_Bank_Polski_0103|PKO_Bank_Polski_0104|PKO_Bank_Polski_0105|PKO_Bank_Polski_0102|PKO_Bank_Polski_0112,1,1.0,both_rank1,105.635,34.361,105.635,19049,1954,55509,6655
ESRS,"PKO Bank Polski__PKO_Bank_Polski_0105__In line with the remuneration-related disclosure obligation referenced, has PKO Bank Polski reported the ratio of the highest total pay in 2024 to the median total remuneration of all other employees, and what is the Bank-level figure disclosed?",,PKO Bank Polski,PKO Bank Polski,PKO Bank Polski,"In line with the remuneration-related disclosure obligation referenced, has PKO Bank Polski reported the ratio of the highest total pay in 2024 to the median total remuneration of all other employees, and what is the Bank-level figure disclosed?",PKO_Bank_Polski_0105,PKO_Bank_Polski_0105,PKO_Bank_Polski_0105|PKO_Bank_Polski_0104|PKO_Bank_Polski_0103,1,1.0,both_rank1,103.906,29.355,103.905,18761,1684,57175,5675
ESRS,"PKO Bank Polski__PKO_Bank_Polski_0107__With respect to ESRS 2 requirements on target-setting, does PKO Bank Polski disclose specific, measurable objectives and related actions for occupational safety and employee well‑being, or does it confirm that no ESRS‑aligned measurable targets have been established?",,PKO Bank Polski,PKO Bank Polski,PKO Bank Polski,"With respect to ESRS 2 requirements on target-setting, does PKO Bank Polski disclose specific, measurable objectives and related actions for occupational safety and employee well‑being, or does it confirm that no ESRS‑aligned measurable targets have been established?",PKO_Bank_Polski_0107,PKO_Bank_Polski_0107,PKO_Bank_Polski_0107|PKO_Bank_Polski_0109|PKO_Bank_Polski_0101_intro|PKO_Bank_Polski_0106|PKO_Bank_Polski_0110,1,1.0,both_rank1,144.708,46.504,144.708,19752,2552,58732,8786
ESRS,"PKO Bank Polski__PKO_Bank_Polski_0110__For PKO Bank Polski Group, does the disclosure confirm that explicit objectives (targets) to enhance internal communications and employee satisfaction in the workplace have been set?",,PKO Bank Polski,PKO Bank Polski,PKO Bank Polski,"For PKO Bank Polski Group, does the disclosure confirm that explicit objectives (targets) to enhance internal communications and employee satisfaction in the workplace have been set?",PKO_Bank_Polski_0110,PKO_Bank_Polski_0110,PKO_Bank_Polski_0110|PKO_Bank_Polski_0109|PKO_Bank_Polski_0107|PKO_Bank_Polski_0101_intro|PKO_Bank_Polski_0111,1,1.0,both_rank1,204.759,32.874,204.758,18859,1890,70802,12305
ESRS,"PKO Bank Polski__PKO_Bank_Polski_0112__For the ESRS requirement to set concrete targets and measures on non-discrimination and anti-harassment, has PKO Bank Polski established ESRS-aligned objectives and corresponding actions, or does its disclosure indicate an absence of such ESRS-compliant targets?",,PKO Bank Polski,PKO Bank Polski,PKO Bank Polski,"For the ESRS requirement to set concrete targets and measures on non-discrimination and anti-harassment, has PKO Bank Polski established ESRS-aligned objectives and corresponding actions, or does its disclosure indicate an absence of such ESRS-compliant targets?",PKO_Bank_Polski_0112,PKO_Bank_Polski_0112,PKO_Bank_Polski_0112|PKO_Bank_Polski_0101_intro|PKO_Bank_Polski_0111|PKO_Bank_Polski_0110|PKO_Bank_Polski_0113,1,1.0,both_rank1,116.867,37.289,116.867,19341,2141,54829,7180
ESRS,"PKO Bank Polski__PKO_Bank_Polski_0113__Within PKO Bank Polski’s mechanism for handling complaints about breaches of employee rights, is the processing of personal data confined to what is strictly necessary to register and act on a report, with non-relevant data explicitly not gathered?",,PKO Bank Polski,PKO Bank Polski,PKO Bank Polski,"Within PKO Bank Polski’s mechanism for handling complaints about breaches of employee rights, is the processing of personal data confined to what is strictly necessary to register and act on a report, with non-relevant data explicitly not gathered?",PKO_Bank_Polski_0113,PKO_Bank_Polski_0113,PKO_Bank_Polski_0113|PKO_Bank_Polski_0112|PKO_Bank_Polski_0136|PKO_Bank_Polski_0135|PKO_Bank_Polski_0137,1,1.0,both_rank1,189.2,174.088,189.2,58641,10818,66488,11864
ESRS,"PKO Bank Polski__PKO_Bank_Polski_0117__For Minimum Safeguards purposes, does PKO Bank Polski already have a single, bank‑wide internal policy consolidating its human-rights commitments, or are those commitments currently split across different area-specific documents?",,PKO Bank Polski,PKO Bank Polski,PKO Bank Polski,"For Minimum Safeguards purposes, does PKO Bank Polski already have a single, bank‑wide internal policy consolidating its human-rights commitments, or are those commitments currently split across different area-specific documents?",PKO_Bank_Polski_0117,PKO_Bank_Polski_0115,PKO_Bank_Polski_0117|PKO_Bank_Polski_0115|PKO_Bank_Polski_0118|PKO_Bank_Polski_0132_intro|PKO_Bank_Polski_0133,0,1.0,mrr_rank1_only,139.663,110.508,139.663,30754,7851,55207,10001
ESRS,"PKO Bank Polski__PKO_Bank_Polski_0118__For ESRS-aligned governance disclosure on customer privacy, has PKO Bank Polski confirmed the formal appointment of a Data Protection Officer with oversight responsibilities over personal data processing?",,PKO Bank Polski,PKO Bank Polski,PKO Bank Polski,"For ESRS-aligned governance disclosure on customer privacy, has PKO Bank Polski confirmed the formal appointment of a Data Protection Officer with oversight responsibilities over personal data processing?",PKO_Bank_Polski_0118,PKO_Bank_Polski_0118,PKO_Bank_Polski_0118|PKO_Bank_Polski_0119|PKO_Bank_Polski_0117|PKO_Bank_Polski_0017,1,1.0,both_rank1,173.14,42.947,173.14,28483,2652,100133,10238
ESRS,"PKO Bank Polski__PKO_Bank_Polski_0120__Has PKO Bank Polski adopted a standalone, formalised customer non-discrimination policy, distinct from its general ethical codes, to govern fair treatment of clients?",,PKO Bank Polski,PKO Bank Polski,PKO Bank Polski,"Has PKO Bank Polski adopted a standalone, formalised customer non-discrimination policy, distinct from its general ethical codes, to govern fair treatment of clients?",PKO_Bank_Polski_0120,PKO_Bank_Polski_0115,PKO_Bank_Polski_0120|PKO_Bank_Polski_0119|PKO_Bank_Polski_0115|PKO_Bank_Polski_0118|PKO_Bank_Polski_0117,0,1.0,mrr_rank1_only,145.847,80.831,145.847,25128,5416,62547,9133
ESRS,"PKO Bank Polski__PKO_Bank_Polski_0121__For the reporting period, does PKO Bank Polski’s disclosure evidence concrete actions undertaken to educate clients about cyber risks and safe practices?",,PKO Bank Polski,PKO Bank Polski,PKO Bank Polski,"For the reporting period, does PKO Bank Polski’s disclosure evidence concrete actions undertaken to educate clients about cyber risks and safe practices?",PKO_Bank_Polski_0121,PKO_Bank_Polski_0121,PKO_Bank_Polski_0121|PKO_Bank_Polski_0120|PKO_Bank_Polski_0122|PKO_Bank_Polski_0118|PKO_Bank_Polski_0115,1,1.0,both_rank1,173.119,66.231,173.118,19505,3071,55270,7817
ESRS,"PKO Bank Polski__PKO_Bank_Polski_0122__For PKO Bank Polski, is there a disclosed, formalized mechanism to systematically collect and evaluate customer feedback on the clarity and understandability of its customer-facing communications?",,PKO Bank Polski,PKO Bank Polski,PKO Bank Polski,"For PKO Bank Polski, is there a disclosed, formalized mechanism to systematically collect and evaluate customer feedback on the clarity and understandability of its customer-facing communications?",PKO_Bank_Polski_0122,PKO_Bank_Polski_0123,PKO_Bank_Polski_0122|PKO_Bank_Polski_0123|PKO_Bank_Polski_0120|PKO_Bank_Polski_0121|PKO_Bank_Polski_0132_intro,0,1.0,mrr_rank1_only,231.091,151.953,231.09,36529,6701,63676,10672
ESRS,"PKO Bank Polski__PKO_Bank_Polski_0123__Did PKO Bank Polski formally approve in 2024 an internal decision that regulates how external statements about its products, activities, and social engagement are reviewed and drafted across the Bank, its Group, and the Foundation, including setting evaluation benchmarks and assigning operational accountability?",,PKO Bank Polski,PKO Bank Polski,PKO Bank Polski,"Did PKO Bank Polski formally approve in 2024 an internal decision that regulates how external statements about its products, activities, and social engagement are reviewed and drafted across the Bank, its Group, and the Foundation, including setting evaluation benchmarks and assigning operational accountability?",PKO_Bank_Polski_0123,PKO_Bank_Polski_0017,PKO_Bank_Polski_0017,0,,both_fail,247.836,247.835,247.835,79430,11327,79430,11327
ESRS,"PKO Bank Polski__PKO_Bank_Polski_0126__For PKO Bank Polski, is it explicitly indicated that the facility-security regime is compliant with statutory requirements and calibrated to the Bank’s assessed threat and risk profile?",,PKO Bank Polski,PKO Bank Polski,PKO Bank Polski,"For PKO Bank Polski, is it explicitly indicated that the facility-security regime is compliant with statutory requirements and calibrated to the Bank’s assessed threat and risk profile?",PKO_Bank_Polski_0126,,,0,,both_fail,85.968,,85.968,0,0,33348,4698
ESRS,"PKO Bank Polski__PKO_Bank_Polski_0130__For customer-relationship matters deemed significant risks and opportunities, does PKO Bank Polski make public the specific targets, baseline figures, and intended achievement levels, or are these withheld from disclosure?",,PKO Bank Polski,PKO Bank Polski,PKO Bank Polski,"For customer-relationship matters deemed significant risks and opportunities, does PKO Bank Polski make public the specific targets, baseline figures, and intended achievement levels, or are these withheld from disclosure?",PKO_Bank_Polski_0130,PKO_Bank_Polski_0130,PKO_Bank_Polski_0130|PKO_Bank_Polski_0129|PKO_Bank_Polski_0115|PKO_Bank_Polski_0118|PKO_Bank_Polski_0132_intro,1,1.0,both_rank1,182.826,116.979,182.826,36095,7432,65250,11044
ESRS,"PKO Bank Polski__PKO_Bank_Polski_0136__Within its whistleblowing arrangements, does PKO Bank Polski ensure that summaries of submitted irregularity reports and the results of their examinations are regularly communicated to both the Management Board and the Supervisory Board?",,PKO Bank Polski,PKO Bank Polski,PKO Bank Polski,"Within its whistleblowing arrangements, does PKO Bank Polski ensure that summaries of submitted irregularity reports and the results of their examinations are regularly communicated to both the Management Board and the Supervisory Board?",PKO_Bank_Polski_0136,PKO_Bank_Polski_0136,PKO_Bank_Polski_0136|PKO_Bank_Polski_0137|PKO_Bank_Polski_0135|PKO_Bank_Polski_0134_intro|PKO_Bank_Polski_0133,1,1.0,both_rank1,153.666,107.019,153.666,21250,3342,37317,5749
ESRS,PKO Bank Polski__PKO_Bank_Polski_0138__Does PKO Bank Polski’s reported information state that its internal rules prohibit political donations and confirm that no such contributions were made in 2024?,,PKO Bank Polski,PKO Bank Polski,PKO Bank Polski,Does PKO Bank Polski’s reported information state that its internal rules prohibit political donations and confirm that no such contributions were made in 2024?,PKO_Bank_Polski_0138,PKO_Bank_Polski_0138,PKO_Bank_Polski_0138|PKO_Bank_Polski_0139|PKO_Bank_Polski_0137|PKO_Bank_Polski_0133,1,1.0,both_rank1,123.782,36.431,123.782,12948,1568,43301,6720
ESRS,"PKO Bank Polski__PKO_Bank_Polski_0142__For ESRS policy-disclosure purposes, does PKO Bank Polski report having an enterprise-wide policy that governs product compliance and controls against mis-selling across the Group?",,PKO Bank Polski,PKO Bank Polski,PKO Bank Polski,"For ESRS policy-disclosure purposes, does PKO Bank Polski report having an enterprise-wide policy that governs product compliance and controls against mis-selling across the Group?",PKO_Bank_Polski_0142,PKO_Bank_Polski_0142,PKO_Bank_Polski_0142|PKO_Bank_Polski_0140_intro|PKO_Bank_Polski_0141|PKO_Bank_Polski_0143|PKO_Bank_Polski_0144,1,1.0,both_rank1,110.895,52.774,110.895,11756,3094,19847,6535
ESRS,"Pekao__Pekao_0002__Within its GOV-1 disclosure, does Bank Pekao specify which governing body bears ultimate responsibility for preparing and approving the sustainability report and for assuring its accuracy, completeness, and compliance with applicable requirements?",,Pekao,Pekao,Pekao,"Within its GOV-1 disclosure, does Bank Pekao specify which governing body bears ultimate responsibility for preparing and approving the sustainability report and for assuring its accuracy, completeness, and compliance with applicable requirements?",Pekao_0002,Pekao_0002,Pekao_0002|Pekao_0003|Pekao_0006|Pekao_0005|Pekao_0102,1,1.0,both_rank1,155.047,50.347,155.047,73587,2575,98663,8632
ESRS,"Pekao__Pekao_0004__For Pekao, does the 2024 variable remuneration for Management Board members include sustainability objectives that are explicitly mapped to the bank’s material impacts, risks and opportunities?",,Pekao,Pekao,Pekao,"For Pekao, does the 2024 variable remuneration for Management Board members include sustainability objectives that are explicitly mapped to the bank’s material impacts, risks and opportunities?",Pekao_0004,Pekao_0004,Pekao_0004|Pekao_0003|Pekao_0005|Pekao_0085|Pekao_0002,1,1.0,both_rank1,149.761,31.974,149.761,39223,1513,90309,6738
ESRS,"Pekao__Pekao_0006__For Pekao, is there a standing requirement that the internal audit function conducts a yearly comprehensive review of the sustainability reporting workflow, testing data accuracy, conformity with the bank’s adopted guidance, and the effectiveness of implemented control procedures?",,Pekao,Pekao,Pekao,"For Pekao, is there a standing requirement that the internal audit function conducts a yearly comprehensive review of the sustainability reporting workflow, testing data accuracy, conformity with the bank’s adopted guidance, and the effectiveness of implemented control procedures?",Pekao_0006,Pekao_0007,Pekao_0006|Pekao_0005|Pekao_0007|Pekao_0003|Pekao_0002,0,1.0,mrr_rank1_only,63.193,18.124,63.193,36452,1012,90888,3983
ESRS,"Pekao__Pekao_0007__Does Bank Pekao state that its ESG Strategy pillars are aligned with, or explicitly mapped to, the impacts, risks, and opportunities identified through its double materiality analysis?",,Pekao,Pekao,Pekao,"Does Bank Pekao state that its ESG Strategy pillars are aligned with, or explicitly mapped to, the impacts, risks, and opportunities identified through its double materiality analysis?",Pekao_0007,Pekao_0007,Pekao_0007|Pekao_0009|Pekao_0010|Pekao_0008|Pekao_0011,1,1.0,both_rank1,145.427,22.968,145.427,36408,1082,178780,5473
ESRS,"Pekao__Pekao_0009__Within its SBM-3 disclosure, did Bank Pekao S.A. perform an evaluation of the robustness of its strategy and business model to climate change?",,Pekao,Pekao,Pekao,"Within its SBM-3 disclosure, did Bank Pekao S.A. perform an evaluation of the robustness of its strategy and business model to climate change?",Pekao_0009,Pekao_0009,Pekao_0009|Pekao_0010|Pekao_0011|Pekao_0007|Pekao_0008,1,1.0,both_rank1,324.67,29.318,324.669,38785,1339,238950,11469
ESRS,"Pekao__Pekao_0010__Within its ESRS-aligned sector scoping, what minimum share of the previous year’s revenue must a sector account for to be included by Bank Pekao S.A. in its sector identification analysis?",,Pekao,Pekao,Pekao,"Within its ESRS-aligned sector scoping, what minimum share of the previous year’s revenue must a sector account for to be included by Bank Pekao S.A. in its sector identification analysis?",Pekao_0010,Pekao_0010,Pekao_0010|Pekao_0009|Pekao_0008|Pekao_0007|Pekao_0011,1,1.0,both_rank1,198.365,33.929,198.365,37601,1067,269654,7490
ESRS,"Pekao__Pekao_0012__For ESRS E1-1, does Bank Pekao S.A. state whether it has established science-aligned quantitative decarbonisation targets for its credit and investment portfolio as of the 2024 reporting date?",,Pekao,Pekao,Pekao,"For ESRS E1-1, does Bank Pekao S.A. state whether it has established science-aligned quantitative decarbonisation targets for its credit and investment portfolio as of the 2024 reporting date?",Pekao_0012,Pekao_0012,Pekao_0012|Pekao_0013|Pekao_0015|Pekao_0014|Pekao_0011,1,1.0,both_rank1,129.936,28.258,129.936,36152,1273,178214,6521
ESRS,"Pekao__Pekao_0013__For ESRS E1-2 purposes, did Bank Pekao S.A. have, as at the end of 2024, a single, bank-wide climate policy that consolidates its approach to mitigation, adaptation and related transition opportunities across its own operations and financing activities?",,Pekao,Pekao,Pekao,"For ESRS E1-2 purposes, did Bank Pekao S.A. have, as at the end of 2024, a single, bank-wide climate policy that consolidates its approach to mitigation, adaptation and related transition opportunities across its own operations and financing activities?",Pekao_0013,Pekao_0012,Pekao_0013|Pekao_0012|Pekao_0011|Pekao_0014|Pekao_0015,0,1.0,mrr_rank1_only,132.19,34.074,132.19,36196,1351,178313,5970
ESRS,"Pekao__Pekao_0014__For the 2024 reporting period, did Bank Pekao tie its lending and investment activities to any quantified reductions in financed greenhouse gas emissions within its portfolio?",,Pekao,Pekao,Pekao,"For the 2024 reporting period, did Bank Pekao tie its lending and investment activities to any quantified reductions in financed greenhouse gas emissions within its portfolio?",Pekao_0014,Pekao_0014,Pekao_0014|Pekao_0012|Pekao_0015|Pekao_0013|Pekao_0011,1,1.0,both_rank1,118.724,24.523,118.724,37328,1195,177675,5302
ESRS,"Pekao__Pekao_0016__For ESRS E1‑6 Scope 3 (Category 15) reporting, does Pekao delineate the financed-emissions boundary by confirming inclusion of all Group entities under its operational control that grant financing and hold debt/equity positions (including finance leases), while excluding off‑balance‑sheet assets it manages such as investment fund assets?",,Pekao,Pekao,Pekao,"For ESRS E1‑6 Scope 3 (Category 15) reporting, does Pekao delineate the financed-emissions boundary by confirming inclusion of all Group entities under its operational control that grant financing and hold debt/equity positions (including finance leases), while excluding off‑balance‑sheet assets it manages such as investment fund assets?",Pekao_0016,Pekao_0016,Pekao_0016|Pekao_0015|Pekao_0012|Pekao_0011|Pekao_0013,1,1.0,both_rank1,189.349,33.121,189.349,38141,1306,180318,6871
ESRS,"Pekao__Pekao_0017__For ESRS E1-7, does Pekao state that any financial participation it may have in greenhouse gas removal or emission reduction initiatives within its value chain does not amount to “active support” due to the absence of control over those projects, and therefore the related disclosures are deemed not applicable?",,Pekao,Pekao,Pekao,"For ESRS E1-7, does Pekao state that any financial participation it may have in greenhouse gas removal or emission reduction initiatives within its value chain does not amount to “active support” due to the absence of control over those projects, and therefore the related disclosures are deemed not applicable?",Pekao_0017,Pekao_0018,Pekao_0017|Pekao_0018|Pekao_0019|Pekao_0016|Pekao_0011,0,1.0,mrr_rank1_only,184.793,29.37,184.793,34441,1470,172217,5687
ESRS,"Pekao__Pekao_0018__For ESRS E1-8, does Pekao assert that the requirement to disclose any internal CO2 price mechanism is not applicable to its activities because neither the Pekao Group nor the Bank participates in carbon dioxide emissions trading?",,Pekao,Pekao,Pekao,"For ESRS E1-8, does Pekao assert that the requirement to disclose any internal CO2 price mechanism is not applicable to its activities because neither the Pekao Group nor the Bank participates in carbon dioxide emissions trading?",Pekao_0018,Pekao_0018,Pekao_0018|Pekao_0017|Pekao_0019|Pekao_0011|Pekao_0016,1,1.0,both_rank1,169.998,23.424,169.998,34385,824,172091,4593
ESRS,"Pekao__Pekao_0075__In its second-year narrative on movements in taxonomy-aligned exposures, does Bank Pekao S.A. delineate business, methodological, and data elements by stating that (a) its alignment assessment approach and data sources for general corporate financing remained unchanged from 2023, (b) the 2024 increase in the primary-energy benchmark for the top 15% most efficient buildings affected mortgage alignment, and (c) the accounting-policy update for CHF mortgage legal risk altered total gross mortgages but had a negligible effect on taxonomy-aligned mortgage amounts and the green asset key indicator?",,Pekao,Pekao,Pekao,"In its second-year narrative on movements in taxonomy-aligned exposures, does Bank Pekao S.A. delineate business, methodological, and data elements by stating that (a) its alignment assessment approach and data sources for general corporate financing remained unchanged from 2023, (b) the 2024 increase in the primary-energy benchmark for the top 15% most efficient buildings affected mortgage alignment, and (c) the accounting-policy update for CHF mortgage legal risk altered total gross mortgages but had a negligible effect on taxonomy-aligned mortgage amounts and the green asset key indicator?",Pekao_0075,Pekao_0075,Pekao_0075|Pekao_0073|Pekao_0074|Pekao_0076|Pekao_0077,1,1.0,both_rank1,154.162,51.668,154.162,67437,2874,195602,8556
ESRS,"Pekao__Pekao_0076__For purposes of ESRS Taxonomy-related disclosures, does Bank Pekao affirm that the environmental projects it finances are aligned with the EU Taxonomy’s first two environmental objectives (climate change mitigation and climate change adaptation)?",,Pekao,Pekao,Pekao,"For purposes of ESRS Taxonomy-related disclosures, does Bank Pekao affirm that the environmental projects it finances are aligned with the EU Taxonomy’s first two environmental objectives (climate change mitigation and climate change adaptation)?",Pekao_0076,Pekao_0077,Pekao_0076|Pekao_0077|Pekao_0075|Pekao_0057|Pekao_0055,0,1.0,mrr_rank1_only,201.909,79.07,201.908,67004,2022,194208,6900
ESRS,"Pekao__Pekao_0081__For ESRS S1-1 compliance, does Bank Pekao S.A. disclose which external standards or initiatives its policies for its own workforce align with, as part of the required minimum disclosures?",,Pekao,Pekao,Pekao,"For ESRS S1-1 compliance, does Bank Pekao S.A. disclose which external standards or initiatives its policies for its own workforce align with, as part of the required minimum disclosures?",Pekao_0081,Pekao_0081,Pekao_0081|Pekao_0079|Pekao_0011,1,1.0,both_rank1,208.009,35.982,208.009,42622,1477,184517,9358
ESRS,"Pekao__Pekao_0082__For ESRS S1-2 alignment on cooperation with employee representatives, does Bank Pekao S.A. communicate the outcomes of its employee surveys to worker representatives such as the Works Council and trade unions?",,Pekao,Pekao,Pekao,"For ESRS S1-2 alignment on cooperation with employee representatives, does Bank Pekao S.A. communicate the outcomes of its employee surveys to worker representatives such as the Works Council and trade unions?",Pekao_0082,Pekao_0082,Pekao_0082|Pekao_0081|Pekao_0083|Pekao_0084|Pekao_0079,1,1.0,both_rank1,111.568,23.642,111.568,35314,1216,173654,5400
ESRS,"Pekao__Pekao_0084__Does Bank Pekao S.A. explicitly delimit the scope of the impacts, risks and opportunities discussed in this section to its own workforce, excluding any coverage of the value chain?",,Pekao,Pekao,Pekao,"Does Bank Pekao S.A. explicitly delimit the scope of the impacts, risks and opportunities discussed in this section to its own workforce, excluding any coverage of the value chain?",Pekao_0084,Pekao_0084,Pekao_0084|Pekao_0078_intro|Pekao_0079|Pekao_0081|Pekao_0011,1,1.0,both_rank1,132.762,25.383,132.762,37404,1463,152703,6566
ESRS,"Pekao__Pekao_0085__For Pekao, does the report state that in the current period it has not yet established and implemented formal targets for managing workforce-related impacts, risks, and opportunities—including arrangements for employee participation—and that it plans to develop these in the next year?",,Pekao,Pekao,Pekao,"For Pekao, does the report state that in the current period it has not yet established and implemented formal targets for managing workforce-related impacts, risks, and opportunities—including arrangements for employee participation—and that it plans to develop these in the next year?",Pekao_0085,Pekao_0085,Pekao_0085|Pekao_0084|Pekao_0086|Pekao_0079|Pekao_0078_intro,1,1.0,both_rank1,98.978,27.818,98.978,34932,1662,137480,5684
ESRS,"Pekao__Pekao_0086__In Bank Pekao S.A.’s ESRS S1-6 disclosure on staff turnover, is the numerator defined as all employee departures from 31 December 2023 to 30 December 2024 irrespective of cause, while excluding interns and workers at 0.1 FTE or below?",,Pekao,Pekao,Pekao,"In Bank Pekao S.A.’s ESRS S1-6 disclosure on staff turnover, is the numerator defined as all employee departures from 31 December 2023 to 30 December 2024 irrespective of cause, while excluding interns and workers at 0.1 FTE or below?",Pekao_0086,Pekao_0086,Pekao_0086|Pekao_0087|Pekao_0088|Pekao_0079|Pekao_0085,1,1.0,both_rank1,119.676,32.679,119.676,35702,1224,165558,5789
ESRS,"Pekao__Pekao_0087__For Pekao, does the S1-7 disclosure present an end-of-period headcount of non-employee workers considered part of its own workforce, disaggregated by contract type and gender, with separate figures for the Pekao Group and the Bank?",,Pekao,Pekao,Pekao,"For Pekao, does the S1-7 disclosure present an end-of-period headcount of non-employee workers considered part of its own workforce, disaggregated by contract type and gender, with separate figures for the Pekao Group and the Bank?",Pekao_0087,Pekao_0087,Pekao_0087|Pekao_0086|Pekao_0088|Pekao_0011|Pekao_0079,1,1.0,both_rank1,171.058,21.876,171.058,34579,1409,201495,10220
ESRS,"Pekao__Pekao_0090__For 2024, does Pekao Group Bank identify the adequate pay threshold it applies and disclose both the headcount and the proportion of employees whose pay falls below that threshold?",,Pekao,Pekao,Pekao,"For 2024, does Pekao Group Bank identify the adequate pay threshold it applies and disclose both the headcount and the proportion of employees whose pay falls below that threshold?",Pekao_0090,Pekao_0090,Pekao_0090|Pekao_0089|Pekao_0091|Pekao_0088|Pekao_0079,1,1.0,both_rank1,93.276,19.956,93.276,34836,1476,162472,6443
ESRS,"Pekao__Pekao_0094__For ESRS S1-15, does Pekao report, for 2024, the share of eligible staff who used parental leave disaggregated by sex at both the Pekao Group and the Bank levels?",,Pekao,Pekao,Pekao,"For ESRS S1-15, does Pekao report, for 2024, the share of eligible staff who used parental leave disaggregated by sex at both the Pekao Group and the Bank levels?",Pekao_0094,Pekao_0094,Pekao_0094|Pekao_0093|Pekao_0095|Pekao_0092|Pekao_0079,1,1.0,both_rank1,94.151,14.356,94.151,34590,902,164667,4537
ESRS,"Pekao__Pekao_0096__For ESRS S1‑17 disclosure on workforce grievance mechanisms, what number does Bank Pekao S.A. report for 2024 as complaints received through its reporting channels?",,Pekao,Pekao,Pekao,"For ESRS S1‑17 disclosure on workforce grievance mechanisms, what number does Bank Pekao S.A. report for 2024 as complaints received through its reporting channels?",Pekao_0096,Pekao_0096,Pekao_0096|Pekao_0095|Pekao_0083|Pekao_0103|Pekao_0079,1,1.0,both_rank1,102.858,19.832,102.858,34787,1235,167943,6143
ESRS,"Pekao__Pekao_0099__Has Bank Pekao ensured that customers receive, both at contract inception and via its public website, a clear description of complaint submission options and the applicable review timeframes?",,Pekao,Pekao,Pekao,"Has Bank Pekao ensured that customers receive, both at contract inception and via its public website, a clear description of complaint submission options and the applicable review timeframes?",Pekao_0099,Pekao_0099,Pekao_0099|Pekao_0098|Pekao_0097|Pekao_0100|Pekao_0080,1,1.0,both_rank1,106.153,24.296,106.153,35829,1465,171255,5230
ESRS,"Pekao__Pekao_0100__For ESRS S4-4 on actions to address material consumer risks, does Bank Pekao S.A. operate a preventive control that automatically checks whether a consumer’s PESEL is marked as restricted and, when flagged, rejects new agreements and high-value cash withdrawals to reduce identity‑theft risk?",,Pekao,Pekao,Pekao,"For ESRS S4-4 on actions to address material consumer risks, does Bank Pekao S.A. operate a preventive control that automatically checks whether a consumer’s PESEL is marked as restricted and, when flagged, rejects new agreements and high-value cash withdrawals to reduce identity‑theft risk?",Pekao_0100,Pekao_0100,Pekao_0100|Pekao_0099|Pekao_0097|Pekao_0101|Pekao_0080,1,1.0,both_rank1,126.053,18.138,126.053,36054,1219,201165,8206
ESRS,"Pekao__Pekao_0101__For its customer-experience objective, does Bank Pekao publicly disclose specific numerical NPS targets and a defined timeframe for their achievement, or does it only state that targets exist and provide year-on-year NPS results?",,Pekao,Pekao,Pekao,"For its customer-experience objective, does Bank Pekao publicly disclose specific numerical NPS targets and a defined timeframe for their achievement, or does it only state that targets exist and provide year-on-year NPS results?",Pekao_0101,Pekao_0101,Pekao_0101|Pekao_0099|Pekao_0100|Pekao_0098|Pekao_0097,1,1.0,both_rank1,147.595,33.193,147.595,36163,1480,173064,6898
ESRS,OTP Bank__OTP_Bank_0141__Does OTP Bank’s calculation of the mandatory Green Asset Ratio apply the EU 2021/2178 methodology by restricting inputs to Taxonomy KPIs and the gross carrying amount of (i) corporate financing exposures to NFRD‑in‑scope companies where the use of proceeds is unknown and (ii) exposures with a known use of proceeds that are aligned with the EU Taxonomy?,,OTP Bank,OTP Bank,OTP Bank,Does OTP Bank’s calculation of the mandatory Green Asset Ratio apply the EU 2021/2178 methodology by restricting inputs to Taxonomy KPIs and the gross carrying amount of (i) corporate financing exposures to NFRD‑in‑scope companies where the use of proceeds is unknown and (ii) exposures with a known use of proceeds that are aligned with the EU Taxonomy?,OTP_Bank_0141,OTP_Bank_0079,OTP_Bank_0080|OTP_Bank_0079|OTP_Bank_0078|OTP_Bank_0056|OTP_Bank_0057,0,,both_fail,180.286,56.035,180.286,41826,3890,163643,10843
ESRS,"Pekao__Pekao_0103__Under the ESRS minimum disclosure requirements for policies (MDR-P), does Bank Pekao specify which external standards, codes, or initiatives its governance and business conduct policies are aligned with?",,Pekao,Pekao,Pekao,"Under the ESRS minimum disclosure requirements for policies (MDR-P), does Bank Pekao specify which external standards, codes, or initiatives its governance and business conduct policies are aligned with?",Pekao_0103,Pekao_0103,Pekao_0103|Pekao_0101|Pekao_0011|Pekao_0104|Pekao_0102,1,1.0,both_rank1,152.602,27.552,152.602,38026,1598,209906,10821
ESRS,"Pekao__Pekao_0104__For Bank Pekao S.A., do its procurement policies establish quantifiable sustainability targets for supplier management, or does the disclosure indicate that such measurable objectives are not in place?",,Pekao,Pekao,Pekao,"For Bank Pekao S.A., do its procurement policies establish quantifiable sustainability targets for supplier management, or does the disclosure indicate that such measurable objectives are not in place?",Pekao_0104,Pekao_0103,Pekao_0104|Pekao_0103|Pekao_0013|Pekao_0011,0,1.0,mrr_rank1_only,129.431,27.096,129.431,38014,2106,212598,9130
ESRS,"Pekao__Pekao_0107__Within the scope of ESRS G1-6, does Pekao disclose the agreed payment horizon in days and the proportion of invoices paid within that timeframe, broken down by principal supplier groupings?",,Pekao,Pekao,Pekao,"Within the scope of ESRS G1-6, does Pekao disclose the agreed payment horizon in days and the proportion of invoices paid within that timeframe, broken down by principal supplier groupings?",Pekao_0107,Pekao_0107,Pekao_0107|Pekao_0106|Pekao_0108|Pekao_0011|Pekao_0104,1,1.0,both_rank1,70.609,14.717,70.609,34745,1097,170930,5899
ESRS,Pekao__Pekao_0108__Does Pekao require that its FAT-1/CRS-1 filings for the prior financial year be submitted to the Head of the National Revenue Administration by 30 June each year?,,Pekao,Pekao,Pekao,Does Pekao require that its FAT-1/CRS-1 filings for the prior financial year be submitted to the Head of the National Revenue Administration by 30 June each year?,Pekao_0108,Pekao_0107,Pekao_0108|Pekao_0107|Pekao_0106|Pekao_0109|Pekao_0110,0,1.0,mrr_rank1_only,103.143,27.213,103.143,34737,1796,162131,4858
ESRS,"Pekao__Pekao_0109__For ESRS-governance transparency, does Bank Pekao S.A. disclose the cadence at which cybersecurity/ICT security reports are produced for oversight purposes?",,Pekao,Pekao,Pekao,"For ESRS-governance transparency, does Bank Pekao S.A. disclose the cadence at which cybersecurity/ICT security reports are produced for oversight purposes?",Pekao_0109,Pekao_0109,Pekao_0109|Pekao_0003|Pekao_0002|Pekao_0108|Pekao_0110,1,1.0,both_rank1,84.875,22.587,84.875,35024,884,144888,4808
ESRS,"Pekao__Pekao_0110__For ESRS purposes, has Bank Pekao designated a clear contact point for stakeholder inquiries about the sustainability report, including named responsible persons and a functional email address?",,Pekao,Pekao,Pekao,"For ESRS purposes, has Bank Pekao designated a clear contact point for stakeholder inquiries about the sustainability report, including named responsible persons and a functional email address?",Pekao_0110,Pekao_0110,Pekao_0110|Pekao_0109|Pekao_0108|Pekao_0011|Pekao_0000,1,1.0,both_rank1,90.269,39.018,90.269,34520,1265,171038,4695
ESRS,"Raiffeisen Bank International__Raiffeisen_Bank_International_0004__For Raiffeisen Bank International’s Scope 3 financed emissions, which are calculated using indirect sources, does the bank disclose data reliability gradings in line with the 2022 PCAF standard?",,Raiffeisen Bank International,Raiffeisen Bank International,Raiffeisen Bank International,"For Raiffeisen Bank International’s Scope 3 financed emissions, which are calculated using indirect sources, does the bank disclose data reliability gradings in line with the 2022 PCAF standard?",Raiffeisen_Bank_International_0004,Raiffeisen_Bank_International_0505_intro,Raiffeisen_Bank_International_0004|Raiffeisen_Bank_International_0505_intro|Raiffeisen_Bank_International_0506|Raiffeisen_Bank_International_0003|Raiffeisen_Bank_International_0005,0,1.0,mrr_rank1_only,206.864,57.278,206.864,26957,4841,102324,15884
ESRS,"Raiffeisen Bank International__Raiffeisen_Bank_International_0005__For ESRS transparency on measurement methodology, does Raiffeisen Bank International disclose that its customer ESG assessment combines quantitative indicators with qualitative judgements across the environmental, social and governance pillars?",,Raiffeisen Bank International,Raiffeisen Bank International,Raiffeisen Bank International,"For ESRS transparency on measurement methodology, does Raiffeisen Bank International disclose that its customer ESG assessment combines quantitative indicators with qualitative judgements across the environmental, social and governance pillars?",Raiffeisen_Bank_International_0005,Raiffeisen_Bank_International_0005,Raiffeisen_Bank_International_0005|Raiffeisen_Bank_International_0006|Raiffeisen_Bank_International_0520|Raiffeisen_Bank_International_0004|Raiffeisen_Bank_International_0003,1,1.0,both_rank1,109.333,66.189,109.333,37859,4616,56267,7489
ESRS,"Raiffeisen Bank International__Raiffeisen_Bank_International_0006__For compliance with CSRD/ESRS data-governance expectations, does Raiffeisen Bank International disclose a specific control to validate the integrity of customer-sourced ESG information, namely the performance of data quality checks?",,Raiffeisen Bank International,Raiffeisen Bank International,Raiffeisen Bank International,"For compliance with CSRD/ESRS data-governance expectations, does Raiffeisen Bank International disclose a specific control to validate the integrity of customer-sourced ESG information, namely the performance of data quality checks?",Raiffeisen_Bank_International_0006,Raiffeisen_Bank_International_0038,Raiffeisen_Bank_International_0006|Raiffeisen_Bank_International_0037_intro|Raiffeisen_Bank_International_0038|Raiffeisen_Bank_International_0040|Raiffeisen_Bank_International_0042,0,1.0,mrr_rank1_only,119.709,51.217,119.709,22639,3303,48966,8683
ESRS,"Raiffeisen Bank International__Raiffeisen_Bank_International_0007__For ESRS-related disclosures on sustainability commitments, does Raiffeisen Bank International confirm a formal adherence to the Principles for Responsible Banking and specify where progress on implementing those principles is reported?",,Raiffeisen Bank International,Raiffeisen Bank International,Raiffeisen Bank International,"For ESRS-related disclosures on sustainability commitments, does Raiffeisen Bank International confirm a formal adherence to the Principles for Responsible Banking and specify where progress on implementing those principles is reported?",Raiffeisen_Bank_International_0007,Raiffeisen_Bank_International_0524,Raiffeisen_Bank_International_0524|Raiffeisen_Bank_International_0012|Raiffeisen_Bank_International_0013|Raiffeisen_Bank_International_0009|Raiffeisen_Bank_International_0014,0,,both_fail,117.854,19.361,117.854,21873,1095,91439,7708
ESRS,"Raiffeisen Bank International__Raiffeisen_Bank_International_0011__For ESRS governance disclosures, does Raiffeisen Bank International specify the regularity with which its Sustainability Council convenes?",,Raiffeisen Bank International,Raiffeisen Bank International,Raiffeisen Bank International,"For ESRS governance disclosures, does Raiffeisen Bank International specify the regularity with which its Sustainability Council convenes?",Raiffeisen_Bank_International_0011,Raiffeisen_Bank_International_0011,Raiffeisen_Bank_International_0011|Raiffeisen_Bank_International_0012|Raiffeisen_Bank_International_0010_intro|Raiffeisen_Bank_International_0033|Raiffeisen_Bank_International_0013,1,1.0,both_rank1,75.971,26.614,75.971,30478,1684,78073,5626
ESRS,"Raiffeisen Bank International__Raiffeisen_Bank_International_0012__From a governance disclosure standpoint, does Raiffeisen Bank International specify how often its cross-functional ESG oversight committee met during 2024?",,Raiffeisen Bank International,Raiffeisen Bank International,Raiffeisen Bank International,"From a governance disclosure standpoint, does Raiffeisen Bank International specify how often its cross-functional ESG oversight committee met during 2024?",Raiffeisen_Bank_International_0012,Raiffeisen_Bank_International_0012,Raiffeisen_Bank_International_0012|Raiffeisen_Bank_International_0011|Raiffeisen_Bank_International_0033|Raiffeisen_Bank_International_0009|Raiffeisen_Bank_International_0032,1,1.0,both_rank1,82.893,26.557,82.893,30891,1756,82625,5728
ESRS,"Raiffeisen Bank International__Raiffeisen_Bank_International_0013__For Raiffeisen Bank International, is responsibility formally assigned for overseeing and ensuring the annual incorporation of updated non-financial reporting obligations into the consolidated non-financial statement?",,Raiffeisen Bank International,Raiffeisen Bank International,Raiffeisen Bank International,"For Raiffeisen Bank International, is responsibility formally assigned for overseeing and ensuring the annual incorporation of updated non-financial reporting obligations into the consolidated non-financial statement?",Raiffeisen_Bank_International_0013,Raiffeisen_Bank_International_0013,Raiffeisen_Bank_International_0013|Raiffeisen_Bank_International_0014|Raiffeisen_Bank_International_0037_intro|Raiffeisen_Bank_International_0012|Raiffeisen_Bank_International_0042,1,1.0,both_rank1,114.265,85.459,114.265,49665,6808,77015,8995
ESRS,"Raiffeisen Bank International__Raiffeisen_Bank_International_0014__Has Raiffeisen Bank International mandated its CFO area to jointly lead, together with Group ESG & Sustainability Management, the preparation of the group-wide non-financial statement, including accountability for the accuracy of sustainability-related financial and non-financial data used for disclosure?",,Raiffeisen Bank International,Raiffeisen Bank International,Raiffeisen Bank International,"Has Raiffeisen Bank International mandated its CFO area to jointly lead, together with Group ESG & Sustainability Management, the preparation of the group-wide non-financial statement, including accountability for the accuracy of sustainability-related financial and non-financial data used for disclosure?",Raiffeisen_Bank_International_0014,Raiffeisen_Bank_International_0014,Raiffeisen_Bank_International_0014|Raiffeisen_Bank_International_0012|Raiffeisen_Bank_International_0013|Raiffeisen_Bank_International_0037_intro|Raiffeisen_Bank_International_0009,1,1.0,both_rank1,132.604,97.999,132.604,52595,6373,79112,8681
ESRS,"Raiffeisen Bank International__Raiffeisen_Bank_International_0017__For Raiffeisen Bank International’s governance over people-related matters, is responsibility for Management Board remuneration and succession decisions centralized at group level rather than delegated to the autonomous CEE subsidiaries?",,Raiffeisen Bank International,Raiffeisen Bank International,Raiffeisen Bank International,"For Raiffeisen Bank International’s governance over people-related matters, is responsibility for Management Board remuneration and succession decisions centralized at group level rather than delegated to the autonomous CEE subsidiaries?",Raiffeisen_Bank_International_0017,Raiffeisen_Bank_International_0017,Raiffeisen_Bank_International_0017|Raiffeisen_Bank_International_0016|Raiffeisen_Bank_International_0018|Raiffeisen_Bank_International_0010_intro|Raiffeisen_Bank_International_0033,1,1.0,both_rank1,106.496,36.052,106.496,30420,2341,78663,7444
ESRS,"Raiffeisen Bank International__Raiffeisen_Bank_International_0018__For ESRS E1 transition plan disclosures, does Raiffeisen Bank International report that a group-wide climate and environmental transition plan is in place to steer its business areas and associated client services?",,Raiffeisen Bank International,Raiffeisen Bank International,Raiffeisen Bank International,"For ESRS E1 transition plan disclosures, does Raiffeisen Bank International report that a group-wide climate and environmental transition plan is in place to steer its business areas and associated client services?",Raiffeisen_Bank_International_0018,Raiffeisen_Bank_International_0463_intro,Raiffeisen_Bank_International_0463_intro|Raiffeisen_Bank_International_0047|Raiffeisen_Bank_International_0464|Raiffeisen_Bank_International_0034|Raiffeisen_Bank_International_0101,0,,both_fail,241.61,50.397,241.61,19995,3768,120713,18131
ESRS,"Raiffeisen Bank International__Raiffeisen_Bank_International_0023__For governance and risk-control disclosures, does Raiffeisen Bank International state that a specific compliance function is tasked with curbing greenwashing risk across its value chain through the issuance of guidance and the execution of control activities?",,Raiffeisen Bank International,Raiffeisen Bank International,Raiffeisen Bank International,"For governance and risk-control disclosures, does Raiffeisen Bank International state that a specific compliance function is tasked with curbing greenwashing risk across its value chain through the issuance of guidance and the execution of control activities?",Raiffeisen_Bank_International_0023,Raiffeisen_Bank_International_0521,Raiffeisen_Bank_International_0023|Raiffeisen_Bank_International_0521|Raiffeisen_Bank_International_0038|Raiffeisen_Bank_International_0042|Raiffeisen_Bank_International_0524,0,1.0,mrr_rank1_only,218.776,58.915,218.776,38396,4722,103324,11191
ESRS,"Raiffeisen Bank International__Raiffeisen_Bank_International_0025__For Raiffeisen Bank International, is accountability for fulfilling ESG reporting obligations embedded within the respective risk functions rather than handled centrally?",,Raiffeisen Bank International,Raiffeisen Bank International,Raiffeisen Bank International,"For Raiffeisen Bank International, is accountability for fulfilling ESG reporting obligations embedded within the respective risk functions rather than handled centrally?",Raiffeisen_Bank_International_0025,Raiffeisen_Bank_International_0023,Raiffeisen_Bank_International_0023|Raiffeisen_Bank_International_0024|Raiffeisen_Bank_International_0042|Raiffeisen_Bank_International_0038|Raiffeisen_Bank_International_0037_intro,0,,both_fail,205.68,134.85,205.68,52961,8597,81115,14724
ESRS,"Raiffeisen Bank International__Raiffeisen_Bank_International_0028__Within Raiffeisen Bank International, is formal ownership assigned for the EU Taxonomy methodology and the associated IT platforms that handle taxonomy-related data used in regulatory reporting?",,Raiffeisen Bank International,Raiffeisen Bank International,Raiffeisen Bank International,"Within Raiffeisen Bank International, is formal ownership assigned for the EU Taxonomy methodology and the associated IT platforms that handle taxonomy-related data used in regulatory reporting?",Raiffeisen_Bank_International_0028,Raiffeisen_Bank_International_0028,Raiffeisen_Bank_International_0009|Raiffeisen_Bank_International_0034|Raiffeisen_Bank_International_0104|Raiffeisen_Bank_International_0101|Raiffeisen_Bank_International_0001,1,,accuracy_only_mrr_missing,187.162,170.946,187.161,106017,12949,118382,14507
ESRS,"Raiffeisen Bank International__Raiffeisen_Bank_International_0030__For Raiffeisen Bank International, is there evidence that in 2024 Group IT implemented a structured data-gathering exercise to quantify greenhouse gas emissions linked to the use of IT-related services and equipment?",,Raiffeisen Bank International,Raiffeisen Bank International,Raiffeisen Bank International,"For Raiffeisen Bank International, is there evidence that in 2024 Group IT implemented a structured data-gathering exercise to quantify greenhouse gas emissions linked to the use of IT-related services and equipment?",Raiffeisen_Bank_International_0030,Raiffeisen_Bank_International_0506,Raiffeisen_Bank_International_0506|Raiffeisen_Bank_International_0507|Raiffeisen_Bank_International_0464|Raiffeisen_Bank_International_0504|Raiffeisen_Bank_International_0505_intro,0,,both_fail,303.885,303.884,303.884,150521,22110,150521,22110
ESRS,"Raiffeisen Bank International__Raiffeisen_Bank_International_0031__For ESRS-aligned disclosures on own-operations emissions, does Raiffeisen Bank International have a head-office process in place to gather operational data that enables the calculation and ongoing tracking of those emissions?",,Raiffeisen Bank International,Raiffeisen Bank International,Raiffeisen Bank International,"For ESRS-aligned disclosures on own-operations emissions, does Raiffeisen Bank International have a head-office process in place to gather operational data that enables the calculation and ongoing tracking of those emissions?",Raiffeisen_Bank_International_0031,Raiffeisen_Bank_International_0506,Raiffeisen_Bank_International_0506|Raiffeisen_Bank_International_0464|Raiffeisen_Bank_International_0466|Raiffeisen_Bank_International_0507|Raiffeisen_Bank_International_0504,0,,both_fail,137.847,54.299,137.847,29872,4265,57132,10158
ESRS,"Raiffeisen Bank International__Raiffeisen_Bank_International_0033__When no statutory review cadence is prescribed, what is the minimum interval Raiffeisen Bank International requires for revisiting and updating its internal policies after they have been approved?",,Raiffeisen Bank International,Raiffeisen Bank International,Raiffeisen Bank International,"When no statutory review cadence is prescribed, what is the minimum interval Raiffeisen Bank International requires for revisiting and updating its internal policies after they have been approved?",Raiffeisen_Bank_International_0033,Raiffeisen_Bank_International_0031,Raiffeisen_Bank_International_0033|Raiffeisen_Bank_International_0031|Raiffeisen_Bank_International_0032|Raiffeisen_Bank_International_0023|Raiffeisen_Bank_International_0024,0,1.0,mrr_rank1_only,106.146,65.15,106.146,40434,3892,86086,6370
ESRS,"Raiffeisen Bank International__Raiffeisen_Bank_International_0034__Under GOV-2, does Raiffeisen Bank International state that its Management Board received recurring briefings on the CSRD implementation, explicitly covering impacts/risks/opportunities and the related internal control and process arrangements?",,Raiffeisen Bank International,Raiffeisen Bank International,Raiffeisen Bank International,"Under GOV-2, does Raiffeisen Bank International state that its Management Board received recurring briefings on the CSRD implementation, explicitly covering impacts/risks/opportunities and the related internal control and process arrangements?",Raiffeisen_Bank_International_0034,Raiffeisen_Bank_International_0034,Raiffeisen_Bank_International_0034|Raiffeisen_Bank_International_0033|Raiffeisen_Bank_International_0010_intro|Raiffeisen_Bank_International_0024|Raiffeisen_Bank_International_0023,1,1.0,both_rank1,172.621,30.705,172.621,19785,1604,87059,10586
ESRS,"Raiffeisen Bank International__Raiffeisen_Bank_International_0036__Has Raiffeisen Bank International established an independent, centrally led annual assessment to verify that remuneration practices are executed in line with the remuneration policy approved by the Supervisory Board/Remuneration Committee?",,Raiffeisen Bank International,Raiffeisen Bank International,Raiffeisen Bank International,"Has Raiffeisen Bank International established an independent, centrally led annual assessment to verify that remuneration practices are executed in line with the remuneration policy approved by the Supervisory Board/Remuneration Committee?",Raiffeisen_Bank_International_0036,Raiffeisen_Bank_International_0036,Raiffeisen_Bank_International_0036|Raiffeisen_Bank_International_0034|Raiffeisen_Bank_International_0015|Raiffeisen_Bank_International_0017|Raiffeisen_Bank_International_0016,1,1.0,both_rank1,175.799,79.992,175.799,30456,4039,77423,9709
ESRS,"Raiffeisen Bank International__Raiffeisen_Bank_International_0038__For Raiffeisen Bank International, is the ESG risk framework subject to a yearly reassessment and formal endorsement by the Management Board as part of its governance controls?",,Raiffeisen Bank International,Raiffeisen Bank International,Raiffeisen Bank International,"For Raiffeisen Bank International, is the ESG risk framework subject to a yearly reassessment and formal endorsement by the Management Board as part of its governance controls?",Raiffeisen_Bank_International_0038,Raiffeisen_Bank_International_0038,Raiffeisen_Bank_International_0038|Raiffeisen_Bank_International_0042|Raiffeisen_Bank_International_0033|Raiffeisen_Bank_International_0037_intro|Raiffeisen_Bank_International_0041,1,1.0,both_rank1,150.974,54.572,150.974,22573,2129,56901,8053
ESRS,Raiffeisen Bank International__Raiffeisen_Bank_International_0039__Does Raiffeisen Bank International indicate that the comprehensive description and results for its Scope 1–3 and total greenhouse gas figures are provided in the E1-6 section of its report?,,Raiffeisen Bank International,Raiffeisen Bank International,Raiffeisen Bank International,Does Raiffeisen Bank International indicate that the comprehensive description and results for its Scope 1–3 and total greenhouse gas figures are provided in the E1-6 section of its report?,Raiffeisen_Bank_International_0039,Raiffeisen_Bank_International_0505_intro,Raiffeisen_Bank_International_0505_intro|Raiffeisen_Bank_International_0507|Raiffeisen_Bank_International_0500_intro|Raiffeisen_Bank_International_0508_intro|Raiffeisen_Bank_International_0504,0,,both_fail,198.211,42.075,198.211,23637,2675,67351,13395
ESRS,"Raiffeisen Bank International__Raiffeisen_Bank_International_0042__For ESRS risk management disclosures that require clarity on the assessment horizons, does Raiffeisen Bank International specify the timeframes it applies when evaluating environment-driven risk drivers?",,Raiffeisen Bank International,Raiffeisen Bank International,Raiffeisen Bank International,"For ESRS risk management disclosures that require clarity on the assessment horizons, does Raiffeisen Bank International specify the timeframes it applies when evaluating environment-driven risk drivers?",Raiffeisen_Bank_International_0042,Raiffeisen_Bank_International_0003,Raiffeisen_Bank_International_0003|Raiffeisen_Bank_International_0087_intro|Raiffeisen_Bank_International_0093_intro|Raiffeisen_Bank_International_0005|Raiffeisen_Bank_International_0004,0,,both_fail,121.271,37.891,121.271,22277,1714,54845,7133
ESRS,Raiffeisen Bank International__Raiffeisen_Bank_International_0045__Does Raiffeisen Bank International state that it has group-level climate goals and is undertaking internal measures to meet them as part of its sustainability strategy?,,Raiffeisen Bank International,Raiffeisen Bank International,Raiffeisen Bank International,Does Raiffeisen Bank International state that it has group-level climate goals and is undertaking internal measures to meet them as part of its sustainability strategy?,Raiffeisen_Bank_International_0045,Raiffeisen_Bank_International_0464,Raiffeisen_Bank_International_0463_intro|Raiffeisen_Bank_International_0464|Raiffeisen_Bank_International_0483_intro|Raiffeisen_Bank_International_0498|Raiffeisen_Bank_International_0466,0,,both_fail,149.405,49.056,149.405,19348,3255,52184,9946
ESRS,"Raiffeisen Bank International__Raiffeisen_Bank_International_0050__For ESRS value-chain transparency, does Raiffeisen Bank International identify the group entity primarily responsible for managing the sustainable investment of customer deposits and indicate the brand under which those products are offered?",,Raiffeisen Bank International,Raiffeisen Bank International,Raiffeisen Bank International,"For ESRS value-chain transparency, does Raiffeisen Bank International identify the group entity primarily responsible for managing the sustainable investment of customer deposits and indicate the brand under which those products are offered?",Raiffeisen_Bank_International_0050,Raiffeisen_Bank_International_0049,Raiffeisen_Bank_International_0050|Raiffeisen_Bank_International_0049|Raiffeisen_Bank_International_0052|Raiffeisen_Bank_International_0522|Raiffeisen_Bank_International_0051,0,1.0,mrr_rank1_only,182.205,129.798,182.205,76602,7473,121771,11351
ESRS,"Raiffeisen Bank International__Raiffeisen_Bank_International_0052__For ESRS-aligned disclosures on customer data governance, does Raiffeisen Bank International assert that adherence to legal obligations on customer data protection and data security is embedded within its banking operations?",,Raiffeisen Bank International,Raiffeisen Bank International,Raiffeisen Bank International,"For ESRS-aligned disclosures on customer data governance, does Raiffeisen Bank International assert that adherence to legal obligations on customer data protection and data security is embedded within its banking operations?",Raiffeisen_Bank_International_0052,Raiffeisen_Bank_International_0522,Raiffeisen_Bank_International_0052|Raiffeisen_Bank_International_0522|Raiffeisen_Bank_International_0075|Raiffeisen_Bank_International_0034|Raiffeisen_Bank_International_0101,0,1.0,mrr_rank1_only,279.838,26.342,279.838,35801,2136,157060,14971
ESRS,"Raiffeisen Bank International__Raiffeisen_Bank_International_0055__In its delineation of the upstream value chain, does Raiffeisen Bank International indicate that it incorporates sustainability-related effects into its evaluation of funding and liquidity risks within its own operations?",,Raiffeisen Bank International,Raiffeisen Bank International,Raiffeisen Bank International,"In its delineation of the upstream value chain, does Raiffeisen Bank International indicate that it incorporates sustainability-related effects into its evaluation of funding and liquidity risks within its own operations?",Raiffeisen_Bank_International_0055,Raiffeisen_Bank_International_0055,Raiffeisen_Bank_International_0055|Raiffeisen_Bank_International_0054|Raiffeisen_Bank_International_0053|Raiffeisen_Bank_International_0056|Raiffeisen_Bank_International_0043_intro,1,1.0,both_rank1,93.614,48.173,93.614,25290,2421,50791,5267
ESRS,"Raiffeisen Bank International__Raiffeisen_Bank_International_0059__Has Raiffeisen Bank International specified the stakeholder-engagement formats it employs and, where applicable, the usual cadence for each (e.g., annual or biannual large forums; monthly targeted meetings; quarterly or project-based advisory consultations; year-round training programmes; monthly or quarterly governance committees; working groups for ESG projects; and written outreach such as monthly newsletters and annual surveys) to demonstrate systematic input into its assessment of sustainability topics?",,Raiffeisen Bank International,Raiffeisen Bank International,Raiffeisen Bank International,"Has Raiffeisen Bank International specified the stakeholder-engagement formats it employs and, where applicable, the usual cadence for each (e.g., annual or biannual large forums; monthly targeted meetings; quarterly or project-based advisory consultations; year-round training programmes; monthly or quarterly governance committees; working groups for ESG projects; and written outreach such as monthly newsletters and annual surveys) to demonstrate systematic input into its assessment of sustainability topics?",Raiffeisen_Bank_International_0059,Raiffeisen_Bank_International_0059,Raiffeisen_Bank_International_0059|Raiffeisen_Bank_International_0060|Raiffeisen_Bank_International_0070|Raiffeisen_Bank_International_0071|Raiffeisen_Bank_International_0072,1,1.0,both_rank1,100.392,40.913,100.392,26592,2035,55557,5674
ESRS,"Raiffeisen Bank International__Raiffeisen_Bank_International_0060__Within Raiffeisen Bank International’s decentralized stakeholder-engagement setup, what control or process is in place to aggregate and maintain a group-wide audit trail of interactions for sustainability reporting and oversight?",,Raiffeisen Bank International,Raiffeisen Bank International,Raiffeisen Bank International,"Within Raiffeisen Bank International’s decentralized stakeholder-engagement setup, what control or process is in place to aggregate and maintain a group-wide audit trail of interactions for sustainability reporting and oversight?",Raiffeisen_Bank_International_0060,Raiffeisen_Bank_International_0059,Raiffeisen_Bank_International_0060|Raiffeisen_Bank_International_0059|Raiffeisen_Bank_International_0070|Raiffeisen_Bank_International_0069|Raiffeisen_Bank_International_0058,0,1.0,mrr_rank1_only,120.271,56.172,120.271,26304,3621,56133,7668
ESRS,"Raiffeisen Bank International__Raiffeisen_Bank_International_0061__For ESRS stakeholder-engagement disclosures, does Raiffeisen Bank International state that one objective of engaging stakeholders is to strengthen openness and accountability by communicating to them information on the bank’s activities, performance, and forward plans?",,Raiffeisen Bank International,Raiffeisen Bank International,Raiffeisen Bank International,"For ESRS stakeholder-engagement disclosures, does Raiffeisen Bank International state that one objective of engaging stakeholders is to strengthen openness and accountability by communicating to them information on the bank’s activities, performance, and forward plans?",Raiffeisen_Bank_International_0061,Raiffeisen_Bank_International_0061,Raiffeisen_Bank_International_0061|Raiffeisen_Bank_International_0062|Raiffeisen_Bank_International_0063|Raiffeisen_Bank_International_0060|Raiffeisen_Bank_International_0058,1,1.0,both_rank1,113.531,34.925,113.531,25961,1957,56146,6872
ESRS,"Raiffeisen Bank International__Raiffeisen_Bank_International_0065__For ESRS disclosure on stakeholder engagement regarding biodiversity, can Raiffeisen Bank International demonstrate a concrete outreach activity, specifying the date and categories of external participants involved?",,Raiffeisen Bank International,Raiffeisen Bank International,Raiffeisen Bank International,"For ESRS disclosure on stakeholder engagement regarding biodiversity, can Raiffeisen Bank International demonstrate a concrete outreach activity, specifying the date and categories of external participants involved?",Raiffeisen_Bank_International_0065,Raiffeisen_Bank_International_0065,Raiffeisen_Bank_International_0065|Raiffeisen_Bank_International_0064|Raiffeisen_Bank_International_0066|Raiffeisen_Bank_International_0063|Raiffeisen_Bank_International_0056,1,1.0,both_rank1,166.308,49.174,166.308,25680,2762,85381,9461
ESRS,"Raiffeisen Bank International__Raiffeisen_Bank_International_0068__For ESRS consumer-related disclosures, does Raiffeisen Bank International evidence a structured mechanism to manage customer complaints and systematically incorporate client feedback and satisfaction monitoring into updates of its products and customer-service practices?",,Raiffeisen Bank International,Raiffeisen Bank International,Raiffeisen Bank International,"For ESRS consumer-related disclosures, does Raiffeisen Bank International evidence a structured mechanism to manage customer complaints and systematically incorporate client feedback and satisfaction monitoring into updates of its products and customer-service practices?",Raiffeisen_Bank_International_0068,Raiffeisen_Bank_International_0522,Raiffeisen_Bank_International_0522|Raiffeisen_Bank_International_0073|Raiffeisen_Bank_International_0068|Raiffeisen_Bank_International_0067|Raiffeisen_Bank_International_0075,0,3.0,mrr_lower_only,150.61,33.296,150.61,35809,1551,114274,7880
ESRS,Raiffeisen Bank International__Raiffeisen_Bank_International_0069__Does Raiffeisen Bank International commit to an internal control that periodically evaluates the effectiveness of its stakeholder-engagement process and implements adjustments where required?,,Raiffeisen Bank International,Raiffeisen Bank International,Raiffeisen Bank International,Does Raiffeisen Bank International commit to an internal control that periodically evaluates the effectiveness of its stakeholder-engagement process and implements adjustments where required?,Raiffeisen_Bank_International_0069,Raiffeisen_Bank_International_0070,Raiffeisen_Bank_International_0069|Raiffeisen_Bank_International_0070|Raiffeisen_Bank_International_0068|Raiffeisen_Bank_International_0067|Raiffeisen_Bank_International_0059,0,1.0,mrr_rank1_only,131.255,52.196,131.255,26251,2612,54674,7203
ESRS,"Raiffeisen Bank International__Raiffeisen_Bank_International_0071__Under ESRS reporting on own workforce engagement, does Raiffeisen Bank International specify a recurring cycle for its groupwide employee engagement survey, and what interval is disclosed?",,Raiffeisen Bank International,Raiffeisen Bank International,Raiffeisen Bank International,"Under ESRS reporting on own workforce engagement, does Raiffeisen Bank International specify a recurring cycle for its groupwide employee engagement survey, and what interval is disclosed?",Raiffeisen_Bank_International_0071,Raiffeisen_Bank_International_0071,Raiffeisen_Bank_International_0071|Raiffeisen_Bank_International_0070|Raiffeisen_Bank_International_0072|Raiffeisen_Bank_International_0519|Raiffeisen_Bank_International_0518,1,1.0,both_rank1,111.796,83.873,111.795,43568,5000,62105,6535
ESRS,"Raiffeisen Bank International__Raiffeisen_Bank_International_0079__In its AI pilot for ESG decision-making, did Raiffeisen Bank International employ the AI-generated findings to corroborate its internal double materiality evaluation?",,Raiffeisen Bank International,Raiffeisen Bank International,Raiffeisen Bank International,"In its AI pilot for ESG decision-making, did Raiffeisen Bank International employ the AI-generated findings to corroborate its internal double materiality evaluation?",Raiffeisen_Bank_International_0079,Raiffeisen_Bank_International_0079,Raiffeisen_Bank_International_0079|Raiffeisen_Bank_International_0078|Raiffeisen_Bank_International_0081|Raiffeisen_Bank_International_0080|Raiffeisen_Bank_International_0073,1,1.0,both_rank1,210.763,39.958,210.762,26078,1992,98009,11174
ESRS,"Raiffeisen Bank International__Raiffeisen_Bank_International_0080__Under Raiffeisen Bank International’s double‑materiality workshops, were potential human‑rights impacts treated as inherently likely (i.e., no separate likelihood score applied) for calculation purposes, as referenced to ESRS 1 paragraph 48?",,Raiffeisen Bank International,Raiffeisen Bank International,Raiffeisen Bank International,"Under Raiffeisen Bank International’s double‑materiality workshops, were potential human‑rights impacts treated as inherently likely (i.e., no separate likelihood score applied) for calculation purposes, as referenced to ESRS 1 paragraph 48?",Raiffeisen_Bank_International_0080,Raiffeisen_Bank_International_0080,Raiffeisen_Bank_International_0080|Raiffeisen_Bank_International_0079|Raiffeisen_Bank_International_0078|Raiffeisen_Bank_International_0081|Raiffeisen_Bank_International_0099,1,1.0,both_rank1,89.534,32.426,89.534,26645,1730,57400,4787
ESRS,"Raiffeisen Bank International__Raiffeisen_Bank_International_0086__For ESRS target-setting disclosures, does Raiffeisen Bank International specify the baseline year for its own-operations GHG reduction targets and provide the rationale for selecting that year?",,Raiffeisen Bank International,Raiffeisen Bank International,Raiffeisen Bank International,"For ESRS target-setting disclosures, does Raiffeisen Bank International specify the baseline year for its own-operations GHG reduction targets and provide the rationale for selecting that year?",Raiffeisen_Bank_International_0086,Raiffeisen_Bank_International_0504,Raiffeisen_Bank_International_0503|Raiffeisen_Bank_International_0504|Raiffeisen_Bank_International_0502|Raiffeisen_Bank_International_0464|Raiffeisen_Bank_International_0466,0,,both_fail,149.961,37.957,149.96,17071,1926,48619,7625
ESRS,Raiffeisen Bank International__Raiffeisen_Bank_International_0090__Does Raiffeisen Bank International state that the material significance of market risk is determined by benchmarking total loss against its Common Equity Tier 1 (CET1) capital?,,Raiffeisen Bank International,Raiffeisen Bank International,Raiffeisen Bank International,Does Raiffeisen Bank International state that the material significance of market risk is determined by benchmarking total loss against its Common Equity Tier 1 (CET1) capital?,Raiffeisen_Bank_International_0090,,,0,,both_fail,21.763,,21.763,0,0,11900,1150
ESRS,Raiffeisen Bank International__Raiffeisen_Bank_International_0092__Does Raiffeisen Bank International indicate that its operational risk assessment includes a scenario explicitly modelling increased compliance and legal costs arising from potential greenwashing exposure?,,Raiffeisen Bank International,Raiffeisen Bank International,Raiffeisen Bank International,Does Raiffeisen Bank International indicate that its operational risk assessment includes a scenario explicitly modelling increased compliance and legal costs arising from potential greenwashing exposure?,Raiffeisen_Bank_International_0092,Raiffeisen_Bank_International_0094,Raiffeisen_Bank_International_0094|Raiffeisen_Bank_International_0091|Raiffeisen_Bank_International_0038|Raiffeisen_Bank_International_0034|Raiffeisen_Bank_International_0042,0,,both_fail,179.406,138.04,179.405,57919,9287,70550,11768
ESRS,"OTP Bank__OTP_Bank_0065__In OTP Bank’s capex-based Green Asset Ratio disclosure, what share of the bank’s total assets is stated as being captured by the GAR calculation at the reported reference date?",,OTP Bank,OTP Bank,OTP Bank,"In OTP Bank’s capex-based Green Asset Ratio disclosure, what share of the bank’s total assets is stated as being captured by the GAR calculation at the reported reference date?",OTP_Bank_0065,OTP_Bank_0012,OTP_Bank_0012|OTP_Bank_0014|OTP_Bank_0008|OTP_Bank_0011|OTP_Bank_0013,0,,both_fail,175.573,35.27,175.572,25753,2199,166670,12001
ESRS,"Raiffeisen Bank International__Raiffeisen_Bank_International_0058__Does Raiffeisen Bank International’s stakeholder mapping expressly include NGOs and community groups that act as proxies for unrepresented affected interests (e.g., ecosystems, biodiversity and local communities) among its principal stakeholder categories?",,Raiffeisen Bank International,Raiffeisen Bank International,Raiffeisen Bank International,"Does Raiffeisen Bank International’s stakeholder mapping expressly include NGOs and community groups that act as proxies for unrepresented affected interests (e.g., ecosystems, biodiversity and local communities) among its principal stakeholder categories?",Raiffeisen_Bank_International_0058,Raiffeisen_Bank_International_0058,Raiffeisen_Bank_International_0058|Raiffeisen_Bank_International_0070|Raiffeisen_Bank_International_0056|Raiffeisen_Bank_International_0075|Raiffeisen_Bank_International_0037_intro,1,1.0,both_rank1,258.988,26.092,258.988,27103,1646,125969,19163
ESRS,Raiffeisen Bank International__Raiffeisen_Bank_International_0096__Has Raiffeisen Bank International assessed the materiality of climate-driven liquidity channels by stress-testing its liquidity buffer against movements in interest rates and credit spreads across multiple transition scenarios that are informed by region-specific physical risk metrics?,,Raiffeisen Bank International,Raiffeisen Bank International,Raiffeisen Bank International,Has Raiffeisen Bank International assessed the materiality of climate-driven liquidity channels by stress-testing its liquidity buffer against movements in interest rates and credit spreads across multiple transition scenarios that are informed by region-specific physical risk metrics?,Raiffeisen_Bank_International_0096,Raiffeisen_Bank_International_0466,Raiffeisen_Bank_International_0466|Raiffeisen_Bank_International_0042|Raiffeisen_Bank_International_0040|Raiffeisen_Bank_International_0038|Raiffeisen_Bank_International_0034,0,,both_fail,345.58,345.58,345.58,156230,22092,156230,22092
ESRS,"Raiffeisen Bank International__Raiffeisen_Bank_International_0097__For Raiffeisen Bank International, does the disclosure confirm that an external data provider assessed the exposure of the primary head office and the data centers to the cited climate and environmental risk drivers within the operational risk scenario work?",,Raiffeisen Bank International,Raiffeisen Bank International,Raiffeisen Bank International,"For Raiffeisen Bank International, does the disclosure confirm that an external data provider assessed the exposure of the primary head office and the data centers to the cited climate and environmental risk drivers within the operational risk scenario work?",Raiffeisen_Bank_International_0097,Raiffeisen_Bank_International_0466,Raiffeisen_Bank_International_0466|Raiffeisen_Bank_International_0042|Raiffeisen_Bank_International_0101,0,,both_fail,284.247,284.247,284.247,149575,18096,149575,18096
ESRS,"Raiffeisen Bank International__Raiffeisen_Bank_International_0098__Has Raiffeisen Bank International set out the specific criteria it uses to determine when climate-related risks are material for each risk class—namely credit, physical, market, and operational risk—and how those thresholds are measured?",,Raiffeisen Bank International,Raiffeisen Bank International,Raiffeisen Bank International,"Has Raiffeisen Bank International set out the specific criteria it uses to determine when climate-related risks are material for each risk class—namely credit, physical, market, and operational risk—and how those thresholds are measured?",Raiffeisen_Bank_International_0098,Raiffeisen_Bank_International_0098,Raiffeisen_Bank_International_0039|Raiffeisen_Bank_International_0042|Raiffeisen_Bank_International_0038|Raiffeisen_Bank_International_0040|Raiffeisen_Bank_International_0041,1,,accuracy_only_mrr_missing,310.503,286.893,310.503,140335,20429,145286,22100
ESRS,"Raiffeisen Bank International__Raiffeisen_Bank_International_0101__For its 2024 ESRS consolidated non-financial statement, did Raiffeisen Bank International set a quantitative cut-off to decide when a topic is material, and if so, what is the threshold and how is it applied?",,Raiffeisen Bank International,Raiffeisen Bank International,Raiffeisen Bank International,"For its 2024 ESRS consolidated non-financial statement, did Raiffeisen Bank International set a quantitative cut-off to decide when a topic is material, and if so, what is the threshold and how is it applied?",Raiffeisen_Bank_International_0101,Raiffeisen_Bank_International_0101,Raiffeisen_Bank_International_0084|Raiffeisen_Bank_International_0101|Raiffeisen_Bank_International_0085|Raiffeisen_Bank_International_0086|Raiffeisen_Bank_International_0081,1,2.0,accuracy_only_mrr_lower,61.76,19.946,61.76,25477,1148,70814,4846
ESRS,"Raiffeisen Bank International__Raiffeisen_Bank_International_0103__For its 2024 EU Taxonomy metrics, did Raiffeisen Bank International accompany the numerical KPIs with qualitative narrative in accordance with Annex XI of Commission Delegated Regulation (EU) 2021/2178?",,Raiffeisen Bank International,Raiffeisen Bank International,Raiffeisen Bank International,"For its 2024 EU Taxonomy metrics, did Raiffeisen Bank International accompany the numerical KPIs with qualitative narrative in accordance with Annex XI of Commission Delegated Regulation (EU) 2021/2178?",Raiffeisen_Bank_International_0103,Raiffeisen_Bank_International_0103,Raiffeisen_Bank_International_0103|Raiffeisen_Bank_International_0104|Raiffeisen_Bank_International_0251|Raiffeisen_Bank_International_0105|Raiffeisen_Bank_International_0252,1,1.0,both_rank1,93.072,29.325,93.072,30325,2099,100348,6019
ESRS,"Raiffeisen Bank International__Raiffeisen_Bank_International_0104__For the 2024 reporting year, does Raiffeisen Bank International confirm that it provides disclosures on financed gas and nuclear economic activities in accordance with the requirements set by the Disclosures Delegated Act?",,Raiffeisen Bank International,Raiffeisen Bank International,Raiffeisen Bank International,"For the 2024 reporting year, does Raiffeisen Bank International confirm that it provides disclosures on financed gas and nuclear economic activities in accordance with the requirements set by the Disclosures Delegated Act?",Raiffeisen_Bank_International_0104,Raiffeisen_Bank_International_0110,Raiffeisen_Bank_International_0110|Raiffeisen_Bank_International_0252|Raiffeisen_Bank_International_0253|Raiffeisen_Bank_International_0254|Raiffeisen_Bank_International_0251,0,,both_fail,131.026,39.605,131.026,30511,2293,112282,9034
ESRS,"Raiffeisen Bank International__Raiffeisen_Bank_International_0106__For the taxonomy-aligned disclosure presented, does Raiffeisen Bank International confirm that the Green Asset Ratio is calculated using “covered assets” as the denominator rather than total assets?",,Raiffeisen Bank International,Raiffeisen Bank International,Raiffeisen Bank International,"For the taxonomy-aligned disclosure presented, does Raiffeisen Bank International confirm that the Green Asset Ratio is calculated using “covered assets” as the denominator rather than total assets?",Raiffeisen_Bank_International_0106,Raiffeisen_Bank_International_0106,Raiffeisen_Bank_International_0106|Raiffeisen_Bank_International_0107|Raiffeisen_Bank_International_0164|Raiffeisen_Bank_International_0158|Raiffeisen_Bank_International_0141_intro,1,1.0,both_rank1,110.746,25.813,110.746,30216,1570,78047,7130
ESRS,"Raiffeisen Bank International__Raiffeisen_Bank_International_0137__In Raiffeisen Bank International’s 31/12/2023 circular-economy disclosure, does the NACE 4-digit entry 7711 (renting and leasing of cars and light motor vehicles) show any amount identified as environmentally sustainable under the circular-economy category?",,Raiffeisen Bank International,Raiffeisen Bank International,Raiffeisen Bank International,"In Raiffeisen Bank International’s 31/12/2023 circular-economy disclosure, does the NACE 4-digit entry 7711 (renting and leasing of cars and light motor vehicles) show any amount identified as environmentally sustainable under the circular-economy category?",Raiffeisen_Bank_International_0137,Raiffeisen_Bank_International_0125,Raiffeisen_Bank_International_0137|Raiffeisen_Bank_International_0122|Raiffeisen_Bank_International_0125|Raiffeisen_Bank_International_0138|Raiffeisen_Bank_International_0121,0,1.0,mrr_rank1_only,205.37,149.099,205.37,56202,8837,81483,12365
ESRS,"Raiffeisen Bank International__Raiffeisen_Bank_International_0140__As of 31/12/2023, does Raiffeisen Bank International disclose, at NACE 4‑digit granularity, a sectoral table that separates exposures to non‑financial corporates in scope of the NFRD from SMEs/other NFCs and, for each category, reports both the gross exposure (carrying amount) and the subset recognised as environmentally sustainable aggregated across CCM, CCA, WTR, CE, PPC and BIO?",,Raiffeisen Bank International,Raiffeisen Bank International,Raiffeisen Bank International,"As of 31/12/2023, does Raiffeisen Bank International disclose, at NACE 4‑digit granularity, a sectoral table that separates exposures to non‑financial corporates in scope of the NFRD from SMEs/other NFCs and, for each category, reports both the gross exposure (carrying amount) and the subset recognised as environmentally sustainable aggregated across CCM, CCA, WTR, CE, PPC and BIO?",Raiffeisen_Bank_International_0140,Raiffeisen_Bank_International_0125,Raiffeisen_Bank_International_0125|Raiffeisen_Bank_International_0140|Raiffeisen_Bank_International_0139|Raiffeisen_Bank_International_0124|Raiffeisen_Bank_International_0127,0,2.0,mrr_lower_only,245.423,46.266,245.423,36718,2894,88705,16499
ESRS,"Raiffeisen Bank International__Raiffeisen_Bank_International_0156__For its 31/12/2023 taxonomy disclosures, does Raiffeisen Bank International calculate the percentages for taxonomy-relevant (eligible and aligned) financing using total covered assets as the denominator rather than total assets?",,Raiffeisen Bank International,Raiffeisen Bank International,Raiffeisen Bank International,"For its 31/12/2023 taxonomy disclosures, does Raiffeisen Bank International calculate the percentages for taxonomy-relevant (eligible and aligned) financing using total covered assets as the denominator rather than total assets?",Raiffeisen_Bank_International_0156,Raiffeisen_Bank_International_0107,Raiffeisen_Bank_International_0115|Raiffeisen_Bank_International_0106|Raiffeisen_Bank_International_0105|Raiffeisen_Bank_International_0107|Raiffeisen_Bank_International_0114,0,,both_fail,172.894,42.293,172.894,31413,3116,112515,12101
ESRS,"Raiffeisen Bank International__Raiffeisen_Bank_International_0170__In its EU Taxonomy metrics, does Raiffeisen Bank International state that the Green Asset Ratio is computed using covered assets as both the numerator and the denominator?",,Raiffeisen Bank International,Raiffeisen Bank International,Raiffeisen Bank International,"In its EU Taxonomy metrics, does Raiffeisen Bank International state that the Green Asset Ratio is computed using covered assets as both the numerator and the denominator?",Raiffeisen_Bank_International_0170,Raiffeisen_Bank_International_0177,Raiffeisen_Bank_International_0179|Raiffeisen_Bank_International_0180|Raiffeisen_Bank_International_0187|Raiffeisen_Bank_International_0177|Raiffeisen_Bank_International_0181,0,,both_fail,124.128,49.865,124.128,40417,3396,73239,8862
ESRS,"Raiffeisen Bank International__Raiffeisen_Bank_International_0187__For Raiffeisen Bank International, does the Green Asset Ratio calculation apply “covered assets” consistently to both the top and bottom of the ratio?",,Raiffeisen Bank International,Raiffeisen Bank International,Raiffeisen Bank International,"For Raiffeisen Bank International, does the Green Asset Ratio calculation apply “covered assets” consistently to both the top and bottom of the ratio?",Raiffeisen_Bank_International_0187,Raiffeisen_Bank_International_0164,Raiffeisen_Bank_International_0164|Raiffeisen_Bank_International_0158|Raiffeisen_Bank_International_0159|Raiffeisen_Bank_International_0162|Raiffeisen_Bank_International_0157_intro,0,,both_fail,123.009,48.373,123.009,41504,3031,75918,8244
ESRS,"Raiffeisen Bank International__Raiffeisen_Bank_International_0205__For off-balance-sheet financial guarantees, what percentages does Raiffeisen Bank International report for the transitional and enabling components within its taxonomy‑aligned share, expressed relative to total eligible off‑balance‑sheet assets?",,Raiffeisen Bank International,Raiffeisen Bank International,Raiffeisen Bank International,"For off-balance-sheet financial guarantees, what percentages does Raiffeisen Bank International report for the transitional and enabling components within its taxonomy‑aligned share, expressed relative to total eligible off‑balance‑sheet assets?",Raiffeisen_Bank_International_0205,Raiffeisen_Bank_International_0205,Raiffeisen_Bank_International_0211|Raiffeisen_Bank_International_0205|Raiffeisen_Bank_International_0206|Raiffeisen_Bank_International_0207|Raiffeisen_Bank_International_0208,1,2.0,accuracy_only_mrr_lower,104.12,50.483,104.12,40260,3754,67216,8478
ESRS,"Raiffeisen Bank International__Raiffeisen_Bank_International_0206__Within Raiffeisen Bank International’s reported shares of covered assets channeled to taxonomy-relevant sectors, does the asset management (AUM) indicator include any portion meeting alignment criteria, and if so, what percentage is disclosed?",,Raiffeisen Bank International,Raiffeisen Bank International,Raiffeisen Bank International,"Within Raiffeisen Bank International’s reported shares of covered assets channeled to taxonomy-relevant sectors, does the asset management (AUM) indicator include any portion meeting alignment criteria, and if so, what percentage is disclosed?",Raiffeisen_Bank_International_0206,Raiffeisen_Bank_International_0226,Raiffeisen_Bank_International_0226|Raiffeisen_Bank_International_0220|Raiffeisen_Bank_International_0223|Raiffeisen_Bank_International_0224|Raiffeisen_Bank_International_0221,0,,both_fail,113.134,51.58,113.134,40552,2761,66484,7221
ESRS,"Raiffeisen Bank International__Raiffeisen_Bank_International_0211__For Raiffeisen Bank International’s financial guarantee KPI, does the taxonomy-aligned disclosure identify the proportion attributable to enabling activities relative to eligible off-balance-sheet items, and if so, what percentage is reported?",,Raiffeisen Bank International,Raiffeisen Bank International,Raiffeisen Bank International,"For Raiffeisen Bank International’s financial guarantee KPI, does the taxonomy-aligned disclosure identify the proportion attributable to enabling activities relative to eligible off-balance-sheet items, and if so, what percentage is reported?",Raiffeisen_Bank_International_0211,Raiffeisen_Bank_International_0211,Raiffeisen_Bank_International_0211|Raiffeisen_Bank_International_0205|Raiffeisen_Bank_International_0206|Raiffeisen_Bank_International_0208|Raiffeisen_Bank_International_0209,1,1.0,both_rank1,129.038,63.137,129.038,40121,5017,67054,10312
ESRS,"Raiffeisen Bank International__Raiffeisen_Bank_International_0212__As of 31/12/2023, did Raiffeisen Bank International report, as a percentage of total eligible off-balance-sheet exposures, the share of its financial guarantees that are EU Taxonomy-eligible and the portion that are EU Taxonomy-aligned, including a breakdown into transitional and enabling activities?",,Raiffeisen Bank International,Raiffeisen Bank International,Raiffeisen Bank International,"As of 31/12/2023, did Raiffeisen Bank International report, as a percentage of total eligible off-balance-sheet exposures, the share of its financial guarantees that are EU Taxonomy-eligible and the portion that are EU Taxonomy-aligned, including a breakdown into transitional and enabling activities?",Raiffeisen_Bank_International_0212,Raiffeisen_Bank_International_0218,Raiffeisen_Bank_International_0218|Raiffeisen_Bank_International_0212|Raiffeisen_Bank_International_0217|Raiffeisen_Bank_International_0213|Raiffeisen_Bank_International_0203_intro,0,2.0,mrr_lower_only,163.638,95.848,163.638,43564,6864,65573,11610
ESRS,"Raiffeisen Bank International__Raiffeisen_Bank_International_0218__Within its GAR disclosure for off-balance-sheet exposures, what percentage does Raiffeisen Bank International report as taxonomy-aligned for financial guarantees, measured against total eligible off-balance-sheet assets?",,Raiffeisen Bank International,Raiffeisen Bank International,Raiffeisen Bank International,"Within its GAR disclosure for off-balance-sheet exposures, what percentage does Raiffeisen Bank International report as taxonomy-aligned for financial guarantees, measured against total eligible off-balance-sheet assets?",Raiffeisen_Bank_International_0218,Raiffeisen_Bank_International_0211,Raiffeisen_Bank_International_0211|Raiffeisen_Bank_International_0210|Raiffeisen_Bank_International_0205|Raiffeisen_Bank_International_0206|Raiffeisen_Bank_International_0212,0,,both_fail,147.666,72.278,147.666,40089,4302,67099,10004
ESRS,"Raiffeisen Bank International__Raiffeisen_Bank_International_0226__In Raiffeisen Bank International’s disclosure for the financial guarantees KPI, is there a quantified share of total eligible off-balance-sheet assets that is classified as Taxonomy-aligned, and is that amount further broken down into portions attributable to transitional and enabling activities?",,Raiffeisen Bank International,Raiffeisen Bank International,Raiffeisen Bank International,"In Raiffeisen Bank International’s disclosure for the financial guarantees KPI, is there a quantified share of total eligible off-balance-sheet assets that is classified as Taxonomy-aligned, and is that amount further broken down into portions attributable to transitional and enabling activities?",Raiffeisen_Bank_International_0226,Raiffeisen_Bank_International_0205,Raiffeisen_Bank_International_0211|Raiffeisen_Bank_International_0205|Raiffeisen_Bank_International_0206|Raiffeisen_Bank_International_0208|Raiffeisen_Bank_International_0210,0,,both_fail,157.644,76.046,157.644,40340,4191,67540,9820
ESRS,"Raiffeisen Bank International__Raiffeisen_Bank_International_0227__Does Raiffeisen Bank International quantify, as a percentage of total eligible off-balance-sheet assets, the portion of its financial guarantees (FinGuar KPI) that is aligned with the taxonomy?",,Raiffeisen Bank International,Raiffeisen Bank International,Raiffeisen Bank International,"Does Raiffeisen Bank International quantify, as a percentage of total eligible off-balance-sheet assets, the portion of its financial guarantees (FinGuar KPI) that is aligned with the taxonomy?",Raiffeisen_Bank_International_0227,Raiffeisen_Bank_International_0205,Raiffeisen_Bank_International_0211|Raiffeisen_Bank_International_0205|Raiffeisen_Bank_International_0206|Raiffeisen_Bank_International_0210|Raiffeisen_Bank_International_0207,0,,both_fail,176.778,69.746,176.778,40236,3850,67134,8900
ESRS,"PKO Bank Polski__PKO_Bank_Polski_0092__In PKO Bank Polski’s taxonomy reporting pursuant to Commission Delegated Regulation (EU) 2021/2178, do the disclosed indicators incorporate the Bank’s own capital and operating expenditures so that they can be mapped to its Transformation Plan?",,PKO Bank Polski,PKO Bank Polski,PKO Bank Polski,"In PKO Bank Polski’s taxonomy reporting pursuant to Commission Delegated Regulation (EU) 2021/2178, do the disclosed indicators incorporate the Bank’s own capital and operating expenditures so that they can be mapped to its Transformation Plan?",PKO_Bank_Polski_0092,PKO_Bank_Polski_0025_intro,PKO_Bank_Polski_0025_intro|PKO_Bank_Polski_0026|PKO_Bank_Polski_0045|PKO_Bank_Polski_0023|PKO_Bank_Polski_0024,0,,both_fail,313.086,195.204,313.086,78756,11753,113417,18076
ESRS,"Raiffeisen Bank International__Raiffeisen_Bank_International_0235__Within its Climate Change Mitigation disclosures, does Raiffeisen Bank International provide a disaggregation for financial guarantees into use‑of‑proceeds, transitional and enabling components (expressed against total eligible off‑balance sheet assets), and what percentages are reported for each?",,Raiffeisen Bank International,Raiffeisen Bank International,Raiffeisen Bank International,"Within its Climate Change Mitigation disclosures, does Raiffeisen Bank International provide a disaggregation for financial guarantees into use‑of‑proceeds, transitional and enabling components (expressed against total eligible off‑balance sheet assets), and what percentages are reported for each?",Raiffeisen_Bank_International_0235,Raiffeisen_Bank_International_0205,Raiffeisen_Bank_International_0205|Raiffeisen_Bank_International_0206|Raiffeisen_Bank_International_0208|Raiffeisen_Bank_International_0207|Raiffeisen_Bank_International_0209,0,,both_fail,220.929,101.475,220.929,65503,6813,92344,12880
ESRS,"Raiffeisen Bank International__Raiffeisen_Bank_International_0236__For Raiffeisen Bank International’s Financial Guarantees KPI, does the disclosure provide the split between taxonomy-relevant exposures that are only eligible and those that satisfy alignment criteria, stated as a percentage of total eligible off‑balance‑sheet assets?",,Raiffeisen Bank International,Raiffeisen Bank International,Raiffeisen Bank International,"For Raiffeisen Bank International’s Financial Guarantees KPI, does the disclosure provide the split between taxonomy-relevant exposures that are only eligible and those that satisfy alignment criteria, stated as a percentage of total eligible off‑balance‑sheet assets?",Raiffeisen_Bank_International_0236,Raiffeisen_Bank_International_0210,Raiffeisen_Bank_International_0210|Raiffeisen_Bank_International_0205|Raiffeisen_Bank_International_0206|Raiffeisen_Bank_International_0208|Raiffeisen_Bank_International_0209,0,,both_fail,201.675,66.757,201.675,40319,4022,70116,12105
ESRS,"Raiffeisen Bank International__Raiffeisen_Bank_International_0243__In its 31/12/2024 climate change mitigation disclosure, does Raiffeisen Bank International report an enabling-activity component within the EU Taxonomy-aligned share of its financial guarantees KPI, and what percentage of total eligible off-balance sheet assets does it represent?",,Raiffeisen Bank International,Raiffeisen Bank International,Raiffeisen Bank International,"In its 31/12/2024 climate change mitigation disclosure, does Raiffeisen Bank International report an enabling-activity component within the EU Taxonomy-aligned share of its financial guarantees KPI, and what percentage of total eligible off-balance sheet assets does it represent?",Raiffeisen_Bank_International_0243,Raiffeisen_Bank_International_0205,Raiffeisen_Bank_International_0205|Raiffeisen_Bank_International_0206|Raiffeisen_Bank_International_0208|Raiffeisen_Bank_International_0207|Raiffeisen_Bank_International_0209,0,,both_fail,174.22,70.013,174.22,54249,4720,84351,12014
ESRS,Raiffeisen Bank International__Raiffeisen_Bank_International_0466__Has Raiffeisen Bank International integrated into its Internal Capital Adequacy Assessment Process a multi‑year transition pathway and a flood‑related physical risk case derived from its climate stress testing?,,Raiffeisen Bank International,Raiffeisen Bank International,Raiffeisen Bank International,Has Raiffeisen Bank International integrated into its Internal Capital Adequacy Assessment Process a multi‑year transition pathway and a flood‑related physical risk case derived from its climate stress testing?,Raiffeisen_Bank_International_0466,Raiffeisen_Bank_International_0466,Raiffeisen_Bank_International_0466|Raiffeisen_Bank_International_0042|Raiffeisen_Bank_International_0508_intro|Raiffeisen_Bank_International_0034|Raiffeisen_Bank_International_0101,1,1.0,both_rank1,206.279,24.287,206.279,20790,1519,118090,13369
ESRS,"Raiffeisen Bank International__Raiffeisen_Bank_International_0470__For ESRS-aligned governance disclosures, does Raiffeisen Bank International state the cadence at which adherence to its tobacco-related lending policy is reviewed?",,Raiffeisen Bank International,Raiffeisen Bank International,Raiffeisen Bank International,"For ESRS-aligned governance disclosures, does Raiffeisen Bank International state the cadence at which adherence to its tobacco-related lending policy is reviewed?",Raiffeisen_Bank_International_0470,Raiffeisen_Bank_International_0521,Raiffeisen_Bank_International_0521|Raiffeisen_Bank_International_0033|Raiffeisen_Bank_International_0023|Raiffeisen_Bank_International_0034|Raiffeisen_Bank_International_0101,0,,both_fail,363.054,363.054,363.054,188711,23524,188711,23524
ESRS,"Raiffeisen Bank International__Raiffeisen_Bank_International_0472__Under ESRS governance disclosures, does Raiffeisen Bank International clearly designate the internal function accountable for implementing its ESG risk policy?",,Raiffeisen Bank International,Raiffeisen Bank International,Raiffeisen Bank International,"Under ESRS governance disclosures, does Raiffeisen Bank International clearly designate the internal function accountable for implementing its ESG risk policy?",Raiffeisen_Bank_International_0472,Raiffeisen_Bank_International_0038,Raiffeisen_Bank_International_0025|Raiffeisen_Bank_International_0038|Raiffeisen_Bank_International_0042|Raiffeisen_Bank_International_0009|Raiffeisen_Bank_International_0037_intro,0,,both_fail,135.377,37.896,135.376,22531,2728,60740,8553
ESRS,"Raiffeisen Bank International__Raiffeisen_Bank_International_0476__Within Raiffeisen Bank International, which internal function is assigned responsibility for implementing the taxonomy rulebook that supports Article 8 EU Taxonomy disclosures?",,Raiffeisen Bank International,Raiffeisen Bank International,Raiffeisen Bank International,"Within Raiffeisen Bank International, which internal function is assigned responsibility for implementing the taxonomy rulebook that supports Article 8 EU Taxonomy disclosures?",Raiffeisen_Bank_International_0476,Raiffeisen_Bank_International_0028,Raiffeisen_Bank_International_0028|Raiffeisen_Bank_International_0101|Raiffeisen_Bank_International_0009|Raiffeisen_Bank_International_0042|Raiffeisen_Bank_International_0026,0,,both_fail,230.16,165.245,230.159,81950,10651,115108,15034
ESRS,"Raiffeisen Bank International__Raiffeisen_Bank_International_0477__For ESRS-aligned internal control disclosures, does Raiffeisen Bank International report that the coal-related exclusion criteria applied by Raiffeisen Kapitalanlage-Gesellschaft m.b.H. are subject to daily compliance checks through an internal limits framework to ensure adherence to fund mandates?",,Raiffeisen Bank International,Raiffeisen Bank International,Raiffeisen Bank International,"For ESRS-aligned internal control disclosures, does Raiffeisen Bank International report that the coal-related exclusion criteria applied by Raiffeisen Kapitalanlage-Gesellschaft m.b.H. are subject to daily compliance checks through an internal limits framework to ensure adherence to fund mandates?",Raiffeisen_Bank_International_0477,Raiffeisen_Bank_International_0477,Raiffeisen_Bank_International_0477|Raiffeisen_Bank_International_0476|Raiffeisen_Bank_International_0475|Raiffeisen_Bank_International_0521|Raiffeisen_Bank_International_0522,1,1.0,both_rank1,114.695,82.936,114.695,74397,5509,126470,7429
ESRS,"Raiffeisen Bank International__Raiffeisen_Bank_International_0480__For ESRS governance disclosures, does Raiffeisen Bank International specify which internal bodies are accountable for carrying out environmental measures and for reviewing progress against its environmental and climate targets?",,Raiffeisen Bank International,Raiffeisen Bank International,Raiffeisen Bank International,"For ESRS governance disclosures, does Raiffeisen Bank International specify which internal bodies are accountable for carrying out environmental measures and for reviewing progress against its environmental and climate targets?",Raiffeisen_Bank_International_0480,Raiffeisen_Bank_International_0033,Raiffeisen_Bank_International_0032|Raiffeisen_Bank_International_0031|Raiffeisen_Bank_International_0012|Raiffeisen_Bank_International_0010_intro|Raiffeisen_Bank_International_0033,0,,both_fail,255.097,75.5,255.097,30902,3563,84219,12322
ESRS,"Raiffeisen Bank International__Raiffeisen_Bank_International_0487__For oversight under ESRS action-plan disclosures, has Raiffeisen Bank International set specific timelines or deadlines for completing the measures it describes to scale its renewable energy business?",,Raiffeisen Bank International,Raiffeisen Bank International,Raiffeisen Bank International,"For oversight under ESRS action-plan disclosures, has Raiffeisen Bank International set specific timelines or deadlines for completing the measures it describes to scale its renewable energy business?",Raiffeisen_Bank_International_0487,Raiffeisen_Bank_International_0487,Raiffeisen_Bank_International_0487|Raiffeisen_Bank_International_0483_intro|Raiffeisen_Bank_International_0484|Raiffeisen_Bank_International_0488|Raiffeisen_Bank_International_0485,1,1.0,both_rank1,120.88,50.586,120.88,26202,2898,51846,7284
ESRS,"Raiffeisen Bank International__Raiffeisen_Bank_International_0490__For its planned hydrogen-related initiatives, has Raiffeisen Bank International specified concrete completion timelines (such as deadlines or dated milestones) that would enable monitoring of implementation progress?",,Raiffeisen Bank International,Raiffeisen Bank International,Raiffeisen Bank International,"For its planned hydrogen-related initiatives, has Raiffeisen Bank International specified concrete completion timelines (such as deadlines or dated milestones) that would enable monitoring of implementation progress?",Raiffeisen_Bank_International_0490,Raiffeisen_Bank_International_0490,Raiffeisen_Bank_International_0490|Raiffeisen_Bank_International_0489|Raiffeisen_Bank_International_0488,1,1.0,both_rank1,262.475,41.239,262.475,26191,2450,131125,14712
ESRS,"Raiffeisen Bank International__Raiffeisen_Bank_International_0491__For Raiffeisen Bank International’s retail operations, does the disclosure specify a pre-approval control that verifies the stated use-of-proceeds for green unsecured purpose loans—namely that the funds will be directed to property energy-efficiency improvements—before the loan is granted?",,Raiffeisen Bank International,Raiffeisen Bank International,Raiffeisen Bank International,"For Raiffeisen Bank International’s retail operations, does the disclosure specify a pre-approval control that verifies the stated use-of-proceeds for green unsecured purpose loans—namely that the funds will be directed to property energy-efficiency improvements—before the loan is granted?",Raiffeisen_Bank_International_0491,Raiffeisen_Bank_International_0476,Raiffeisen_Bank_International_0476|Raiffeisen_Bank_International_0521|Raiffeisen_Bank_International_0105|Raiffeisen_Bank_International_0107|Raiffeisen_Bank_International_0106,0,,both_fail,499.81,499.809,499.809,192823,26119,192823,26119
ESRS,"Raiffeisen Bank International__Raiffeisen_Bank_International_0493__Within its procedure for ESG-critical transactions, does Raiffeisen Bank International mandate that the ESG expert opinion assess the applicable regulatory framework, including whether EU law guarantees high environmental and social protections?",,Raiffeisen Bank International,Raiffeisen Bank International,Raiffeisen Bank International,"Within its procedure for ESG-critical transactions, does Raiffeisen Bank International mandate that the ESG expert opinion assess the applicable regulatory framework, including whether EU law guarantees high environmental and social protections?",Raiffeisen_Bank_International_0493,Raiffeisen_Bank_International_0520,Raiffeisen_Bank_International_0520|Raiffeisen_Bank_International_0521|Raiffeisen_Bank_International_0023|Raiffeisen_Bank_International_0042|Raiffeisen_Bank_International_0047,0,,both_fail,376.636,376.636,376.636,178876,19230,178876,19230
ESRS,Raiffeisen Bank International__Raiffeisen_Bank_International_0497__Does Raiffeisen Bank International’s disclosure confirm that its nuclear divestment approach applies turnover-based cut‑offs to progressively exit equity and corporate bond exposures to companies involved in nuclear power and uranium activities?,,Raiffeisen Bank International,Raiffeisen Bank International,Raiffeisen Bank International,Does Raiffeisen Bank International’s disclosure confirm that its nuclear divestment approach applies turnover-based cut‑offs to progressively exit equity and corporate bond exposures to companies involved in nuclear power and uranium activities?,Raiffeisen_Bank_International_0497,Raiffeisen_Bank_International_0110,Raiffeisen_Bank_International_0110|Raiffeisen_Bank_International_0111|Raiffeisen_Bank_International_0112|Raiffeisen_Bank_International_0041|Raiffeisen_Bank_International_0524,0,,both_fail,574.397,574.397,574.397,211610,27087,211610,27087
ESRS,"Raiffeisen Bank International__Raiffeisen_Bank_International_0498__For Raiffeisen Bank International, does the climate-strategy disclosure delineate the investment universe to which the actions apply—specifically limiting coverage to corporate issuers held in self-managed retail funds?",,Raiffeisen Bank International,Raiffeisen Bank International,Raiffeisen Bank International,"For Raiffeisen Bank International, does the climate-strategy disclosure delineate the investment universe to which the actions apply—specifically limiting coverage to corporate issuers held in self-managed retail funds?",Raiffeisen_Bank_International_0498,Raiffeisen_Bank_International_0504,Raiffeisen_Bank_International_0504|Raiffeisen_Bank_International_0056|Raiffeisen_Bank_International_0055|Raiffeisen_Bank_International_0053|Raiffeisen_Bank_International_0054,0,,both_fail,193.043,39.655,193.043,17091,2060,84018,10600
ESRS,"Raiffeisen Bank International__Raiffeisen_Bank_International_0499__For ESRS-aligned disclosure on climate mitigation measures, does Raiffeisen Bank International state that its support for public transport is a recurrent, annually renewed action intended to cut CO2 from business travel and commuting?",,Raiffeisen Bank International,Raiffeisen Bank International,Raiffeisen Bank International,"For ESRS-aligned disclosure on climate mitigation measures, does Raiffeisen Bank International state that its support for public transport is a recurrent, annually renewed action intended to cut CO2 from business travel and commuting?",Raiffeisen_Bank_International_0499,Raiffeisen_Bank_International_0499,Raiffeisen_Bank_International_0499|Raiffeisen_Bank_International_0498|Raiffeisen_Bank_International_0482|Raiffeisen_Bank_International_0480|Raiffeisen_Bank_International_0479,1,1.0,both_rank1,134.531,31.808,134.531,22985,1912,67745,8331
ESRS,"Raiffeisen Bank International__Raiffeisen_Bank_International_0501__For Raiffeisen Bank International’s retail mortgage portfolio, does the disclosure identify the reference year and portfolio scope used for its emissions baseline and specify when targets will be set, including the stated rationale for deferring target adoption?",,Raiffeisen Bank International,Raiffeisen Bank International,Raiffeisen Bank International,"For Raiffeisen Bank International’s retail mortgage portfolio, does the disclosure identify the reference year and portfolio scope used for its emissions baseline and specify when targets will be set, including the stated rationale for deferring target adoption?",Raiffeisen_Bank_International_0501,Raiffeisen_Bank_International_0501,Raiffeisen_Bank_International_0501|Raiffeisen_Bank_International_0505_intro|Raiffeisen_Bank_International_0491|Raiffeisen_Bank_International_0500_intro,1,1.0,both_rank1,340.216,54.523,340.216,19894,2174,126983,16454
ESRS,"Raiffeisen Bank International__Raiffeisen_Bank_International_0504__In its E1-5 disclosure, does Raiffeisen Bank International separately quantify electricity sourced from nuclear generation and state its proportion of total energy use for 2024?",,Raiffeisen Bank International,Raiffeisen Bank International,Raiffeisen Bank International,"In its E1-5 disclosure, does Raiffeisen Bank International separately quantify electricity sourced from nuclear generation and state its proportion of total energy use for 2024?",Raiffeisen_Bank_International_0504,Raiffeisen_Bank_International_0504,Raiffeisen_Bank_International_0504|Raiffeisen_Bank_International_0101,1,1.0,both_rank1,153.769,30.587,153.769,17066,1337,79938,7523
ESRS,"Raiffeisen Bank International__Raiffeisen_Bank_International_0506__Did Raiffeisen Bank International state that, for the 2024 reporting year, it expanded the consolidation boundary for own-operations GHG disclosures in line with the CSRD by including additional units?",,Raiffeisen Bank International,Raiffeisen Bank International,Raiffeisen Bank International,"Did Raiffeisen Bank International state that, for the 2024 reporting year, it expanded the consolidation boundary for own-operations GHG disclosures in line with the CSRD by including additional units?",Raiffeisen_Bank_International_0506,Raiffeisen_Bank_International_0506,Raiffeisen_Bank_International_0506|Raiffeisen_Bank_International_0507|Raiffeisen_Bank_International_0001|Raiffeisen_Bank_International_0505_intro|Raiffeisen_Bank_International_0101,1,1.0,both_rank1,155.058,109.303,155.058,75172,7386,94763,10018
ESRS,"Raiffeisen Bank International__Raiffeisen_Bank_International_0507__For Raiffeisen Bank International, is the share of Scope 1 greenhouse gas emissions that falls under regulated cap-and-trade schemes explicitly reported?",,Raiffeisen Bank International,Raiffeisen Bank International,Raiffeisen Bank International,"For Raiffeisen Bank International, is the share of Scope 1 greenhouse gas emissions that falls under regulated cap-and-trade schemes explicitly reported?",Raiffeisen_Bank_International_0507,Raiffeisen_Bank_International_0507,Raiffeisen_Bank_International_0507|Raiffeisen_Bank_International_0101|Raiffeisen_Bank_International_0517,1,1.0,both_rank1,163.323,52.624,163.323,27772,2912,83825,9434
ESRS,"Raiffeisen Bank International__Raiffeisen_Bank_International_0510__Within its ESRS reporting, does Raiffeisen Bank International disclose the allocation of assets identified as subject to material transition risk across short-, medium-, and long-term time buckets as of 31 December 2024?",,Raiffeisen Bank International,Raiffeisen Bank International,Raiffeisen Bank International,"Within its ESRS reporting, does Raiffeisen Bank International disclose the allocation of assets identified as subject to material transition risk across short-, medium-, and long-term time buckets as of 31 December 2024?",Raiffeisen_Bank_International_0510,Raiffeisen_Bank_International_0510,Raiffeisen_Bank_International_0510|Raiffeisen_Bank_International_0509|Raiffeisen_Bank_International_0508_intro|Raiffeisen_Bank_International_0101|Raiffeisen_Bank_International_0042,1,1.0,both_rank1,264.899,28.507,264.899,22567,1850,127917,16529
ESRS,"Raiffeisen Bank International__Raiffeisen_Bank_International_0518__In its ESRS social reporting boundary for the “own workforce,” does Raiffeisen Bank International clearly delineate between staff on RBI employment contracts and workers not directly employed, and identify the two engagement channels used for non-employees (services provided under a company-to-company service contract versus assignments via temporary work agencies)?",,Raiffeisen Bank International,Raiffeisen Bank International,Raiffeisen Bank International,"In its ESRS social reporting boundary for the “own workforce,” does Raiffeisen Bank International clearly delineate between staff on RBI employment contracts and workers not directly employed, and identify the two engagement channels used for non-employees (services provided under a company-to-company service contract versus assignments via temporary work agencies)?",Raiffeisen_Bank_International_0518,Raiffeisen_Bank_International_0518,Raiffeisen_Bank_International_0518|Raiffeisen_Bank_International_0519|Raiffeisen_Bank_International_0101,1,1.0,both_rank1,216.287,22.835,216.287,11943,1602,73332,9499
ESRS,Raiffeisen Bank International__Raiffeisen_Bank_International_0519__Has Raiffeisen Bank International outlined a tiered human-rights risk rating methodology that can lead to excluding certain sectoral engagements where the risk is assessed as particularly high?,,Raiffeisen Bank International,Raiffeisen Bank International,Raiffeisen Bank International,Has Raiffeisen Bank International outlined a tiered human-rights risk rating methodology that can lead to excluding certain sectoral engagements where the risk is assessed as particularly high?,Raiffeisen_Bank_International_0519,Raiffeisen_Bank_International_0520,Raiffeisen_Bank_International_0520|Raiffeisen_Bank_International_0521|Raiffeisen_Bank_International_0524|Raiffeisen_Bank_International_0101|Raiffeisen_Bank_International_0034,0,,both_fail,196.568,18.201,196.568,18162,1297,117361,12619
ESRS,"Raiffeisen Bank International__Raiffeisen_Bank_International_0521__Within the scope of ESRS S3-5, did Raiffeisen Bank International include representatives of affected communities when defining its targets for managing negative impacts, enhancing positive outcomes, and addressing related risks and opportunities?",,Raiffeisen Bank International,Raiffeisen Bank International,Raiffeisen Bank International,"Within the scope of ESRS S3-5, did Raiffeisen Bank International include representatives of affected communities when defining its targets for managing negative impacts, enhancing positive outcomes, and addressing related risks and opportunities?",Raiffeisen_Bank_International_0521,Raiffeisen_Bank_International_0521,Raiffeisen_Bank_International_0521|Raiffeisen_Bank_International_0072|Raiffeisen_Bank_International_0070|Raiffeisen_Bank_International_0058|Raiffeisen_Bank_International_0101,1,1.0,both_rank1,188.162,22.008,188.162,19581,1234,87478,10786
ESRS,Raiffeisen Bank International__Raiffeisen_Bank_International_0522__Has Raiffeisen Bank International established a centralized complaints-handling framework that is demonstrably aligned with the EBA/ESMA Joint Committee guidelines on complaints (JC 2014 43/JC 2018 35)?,,Raiffeisen Bank International,Raiffeisen Bank International,Raiffeisen Bank International,Has Raiffeisen Bank International established a centralized complaints-handling framework that is demonstrably aligned with the EBA/ESMA Joint Committee guidelines on complaints (JC 2014 43/JC 2018 35)?,Raiffeisen_Bank_International_0522,Raiffeisen_Bank_International_0522,Raiffeisen_Bank_International_0522|Raiffeisen_Bank_International_0073|Raiffeisen_Bank_International_0101|Raiffeisen_Bank_International_0524|Raiffeisen_Bank_International_0523,1,1.0,both_rank1,170.424,20.003,170.424,35837,1219,155310,11394
ESRS,"Raiffeisen Bank International__Raiffeisen_Bank_International_0524__For the 2024 reporting period, what does Raiffeisen Bank International disclose regarding any monetary or in-kind donations to political parties, electoral committees, party-affiliated bodies, or individual politicians?",,Raiffeisen Bank International,Raiffeisen Bank International,Raiffeisen Bank International,"For the 2024 reporting period, what does Raiffeisen Bank International disclose regarding any monetary or in-kind donations to political parties, electoral committees, party-affiliated bodies, or individual politicians?",Raiffeisen_Bank_International_0524,Raiffeisen_Bank_International_0524,Raiffeisen_Bank_International_0524|Raiffeisen_Bank_International_0523|Raiffeisen_Bank_International_0101,1,1.0,both_rank1,156.752,17.364,156.752,21885,1016,121016,10000
ESRS,"Santander__Santander_0001__To meet ESRS expectations that metrics be time-stamped, has Santander identified a specific reporting cut-off date for the credit stock and mortgage holdings it reports?",,Santander,Santander,Santander,"To meet ESRS expectations that metrics be time-stamped, has Santander identified a specific reporting cut-off date for the credit stock and mortgage holdings it reports?",Santander_0001,Santander_0001,Santander_0001|Santander_0000|Santander_0035|Santander_0038|Santander_0034,1,1.0,both_rank1,82.359,19.739,82.359,18996,1087,89797,4712
ESRS,"Santander__Santander_0002__For the 2024 reporting period, did Banco Santander obtain independent limited assurance over its consolidated ESRS sustainability statement, as specified in this chapter?",,Santander,Santander,Santander,"For the 2024 reporting period, did Banco Santander obtain independent limited assurance over its consolidated ESRS sustainability statement, as specified in this chapter?",Santander_0002,Santander_0002,Santander_0002|Santander_0001|Santander_0135|Santander_0136|Santander_0035,1,1.0,both_rank1,77.471,26.471,77.471,19884,1590,98265,4781
ESRS,"Santander__Santander_0006__For ESRS governance oversight, which internal committee at Santander has formally endorsed the bank’s double materiality assessment and the resulting set of material impacts, risks and opportunities?",,Santander,Santander,Santander,"For ESRS governance oversight, which internal committee at Santander has formally endorsed the bank’s double materiality assessment and the resulting set of material impacts, risks and opportunities?",Santander_0006,Santander_0006,Santander_0006|Santander_0005|Santander_0036|Santander_0007|Santander_0037,1,1.0,both_rank1,99.146,72.412,99.146,67596,3887,99020,5580
ESRS,"Santander__Santander_0012__For ESRS-aligned target disclosures, has Santander publicly set a time-bound commitment to exit thermal coal financing, including a defined revenue-dependency threshold and a 2030 end-date?",,Santander,Santander,Santander,"For ESRS-aligned target disclosures, has Santander publicly set a time-bound commitment to exit thermal coal financing, including a defined revenue-dependency threshold and a 2030 end-date?",Santander_0012,Santander_0012,Santander_0012|Santander_0009|Santander_0038|Santander_0011|Santander_0013,1,1.0,both_rank1,108.166,45.136,108.166,44847,1506,130640,4743
ESRS,"Santander__Santander_0016__For ESRS-consistent workforce disclosures, does Santander delineate the reporting perimeter for its “employees” by clarifying who is counted and which worker categories are expressly out of scope?",,Santander,Santander,Santander,"For ESRS-consistent workforce disclosures, does Santander delineate the reporting perimeter for its “employees” by clarifying who is counted and which worker categories are expressly out of scope?",Santander_0016,Santander_0016,Santander_0016|Santander_0035|Santander_0132|Santander_0034|Santander_0040,1,1.0,both_rank1,324.457,29.379,324.457,27439,1815,158612,14442
ESRS,"Santander__Santander_0021__For ESRS-aligned transparency on access-to-finance initiatives, does Santander quantify its microfinance programme by stating both the total microcredit amount disbursed and the number of microentrepreneurs supported?",,Santander,Santander,Santander,"For ESRS-aligned transparency on access-to-finance initiatives, does Santander quantify its microfinance programme by stating both the total microcredit amount disbursed and the number of microentrepreneurs supported?",Santander_0021,Santander_0120,Santander_0120|Santander_0001|Santander_0119|Santander_0122|Santander_0041_intro,0,,both_fail,130.743,29.139,130.743,24561,1695,60503,7010
ESRS,"Santander__Santander_0023__Consistent with ESRS governance disclosure expectations, which governing body at Santander is explicitly identified as owning the environmental, social and climate change (ESCC) risk policy?",,Santander,Santander,Santander,"Consistent with ESRS governance disclosure expectations, which governing body at Santander is explicitly identified as owning the environmental, social and climate change (ESCC) risk policy?",Santander_0023,Santander_0036,Santander_0036|Santander_0007|Santander_0005|Santander_0004|Santander_0006,0,,both_fail,252.195,252.195,252.195,199112,14141,199112,14141
ESRS,"Santander__Santander_0024__For ESRS-aligned transparency over social outcome metrics, does Santander set out a formal basis for calculating its “people helped” figure, including whether counts use partner-validated data or, where unavailable, conservative estimates based on recognised conversion factors?",,Santander,Santander,Santander,"For ESRS-aligned transparency over social outcome metrics, does Santander set out a formal basis for calculating its “people helped” figure, including whether counts use partner-validated data or, where unavailable, conservative estimates based on recognised conversion factors?",Santander_0024,Santander_0024,Santander_0024|Santander_0023|Santander_0125|Santander_0122|Santander_0119,1,1.0,both_rank1,165.882,144.982,165.882,68970,9172,83467,10736
ESRS,"Santander__Santander_0026__For ESRS disclosures on consumer grievance mechanisms, has Santander stated that customers have several avenues to file complaints and that unresolved cases may be escalated to independent external bodies?",,Santander,Santander,Santander,"For ESRS disclosures on consumer grievance mechanisms, has Santander stated that customers have several avenues to file complaints and that unresolved cases may be escalated to independent external bodies?",Santander_0026,Santander_0026,Santander_0026|Santander_0135|Santander_0027|Santander_0119|Santander_0120,1,1.0,both_rank1,123.852,30.551,123.852,26955,1823,88324,7822
ESRS,"Santander__Santander_0028__For ESRS-aligned governance reporting on personal data protection, does Santander state that each unit has a designated data protection lead (e.g., DPO or privacy champion) and that these appointments are formally notified to the competent local authorities?",,Santander,Santander,Santander,"For ESRS-aligned governance reporting on personal data protection, does Santander state that each unit has a designated data protection lead (e.g., DPO or privacy champion) and that these appointments are formally notified to the competent local authorities?",Santander_0028,Santander_0028,Santander_0028|Santander_0036|Santander_0007|Santander_0135|Santander_0027,1,1.0,both_rank1,382.819,30.294,382.819,26892,1931,184512,19356
ESRS,"Santander__Santander_0031__For the 2024 period, does Santander disclose that no judicial or administrative proceedings concluded with a definitive conviction, sanction, or fine against any Group entity for corruption, bribery, money laundering, or terrorist financing under its stated materiality and finalization criteria?",,Santander,Santander,Santander,"For the 2024 period, does Santander disclose that no judicial or administrative proceedings concluded with a definitive conviction, sanction, or fine against any Group entity for corruption, bribery, money laundering, or terrorist financing under its stated materiality and finalization criteria?",Santander_0031,Santander_0031,Santander_0031|Santander_0035|Santander_0032|Santander_0033|Santander_0030,1,1.0,both_rank1,81.64,25.503,81.64,26396,1776,67599,6759
ESRS,"Santander__Santander_0033__Does Santander report using a group-wide process to assign a final three-tier (low/medium/high) ESG risk rating to suppliers, built on an initial sector-based screening and then refined through a questionnaire that factors in country risk, workforce size, and firm-specific environmental characteristics?",,Santander,Santander,Santander,"Does Santander report using a group-wide process to assign a final three-tier (low/medium/high) ESG risk rating to suppliers, built on an initial sector-based screening and then refined through a questionnaire that factors in country risk, workforce size, and firm-specific environmental characteristics?",Santander_0033,Santander_0033,Santander_0033|Santander_0032|Santander_0005|Santander_0007|Santander_0006,1,1.0,both_rank1,76.384,18.824,76.384,23797,2034,87918,7067
ESRS,"Santander__Santander_0030__For ESRS governance disclosures on culture and risk integration, does Santander state that its employee appraisal framework assigns a specific weighting to risk-management criteria, and if so, what percentage is allocated?",,Santander,Santander,Santander,"For ESRS governance disclosures on culture and risk integration, does Santander state that its employee appraisal framework assigns a specific weighting to risk-management criteria, and if so, what percentage is allocated?",Santander_0030,Santander_0030,Santander_0030|Santander_0017|Santander_0036|Santander_0007|Santander_0135,1,1.0,both_rank1,169.765,20.6,169.765,22553,1187,144296,11822
ESRS,"Santander__Santander_0037__Does Santander’s materiality methodology evidence compliance with ESRS 1 AR 16 by classifying each identified impact, risk or opportunity under the ESRS topic hierarchy and, for each item, recording the value-chain location and time horizon, the linkage from impacts to related risks/opportunities with particular attention to negative human-rights findings, the internal function responsible, and the nature of the financial effect?",,Santander,Santander,Santander,"Does Santander’s materiality methodology evidence compliance with ESRS 1 AR 16 by classifying each identified impact, risk or opportunity under the ESRS topic hierarchy and, for each item, recording the value-chain location and time horizon, the linkage from impacts to related risks/opportunities with particular attention to negative human-rights findings, the internal function responsible, and the nature of the financial effect?",Santander_0037,Santander_0037,Santander_0037|Santander_0036|Santander_0135|Santander_0006|Santander_0005,1,1.0,both_rank1,190.373,31.034,190.373,27387,1997,134026,12433
ESRS,"Santander__Santander_0039__Under its EU Taxonomy Article 8 reporting, has Santander issued a group-wide consolidated KPI across credit institutions, asset management, insurance and investment services as indicated by the European Commission communication, clarifying the revenue-weighting method and stating the resulting turnover- and CapEx-based percentages?",,Santander,Santander,Santander,"Under its EU Taxonomy Article 8 reporting, has Santander issued a group-wide consolidated KPI across credit institutions, asset management, insurance and investment services as indicated by the European Commission communication, clarifying the revenue-weighting method and stating the resulting turnover- and CapEx-based percentages?",Santander_0039,Santander_0039,Santander_0039|Santander_0069|Santander_0068|Santander_0049|Santander_0038,1,1.0,both_rank1,260.941,19.459,260.941,21017,1217,204548,13887
ESRS,"Santander__Santander_0044__For its 2024 ESRS E1 scoping, does Santander conclude that investee operations over which it has operational control under paragraph 50(b) are immaterial to its reporting boundary?",,Santander,Santander,Santander,"For its 2024 ESRS E1 scoping, does Santander conclude that investee operations over which it has operational control under paragraph 50(b) are immaterial to its reporting boundary?",Santander_0044,Santander_0044,Santander_0035|Santander_0036|Santander_0006|Santander_0007|Santander_0034,1,,accuracy_only_mrr_missing,275.049,245.235,275.049,112308,10239,133417,11452
ESRS,"Santander__Santander_0047__Does Santander indicate that roughly 20% of the assessed exposure was estimated by extension and, for that segment, apply the lowest PCAF data quality grade (score 5) when determining the disclosure’s PCAF rating?",,Santander,Santander,Santander,"Does Santander indicate that roughly 20% of the assessed exposure was estimated by extension and, for that segment, apply the lowest PCAF data quality grade (score 5) when determining the disclosure’s PCAF rating?",Santander_0047,Santander_0011,Santander_0011|Santander_0012|Santander_0133|Santander_0009|Santander_0013,0,,both_fail,311.7,311.7,311.7,277651,16294,277651,16294
ESRS,"Santander__Santander_0049__For ESRS-conform transparency on due diligence, does Santander quantify by Equator Principles risk grade (A/B/C) how many projects received a third‑party independent review in the reporting period?",,Santander,Santander,Santander,"For ESRS-conform transparency on due diligence, does Santander quantify by Equator Principles risk grade (A/B/C) how many projects received a third‑party independent review in the reporting period?",Santander_0049,Santander_0049,Santander_0049|Santander_0048|Santander_0005|Santander_0034|Santander_0040,1,1.0,both_rank1,175.389,39.441,175.388,28192,1938,111644,10112
ESRS,"Santander__Santander_0059__In its 2023 GAR KPI (Capex) disclosure, does Santander specify the percentage of total assets included in the GAR denominator (i.e., the coverage of the metric)?",,Santander,Santander,Santander,"In its 2023 GAR KPI (Capex) disclosure, does Santander specify the percentage of total assets included in the GAR denominator (i.e., the coverage of the metric)?",Santander_0059,Santander_0059,Santander_0059|Santander_0052|Santander_0051|Santander_0058|Santander_0054,1,1.0,both_rank1,110.851,36.679,110.851,50241,2374,162492,6581
ESRS,"Santander__Santander_0064__Within its off-balance-sheet turnover-stock disclosure, does Santander present distinct percentage KPIs for guarantee obligations (FinGuar KPI) and for client assets overseen (AuM KPI)?",,Santander,Santander,Santander,"Within its off-balance-sheet turnover-stock disclosure, does Santander present distinct percentage KPIs for guarantee obligations (FinGuar KPI) and for client assets overseen (AuM KPI)?",Santander_0064,Santander_0064,Santander_0064|Santander_0063|Santander_0062|Santander_0051|Santander_0066,1,1.0,both_rank1,173.672,41.289,173.672,48258,2925,185465,11988
ESRS,"Santander__Santander_0070__For its 2024 reporting on nuclear and fossil gas activities, has Santander explicitly stated the monetary amount used as the denominator of the applicable KPIs, and what figure is given?",,Santander,Santander,Santander,"For its 2024 reporting on nuclear and fossil gas activities, has Santander explicitly stated the monetary amount used as the denominator of the applicable KPIs, and what figure is given?",Santander_0070,Santander_0070,Santander_0070|Santander_0071|Santander_0072|Santander_0079|Santander_0080,1,1.0,both_rank1,203.721,61.595,203.721,49631,2068,151511,7776
ESRS,"Santander__Santander_0099__For ESRS-relevant employee disclosures, has Santander specified the legal and methodological basis it uses to assign gender categories in its year‑end headcount, including which categories are universally applied versus only permitted in certain jurisdictions?",,Santander,Santander,Santander,"For ESRS-relevant employee disclosures, has Santander specified the legal and methodological basis it uses to assign gender categories in its year‑end headcount, including which categories are universally applied versus only permitted in certain jurisdictions?",Santander_0099,Santander_0099,Santander_0099|Santander_0098|Santander_0018|Santander_0100|Santander_0017,1,1.0,both_rank1,203.549,38.424,203.549,34080,1890,110771,9673
ESRS,"Santander__Santander_0100__For Santander, does the year‑end 2024 Group headcount breakdown provide gender disaggregation beyond male/female for each management tier, and what are the recorded Group totals for the 'Others' and the undisclosed (Not declared) categories within Senior executives, Other executives, and Other employees?",,Santander,Santander,Santander,"For Santander, does the year‑end 2024 Group headcount breakdown provide gender disaggregation beyond male/female for each management tier, and what are the recorded Group totals for the 'Others' and the undisclosed (Not declared) categories within Senior executives, Other executives, and Other employees?",Santander_0100,Santander_0099,Santander_0100|Santander_0101|Santander_0099|Santander_0132|Santander_0040,0,1.0,mrr_rank1_only,242.908,43.712,242.908,34182,2410,143167,13333
ESRS,"Santander__Santander_0103__Per the CSRD-defined metric disclosed, what consolidated percentage of Santander employees are covered by collective bargaining agreements within the stated reporting scope?",,Santander,Santander,Santander,"Per the CSRD-defined metric disclosed, what consolidated percentage of Santander employees are covered by collective bargaining agreements within the stated reporting scope?",Santander_0103,Santander_0103,Santander_0103|Santander_0101|Santander_0102|Santander_0104|Santander_0017,1,1.0,both_rank1,126.097,34.985,126.097,33817,1549,106693,6781
ESRS,"Santander__Santander_0111__For ESRS-aligned health and safety reporting, does Santander specify the number of employee fatalities arising from workplace accidents or occupational disease in 2024, broken down by men and women, and what figures are reported?",,Santander,Santander,Santander,"For ESRS-aligned health and safety reporting, does Santander specify the number of employee fatalities arising from workplace accidents or occupational disease in 2024, broken down by men and women, and what figures are reported?",Santander_0111,Santander_0112,Santander_0111|Santander_0108|Santander_0110|Santander_0112|Santander_0109,0,1.0,mrr_rank1_only,82.901,36.395,82.901,34755,2449,73339,6096
ESRS,Santander__Santander_0112__Has Santander delineated the reporting boundary for its occupational accident indicators by restricting the scope to employees and expressly leaving out Santander Bank Polska S.A. from the accident-rate calculations?,,Santander,Santander,Santander,Has Santander delineated the reporting boundary for its occupational accident indicators by restricting the scope to employees and expressly leaving out Santander Bank Polska S.A. from the accident-rate calculations?,Santander_0112,Santander_0108,Santander_0112|Santander_0111|Santander_0108|Santander_0109|Santander_0034,0,1.0,mrr_rank1_only,134.325,67.728,134.325,50066,3061,81076,6207
ESRS,"Santander__Santander_0117__Does Santander state that the reported complaint totals are calculated using a single, harmonised methodology applied consistently across all geographies?",,Santander,Santander,Santander,"Does Santander state that the reported complaint totals are calculated using a single, harmonised methodology applied consistently across all geographies?",Santander_0117,Santander_0117,Santander_0117|Santander_0119|Santander_0122|Santander_0120|Santander_0116,1,1.0,both_rank1,115.901,65.727,115.901,34699,3850,48468,6628
ESRS,"Santander__Santander_0125__For purposes of explaining period-over-period variances, does Santander attribute the 2024 uplift in the total number of people supported through its other local initiatives to changes in counting scope or methodology, and does it specify the nature of those changes?",,Santander,Santander,Santander,"For purposes of explaining period-over-period variances, does Santander attribute the 2024 uplift in the total number of people supported through its other local initiatives to changes in counting scope or methodology, and does it specify the nature of those changes?",Santander_0125,Santander_0122,Santander_0125|Santander_0122|Santander_0124|Santander_0024|Santander_0021,0,1.0,mrr_rank1_only,165.848,52.608,165.848,24724,2455,72603,7642
ESRS,"Santander__Santander_0130__Within this disclosure, does Santander confirm that its employee age categories were revised to conform to CSRD-defined groupings?",,Santander,Santander,Santander,"Within this disclosure, does Santander confirm that its employee age categories were revised to conform to CSRD-defined groupings?",Santander_0130,Santander_0132,Santander_0132|Santander_0101|Santander_0105|Santander_0099|Santander_0100,0,,both_fail,128.49,22.48,128.49,19255,1134,88889,9436
ESRS,"Santander__Santander_0137__For ESRS-aligned assurance disclosure, does Santander confirm that its sustainability report was subject to a limited-assurance engagement by an independent external party?",,Santander,Santander,Santander,"For ESRS-aligned assurance disclosure, does Santander confirm that its sustainability report was subject to a limited-assurance engagement by an independent external party?",Santander_0137,Santander_0001,Santander_0002|Santander_0001|Santander_0136|Santander_0135|Santander_0035,0,,both_fail,89.536,21.903,89.536,18988,1201,97397,5353
ESRS,"Societe Generale__Societe_Generale_0003__According to its sustainability strategy disclosure, has Societe Generale, following its ESRS-based assessment, delineated separate business models for (i) banking and insurance and (ii) specialised mobility and real estate development activities?",,Societe Generale,Societe Generale,Societe Generale,"According to its sustainability strategy disclosure, has Societe Generale, following its ESRS-based assessment, delineated separate business models for (i) banking and insurance and (ii) specialised mobility and real estate development activities?",Societe_Generale_0003,Societe_Generale_0003,Societe_Generale_0003|Societe_Generale_0004|Societe_Generale_0002|Societe_Generale_0033,1,1.0,both_rank1,111.283,33.709,111.283,21668,1979,69819,6413
ESRS,"Santander__Santander_0060__In Santander’s 2023 GAR KPI (stock/turnover) disclosure, are any equity instruments counted on both sides of the Green Asset Ratio calculation, or are they reported as zero (i.e., out of scope for both numerator and denominator)?",,Santander,Santander,Santander,"In Santander’s 2023 GAR KPI (stock/turnover) disclosure, are any equity instruments counted on both sides of the Green Asset Ratio calculation, or are they reported as zero (i.e., out of scope for both numerator and denominator)?",Santander_0060,Santander_0059,Santander_0060|Santander_0059|Santander_0054|Santander_0058|Santander_0052,0,1.0,mrr_rank1_only,135.276,49.351,135.276,50325,2900,162898,8366
ESRS,"Societe Generale__Societe_Generale_0006__Regarding the delegated disclosures for transitional activities in natural gas and nuclear energy, does Societe Generale publish the full set of templates for each applicable Taxonomy KPI, or has it restricted its publication to the template pack corresponding to the Green Asset Ratio (GAR) stock?",,Societe Generale,Societe Generale,Societe Generale,"Regarding the delegated disclosures for transitional activities in natural gas and nuclear energy, does Societe Generale publish the full set of templates for each applicable Taxonomy KPI, or has it restricted its publication to the template pack corresponding to the Green Asset Ratio (GAR) stock?",Societe_Generale_0006,Societe_Generale_0006,Societe_Generale_0006,1,1.0,both_rank1,62.251,32.732,62.251,14916,2160,27180,4454
ESRS,"Societe Generale__Societe_Generale_0008__For its strategy-resilience climate scenario analysis, does Societe Generale disclose the key sources of estimation uncertainty in its stress testing (such as extended time horizons, scarce historical evidence, data reliability gaps, evolving methodologies, and challenges in mapping climate drivers to risk categories)?",,Societe Generale,Societe Generale,Societe Generale,"For its strategy-resilience climate scenario analysis, does Societe Generale disclose the key sources of estimation uncertainty in its stress testing (such as extended time horizons, scarce historical evidence, data reliability gaps, evolving methodologies, and challenges in mapping climate drivers to risk categories)?",Societe_Generale_0008,Societe_Generale_0008,Societe_Generale_0008|Societe_Generale_0006|Societe_Generale_0012|Societe_Generale_0004|Societe_Generale_0011,1,1.0,both_rank1,103.462,29.184,103.462,20124,2089,84168,6224
ESRS,"Societe Generale__Societe_Generale_0009__For ESRS-compliant governance of transition plans, does Societe Generale evidence formal approval of its climate transition plan by its Board of Directors, including the date of that approval?",,Societe Generale,Societe Generale,Societe Generale,"For ESRS-compliant governance of transition plans, does Societe Generale evidence formal approval of its climate transition plan by its Board of Directors, including the date of that approval?",Societe_Generale_0009,Societe_Generale_0009,Societe_Generale_0009|Societe_Generale_0005|Societe_Generale_0000_intro|Societe_Generale_0010|Societe_Generale_0008,1,1.0,both_rank1,189.257,41.652,189.257,31950,1631,105801,10536
ESRS,"Societe Generale__Societe_Generale_0010__Does Societe Generale operate a structured E&S due‑diligence process for climate‑related impacts on clients and dedicated transactions, with clear first‑line ownership, second‑line (Risk/Compliance) review, and defined escalation to Group steering committees?",,Societe Generale,Societe Generale,Societe Generale,"Does Societe Generale operate a structured E&S due‑diligence process for climate‑related impacts on clients and dedicated transactions, with clear first‑line ownership, second‑line (Risk/Compliance) review, and defined escalation to Group steering committees?",Societe_Generale_0010,Societe_Generale_0028,Societe_Generale_0028|Societe_Generale_0029|Societe_Generale_0031|Societe_Generale_0032|Societe_Generale_0030,0,,both_fail,160.6,45.091,160.6,21923,2379,65860,9266
ESRS,"Societe Generale__Societe_Generale_0011__For Societe Generale, in the context of Scope 3 Category 15 (financed and investment-related emissions), does the sustainability statement explicitly present counterparties’ absolute Scope 3 emissions for loans and investments in a separate disclosure and confirm that these indirect figures are not included in the consolidated emissions summary table?",,Societe Generale,Societe Generale,Societe Generale,"For Societe Generale, in the context of Scope 3 Category 15 (financed and investment-related emissions), does the sustainability statement explicitly present counterparties’ absolute Scope 3 emissions for loans and investments in a separate disclosure and confirm that these indirect figures are not included in the consolidated emissions summary table?",Societe_Generale_0011,Societe_Generale_0011,Societe_Generale_0011|Societe_Generale_0012|Societe_Generale_0010,1,1.0,both_rank1,130.932,33.226,130.932,21549,2336,68977,8730
ESRS,"Societe Generale__Societe_Generale_0012__Specify which forward-looking climate pathways and the respective short-, medium-, and long-term assessment periods Societe Generale states it applies when quantifying climate-related risks.",,Societe Generale,Societe Generale,Societe Generale,"Specify which forward-looking climate pathways and the respective short-, medium-, and long-term assessment periods Societe Generale states it applies when quantifying climate-related risks.",Societe_Generale_0012,Societe_Generale_0012,Societe_Generale_0012|Societe_Generale_0008|Societe_Generale_0011|Societe_Generale_0006|Societe_Generale_0009,1,1.0,both_rank1,132.651,31.628,132.651,22262,2107,81048,8143
ESRS,"Societe Generale__Societe_Generale_0015__For ESRS S1 health and safety metrics, has Societe Generale stated the 2024 proportion of its workforce covered by an OH&S system and, within that, the percentage under an audited system?",,Societe Generale,Societe Generale,Societe Generale,"For ESRS S1 health and safety metrics, has Societe Generale stated the 2024 proportion of its workforce covered by an OH&S system and, within that, the percentage under an audited system?",Societe_Generale_0015,Societe_Generale_0015,Societe_Generale_0015|Societe_Generale_0023|Societe_Generale_0022,1,1.0,both_rank1,85.519,26.55,85.519,26895,1444,65891,5817
ESRS,"Societe Generale__Societe_Generale_0020__For ESRS-relevant due diligence disclosures, does Societe Generale indicate that placing a client, project or transaction on its E&S identification list results in heightened review within the credit approval process?",,Societe Generale,Societe Generale,Societe Generale,"For ESRS-relevant due diligence disclosures, does Societe Generale indicate that placing a client, project or transaction on its E&S identification list results in heightened review within the credit approval process?",Societe_Generale_0020,Societe_Generale_0028,Societe_Generale_0028|Societe_Generale_0029|Societe_Generale_0031|Societe_Generale_0032|Societe_Generale_0030,0,,both_fail,99.507,34.206,99.507,21845,2346,64468,7023
ESRS,"Societe Generale__Societe_Generale_0024__For ESRS process compliance, has Societe Generale completed the mandatory consultation with its Social and Economic Committee required by Article L.2312-17 of the French Labour Code in connection with determining the sustainability information to be reported?",,Societe Generale,Societe Generale,Societe Generale,"For ESRS process compliance, has Societe Generale completed the mandatory consultation with its Social and Economic Committee required by Article L.2312-17 of the French Labour Code in connection with determining the sustainability information to be reported?",Societe_Generale_0024,Societe_Generale_0024,Societe_Generale_0024|Societe_Generale_0002|Societe_Generale_0005|Societe_Generale_0000_intro|Societe_Generale_0004,1,1.0,both_rank1,137.906,27.637,137.906,14812,1519,67942,7762
ESRS,"Societe Generale__Societe_Generale_0026__For ESRS governance disclosures, does Societe Generale indicate that its duty of care plan receives an annual review by top management and is incorporated into the Board’s Management Report published via the Universal Registration Document?",,Societe Generale,Societe Generale,Societe Generale,"For ESRS governance disclosures, does Societe Generale indicate that its duty of care plan receives an annual review by top management and is incorporated into the Board’s Management Report published via the Universal Registration Document?",Societe_Generale_0026,Societe_Generale_0026,Societe_Generale_0026|Societe_Generale_0024|Societe_Generale_0031|Societe_Generale_0022|Societe_Generale_0020,1,1.0,both_rank1,147.697,33.76,147.697,19649,2042,70583,10931
ESRS,"Societe Generale__Societe_Generale_0027__For the suppliers and subcontractors perimeter, can Societe Generale demonstrate that it quantified the share of procurement outlays allocated to sourcing categories rated as high and as medium‑high inherent environmental and social risk, and specify those percentages?",,Societe Generale,Societe Generale,Societe Generale,"For the suppliers and subcontractors perimeter, can Societe Generale demonstrate that it quantified the share of procurement outlays allocated to sourcing categories rated as high and as medium‑high inherent environmental and social risk, and specify those percentages?",Societe_Generale_0027,Societe_Generale_0027,Societe_Generale_0027|Societe_Generale_0031|Societe_Generale_0028|Societe_Generale_0029|Societe_Generale_0026,1,1.0,both_rank1,86.911,29.818,86.91,22995,1896,68713,5649
ESRS,"Societe Generale__Societe_Generale_0028__Does Societe Generale operate a risk‑based, recurring Know Your Supplier review that begins at supplier onboarding and continues at defined intervals throughout the contract for vendors linked to high‑value or sensitive procurement, and when was this enhancement introduced?",,Societe Generale,Societe Generale,Societe Generale,"Does Societe Generale operate a risk‑based, recurring Know Your Supplier review that begins at supplier onboarding and continues at defined intervals throughout the contract for vendors linked to high‑value or sensitive procurement, and when was this enhancement introduced?",Societe_Generale_0028,Societe_Generale_0028,Societe_Generale_0028|Societe_Generale_0032|Societe_Generale_0027|Societe_Generale_0031|Societe_Generale_0029,1,1.0,both_rank1,115.479,43.86,115.479,21893,1765,69143,6524
ESRS,"Societe Generale__Societe_Generale_0031__For ESRS supplier due‑diligence disclosures, can Societe Generale evidence that all sourcing categories rated as high or medium‑high environmental and social risk are subject to mandatory, pre‑defined E&S clauses for inclusion in tender documentation?",,Societe Generale,Societe Generale,Societe Generale,"For ESRS supplier due‑diligence disclosures, can Societe Generale evidence that all sourcing categories rated as high or medium‑high environmental and social risk are subject to mandatory, pre‑defined E&S clauses for inclusion in tender documentation?",Societe_Generale_0031,Societe_Generale_0031,Societe_Generale_0031|Societe_Generale_0029|Societe_Generale_0028|Societe_Generale_0027|Societe_Generale_0032,1,1.0,both_rank1,119.506,47.571,119.506,21036,2951,65693,7657
ESRS,"Societe Generale__Societe_Generale_0032__Within Societe Generale’s E&S risk control framework, is an ESG exclusion‑list screening carried out by all relevant Business Units before initiating any new corporate‑client relationship?",,Societe Generale,Societe Generale,Societe Generale,"Within Societe Generale’s E&S risk control framework, is an ESG exclusion‑list screening carried out by all relevant Business Units before initiating any new corporate‑client relationship?",Societe_Generale_0032,Societe_Generale_0031,Societe_Generale_0032|Societe_Generale_0031|Societe_Generale_0028|Societe_Generale_0029|Societe_Generale_0030,0,1.0,mrr_rank1_only,151.889,71.487,151.889,20952,2849,65197,6066
ESRS,Swedbank__Swedbank_0007__Did Swedbank specify whether the 2024 restructuring (establishing a Premium and Private Banking Business Area and moving certain corporate customers to Corporates and Institutions) led to any change in its business model or overarching strategy for the reporting year?,,Swedbank,Swedbank,Swedbank,Did Swedbank specify whether the 2024 restructuring (establishing a Premium and Private Banking Business Area and moving certain corporate customers to Corporates and Institutions) led to any change in its business model or overarching strategy for the reporting year?,Swedbank_0007,Swedbank_0007,Swedbank_0007|Swedbank_0009|Swedbank_0010|Swedbank_0006_intro|Swedbank_0015,1,1.0,both_rank1,138.67,67.364,138.67,58522,3253,85865,8874
ESRS,"Swedbank__Swedbank_0010__For ESRS-aligned EU Taxonomy disclosures, has Swedbank clarified whether sustainability-linked loans that meet EU Taxonomy requirements are included within its EU Taxonomy reporting scope?",,Swedbank,Swedbank,Swedbank,"For ESRS-aligned EU Taxonomy disclosures, has Swedbank clarified whether sustainability-linked loans that meet EU Taxonomy requirements are included within its EU Taxonomy reporting scope?",Swedbank_0010,Swedbank_0034,Swedbank_0034|Swedbank_0190|Swedbank_0189_intro|Swedbank_0192|Swedbank_0193,0,,both_fail,349.36,349.36,349.36,288149,19423,288149,19423
ESRS,"Swedbank__Swedbank_0015__For purposes of SBM-3, has Swedbank established a formal, documented mechanism to assess how identified material impacts, risks and opportunities influence its strategy, business model, value chain and decision-making?",,Swedbank,Swedbank,Swedbank,"For purposes of SBM-3, has Swedbank established a formal, documented mechanism to assess how identified material impacts, risks and opportunities influence its strategy, business model, value chain and decision-making?",Swedbank_0015,Swedbank_0018,Swedbank_0018|Swedbank_0019|Swedbank_0023|Swedbank_0022_intro|Swedbank_0017_intro,0,,both_fail,166.263,43.532,166.263,32764,2483,58943,11126
ESRS,"Swedbank__Swedbank_0018__Under Swedbank’s ESRS-aligned double materiality methodology, is the determination of financial materiality grounded in an appraisal of the likelihood and financial magnitude of identified risks and opportunities?",,Swedbank,Swedbank,Swedbank,"Under Swedbank’s ESRS-aligned double materiality methodology, is the determination of financial materiality grounded in an appraisal of the likelihood and financial magnitude of identified risks and opportunities?",Swedbank_0018,Swedbank_0018,Swedbank_0019|Swedbank_0018|Swedbank_0017_intro|Swedbank_0022_intro|Swedbank_0025,1,2.0,accuracy_only_mrr_lower,108.904,32.116,108.904,32746,1693,59334,6550
ESRS,"Swedbank__Swedbank_0019__For ESRS compliance on integrating material impacts into governance and risk processes, does Swedbank describe a defined procedure to embed the identified sustainability impacts from its materiality assessment into its established risk management framework?",,Swedbank,Swedbank,Swedbank,"For ESRS compliance on integrating material impacts into governance and risk processes, does Swedbank describe a defined procedure to embed the identified sustainability impacts from its materiality assessment into its established risk management framework?",Swedbank_0019,Swedbank_0019,Swedbank_0019|Swedbank_0018|Swedbank_0031|Swedbank_0022_intro|Swedbank_0025,1,1.0,both_rank1,200.928,41.311,200.928,33372,2092,113836,10761
ESRS,Swedbank__Swedbank_0021__Has Swedbank established whether its operations are located in biodiversity‑sensitive areas?,,Swedbank,Swedbank,Swedbank,Has Swedbank established whether its operations are located in biodiversity‑sensitive areas?,Swedbank_0021,Swedbank_0188,Swedbank_0188|Swedbank_0015|Swedbank_0048,0,,both_fail,269.15,269.15,269.15,194750,16285,194750,16285
ESRS,"Swedbank__Swedbank_0024__Has Swedbank specified the exact year ranges it applies to classify short-, medium-, and long-term horizons in its summary of opportunities?",,Swedbank,Swedbank,Swedbank,"Has Swedbank specified the exact year ranges it applies to classify short-, medium-, and long-term horizons in its summary of opportunities?",Swedbank_0024,Swedbank_0019,Swedbank_0024|Swedbank_0019|Swedbank_0023|Swedbank_0022_intro|Swedbank_0015,0,1.0,mrr_rank1_only,134.696,41.802,134.696,33294,2905,112839,8331
ESRS,"Swedbank__Swedbank_0027__For the 2024 reporting year, does Swedbank present a distinct disclosure explaining how the Board of Directors and the CEO, acting via the Group Executive Committee, weighed trade-offs in major transaction decisions in relation to sustainability impacts, risks and opportunities?",,Swedbank,Swedbank,Swedbank,"For the 2024 reporting year, does Swedbank present a distinct disclosure explaining how the Board of Directors and the CEO, acting via the Group Executive Committee, weighed trade-offs in major transaction decisions in relation to sustainability impacts, risks and opportunities?",Swedbank_0027,Swedbank_0028,Swedbank_0027|Swedbank_0028|Swedbank_0029|Swedbank_0026|Swedbank_0188,0,1.0,mrr_rank1_only,113.099,24.217,113.099,26363,1551,147241,5994
ESRS,"Swedbank__Swedbank_0028__For ESRS GOV-3 disclosure, does Swedbank state that climate-related performance criteria affect the remuneration of its Board of Directors and Group Executive Committee?",,Swedbank,Swedbank,Swedbank,"For ESRS GOV-3 disclosure, does Swedbank state that climate-related performance criteria affect the remuneration of its Board of Directors and Group Executive Committee?",Swedbank_0028,Swedbank_0028,Swedbank_0028|Swedbank_0027|Swedbank_0029|Swedbank_0188|Swedbank_0026,1,1.0,both_rank1,117.372,16.834,117.372,26287,958,165741,7008
ESRS,Swedbank__Swedbank_0029__Does Swedbank’s due diligence statement show that the step covering the detection and evaluation of adverse impacts is aligned with ESRS IRO-1 and SBM-3?,,Swedbank,Swedbank,Swedbank,Does Swedbank’s due diligence statement show that the step covering the detection and evaluation of adverse impacts is aligned with ESRS IRO-1 and SBM-3?,Swedbank_0029,Swedbank_0029,Swedbank_0029|Swedbank_0028|Swedbank_0027|Swedbank_0188|Swedbank_0018,1,1.0,both_rank1,171.206,34.798,171.206,26215,1038,130053,8056
ESRS,"Swedbank__Swedbank_0031__For ESRS value-chain disclosures, does Swedbank keep a consolidated classification of its governance documents that distinguishes coverage of upstream versus downstream activities for reporting purposes?",,Swedbank,Swedbank,Swedbank,"For ESRS value-chain disclosures, does Swedbank keep a consolidated classification of its governance documents that distinguishes coverage of upstream versus downstream activities for reporting purposes?",Swedbank_0031,Swedbank_0031,Swedbank_0031|Swedbank_0188|Swedbank_0000|Swedbank_0047|Swedbank_0048,1,1.0,both_rank1,527.451,40.811,527.451,31393,1778,295425,25252
ESRS,Swedbank__Swedbank_0032__Has Swedbank specified that its consolidated EU Taxonomy KPI is computed using segment-based weighting tied to each business line’s contribution to Group net income?,,Swedbank,Swedbank,Swedbank,Has Swedbank specified that its consolidated EU Taxonomy KPI is computed using segment-based weighting tied to each business line’s contribution to Group net income?,Swedbank_0032,Swedbank_0034,Swedbank_0032|Swedbank_0034|Swedbank_0033|Swedbank_0036|Swedbank_0037,0,1.0,mrr_rank1_only,80.958,17.353,80.958,27271,1210,119054,5355
ESRS,"Swedbank__Swedbank_0035__For loans secured by residential property, does Swedbank classify them as Taxonomy‑aligned only when both prerequisites are met: the collateral satisfies the applicable energy‑performance threshold determined by the building’s construction date, and a climate risk assessment for the collateral shows low risk?",,Swedbank,Swedbank,Swedbank,"For loans secured by residential property, does Swedbank classify them as Taxonomy‑aligned only when both prerequisites are met: the collateral satisfies the applicable energy‑performance threshold determined by the building’s construction date, and a climate risk assessment for the collateral shows low risk?",Swedbank_0035,Swedbank_0035,Swedbank_0035|Swedbank_0034|Swedbank_0036|Swedbank_0037|Swedbank_0192,1,1.0,both_rank1,102.483,19.994,102.483,26491,1417,136966,5564
ESRS,Swedbank__Swedbank_0036__Has Swedbank quantified what portion of its corporate loan book is to companies covered by NFRD/CSRD that provide EU Taxonomy disclosures?,,Swedbank,Swedbank,Swedbank,Has Swedbank quantified what portion of its corporate loan book is to companies covered by NFRD/CSRD that provide EU Taxonomy disclosures?,Swedbank_0036,Swedbank_0036,Swedbank_0036|Swedbank_0034|Swedbank_0035|Swedbank_0037|Swedbank_0191,1,1.0,both_rank1,126.842,26.157,126.842,26137,1686,149407,6812
ESRS,"Swedbank__Swedbank_0040__For ESRS governance disclosure on climate transition planning, does Swedbank demonstrate that its lending‑portfolio transition plan has formal executive approval and board‑level oversight?",,Swedbank,Swedbank,Swedbank,"For ESRS governance disclosure on climate transition planning, does Swedbank demonstrate that its lending‑portfolio transition plan has formal executive approval and board‑level oversight?",Swedbank_0040,Swedbank_0040,Swedbank_0040|Swedbank_0057_intro|Swedbank_0038|Swedbank_0039_intro|Swedbank_0037,1,1.0,both_rank1,149.622,22.732,149.622,29773,1456,117981,6675
ESRS,"Swedbank__Swedbank_0041__For ESRS transition-plan disclosures, does Swedbank state that its climate transition plan is embedded in its financial planning and budgeting processes?",,Swedbank,Swedbank,Swedbank,"For ESRS transition-plan disclosures, does Swedbank state that its climate transition plan is embedded in its financial planning and budgeting processes?",Swedbank_0041,Swedbank_0041,Swedbank_0041|Swedbank_0042|Swedbank_0043|Swedbank_0039_intro|Swedbank_0040,1,1.0,both_rank1,74.443,29.002,74.443,30076,1959,44004,5280
ESRS,"Swedbank__Swedbank_0042__For Swedbank, do the governing documents that direct climate action within asset management have explicit senior-level approval and an at-least annual review cadence?",,Swedbank,Swedbank,Swedbank,"For Swedbank, do the governing documents that direct climate action within asset management have explicit senior-level approval and an at-least annual review cadence?",Swedbank_0042,Swedbank_0031,Swedbank_0042|Swedbank_0041|Swedbank_0031|Swedbank_0043|Swedbank_0045,0,1.0,mrr_rank1_only,120.757,39.168,120.757,31388,2344,97283,7210
ESRS,"Swedbank__Swedbank_0048__Within its climate policy framework, has Swedbank established explicit limitations regarding fossil-fuel related activities as part of its greenhouse-gas mitigation approach?",,Swedbank,Swedbank,Swedbank,"Within its climate policy framework, has Swedbank established explicit limitations regarding fossil-fuel related activities as part of its greenhouse-gas mitigation approach?",Swedbank_0048,Swedbank_0038,Swedbank_0039_intro|Swedbank_0038|Swedbank_0040|Swedbank_0041|Swedbank_0042,0,,both_fail,75.321,21.611,75.321,26319,1217,66133,5160
ESRS,"Swedbank__Swedbank_0051__For ESRS-consistent climate disclosures, does Swedbank state that it performs a quantified assessment and ongoing monitoring of the specific drivers of greenhouse gas reductions underlying its Climate Transition Plan?",,Swedbank,Swedbank,Swedbank,"For ESRS-consistent climate disclosures, does Swedbank state that it performs a quantified assessment and ongoing monitoring of the specific drivers of greenhouse gas reductions underlying its Climate Transition Plan?",Swedbank_0051,Swedbank_0041,Swedbank_0041|Swedbank_0042|Swedbank_0057_intro|Swedbank_0039_intro|Swedbank_0043,0,,both_fail,140.642,90.717,140.642,73883,5199,87281,8724
ESRS,"Swedbank__Swedbank_0004__For the 2024 reporting year, does Swedbank declare that it is applying ESRS phase-in relief and identify the specific disclosure requirements that are being deferred?",,Swedbank,Swedbank,Swedbank,"For the 2024 reporting year, does Swedbank declare that it is applying ESRS phase-in relief and identify the specific disclosure requirements that are being deferred?",Swedbank_0004,Swedbank_0003,Swedbank_0004|Swedbank_0003|Swedbank_0188|Swedbank_0000,0,1.0,mrr_rank1_only,380.392,36.071,380.391,30718,1715,259553,18666
ESRS,"Swedbank__Swedbank_0052__For ESRS target boundary clarity, does Swedbank specify the transaction perimeter to which its ambition of at least 40 percent ESG bonds applies?",,Swedbank,Swedbank,Swedbank,"For ESRS target boundary clarity, does Swedbank specify the transaction perimeter to which its ambition of at least 40 percent ESG bonds applies?",Swedbank_0052,Swedbank_0008,Swedbank_0008|Swedbank_0011|Swedbank_0009|Swedbank_0010|Swedbank_0057_intro,0,,both_fail,233.693,179.009,233.693,109516,7879,129487,10775
ESRS,"Swedbank__Swedbank_0060__For ESRS-aligned target disclosures, what reference year has Swedbank set for its oil and gas financed‑emissions reduction objective?",,Swedbank,Swedbank,Swedbank,"For ESRS-aligned target disclosures, what reference year has Swedbank set for its oil and gas financed‑emissions reduction objective?",Swedbank_0060,Swedbank_0060,Swedbank_0060|Swedbank_0057_intro|Swedbank_0064|Swedbank_0059|Swedbank_0058,1,1.0,both_rank1,100.495,26.638,100.495,36805,1619,68517,6347
ESRS,Swedbank__Swedbank_0061__Does Swedbank consistently define which greenhouse-gas emission scopes are covered by its power generation financed-emission intensity target within this disclosure?,,Swedbank,Swedbank,Swedbank,Does Swedbank consistently define which greenhouse-gas emission scopes are covered by its power generation financed-emission intensity target within this disclosure?,Swedbank_0061,Swedbank_0061,Swedbank_0061|Swedbank_0064|Swedbank_0057_intro|Swedbank_0062|Swedbank_0063,1,1.0,both_rank1,234.916,34.79,234.916,36750,1746,67134,8011
ESRS,"Swedbank__Swedbank_0062__For its steel-sector financed-emissions intensity target, has Swedbank specified the base year, provided the rationale for choosing it, and disclosed any restatement of that baseline due to methodological updates?",,Swedbank,Swedbank,Swedbank,"For its steel-sector financed-emissions intensity target, has Swedbank specified the base year, provided the rationale for choosing it, and disclosed any restatement of that baseline due to methodological updates?",Swedbank_0062,Swedbank_0062,Swedbank_0062|Swedbank_0061|Swedbank_0057_intro|Swedbank_0040|Swedbank_0041,1,1.0,both_rank1,216.107,56.155,216.107,36889,2217,93467,9585
ESRS,"Swedbank__Swedbank_0064__For ESRS-style transparency on the perimeter of decarbonisation targets, does Swedbank disclose what share of its financed emissions are captured by its targets when applying its sector-specific scope design (scopes 1 and 2 for all sectors, plus scope 3 for oil & gas and the automotive industry)?",,Swedbank,Swedbank,Swedbank,"For ESRS-style transparency on the perimeter of decarbonisation targets, does Swedbank disclose what share of its financed emissions are captured by its targets when applying its sector-specific scope design (scopes 1 and 2 for all sectors, plus scope 3 for oil & gas and the automotive industry)?",Swedbank_0064,Swedbank_0064,Swedbank_0064|Swedbank_0065|Swedbank_0057_intro|Swedbank_0063|Swedbank_0040,1,1.0,both_rank1,172.551,52.784,172.551,38161,2654,95824,8856
ESRS,"Swedbank__Swedbank_0065__Within its disclosure, has Swedbank specified a sector-wide prerequisite for meeting its financed‑emissions climate targets, namely the elimination of fossil fuel use across all sectors?",,Swedbank,Swedbank,Swedbank,"Within its disclosure, has Swedbank specified a sector-wide prerequisite for meeting its financed‑emissions climate targets, namely the elimination of fossil fuel use across all sectors?",Swedbank_0065,Swedbank_0064,Swedbank_0065|Swedbank_0064|Swedbank_0041|Swedbank_0040|Swedbank_0057_intro,0,1.0,mrr_rank1_only,153.461,48.905,153.461,37981,2592,93768,7902
ESRS,"Swedbank__Swedbank_0067__For purposes of ESRS E1 target-setting transparency, does Swedbank specify the climate scenario used to calibrate its asset management decarbonisation targets?",,Swedbank,Swedbank,Swedbank,"For purposes of ESRS E1 target-setting transparency, does Swedbank specify the climate scenario used to calibrate its asset management decarbonisation targets?",Swedbank_0067,Swedbank_0067,Swedbank_0067|Swedbank_0066_intro|Swedbank_0042|Swedbank_0041|Swedbank_0043,1,1.0,both_rank1,154.273,34.727,154.273,30675,1376,79803,5912
ESRS,"Swedbank__Swedbank_0069__For ESRS E1 target disclosures, does Swedbank specify whether the achievement of its own-operations GHG reduction target will rely on offsets (carbon credits)?",,Swedbank,Swedbank,Swedbank,"For ESRS E1 target disclosures, does Swedbank specify whether the achievement of its own-operations GHG reduction target will rely on offsets (carbon credits)?",Swedbank_0069,Swedbank_0069,Swedbank_0069|Swedbank_0043|Swedbank_0055|Swedbank_0041|Swedbank_0042,1,1.0,both_rank1,202.987,43.74,202.986,32007,1801,98926,8776
ESRS,"Swedbank__Swedbank_0071__In its Scope 1 methodology, does Swedbank specify how it estimates emissions for smaller branches that did not submit activity data, including the allocation keys used and the underlying intensity metrics?",,Swedbank,Swedbank,Swedbank,"In its Scope 1 methodology, does Swedbank specify how it estimates emissions for smaller branches that did not submit activity data, including the allocation keys used and the underlying intensity metrics?",Swedbank_0071,Swedbank_0071,Swedbank_0071|Swedbank_0072|Swedbank_0043|Swedbank_0055|Swedbank_0038,1,1.0,both_rank1,370.901,41.615,370.901,29883,2093,217062,14645
ESRS,"Swedbank__Swedbank_0086__Within Swedbank’s financed-emissions methodology for business lending, does the bank set a control on the maximum age of the annual financial and GHG datasets used, and what is that limit?",,Swedbank,Swedbank,Swedbank,"Within Swedbank’s financed-emissions methodology for business lending, does the bank set a control on the maximum age of the annual financial and GHG datasets used, and what is that limit?",Swedbank_0086,Swedbank_0086,Swedbank_0086|Swedbank_0078|Swedbank_0080|Swedbank_0076|Swedbank_0085_intro,1,1.0,both_rank1,207.424,58.076,207.424,42779,2610,72024,8468
ESRS,"Swedbank__Swedbank_0087__In evaluating Swedbank’s Swedish real estate approach for Tenant Owner Associations, has the bank specified a built-in safeguard to avert double counting within its calculation?",,Swedbank,Swedbank,Swedbank,"In evaluating Swedbank’s Swedish real estate approach for Tenant Owner Associations, has the bank specified a built-in safeguard to avert double counting within its calculation?",Swedbank_0087,Swedbank_0095,Swedbank_0096|Swedbank_0095|Swedbank_0097|Swedbank_0102|Swedbank_0101,0,,both_fail,110.302,35.833,110.302,30882,1894,60940,6109
ESRS,"Swedbank__Swedbank_0095__Within its Scopes 1–3 disclosure, does Swedbank present operational emissions targets broken down by scope, or are they provided only as aggregate absolute figures?",,Swedbank,Swedbank,Swedbank,"Within its Scopes 1–3 disclosure, does Swedbank present operational emissions targets broken down by scope, or are they provided only as aggregate absolute figures?",Swedbank_0095,Swedbank_0095,Swedbank_0095|Swedbank_0069|Swedbank_0097|Swedbank_0096|Swedbank_0098,1,1.0,both_rank1,202.443,58.775,202.443,30892,2158,82395,10973
ESRS,"Swedbank__Swedbank_0097__For ESRS-compliant scoping of indirect emissions, does Swedbank specify which Scope 3 categories are treated as non-material and therefore excluded from its reported Scope 1–3 greenhouse gas totals?",,Swedbank,Swedbank,Swedbank,"For ESRS-compliant scoping of indirect emissions, does Swedbank specify which Scope 3 categories are treated as non-material and therefore excluded from its reported Scope 1–3 greenhouse gas totals?",Swedbank_0097,Swedbank_0097,Swedbank_0097|Swedbank_0095|Swedbank_0096|Swedbank_0098|Swedbank_0092,1,1.0,both_rank1,202.475,55.839,202.475,31952,1981,89410,8797
ESRS,"Swedbank__Swedbank_0100__Within its sectoral lending disclosure, has Swedbank specified the basis for calculating the “company-/asset-specific data (%)” metric, including which PCAF quality score ranges qualify as company-specific for Business loans and as asset-specific for other sectors?",,Swedbank,Swedbank,Swedbank,"Within its sectoral lending disclosure, has Swedbank specified the basis for calculating the “company-/asset-specific data (%)” metric, including which PCAF quality score ranges qualify as company-specific for Business loans and as asset-specific for other sectors?",Swedbank_0100,Swedbank_0101,Swedbank_0101|Swedbank_0102|Swedbank_0080|Swedbank_0078|Swedbank_0064,0,,both_fail,327.057,301.982,327.057,153793,16894,167946,18542
ESRS,"Swedbank__Swedbank_0107__Within Swedbank’s 2024 disclosure for its business loans book, what proportion of the total gross carrying amount is derived from entity-specific (counterparty/asset-level) data at the portfolio level?",,Swedbank,Swedbank,Swedbank,"Within Swedbank’s 2024 disclosure for its business loans book, what proportion of the total gross carrying amount is derived from entity-specific (counterparty/asset-level) data at the portfolio level?",Swedbank_0107,Swedbank_0108,Swedbank_0105|Swedbank_0108|Swedbank_0101|Swedbank_0103|Swedbank_0104,0,,both_fail,240.875,190.005,240.875,122379,10314,148877,13772
ESRS,"Swedbank__Swedbank_0011__For ESRS-aligned reporting that incorporates EU Taxonomy indicators, does Swedbank disclose its 2024 assets under management that qualify as Taxonomy-aligned separately on a revenue-based and a capital-expenditure basis, and what figures are reported?",,Swedbank,Swedbank,Swedbank,"For ESRS-aligned reporting that incorporates EU Taxonomy indicators, does Swedbank disclose its 2024 assets under management that qualify as Taxonomy-aligned separately on a revenue-based and a capital-expenditure basis, and what figures are reported?",Swedbank_0011,Swedbank_0033,Swedbank_0033|Swedbank_0196|Swedbank_0032|Swedbank_0034|Swedbank_0194,0,,both_fail,169.248,34.405,169.248,27002,1945,135025,8246
ESRS,"Swedbank__Swedbank_0114__For ESRS 2 SBM-3 purposes, does Swedbank’s description of workforce-related impacts, risks and opportunities explicitly extend the population in scope beyond its direct employees to include individuals engaged through consultancies, staffing agencies, or as independent contractors performing assignments for the Group?",,Swedbank,Swedbank,Swedbank,"For ESRS 2 SBM-3 purposes, does Swedbank’s description of workforce-related impacts, risks and opportunities explicitly extend the population in scope beyond its direct employees to include individuals engaged through consultancies, staffing agencies, or as independent contractors performing assignments for the Group?",Swedbank_0114,Swedbank_0114,Swedbank_0114|Swedbank_0115|Swedbank_0113|Swedbank_0117|Swedbank_0118,1,1.0,both_rank1,137.348,30.899,137.348,39368,2019,81065,9414
ESRS,Swedbank__Swedbank_0115__Has Swedbank recognised that non-compliance with equal pay obligations could trigger regulatory sanctions or litigation risk within its workforce equity agenda?,,Swedbank,Swedbank,Swedbank,Has Swedbank recognised that non-compliance with equal pay obligations could trigger regulatory sanctions or litigation risk within its workforce equity agenda?,Swedbank_0115,Swedbank_0115,Swedbank_0115|Swedbank_0120|Swedbank_0119|Swedbank_0117|Swedbank_0118,1,1.0,both_rank1,93.972,44.109,93.972,39689,1817,73051,5625
ESRS,"Swedbank__Swedbank_0118__Does Swedbank disclose that it operates a structured work-environment management cycle—comprising periodic reviews, risk analyses, remedial actions, and follow-up—applied across its operations?",,Swedbank,Swedbank,Swedbank,"Does Swedbank disclose that it operates a structured work-environment management cycle—comprising periodic reviews, risk analyses, remedial actions, and follow-up—applied across its operations?",Swedbank_0118,Swedbank_0131,Swedbank_0131|Swedbank_0139|Swedbank_0128|Swedbank_0127_intro|Swedbank_0138,0,,both_fail,163.881,65.136,163.881,49595,4683,73155,12565
ESRS,"Swedbank__Swedbank_0119__Within Swedbank’s governance structure, has top-level accountability for implementing Diversity, Equity and Inclusion been expressly assigned to an executive leader rather than left solely to local management?",,Swedbank,Swedbank,Swedbank,"Within Swedbank’s governance structure, has top-level accountability for implementing Diversity, Equity and Inclusion been expressly assigned to an executive leader rather than left solely to local management?",Swedbank_0119,Swedbank_0026,Swedbank_0119|Swedbank_0115|Swedbank_0120|Swedbank_0026|Swedbank_0027,0,1.0,mrr_rank1_only,70.357,17.941,70.357,29096,1219,119359,4618
ESRS,"Swedbank__Swedbank_0120__For ESRS S1-2 purposes, does Swedbank specify that when one-to-one discussions uncover a potential negative effect on an employee’s health or working conditions, the responsible manager is obliged to take remedial steps under the Work Environment Directive?",,Swedbank,Swedbank,Swedbank,"For ESRS S1-2 purposes, does Swedbank specify that when one-to-one discussions uncover a potential negative effect on an employee’s health or working conditions, the responsible manager is obliged to take remedial steps under the Work Environment Directive?",Swedbank_0120,Swedbank_0120,Swedbank_0120|Swedbank_0117|Swedbank_0118|Swedbank_0115|Swedbank_0119,1,1.0,both_rank1,91.013,25.979,91.012,39413,1698,73036,6104
ESRS,"Swedbank__Swedbank_0123__For ESRS-aligned disclosures on workforce privacy, does Swedbank identify the internal role charged with supervising compliance with personal data obligations for employees, and who holds that responsibility?",,Swedbank,Swedbank,Swedbank,"For ESRS-aligned disclosures on workforce privacy, does Swedbank identify the internal role charged with supervising compliance with personal data obligations for employees, and who holds that responsibility?",Swedbank_0123,Swedbank_0128,Swedbank_0131|Swedbank_0128|Swedbank_0132|Swedbank_0133|Swedbank_0135,0,,both_fail,118.977,36.323,118.977,43185,2303,66791,8268
ESRS,"Swedbank__Swedbank_0125__In its work-injury section, does Swedbank affirm that, as the employer, it operates an ongoing control to manage the workplace environment by continuously implementing actions to lower risks to employee health?",,Swedbank,Swedbank,Swedbank,"In its work-injury section, does Swedbank affirm that, as the employer, it operates an ongoing control to manage the workplace environment by continuously implementing actions to lower risks to employee health?",Swedbank_0125,Swedbank_0131,Swedbank_0131|Swedbank_0128|Swedbank_0146|Swedbank_0139|Swedbank_0138,0,,both_fail,165.979,55.722,165.979,49604,3117,84893,11343
ESRS,Swedbank__Swedbank_0126__Does Swedbank’s disclosure evidence that it evaluates the effectiveness of its whistleblowing channels by confirming ongoing accessibility and maintaining direct communication with reporters?,,Swedbank,Swedbank,Swedbank,Does Swedbank’s disclosure evidence that it evaluates the effectiveness of its whistleblowing channels by confirming ongoing accessibility and maintaining direct communication with reporters?,Swedbank_0126,Swedbank_0166,Swedbank_0166|Swedbank_0174|Swedbank_0165|Swedbank_0172_intro|Swedbank_0173,0,,both_fail,308.636,308.635,308.635,138899,23475,138899,23475
ESRS,"Swedbank__Swedbank_0128__Does Swedbank explicitly acknowledge a dependency on its own workforce by stating that the bank’s long-term development and growth rely on its ability to keep, motivate, and recruit qualified staff, including employees with specialist skills, as key success factors for the Group?",,Swedbank,Swedbank,Swedbank,"Does Swedbank explicitly acknowledge a dependency on its own workforce by stating that the bank’s long-term development and growth rely on its ability to keep, motivate, and recruit qualified staff, including employees with specialist skills, as key success factors for the Group?",Swedbank_0128,Swedbank_0128,Swedbank_0128|Swedbank_0131|Swedbank_0130_intro|Swedbank_0129_intro|Swedbank_0127_intro,1,1.0,both_rank1,132.306,25.609,132.306,43297,1930,69441,9729
ESRS,"Swedbank__Swedbank_0136__Within the ‘equal pay for equal work’ topic, has Swedbank stated that it operates a recurring control to review remuneration parity (specifically, a yearly pay‑equity mapping) across its employees?",,Swedbank,Swedbank,Swedbank,"Within the ‘equal pay for equal work’ topic, has Swedbank stated that it operates a recurring control to review remuneration parity (specifically, a yearly pay‑equity mapping) across its employees?",Swedbank_0136,Swedbank_0136,Swedbank_0136|Swedbank_0135|Swedbank_0138|Swedbank_0148|Swedbank_0147,1,1.0,both_rank1,113.552,88.33,113.552,77448,8737,85552,9994
ESRS,"Swedbank__Swedbank_0137__For ESRS-aligned reporting on diversity and inclusion outcomes, does Swedbank specify which quantitative indicators it uses to assess whether its inclusion initiatives are effective?",,Swedbank,Swedbank,Swedbank,"For ESRS-aligned reporting on diversity and inclusion outcomes, does Swedbank specify which quantitative indicators it uses to assess whether its inclusion initiatives are effective?",Swedbank_0137,Swedbank_0140,Swedbank_0140|Swedbank_0119|Swedbank_0141|Swedbank_0115|Swedbank_0117,0,,both_fail,81.145,24.386,81.144,40532,2072,83030,7337
ESRS,"Swedbank__Swedbank_0138__For worker data protection under ESRS, does Swedbank carry out a recurring, group-wide GDPR compliance assessment, and what are its cadence and the populations it covers?",,Swedbank,Swedbank,Swedbank,"For worker data protection under ESRS, does Swedbank carry out a recurring, group-wide GDPR compliance assessment, and what are its cadence and the populations it covers?",Swedbank_0138,Swedbank_0161,Swedbank_0138|Swedbank_0139|Swedbank_0140|Swedbank_0137|Swedbank_0161,0,1.0,mrr_rank1_only,137.584,32.375,137.584,27023,2112,96348,8480
ESRS,"Swedbank__Swedbank_0139__For ESRS-aligned occupational health and safety governance, has Swedbank established a quarterly review by its central health and safety committee that obliges each business unit to submit its most significant work environment risks along with a mitigation plan?",,Swedbank,Swedbank,Swedbank,"For ESRS-aligned occupational health and safety governance, has Swedbank established a quarterly review by its central health and safety committee that obliges each business unit to submit its most significant work environment risks along with a mitigation plan?",Swedbank_0139,Swedbank_0140,Swedbank_0139|Swedbank_0140|Swedbank_0138|Swedbank_0131|Swedbank_0128,0,1.0,mrr_rank1_only,106.143,22.753,106.143,40622,1295,80910,8408
ESRS,"Swedbank__Swedbank_0143__For ESRS S1-9 purposes, does Swedbank state that its reported gender figures are derived from official records rather than from employees’ self-identification?",,Swedbank,Swedbank,Swedbank,"For ESRS S1-9 purposes, does Swedbank state that its reported gender figures are derived from official records rather than from employees’ self-identification?",Swedbank_0143,Swedbank_0143,Swedbank_0143|Swedbank_0142|Swedbank_0141|Swedbank_0148|Swedbank_0144,1,1.0,both_rank1,106.661,39.756,106.661,39219,2084,86698,7140
ESRS,"Swedbank__Swedbank_0141__For ESRS S1-6 disclosures on its own workforce, what specific control procedures does Swedbank apply to ensure the headcount data set is complete and internally consistent prior to publication?",,Swedbank,Swedbank,Swedbank,"For ESRS S1-6 disclosures on its own workforce, what specific control procedures does Swedbank apply to ensure the headcount data set is complete and internally consistent prior to publication?",Swedbank_0141,Swedbank_0141,Swedbank_0141|Swedbank_0140|Swedbank_0030_intro|Swedbank_0003|Swedbank_0188,1,1.0,both_rank1,282.973,34.651,282.973,40003,2158,231721,19428
ESRS,"Swedbank__Swedbank_0144__Does Swedbank operate a yearly control to confirm that employee remuneration reaches at least a nationally defined reference wage in each country of operation, based on independent market pay benchmarks?",,Swedbank,Swedbank,Swedbank,"Does Swedbank operate a yearly control to confirm that employee remuneration reaches at least a nationally defined reference wage in each country of operation, based on independent market pay benchmarks?",Swedbank_0144,Swedbank_0144,Swedbank_0144|Swedbank_0138|Swedbank_0142|Swedbank_0143|Swedbank_0136,1,1.0,both_rank1,99.072,23.702,99.072,38899,1567,88438,6446
ESRS,"Swedbank__Swedbank_0147__In its S1-15 work-life balance reporting, does Swedbank explicitly set out the computation basis and estimation applied for parental-leave utilisation—namely that the rate is the percentage of eligible employees who used parental leave, split by legal sex (male/female), calculated with a 31 December 2024 cut-off, and that all staff outside home markets who were on leave at that date are presumed to be on parental leave?",,Swedbank,Swedbank,Swedbank,"In its S1-15 work-life balance reporting, does Swedbank explicitly set out the computation basis and estimation applied for parental-leave utilisation—namely that the rate is the percentage of eligible employees who used parental leave, split by legal sex (male/female), calculated with a 31 December 2024 cut-off, and that all staff outside home markets who were on leave at that date are presumed to be on parental leave?",Swedbank_0147,Swedbank_0147,Swedbank_0147|Swedbank_0148|Swedbank_0188,1,1.0,both_rank1,302.284,28.33,302.284,39588,1971,215805,19654
ESRS,"Swedbank__Swedbank_0149__Within its S4 Consumers and end-users narrative, does Swedbank explicitly direct readers to its IRO-1 disclosure on processes for identifying and assessing material impacts, risks and opportunities to substantiate the materiality determination of information-related effects on consumers and/or end-users?",,Swedbank,Swedbank,Swedbank,"Within its S4 Consumers and end-users narrative, does Swedbank explicitly direct readers to its IRO-1 disclosure on processes for identifying and assessing material impacts, risks and opportunities to substantiate the materiality determination of information-related effects on consumers and/or end-users?",Swedbank_0149,Swedbank_0149,Swedbank_0149|Swedbank_0150|Swedbank_0151_intro|Swedbank_0153|Swedbank_0155,1,1.0,both_rank1,213.724,104.57,213.724,76697,5410,172730,11830
ESRS,Swedbank__Swedbank_0150__Has Swedbank’s materiality assessment determined that information-related impacts on consumers and end-users—particularly the management of sensitive customer data—are material for the bank?,,Swedbank,Swedbank,Swedbank,Has Swedbank’s materiality assessment determined that information-related impacts on consumers and end-users—particularly the management of sensitive customer data—are material for the bank?,Swedbank_0150,Swedbank_0149,Swedbank_0150|Swedbank_0149|Swedbank_0152|Swedbank_0028|Swedbank_0151_intro,0,1.0,mrr_rank1_only,106.476,25.054,106.476,25922,1408,100783,6124
ESRS,"Swedbank__Swedbank_0152__Within its ESRS-aligned sustainability reporting, does Swedbank disclose a quantitative indicator that counts reported instances in its downstream value chain where consumers or end-users experienced departures from internationally recognised human rights guidance related to personal data?",,Swedbank,Swedbank,Swedbank,"Within its ESRS-aligned sustainability reporting, does Swedbank disclose a quantitative indicator that counts reported instances in its downstream value chain where consumers or end-users experienced departures from internationally recognised human rights guidance related to personal data?",Swedbank_0152,Swedbank_0155,Swedbank_0152|Swedbank_0155|Swedbank_0157|Swedbank_0153|Swedbank_0161,0,1.0,mrr_rank1_only,229.293,37.365,229.293,28143,2299,138166,14802
ESRS,"Swedbank__Swedbank_0153__Following a breach of personal data rules, does Swedbank’s procedure specify both the timeframe for notifying affected customers and the acceptable communication channels for that notification?",,Swedbank,Swedbank,Swedbank,"Following a breach of personal data rules, does Swedbank’s procedure specify both the timeframe for notifying affected customers and the acceptable communication channels for that notification?",Swedbank_0153,Swedbank_0153,Swedbank_0153|Swedbank_0152|Swedbank_0155|Swedbank_0157|Swedbank_0156_intro,1,1.0,both_rank1,130.648,67.928,130.648,76831,4623,136894,9390
ESRS,"Swedbank__Swedbank_0159__For ESRS governance disclosures on oversight of personal data, does Swedbank state the frequency with which its Data Protection Officer reports to the Board?",,Swedbank,Swedbank,Swedbank,"For ESRS governance disclosures on oversight of personal data, does Swedbank state the frequency with which its Data Protection Officer reports to the Board?",Swedbank_0159,Swedbank_0161,Swedbank_0159|Swedbank_0161|Swedbank_0158|Swedbank_0152|Swedbank_0153,0,1.0,mrr_rank1_only,133.319,22.968,133.319,27003,1466,131664,8781
ESRS,Swedbank__Swedbank_0160__Does Swedbank’s disclosure demonstrate compliance with binding complaint-handling timelines by confirming that grievances are dealt with within a 14-day period and that customers are notified within the same timeframe when additional investigation time is required?,,Swedbank,Swedbank,Swedbank,Does Swedbank’s disclosure demonstrate compliance with binding complaint-handling timelines by confirming that grievances are dealt with within a 14-day period and that customers are notified within the same timeframe when additional investigation time is required?,Swedbank_0160,Swedbank_0161,Swedbank_0160|Swedbank_0161|Swedbank_0159|Swedbank_0153|Swedbank_0155,0,1.0,mrr_rank1_only,182.355,45.172,182.355,51159,2276,131639,7203
ESRS,"Swedbank__Swedbank_0164__For ESRS-aligned business conduct disclosures, does Swedbank operate a formal control that obliges every employee to provide an annual attestation to having reviewed the Code of Conduct, with completion monitored through a defined performance metric?",,Swedbank,Swedbank,Swedbank,"For ESRS-aligned business conduct disclosures, does Swedbank operate a formal control that obliges every employee to provide an annual attestation to having reviewed the Code of Conduct, with completion monitored through a defined performance metric?",Swedbank_0164,Swedbank_0164,Swedbank_0164|Swedbank_0166|Swedbank_0165|Swedbank_0163_intro|Swedbank_0169,1,1.0,both_rank1,190.719,44.599,190.719,33911,2022,58885,11099
ESRS,"Swedbank__Swedbank_0165__For ESRS disclosures on business conduct in the value chain, does Swedbank describe a procurement control that obliges suppliers to commit to its ethical standards and specify how any non-compliance is escalated?",,Swedbank,Swedbank,Swedbank,"For ESRS disclosures on business conduct in the value chain, does Swedbank describe a procurement control that obliges suppliers to commit to its ethical standards and specify how any non-compliance is escalated?",Swedbank_0165,Swedbank_0170,Swedbank_0170|Swedbank_0171|Swedbank_0169|Swedbank_0172_intro|Swedbank_0173,0,,both_fail,92.865,32.764,92.865,33556,2151,53226,7425
ESRS,"Swedbank__Swedbank_0166__Within Swedbank’s governance arrangements, is the Board of Directors routinely briefed on whistleblowing activity, and at what interval are those updates provided?",,Swedbank,Swedbank,Swedbank,"Within Swedbank’s governance arrangements, is the Board of Directors routinely briefed on whistleblowing activity, and at what interval are those updates provided?",Swedbank_0166,Swedbank_0169,Swedbank_0169|Swedbank_0172_intro|Swedbank_0174|Swedbank_0171|Swedbank_0170,0,,both_fail,88.867,25.436,88.867,33736,1861,53608,7706
ESRS,"Swedbank__Swedbank_0167__Does Swedbank disclose whether it has earmarked any distinct operating or capital spending for its sustainability action plans, or instead indicate that such costs are absorbed within routine operations?",,Swedbank,Swedbank,Swedbank,"Does Swedbank disclose whether it has earmarked any distinct operating or capital spending for its sustainability action plans, or instead indicate that such costs are absorbed within routine operations?",Swedbank_0167,Swedbank_0004,Swedbank_0004|Swedbank_0049_intro|Swedbank_0003|Swedbank_0051|Swedbank_0045,0,,both_fail,100.883,25.278,100.883,30927,2025,97983,8415
ESRS,"Swedbank__Swedbank_0170__For ESRS-oriented supplier governance disclosures, does Swedbank state that a supplier’s non-compliance with its Supplier Code of Conduct is treated as a significant contractual breach that can result in termination of the business relationship?",,Swedbank,Swedbank,Swedbank,"For ESRS-oriented supplier governance disclosures, does Swedbank state that a supplier’s non-compliance with its Supplier Code of Conduct is treated as a significant contractual breach that can result in termination of the business relationship?",Swedbank_0170,Swedbank_0170,Swedbank_0170|Swedbank_0171|Swedbank_0169|Swedbank_0165|Swedbank_0172_intro,1,1.0,both_rank1,75.592,43.548,75.592,43513,3612,61371,6579
ESRS,"Swedbank__Swedbank_0171__Does Swedbank disclose any ring-fenced operating or capital expenditure dedicated to sustainability action plans, or does it state that such outlays are embedded in routine operating costs?",,Swedbank,Swedbank,Swedbank,"Does Swedbank disclose any ring-fenced operating or capital expenditure dedicated to sustainability action plans, or does it state that such outlays are embedded in routine operating costs?",Swedbank_0171,Swedbank_0003,Swedbank_0004|Swedbank_0003|Swedbank_0047|Swedbank_0048|Swedbank_0045,0,,both_fail,93.137,40.849,93.137,30724,2144,88786,6337
ESRS,Swedbank__Swedbank_0173__What is the planned completion period for Swedbank’s enterprise-wide bribery and corruption risk assessment that will be reported to the Group Executive Committee?,,Swedbank,Swedbank,Swedbank,What is the planned completion period for Swedbank’s enterprise-wide bribery and corruption risk assessment that will be reported to the Group Executive Committee?,Swedbank_0173,Swedbank_0175,Swedbank_0173|Swedbank_0175|Swedbank_0176|Swedbank_0174|Swedbank_0169,0,1.0,mrr_rank1_only,79.633,20.22,79.633,30625,1567,54297,6337
ESRS,"Swedbank__Swedbank_0175__For the 2024 reporting year, did Swedbank disclose that it had no data on employee convictions or monetary sanctions for bribery and corruption, and did it attribute this data gap to the absence of systematic tracking?",,Swedbank,Swedbank,Swedbank,"For the 2024 reporting year, did Swedbank disclose that it had no data on employee convictions or monetary sanctions for bribery and corruption, and did it attribute this data gap to the absence of systematic tracking?",Swedbank_0175,Swedbank_0175,Swedbank_0175|Swedbank_0174|Swedbank_0173|Swedbank_0176|Swedbank_0185,1,1.0,both_rank1,113.591,19.867,113.591,30700,1657,88883,9634
ESRS,"Swedbank__Swedbank_0142__Within its S1-8 disclosure on collective bargaining coverage and social dialogue, does Swedbank explicitly state whether any assumptions were used when compiling the reported proportions for coverage and employee representation?",,Swedbank,Swedbank,Swedbank,"Within its S1-8 disclosure on collective bargaining coverage and social dialogue, does Swedbank explicitly state whether any assumptions were used when compiling the reported proportions for coverage and employee representation?",Swedbank_0142,Swedbank_0142,Swedbank_0142|Swedbank_0143|Swedbank_0144,1,1.0,both_rank1,93.106,14.598,93.106,39363,1164,135288,8864
ESRS,"Swedbank__Swedbank_0176__For ESRS G1-6 on payment practices, has Swedbank disclosed the criterion used to classify suppliers as small or medium-sized enterprises for the reported payment KPIs?",,Swedbank,Swedbank,Swedbank,"For ESRS G1-6 on payment practices, has Swedbank disclosed the criterion used to classify suppliers as small or medium-sized enterprises for the reported payment KPIs?",Swedbank_0176,Swedbank_0176,Swedbank_0176|Swedbank_0175|Swedbank_0188|Swedbank_0028|Swedbank_0161,1,1.0,both_rank1,359.698,17.917,359.698,30843,1218,290245,23996
ESRS,"Swedbank__Swedbank_0180__Has Swedbank, in line with ESRS double‑materiality expectations, designated financial crime as a material, entity‑specific topic based on a process that relied on internal expert judgment, stakeholder feedback (including analyses and surveys), and consideration of prior money‑laundering shortcomings?",,Swedbank,Swedbank,Swedbank,"Has Swedbank, in line with ESRS double‑materiality expectations, designated financial crime as a material, entity‑specific topic based on a process that relied on internal expert judgment, stakeholder feedback (including analyses and surveys), and consideration of prior money‑laundering shortcomings?",Swedbank_0180,Swedbank_0178,Swedbank_0180|Swedbank_0178|Swedbank_0182|Swedbank_0183|Swedbank_0020_intro,0,1.0,mrr_rank1_only,176.881,37.332,176.881,28962,2569,102046,12703
ESRS,"Swedbank__Swedbank_0182__For ESRS reporting on governance and controls, does Swedbank state that a specific directive on financial sanctions prescribes the internal controls and measures necessary to ensure compliance and mitigate identified sanctions risks?",,Swedbank,Swedbank,Swedbank,"For ESRS reporting on governance and controls, does Swedbank state that a specific directive on financial sanctions prescribes the internal controls and measures necessary to ensure compliance and mitigate identified sanctions risks?",Swedbank_0182,Swedbank_0178,Swedbank_0182|Swedbank_0178|Swedbank_0183|Swedbank_0180|Swedbank_0181_intro,0,1.0,mrr_rank1_only,110.305,44.595,110.305,28867,2593,42166,7164
ESRS,"Swedbank__Swedbank_0185__For ESRS-aligned disclosure on sanctions compliance controls, does Swedbank state that it screens both client relationships and transaction flows against financial sanctions lists?",,Swedbank,Swedbank,Swedbank,"For ESRS-aligned disclosure on sanctions compliance controls, does Swedbank state that it screens both client relationships and transaction flows against financial sanctions lists?",Swedbank_0185,Swedbank_0185,Swedbank_0185|Swedbank_0182|Swedbank_0187|Swedbank_0186|Swedbank_0183,1,1.0,both_rank1,119.373,50.713,119.373,31601,1498,47787,4785
ESRS,"Swedbank__Swedbank_0186__For ESRS governance and action-plan purposes, has Swedbank identified a specific internal programme that is accountable for monitoring progress toward its objective of lowering customer fraud losses?",,Swedbank,Swedbank,Swedbank,"For ESRS governance and action-plan purposes, has Swedbank identified a specific internal programme that is accountable for monitoring progress toward its objective of lowering customer fraud losses?",Swedbank_0186,Swedbank_0187,Swedbank_0186|Swedbank_0187|Swedbank_0185|Swedbank_0183|Swedbank_0182,0,1.0,mrr_rank1_only,100.639,31.784,100.639,29789,2042,48199,6874
ESRS,"Swedbank__Swedbank_0187__For ESRS-aligned metrics-and-targets disclosure, does Swedbank present quantified, results-based targets and time-trend progress to evidence the effectiveness of its financial crime controls?",,Swedbank,Swedbank,Swedbank,"For ESRS-aligned metrics-and-targets disclosure, does Swedbank present quantified, results-based targets and time-trend progress to evidence the effectiveness of its financial crime controls?",Swedbank_0187,Swedbank_0187,Swedbank_0187|Swedbank_0185|Swedbank_0186|Swedbank_0175|Swedbank_0176,1,1.0,both_rank1,131.601,33.684,131.601,29804,1758,77707,8679
ESRS,Swedbank__Swedbank_0188__Does Swedbank’s 2024 Sustainability Report satisfy ESRS 2 IRO‑2 by providing a cross-reference that identifies which ESRS disclosure topics are included in its sustainability statement?,,Swedbank,Swedbank,Swedbank,Does Swedbank’s 2024 Sustainability Report satisfy ESRS 2 IRO‑2 by providing a cross-reference that identifies which ESRS disclosure topics are included in its sustainability statement?,Swedbank_0188,Swedbank_0188,Swedbank_0188|Swedbank_0000|Swedbank_0015|Swedbank_0003|Swedbank_0027,1,1.0,both_rank1,160.062,18.895,160.062,31837,1178,167070,10959
ESRS,"Swedbank__Swedbank_0190__For 2024, identify the total gross carrying amount that Swedbank reports as exposures excluded from the Green Asset Ratio numerator but still included in its denominator.",,Swedbank,Swedbank,Swedbank,"For 2024, identify the total gross carrying amount that Swedbank reports as exposures excluded from the Green Asset Ratio numerator but still included in its denominator.",Swedbank_0190,Swedbank_0189_intro,Swedbank_0190|Swedbank_0189_intro|Swedbank_0192|Swedbank_0033|Swedbank_0032,0,1.0,mrr_rank1_only,146.336,28.635,146.336,43931,1588,144972,9704
ESRS,"Swedbank__Swedbank_0191__In Swedbank’s 2024 GAR turnover-based NACE sector disclosure, is the environmentally sustainable portion for NACE 49.50 (Transport via pipeline) explicitly quantified, and if so, what amount is reported?",,Swedbank,Swedbank,Swedbank,"In Swedbank’s 2024 GAR turnover-based NACE sector disclosure, is the environmentally sustainable portion for NACE 49.50 (Transport via pipeline) explicitly quantified, and if so, what amount is reported?",Swedbank_0191,Swedbank_0191,Swedbank_0191|Swedbank_0033|Swedbank_0032|Swedbank_0034|Swedbank_0036,1,1.0,both_rank1,209.122,21.903,209.122,58324,1251,221675,12712
ESRS,"Swedbank__Swedbank_0192__For the 2024 period, does Swedbank disclose Green Asset Ratio (GAR) KPI stock under both turnover-based and capex-based methodologies, and do these tables explicitly state that the calculation is limited to assets counted in both the numerator and the denominator?",,Swedbank,Swedbank,Swedbank,"For the 2024 period, does Swedbank disclose Green Asset Ratio (GAR) KPI stock under both turnover-based and capex-based methodologies, and do these tables explicitly state that the calculation is limited to assets counted in both the numerator and the denominator?",Swedbank_0192,Swedbank_0192,Swedbank_0192|Swedbank_0189_intro|Swedbank_0190|Swedbank_0193|Swedbank_0191,1,1.0,both_rank1,211.315,32.426,211.315,45463,1799,143479,12186
ESRS,"Swedbank__Swedbank_0193__In Swedbank’s 2024 turnover-based GAR KPI total table, what percentage of total assets is stated as covered by the GAR calculation (i.e., assets included in both the numerator and the denominator)?",,Swedbank,Swedbank,Swedbank,"In Swedbank’s 2024 turnover-based GAR KPI total table, what percentage of total assets is stated as covered by the GAR calculation (i.e., assets included in both the numerator and the denominator)?",Swedbank_0193,Swedbank_0192,Swedbank_0192|Swedbank_0189_intro|Swedbank_0190|Swedbank_0032|Swedbank_0193,0,5.0,mrr_lower_only,154.125,39.165,154.125,45418,1899,135122,8850
ESRS,"Swedbank__Swedbank_0195__Within its 2024 EU Taxonomy KPI disclosures, does Swedbank indicate that the key ratios for the Fees and commissions and Trading portfolio segments are not yet provided and specify that their initial publication will occur in the 2025 Annual Report?",,Swedbank,Swedbank,Swedbank,"Within its 2024 EU Taxonomy KPI disclosures, does Swedbank indicate that the key ratios for the Fees and commissions and Trading portfolio segments are not yet provided and specify that their initial publication will occur in the 2025 Annual Report?",Swedbank_0195,Swedbank_0195,Swedbank_0195|Swedbank_0189_intro|Swedbank_0032|Swedbank_0034|Swedbank_0033,1,1.0,both_rank1,124.82,36.764,124.82,39141,1532,140131,5809
ESRS,"Swedbank__Swedbank_0198__In its 2024 non-life underwriting KPI disclosure, does Swedbank state the current-year absolute premium amount and corresponding percentage for activities that are EU Taxonomy-eligible but do not meet alignment criteria, and what values are reported?",,Swedbank,Swedbank,Swedbank,"In its 2024 non-life underwriting KPI disclosure, does Swedbank state the current-year absolute premium amount and corresponding percentage for activities that are EU Taxonomy-eligible but do not meet alignment criteria, and what values are reported?",Swedbank_0198,Swedbank_0198,Swedbank_0198|Swedbank_0197|Swedbank_0032|Swedbank_0195|Swedbank_0033,1,1.0,both_rank1,117.881,26.212,117.881,37061,1406,119545,7079
ESRS,"Swedbank__Swedbank_0199__For 2024, does Swedbank disclose the capex-based denominator (gross amount and share of total) for Taxonomy‑aligned activities not covered by rows 1–6 within its Green ratio for Life insurance under the combined climate objectives (CCM+CCA), and if so, what figures are reported?",,Swedbank,Swedbank,Swedbank,"For 2024, does Swedbank disclose the capex-based denominator (gross amount and share of total) for Taxonomy‑aligned activities not covered by rows 1–6 within its Green ratio for Life insurance under the combined climate objectives (CCM+CCA), and if so, what figures are reported?",Swedbank_0199,Swedbank_0199,Swedbank_0199|Swedbank_0200|Swedbank_0197|Swedbank_0201|Swedbank_0195,1,1.0,both_rank1,155.624,29.601,155.624,38447,1924,102156,9286
ESRS,"Swedbank__Swedbank_0201__Within Swedbank’s 2024 capex-based presentation of taxonomy-eligible yet not taxonomy-aligned activities, does the bank quantify its exposure to electricity production from fossil gas under the Green ratio for financial guarantees (combined climate objectives), and if so, what gross amount and percentage are reported?",,Swedbank,Swedbank,Swedbank,"Within Swedbank’s 2024 capex-based presentation of taxonomy-eligible yet not taxonomy-aligned activities, does the bank quantify its exposure to electricity production from fossil gas under the Green ratio for financial guarantees (combined climate objectives), and if so, what gross amount and percentage are reported?",Swedbank_0201,Swedbank_0201,Swedbank_0201|Swedbank_0034|Swedbank_0035|Swedbank_0036|Swedbank_0037,1,1.0,both_rank1,363.593,26.862,363.593,38573,1657,237124,21050
ESRS,"Swedbank__Swedbank_0140__During the reporting year, did Swedbank indicate any modifications to the framework underpinning its own‑workforce targets—such as indicators, measurement approaches, key assumptions, baseline year, scope limitations, data‑collection processes, or data sources?",,Swedbank,Swedbank,Swedbank,"During the reporting year, did Swedbank indicate any modifications to the framework underpinning its own‑workforce targets—such as indicators, measurement approaches, key assumptions, baseline year, scope limitations, data‑collection processes, or data sources?",Swedbank_0140,Swedbank_0140,Swedbank_0140|Swedbank_0139|Swedbank_0141|Swedbank_0145|Swedbank_0138,1,1.0,both_rank1,224.385,37.137,224.385,40640,1827,107640,12337
ESRS,"Swedbank__Swedbank_0148__Within its S1-16 remuneration reporting, does Swedbank describe a formal mechanism to obtain remuneration data for a legal entity when such data are missing from its HR/finance systems?",,Swedbank,Swedbank,Swedbank,"Within its S1-16 remuneration reporting, does Swedbank describe a formal mechanism to obtain remuneration data for a legal entity when such data are missing from its HR/finance systems?",Swedbank_0148,Swedbank_0148,Swedbank_0148|Swedbank_0147|Swedbank_0188,1,1.0,both_rank1,216.079,34.154,216.079,40049,1696,152402,12366
ESRS,"UniCredit__UniCredit_0006__For ESRS governance and control disclosures, does UniCredit state that its Sustainability Reporting Manager provides recurring briefings to both the Board meeting on the consolidated annual financial statements and the Audit Committee, covering the sustainability reporting control system, identified deficiencies, remediation progress, and an attestation confirming regulatory conformity?",,UniCredit,UniCredit,UniCredit,"For ESRS governance and control disclosures, does UniCredit state that its Sustainability Reporting Manager provides recurring briefings to both the Board meeting on the consolidated annual financial statements and the Audit Committee, covering the sustainability reporting control system, identified deficiencies, remediation progress, and an attestation confirming regulatory conformity?",UniCredit_0006,UniCredit_0005,UniCredit_0005|UniCredit_0006,0,2.0,mrr_lower_only,115.86,44.516,115.86,26072,3019,71406,7564
ESRS,"UniCredit__UniCredit_0008__Under UniCredit’s IRO-1 methodology, does the bank apply a scoring adjustment that gives primacy to the gravity of potential human-rights harms over their probability, so that these items attain a higher rank in the final materiality outcome?",,UniCredit,UniCredit,UniCredit,"Under UniCredit’s IRO-1 methodology, does the bank apply a scoring adjustment that gives primacy to the gravity of potential human-rights harms over their probability, so that these items attain a higher rank in the final materiality outcome?",UniCredit_0008,UniCredit_0008,UniCredit_0008|UniCredit_0006,1,1.0,both_rank1,196.863,32.279,196.863,24762,1869,93545,10879
ESRS,"UniCredit__UniCredit_0009__For ESRS-compliant transparency on climate scenario analysis, where does UniCredit state that the disclosure evidencing alignment between the climate scenarios it applies and the key climate-related assumptions reflected in its financial statements can be found?",,UniCredit,UniCredit,UniCredit,"For ESRS-compliant transparency on climate scenario analysis, where does UniCredit state that the disclosure evidencing alignment between the climate scenarios it applies and the key climate-related assumptions reflected in its financial statements can be found?",UniCredit_0009,UniCredit_0004,UniCredit_0004|UniCredit_0090|UniCredit_0006|UniCredit_0091|UniCredit_0089,0,,both_fail,210.877,172.45,210.877,86892,11500,162707,13915
ESRS,"UniCredit__UniCredit_0010__Under its ESRS double materiality assessment, did UniCredit classify the pollution topic as non-material while considering the other environmental themes to be material?",,UniCredit,UniCredit,UniCredit,"Under its ESRS double materiality assessment, did UniCredit classify the pollution topic as non-material while considering the other environmental themes to be material?",UniCredit_0010,UniCredit_0006,UniCredit_0010|UniCredit_0013|UniCredit_0011|UniCredit_0014|UniCredit_0006,0,1.0,mrr_rank1_only,107.144,45.967,107.144,35193,2538,100984,5951
ESRS,"UniCredit__UniCredit_0013__Within its IRO-2 content index, does UniCredit demonstrate coverage of ESRS GOV-5 (risk oversight and internal control framework for sustainability reporting) and indicate the location of that disclosure?",,UniCredit,UniCredit,UniCredit,"Within its IRO-2 content index, does UniCredit demonstrate coverage of ESRS GOV-5 (risk oversight and internal control framework for sustainability reporting) and indicate the location of that disclosure?",UniCredit_0013,UniCredit_0013,UniCredit_0013|UniCredit_0005|UniCredit_0010|UniCredit_0011|UniCredit_0006,1,1.0,both_rank1,168.23,65.049,168.23,32290,4121,103320,10508
ESRS,"UniCredit__UniCredit_0018__For UniCredit’s civil nuclear sector rules, does the disclosure identify which internal body formally endorses the sensitive-sector guidelines and confirm that these rules bind UniCredit S.p.A. and all Group legal entities under the Operational Risk Oversight model?",,UniCredit,UniCredit,UniCredit,"For UniCredit’s civil nuclear sector rules, does the disclosure identify which internal body formally endorses the sensitive-sector guidelines and confirm that these rules bind UniCredit S.p.A. and all Group legal entities under the Operational Risk Oversight model?",UniCredit_0018,UniCredit_0018,UniCredit_0018|UniCredit_0016_intro|UniCredit_0017|UniCredit_0005|UniCredit_0006,1,1.0,both_rank1,208.159,159.656,208.159,94541,8504,167516,11322
ESRS,"UniCredit__UniCredit_0020__For ESRS policy disclosure, does UniCredit expressly state that it will not provide financing for controversial armaments and nuclear weapons within its defence-sector framework?",,UniCredit,UniCredit,UniCredit,"For ESRS policy disclosure, does UniCredit expressly state that it will not provide financing for controversial armaments and nuclear weapons within its defence-sector framework?",UniCredit_0020,UniCredit_0020,UniCredit_0020|UniCredit_0021|UniCredit_0019|UniCredit_0006|UniCredit_0005,1,1.0,both_rank1,183.18,76.3,183.18,42585,3971,144570,8318
ESRS,"UniCredit__UniCredit_0025__For ESRS-consistent disclosures on biodiversity governance, does UniCredit state which stakeholder constituencies informed the development of its Natural Capital and biodiversity statement?",,UniCredit,UniCredit,UniCredit,"For ESRS-consistent disclosures on biodiversity governance, does UniCredit state which stakeholder constituencies informed the development of its Natural Capital and biodiversity statement?",UniCredit_0025,UniCredit_0097,UniCredit_0097|UniCredit_0006|UniCredit_0010|UniCredit_0096,0,,both_fail,336.861,336.861,336.861,134830,18308,134830,18308
ESRS,"UniCredit__UniCredit_0026__Within UniCredit’s ESG Product Guidelines, is each UniCredit legal entity expressly obligated to establish its own procedures to validate the ESG characteristics of deals and products?",,UniCredit,UniCredit,UniCredit,"Within UniCredit’s ESG Product Guidelines, is each UniCredit legal entity expressly obligated to establish its own procedures to validate the ESG characteristics of deals and products?",UniCredit_0026,UniCredit_0005,UniCredit_0005|UniCredit_0006,0,,both_fail,165.706,165.706,165.706,113054,10016,113054,10016
ESRS,"UniCredit__UniCredit_0030__For UniCredit, is there a Group-wide People & Culture policy instrument that applies to all legal entities and foreign branches and is expressly intended to secure regulatory compliance and uniform human resources practices across the Group?",,UniCredit,UniCredit,UniCredit,"For UniCredit, is there a Group-wide People & Culture policy instrument that applies to all legal entities and foreign branches and is expressly intended to secure regulatory compliance and uniform human resources practices across the Group?",UniCredit_0030,UniCredit_0102,UniCredit_0102|UniCredit_0006,0,,both_fail,218.305,218.305,218.305,124873,13193,124873,13193
ESRS,"UniCredit__UniCredit_0031__Within UniCredit, does the internal hiring policy expressly require adherence to applicable employment legislation and regulatory requirements as part of the recruitment framework?",,UniCredit,UniCredit,UniCredit,"Within UniCredit, does the internal hiring policy expressly require adherence to applicable employment legislation and regulatory requirements as part of the recruitment framework?",UniCredit_0031,UniCredit_0102,UniCredit_0102|UniCredit_0006,0,,both_fail,165.449,165.448,165.448,124593,10603,124593,10603
ESRS,"UniCredit__UniCredit_0032__For ESRS policy disclosures on workforce development, does UniCredit specify the organisational coverage of its Training and Education Guidelines, indicating they currently apply to UniCredit S.p.A. and are planned for roll-out to the Group’s legal entities?",,UniCredit,UniCredit,UniCredit,"For ESRS policy disclosures on workforce development, does UniCredit specify the organisational coverage of its Training and Education Guidelines, indicating they currently apply to UniCredit S.p.A. and are planned for roll-out to the Group’s legal entities?",UniCredit_0032,UniCredit_0102,UniCredit_0102,0,,both_fail,86.774,86.774,86.774,47702,5675,47702,5675
ESRS,"UniCredit__UniCredit_0033__Under ESRS expectations for workforce protection, does UniCredit confirm that its anti-harassment framework shields individuals who report misconduct—whether employees or third parties—from retaliatory treatment?",,UniCredit,UniCredit,UniCredit,"Under ESRS expectations for workforce protection, does UniCredit confirm that its anti-harassment framework shields individuals who report misconduct—whether employees or third parties—from retaliatory treatment?",UniCredit_0033,UniCredit_0102,UniCredit_0102|UniCredit_0103,0,,both_fail,129.857,129.856,129.856,70672,9305,70672,9305
ESRS,"UniCredit__UniCredit_0037__For UniCredit’s ESRS-aligned governance disclosures on conduct policies, does the report confirm that the Code of Conduct has formal sign-off at Board level?",,UniCredit,UniCredit,UniCredit,"For UniCredit’s ESRS-aligned governance disclosures on conduct policies, does the report confirm that the Code of Conduct has formal sign-off at Board level?",UniCredit_0037,UniCredit_0005,UniCredit_0037|UniCredit_0005|UniCredit_0036|UniCredit_0038|UniCredit_0115,0,1.0,mrr_rank1_only,124.168,58.792,124.168,37751,4018,123802,8569
ESRS,UniCredit__UniCredit_0038__Has UniCredit designated a specific internal function with responsibility for implementing and updating its group tax strategy policy?,,UniCredit,UniCredit,UniCredit,Has UniCredit designated a specific internal function with responsibility for implementing and updating its group tax strategy policy?,UniCredit_0038,UniCredit_0115,UniCredit_0115|UniCredit_0005|UniCredit_0006,0,,both_fail,148.744,148.744,148.744,121973,8114,121973,8114
ESRS,"UniCredit__UniCredit_0023__Does UniCredit disclose the approving authority, the enterprise-wide scope, and the internal oversight framework for its tobacco sector commitment, as required for governance transparency under ESRS-style policy disclosures?",,UniCredit,UniCredit,UniCredit,"Does UniCredit disclose the approving authority, the enterprise-wide scope, and the internal oversight framework for its tobacco sector commitment, as required for governance transparency under ESRS-style policy disclosures?",UniCredit_0023,UniCredit_0023,UniCredit_0023|UniCredit_0022|UniCredit_0021|UniCredit_0005|UniCredit_0006,1,1.0,both_rank1,135.649,103.409,135.649,86237,8402,159675,10658
ESRS,"UniCredit__UniCredit_0040__Within UniCredit’s anti-bribery and anti-corruption framework, is there a requirement that each UniCredit group legal entity applies the stricter local legal obligations whenever these are more demanding than the policy’s principles?",,UniCredit,UniCredit,UniCredit,"Within UniCredit’s anti-bribery and anti-corruption framework, is there a requirement that each UniCredit group legal entity applies the stricter local legal obligations whenever these are more demanding than the policy’s principles?",UniCredit_0040,UniCredit_0115,UniCredit_0115|UniCredit_0006|UniCredit_0005|UniCredit_0116|UniCredit_0011,0,,both_fail,109.754,32.588,109.754,20664,3380,103675,11198
ESRS,"UniCredit__UniCredit_0041__Under ESRS governance reporting on business conduct, has UniCredit specified which internal function holds accountability for implementing its anti-fraud policy across the Group?",,UniCredit,UniCredit,UniCredit,"Under ESRS governance reporting on business conduct, has UniCredit specified which internal function holds accountability for implementing its anti-fraud policy across the Group?",UniCredit_0041,UniCredit_0050,UniCredit_0050|UniCredit_0051|UniCredit_0052|UniCredit_0055|UniCredit_0057,0,,both_fail,73.784,29.933,73.784,15521,2627,53078,6793
ESRS,"UniCredit__UniCredit_0042__For ESRS boundary-setting on value chain due diligence, does UniCredit indicate that its supplier vetting process and counterparty checks are only applied to purchases conducted centrally by Group Procurement, with purchases managed outside that function potentially excluded?",,UniCredit,UniCredit,UniCredit,"For ESRS boundary-setting on value chain due diligence, does UniCredit indicate that its supplier vetting process and counterparty checks are only applied to purchases conducted centrally by Group Procurement, with purchases managed outside that function potentially excluded?",UniCredit_0042,UniCredit_0051,UniCredit_0051|UniCredit_0052|UniCredit_0050|UniCredit_0057|UniCredit_0058,0,,both_fail,73.163,24.885,73.163,16111,2101,50526,6975
ESRS,"UniCredit__UniCredit_0043__For ESRS policy disclosures, does UniCredit’s expenditure governance require application of the more stringent local legal provisions where these are stricter than the Group’s internal principles?",,UniCredit,UniCredit,UniCredit,"For ESRS policy disclosures, does UniCredit’s expenditure governance require application of the more stringent local legal provisions where these are stricter than the Group’s internal principles?",UniCredit_0043,UniCredit_0052,UniCredit_0052|UniCredit_0050|UniCredit_0051|UniCredit_0055|UniCredit_0057,0,,both_fail,76.994,29.431,76.994,16360,2647,53741,7092
ESRS,UniCredit__UniCredit_0046__Has UniCredit stated that exposures to counterparties not subject to mandatory non-financial reporting are excluded from its green asset ratio computation?,,UniCredit,UniCredit,UniCredit,Has UniCredit stated that exposures to counterparties not subject to mandatory non-financial reporting are excluded from its green asset ratio computation?,UniCredit_0046,UniCredit_0052,UniCredit_0056_intro|UniCredit_0052|UniCredit_0057|UniCredit_0050|UniCredit_0055,0,,both_fail,76.764,28.757,76.764,16311,2580,55225,7666
ESRS,"UniCredit__UniCredit_0050__For ESRS governance reporting, does UniCredit identify a specific internal function as accountable for executing its anti-fraud policy across all Group entities?",,UniCredit,UniCredit,UniCredit,"For ESRS governance reporting, does UniCredit identify a specific internal function as accountable for executing its anti-fraud policy across all Group entities?",UniCredit_0050,UniCredit_0050,UniCredit_0050|UniCredit_0051|UniCredit_0052|UniCredit_0055|UniCredit_0057,1,1.0,both_rank1,78.311,26.002,78.311,15514,1808,53063,6083
ESRS,"UniCredit__UniCredit_0051__For UniCredit, is there an ongoing post-qualification monitoring mechanism that alerts the bank to supplier risk incidents or changes in third‑party risk scores?",,UniCredit,UniCredit,UniCredit,"For UniCredit, is there an ongoing post-qualification monitoring mechanism that alerts the bank to supplier risk incidents or changes in third‑party risk scores?",UniCredit_0051,UniCredit_0051,UniCredit_0051|UniCredit_0052|UniCredit_0055|UniCredit_0050|UniCredit_0057,1,1.0,both_rank1,75.26,28.015,75.26,16006,1984,53481,6410
ESRS,"UniCredit__UniCredit_0057__When a counterparty’s NFRD filing does not separate its Taxonomy KPIs between climate change mitigation and climate change adaptation, which presentation approach does UniCredit apply for those figures in its EU Taxonomy KPI tables?",,UniCredit,UniCredit,UniCredit,"When a counterparty’s NFRD filing does not separate its Taxonomy KPIs between climate change mitigation and climate change adaptation, which presentation approach does UniCredit apply for those figures in its EU Taxonomy KPI tables?",UniCredit_0057,UniCredit_0051,UniCredit_0057|UniCredit_0055|UniCredit_0051|UniCredit_0058|UniCredit_0056_intro,0,1.0,mrr_rank1_only,79.477,31.858,79.477,16104,2561,58399,6897
ESRS,"UniCredit__UniCredit_0058__For household-collateralised lending in Italy, does UniCredit state that properties built before 31 December 2020 are assessed for taxonomy alignment against a regional benchmark representing the most energy-efficient 15% of the building stock?",,UniCredit,UniCredit,UniCredit,"For household-collateralised lending in Italy, does UniCredit state that properties built before 31 December 2020 are assessed for taxonomy alignment against a regional benchmark representing the most energy-efficient 15% of the building stock?",UniCredit_0058,UniCredit_0058,UniCredit_0058|UniCredit_0062|UniCredit_0061|UniCredit_0059|UniCredit_0057,1,1.0,both_rank1,127.816,47.13,127.816,33268,3827,80969,11827
ESRS,"UniCredit__UniCredit_0060__In UniCredit’s AuM KPI disclosure, does the bank state that the headline AuM covers all fund asset classes while the debt and equity subtotals include only those categories recognized by its third‑party data vendor, thereby accounting for situations where the headline exceeds the combined subtotals?",,UniCredit,UniCredit,UniCredit,"In UniCredit’s AuM KPI disclosure, does the bank state that the headline AuM covers all fund asset classes while the debt and equity subtotals include only those categories recognized by its third‑party data vendor, thereby accounting for situations where the headline exceeds the combined subtotals?",UniCredit_0060,,,0,,both_fail,35.963,,35.963,0,0,16486,3176
ESRS,"UniCredit__UniCredit_0072__Under the capex-based off-balance-sheet exposure flow metric as of 31.12.2024, what share of UniCredit’s taxonomy-aligned financial guarantee exposures is designated as transitional?",,UniCredit,UniCredit,UniCredit,"Under the capex-based off-balance-sheet exposure flow metric as of 31.12.2024, what share of UniCredit’s taxonomy-aligned financial guarantee exposures is designated as transitional?",UniCredit_0072,UniCredit_0072,UniCredit_0072|UniCredit_0071|UniCredit_0070|UniCredit_0069|UniCredit_0068,1,1.0,both_rank1,105.262,40.198,105.262,26610,3637,66970,10923
ESRS,"UniCredit__UniCredit_0090__For ESRS E1-3 on actions and resources, has UniCredit identified the specific consolidated financial statement line where the capital expenditures for its climate action plan (primarily ICT-related) are recognised?",,UniCredit,UniCredit,UniCredit,"For ESRS E1-3 on actions and resources, has UniCredit identified the specific consolidated financial statement line where the capital expenditures for its climate action plan (primarily ICT-related) are recognised?",UniCredit_0090,UniCredit_0091,UniCredit_0090|UniCredit_0091|UniCredit_0089|UniCredit_0001,0,1.0,mrr_rank1_only,92.658,34.863,92.658,36690,2969,95721,7974
ESRS,"UniCredit__UniCredit_0096__Within UniCredit’s Strategy disclosure, does UniCredit clearly state that its 2024 exercise to identify industries with the highest exposure to nature-related risks remains at a preliminary stage due to limited data availability?",,UniCredit,UniCredit,UniCredit,"Within UniCredit’s Strategy disclosure, does UniCredit clearly state that its 2024 exercise to identify industries with the highest exposure to nature-related risks remains at a preliminary stage due to limited data availability?",UniCredit_0096,UniCredit_0006,UniCredit_0006|UniCredit_0010|UniCredit_0009|UniCredit_0008|UniCredit_0005,0,,both_fail,103.434,26.627,103.434,35259,2394,109438,9285
ESRS,"UniCredit__UniCredit_0099__Under ESRS E5-3, does UniCredit state that it is relying on a transitional provision and, as a consequence, has not set quantitative targets for resource efficiency and circularity in its financed portfolio?",,UniCredit,UniCredit,UniCredit,"Under ESRS E5-3, does UniCredit state that it is relying on a transitional provision and, as a consequence, has not set quantitative targets for resource efficiency and circularity in its financed portfolio?",UniCredit_0099,UniCredit_0099,UniCredit_0099|UniCredit_0098_intro|UniCredit_0102,1,1.0,both_rank1,100.288,60.175,100.288,39421,5315,65598,8965
ESRS,"UniCredit__UniCredit_0103__Under ESRS S1-17 paragraph 104, did UniCredit report whether any severe human rights incidents occurred in 2024?",,UniCredit,UniCredit,UniCredit,"Under ESRS S1-17 paragraph 104, did UniCredit report whether any severe human rights incidents occurred in 2024?",UniCredit_0103,UniCredit_0103,UniCredit_0103|UniCredit_0105|UniCredit_0102,1,1.0,both_rank1,92.485,20.74,92.485,21765,1863,64478,8508
ESRS,"UniCredit__UniCredit_0068__In UniCredit’s 31.12.2024 GAR KPI flow (capex-based) disclosure, does the bank make clear that the Green Asset Ratio is computed using the same set of covered assets for both the numerator and the denominator?",,UniCredit,UniCredit,UniCredit,"In UniCredit’s 31.12.2024 GAR KPI flow (capex-based) disclosure, does the bank make clear that the Green Asset Ratio is computed using the same set of covered assets for both the numerator and the denominator?",UniCredit_0068,UniCredit_0068,UniCredit_0068|UniCredit_0067|UniCredit_0066|UniCredit_0063|UniCredit_0062,1,1.0,both_rank1,161.983,35.741,161.983,29239,3243,120996,16038
ESRS,"UniCredit__UniCredit_0108__For ESRS S3-3, does UniCredit state that it has put in place formal grievance channels for affected communities and defined remediation procedures for community-related adverse impacts?",,UniCredit,UniCredit,UniCredit,"For ESRS S3-3, does UniCredit state that it has put in place formal grievance channels for affected communities and defined remediation procedures for community-related adverse impacts?",UniCredit_0108,UniCredit_0108,UniCredit_0108|UniCredit_0013|UniCredit_0006|UniCredit_0014,1,1.0,both_rank1,143.338,31.736,143.338,31166,2665,138626,13917
ESRS,"UniCredit__UniCredit_0111__Under ESRS S3-5, does UniCredit disclose that it currently has no defined targets to enhance positive community outcomes or to pursue material opportunities, and attribute this to the fact that it has not yet measured the positive impacts generated by its activities?",,UniCredit,UniCredit,UniCredit,"Under ESRS S3-5, does UniCredit disclose that it currently has no defined targets to enhance positive community outcomes or to pursue material opportunities, and attribute this to the fact that it has not yet measured the positive impacts generated by its activities?",UniCredit_0111,UniCredit_0111,UniCredit_0109|UniCredit_0111|UniCredit_0108,1,2.0,accuracy_only_mrr_lower,84.732,24.19,84.732,29955,2669,86481,9317
ESRS,"UniCredit__UniCredit_0112__For UniCredit, are key performance indicators on cyber incidents formally adopted as ESG targets, or are they stated to be used only for internal monitoring purposes?",,UniCredit,UniCredit,UniCredit,"For UniCredit, are key performance indicators on cyber incidents formally adopted as ESG targets, or are they stated to be used only for internal monitoring purposes?",UniCredit_0112,UniCredit_0112,UniCredit_0112|UniCredit_0111|UniCredit_0005|UniCredit_0006|UniCredit_0008,1,1.0,both_rank1,131.898,117.318,131.898,95766,10723,158103,11973
ESRS,"UniCredit__UniCredit_0116__For ESRS G1-6 on payment practices, does UniCredit disclose the statistical confidence level applied when it sampled invoices because a full-population analysis was not feasible?",,UniCredit,UniCredit,UniCredit,"For ESRS G1-6 on payment practices, does UniCredit disclose the statistical confidence level applied when it sampled invoices because a full-population analysis was not feasible?",UniCredit_0116,UniCredit_0116,UniCredit_0116|UniCredit_0115|UniCredit_0013|UniCredit_0011|UniCredit_0014,1,1.0,both_rank1,72.356,23.723,72.356,12055,1676,62532,6081
ESRS,"UniCredit__UniCredit_0070__For UniCredit, does the capex-based off-balance-sheet KPI (as a percentage of total eligible off-balance-sheet assets) report, within the climate change mitigation (CCM) objective for financial guarantees, the portion of the taxonomy-aligned amount designated as transitional activities?",,UniCredit,UniCredit,UniCredit,"For UniCredit, does the capex-based off-balance-sheet KPI (as a percentage of total eligible off-balance-sheet assets) report, within the climate change mitigation (CCM) objective for financial guarantees, the portion of the taxonomy-aligned amount designated as transitional activities?",UniCredit_0070,UniCredit_0072,UniCredit_0072|UniCredit_0070|UniCredit_0069|UniCredit_0071|UniCredit_0068,0,2.0,mrr_lower_only,178.455,59.183,178.455,26763,3804,77923,11209
ESRS,"DNB__DNB_0031__Within its asset manager KPI disclosure, does DNB quantify the share of Taxonomy-aligned exposures to non-financial undertakings that are subject to Articles 19a and 29a relative to the assets included in the KPI scope, and if so, what turnover- and capex-based percentages are reported?",,DNB,DNB,DNB,"Within its asset manager KPI disclosure, does DNB quantify the share of Taxonomy-aligned exposures to non-financial undertakings that are subject to Articles 19a and 29a relative to the assets included in the KPI scope, and if so, what turnover- and capex-based percentages are reported?",DNB_0031,DNB_0031,DNB_0031|DNB_0069|DNB_0065|DNB_0064|DNB_0063,1,1.0,both_rank1,178.423,28.345,178.423,48022,1784,184800,13331
