dataset,result_file,method,model,variant,top_m,bank,n_queries,accuracy_at_1,hit_at_5,mrr_at_5,document_accuracy_at_1,avg_latency_seconds,avg_top1_latency_seconds,avg_top5_latency_seconds,avg_input_tokens,avg_output_tokens,avg_total_tokens,avg_top1_input_tokens,avg_top1_output_tokens,avg_top1_total_tokens,avg_top5_input_tokens,avg_top5_output_tokens,avg_top5_total_tokens,successful_rows,accuracy_at_1_pct,hit_at_5_pct,mrr_at_5_pct,document_accuracy_at_1_pct
ESRS,bm25_query_results.jsonl,BM25,–,standard,,ABN Amro,53,0.49056603773584906,0.8301886792452831,0.6358490566037737,0.9433962264150944,0.015535622641509435,0.015535622641509435,0.015535622641509435,0.0,0.0,0.0,0.0,0.0,0.0,0.0,0.0,0.0,53,49.056603773584904,83.01886792452831,63.584905660377366,94.33962264150944
ESRS,bm25_query_results.jsonl,BM25,–,standard,,BBVA,3,1.0,1.0,1.0,1.0,0.02469766666666667,0.02469766666666667,0.02469766666666667,0.0,0.0,0.0,0.0,0.0,0.0,0.0,0.0,0.0,3,100.0,100.0,100.0,100.0
ESRS,bm25_query_results.jsonl,BM25,–,standard,,BNP Paribas,13,0.5384615384615384,0.9230769230769231,0.6884615384615385,0.9230769230769231,0.01633676923076923,0.01633676923076923,0.01633676923076923,0.0,0.0,0.0,0.0,0.0,0.0,0.0,0.0,0.0,13,53.84615384615385,92.3076923076923,68.84615384615384,92.3076923076923
ESRS,bm25_query_results.jsonl,BM25,–,standard,,Banca Monte dei Paschi di Siena,78,0.24358974358974358,0.4230769230769231,0.31517094017094016,0.9487179487179487,0.016430384615384614,0.016430384615384614,0.016430384615384614,0.0,0.0,0.0,0.0,0.0,0.0,0.0,0.0,0.0,78,24.358974358974358,42.30769230769231,31.517094017094017,94.87179487179486
ESRS,bm25_query_results.jsonl,BM25,–,standard,,Banque Postale,95,0.47368421052631576,0.8,0.6049122807017544,0.9368421052631579,0.012596557894736843,0.012596557894736843,0.012596557894736843,0.0,0.0,0.0,0.0,0.0,0.0,0.0,0.0,0.0,95,47.368421052631575,80.0,60.49122807017544,93.6842105263158
ESRS,bm25_query_results.jsonl,BM25,–,standard,,Belfius,33,0.42424242424242425,0.7575757575757576,0.5363636363636364,0.7878787878787878,0.011644909090909091,0.011644909090909091,0.011644909090909091,0.0,0.0,0.0,0.0,0.0,0.0,0.0,0.0,0.0,33,42.42424242424242,75.75757575757575,53.63636363636364,78.78787878787878
ESRS,bm25_query_results.jsonl,BM25,–,standard,,Caixa Geral de Depósitos,3,1.0,1.0,1.0,1.0,0.013296666666666667,0.013296666666666667,0.013296666666666667,0.0,0.0,0.0,0.0,0.0,0.0,0.0,0.0,0.0,3,100.0,100.0,100.0,100.0
ESRS,bm25_query_results.jsonl,BM25,–,standard,,CaixaBank,32,0.375,0.78125,0.546875,0.625,0.0119494375,0.0119494375,0.0119494375,0.0,0.0,0.0,0.0,0.0,0.0,0.0,0.0,0.0,32,37.5,78.125,54.6875,62.5
ESRS,bm25_query_results.jsonl,BM25,–,standard,,DNB,50,0.52,0.8,0.6366666666666666,0.82,0.011501319999999999,0.011501319999999999,0.011501319999999999,0.0,0.0,0.0,0.0,0.0,0.0,0.0,0.0,0.0,50,52.0,80.0,63.66666666666666,82.0
ESRS,bm25_query_results.jsonl,BM25,–,standard,,Deutsche Bank,13,0.46153846153846156,0.6153846153846154,0.5256410256410257,0.8461538461538461,0.012068923076923078,0.012068923076923078,0.012068923076923078,0.0,0.0,0.0,0.0,0.0,0.0,0.0,0.0,0.0,13,46.15384615384615,61.53846153846154,52.56410256410257,84.61538461538461
ESRS,bm25_query_results.jsonl,BM25,–,standard,,ING,46,0.5,0.6521739130434783,0.5550724637681159,0.5652173913043478,0.011910239130434782,0.011910239130434782,0.011910239130434782,0.0,0.0,0.0,0.0,0.0,0.0,0.0,0.0,0.0,46,50.0,65.21739130434783,55.507246376811594,56.52173913043478
ESRS,bm25_query_results.jsonl,BM25,–,standard,,Intesa Sanpaolo,106,0.5,0.7452830188679245,0.5772012578616352,0.8207547169811321,0.013196528301886792,0.013196528301886792,0.013196528301886792,0.0,0.0,0.0,0.0,0.0,0.0,0.0,0.0,0.0,106,50.0,74.52830188679245,57.72012578616352,82.0754716981132
ESRS,bm25_query_results.jsonl,BM25,–,standard,,KBC Group,32,0.5625,0.78125,0.6348958333333333,0.71875,0.01306121875,0.01306121875,0.01306121875,0.0,0.0,0.0,0.0,0.0,0.0,0.0,0.0,0.0,32,56.25,78.125,63.489583333333336,71.875
ESRS,bm25_query_results.jsonl,BM25,–,standard,,KfW,24,0.6666666666666666,0.9166666666666666,0.7604166666666666,0.875,0.014194875000000001,0.014194875000000001,0.014194875000000001,0.0,0.0,0.0,0.0,0.0,0.0,0.0,0.0,0.0,24,66.66666666666666,91.66666666666666,76.04166666666666,87.5
ESRS,bm25_query_results.jsonl,BM25,–,standard,,Nordea Bank,21,0.42857142857142855,0.6666666666666666,0.5357142857142857,0.7619047619047619,0.011994238095238096,0.011994238095238096,0.011994238095238096,0.0,0.0,0.0,0.0,0.0,0.0,0.0,0.0,0.0,21,42.857142857142854,66.66666666666666,53.57142857142857,76.19047619047619
ESRS,bm25_query_results.jsonl,BM25,–,standard,,OTP Bank,79,0.3670886075949367,0.5949367088607594,0.46139240506329116,0.7848101265822784,0.012129012658227849,0.012129012658227849,0.012129012658227849,0.0,0.0,0.0,0.0,0.0,0.0,0.0,0.0,0.0,79,36.708860759493675,59.49367088607595,46.139240506329116,78.48101265822784
ESRS,bm25_query_results.jsonl,BM25,–,standard,,PKO Bank Polski,36,0.4722222222222222,0.7222222222222222,0.5773148148148147,0.9444444444444444,0.013005527777777777,0.013005527777777777,0.013005527777777777,0.0,0.0,0.0,0.0,0.0,0.0,0.0,0.0,0.0,36,47.22222222222222,72.22222222222221,57.731481481481474,94.44444444444444
ESRS,bm25_query_results.jsonl,BM25,–,standard,,Pekao,32,0.5625,0.9375,0.6828125,0.875,0.01349890625,0.01349890625,0.01349890625,0.0,0.0,0.0,0.0,0.0,0.0,0.0,0.0,0.0,32,56.25,93.75,68.28125,87.5
ESRS,bm25_query_results.jsonl,BM25,–,standard,,Raiffeisen Bank International,83,0.30120481927710846,0.5060240963855421,0.37710843373493974,0.6385542168674698,0.012625638554216867,0.012625638554216867,0.012625638554216867,0.0,0.0,0.0,0.0,0.0,0.0,0.0,0.0,0.0,83,30.120481927710845,50.602409638554214,37.71084337349397,63.85542168674698
ESRS,bm25_query_results.jsonl,BM25,–,standard,,Santander,31,0.25806451612903225,0.45161290322580644,0.3290322580645161,0.5806451612903226,0.012081096774193549,0.012081096774193549,0.012081096774193549,0.0,0.0,0.0,0.0,0.0,0.0,0.0,0.0,0.0,31,25.806451612903224,45.16129032258064,32.90322580645161,58.06451612903226
ESRS,bm25_query_results.jsonl,BM25,–,standard,,Societe Generale,15,0.6,0.9333333333333333,0.7444444444444444,1.0,0.0143006,0.0143006,0.0143006,0.0,0.0,0.0,0.0,0.0,0.0,0.0,0.0,0.0,15,60.0,93.33333333333333,74.44444444444443,100.0
ESRS,bm25_query_results.jsonl,BM25,–,standard,,Swedbank,85,0.38823529411764707,0.6823529411764706,0.496078431372549,0.6705882352941176,0.011570235294117647,0.011570235294117647,0.011570235294117647,0.0,0.0,0.0,0.0,0.0,0.0,0.0,0.0,0.0,85,38.82352941176471,68.23529411764706,49.607843137254896,67.05882352941175
ESRS,bm25_query_results.jsonl,BM25,–,standard,,UniCredit,37,0.2702702702702703,0.5675675675675675,0.38063063063063063,0.7027027027027027,0.011629432432432432,0.011629432432432432,0.011629432432432432,0.0,0.0,0.0,0.0,0.0,0.0,0.0,0.0,0.0,37,27.027027027027028,56.75675675675676,38.06306306306306,70.27027027027027
ESRS,dense_harrier_oss_v1_0_6b_query_results.jsonl,Dense,Harrier,standard,,ABN Amro,53,0.5471698113207547,0.8679245283018868,0.6726415094339623,0.9245283018867925,0.0010943396226415095,0.0010943396226415095,0.0010943396226415095,0.0,0.0,0.0,0.0,0.0,0.0,0.0,0.0,0.0,53,54.71698113207547,86.79245283018868,67.26415094339623,92.45283018867924
ESRS,dense_harrier_oss_v1_0_6b_query_results.jsonl,Dense,Harrier,standard,,BBVA,3,0.3333333333333333,1.0,0.5833333333333334,0.6666666666666666,0.001,0.001,0.001,0.0,0.0,0.0,0.0,0.0,0.0,0.0,0.0,0.0,3,33.33333333333333,100.0,58.333333333333336,66.66666666666666
ESRS,dense_harrier_oss_v1_0_6b_query_results.jsonl,Dense,Harrier,standard,,BNP Paribas,13,0.6153846153846154,0.9230769230769231,0.7307692307692307,0.8461538461538461,0.001,0.001,0.001,0.0,0.0,0.0,0.0,0.0,0.0,0.0,0.0,0.0,13,61.53846153846154,92.3076923076923,73.07692307692307,84.61538461538461
ESRS,dense_harrier_oss_v1_0_6b_query_results.jsonl,Dense,Harrier,standard,,Banca Monte dei Paschi di Siena,78,0.3974358974358974,0.6538461538461539,0.4935897435897436,0.7948717948717948,0.0010256410256410256,0.0010256410256410256,0.0010256410256410256,0.0,0.0,0.0,0.0,0.0,0.0,0.0,0.0,0.0,78,39.743589743589745,65.38461538461539,49.358974358974365,79.48717948717949
ESRS,dense_harrier_oss_v1_0_6b_query_results.jsonl,Dense,Harrier,standard,,Banque Postale,95,0.49473684210526314,0.8315789473684211,0.6105263157894737,0.9578947368421052,0.0010210526315789475,0.0010210526315789475,0.0010210526315789475,0.0,0.0,0.0,0.0,0.0,0.0,0.0,0.0,0.0,95,49.473684210526315,83.15789473684211,61.05263157894737,95.78947368421052
ESRS,dense_harrier_oss_v1_0_6b_query_results.jsonl,Dense,Harrier,standard,,Belfius,33,0.5454545454545454,0.9090909090909091,0.6813131313131313,0.9393939393939394,0.001,0.001,0.001,0.0,0.0,0.0,0.0,0.0,0.0,0.0,0.0,0.0,33,54.54545454545454,90.9090909090909,68.13131313131314,93.93939393939394
ESRS,dense_harrier_oss_v1_0_6b_query_results.jsonl,Dense,Harrier,standard,,Caixa Geral de Depósitos,3,0.0,0.6666666666666666,0.3333333333333333,0.6666666666666666,0.001,0.001,0.001,0.0,0.0,0.0,0.0,0.0,0.0,0.0,0.0,0.0,3,0.0,66.66666666666666,33.33333333333333,66.66666666666666
ESRS,dense_harrier_oss_v1_0_6b_query_results.jsonl,Dense,Harrier,standard,,CaixaBank,32,0.5,0.78125,0.6041666666666666,0.75,0.001,0.001,0.001,0.0,0.0,0.0,0.0,0.0,0.0,0.0,0.0,0.0,32,50.0,78.125,60.416666666666664,75.0
ESRS,dense_harrier_oss_v1_0_6b_query_results.jsonl,Dense,Harrier,standard,,DNB,50,0.58,0.92,0.7053333333333334,0.9,0.001,0.001,0.001,0.0,0.0,0.0,0.0,0.0,0.0,0.0,0.0,0.0,50,57.99999999999999,92.0,70.53333333333333,90.0
ESRS,dense_harrier_oss_v1_0_6b_query_results.jsonl,Dense,Harrier,standard,,Deutsche Bank,13,0.6153846153846154,0.8461538461538461,0.6987179487179488,0.9230769230769231,0.001,0.001,0.001,0.0,0.0,0.0,0.0,0.0,0.0,0.0,0.0,0.0,13,61.53846153846154,84.61538461538461,69.87179487179488,92.3076923076923
ESRS,dense_harrier_oss_v1_0_6b_query_results.jsonl,Dense,Harrier,standard,,ING,46,0.5434782608695652,0.8043478260869565,0.6481884057971015,0.8913043478260869,0.0010434782608695653,0.0010434782608695653,0.0010434782608695653,0.0,0.0,0.0,0.0,0.0,0.0,0.0,0.0,0.0,46,54.347826086956516,80.43478260869566,64.81884057971014,89.13043478260869
ESRS,dense_harrier_oss_v1_0_6b_query_results.jsonl,Dense,Harrier,standard,,Intesa Sanpaolo,106,0.4528301886792453,0.7264150943396226,0.5647798742138365,0.9528301886792453,0.001018867924528302,0.001018867924528302,0.001018867924528302,0.0,0.0,0.0,0.0,0.0,0.0,0.0,0.0,0.0,106,45.28301886792453,72.64150943396226,56.477987421383645,95.28301886792453
ESRS,dense_harrier_oss_v1_0_6b_query_results.jsonl,Dense,Harrier,standard,,KBC Group,32,0.625,0.8125,0.6911458333333333,0.9375,0.001,0.001,0.001,0.0,0.0,0.0,0.0,0.0,0.0,0.0,0.0,0.0,32,62.5,81.25,69.11458333333333,93.75
ESRS,dense_harrier_oss_v1_0_6b_query_results.jsonl,Dense,Harrier,standard,,KfW,24,0.5416666666666666,0.8333333333333334,0.6576388888888889,0.875,0.001,0.001,0.001,0.0,0.0,0.0,0.0,0.0,0.0,0.0,0.0,0.0,24,54.166666666666664,83.33333333333334,65.76388888888889,87.5
ESRS,dense_harrier_oss_v1_0_6b_query_results.jsonl,Dense,Harrier,standard,,Nordea Bank,21,0.2857142857142857,0.8571428571428571,0.4880952380952381,0.9523809523809523,0.001,0.001,0.001,0.0,0.0,0.0,0.0,0.0,0.0,0.0,0.0,0.0,21,28.57142857142857,85.71428571428571,48.80952380952381,95.23809523809523
ESRS,dense_harrier_oss_v1_0_6b_query_results.jsonl,Dense,Harrier,standard,,OTP Bank,79,0.3924050632911392,0.6835443037974683,0.49599156118143456,0.8987341772151899,0.001,0.001,0.001,0.0,0.0,0.0,0.0,0.0,0.0,0.0,0.0,0.0,79,39.24050632911392,68.35443037974683,49.599156118143455,89.87341772151899
ESRS,dense_harrier_oss_v1_0_6b_query_results.jsonl,Dense,Harrier,standard,,PKO Bank Polski,36,0.5,0.8611111111111112,0.6759259259259259,0.9444444444444444,0.001,0.001,0.001,0.0,0.0,0.0,0.0,0.0,0.0,0.0,0.0,0.0,36,50.0,86.11111111111111,67.5925925925926,94.44444444444444
ESRS,dense_harrier_oss_v1_0_6b_query_results.jsonl,Dense,Harrier,standard,,Pekao,32,0.46875,0.8125,0.6197916666666666,0.9375,0.001,0.001,0.001,0.0,0.0,0.0,0.0,0.0,0.0,0.0,0.0,0.0,32,46.875,81.25,61.979166666666664,93.75
ESRS,dense_harrier_oss_v1_0_6b_query_results.jsonl,Dense,Harrier,standard,,Raiffeisen Bank International,83,0.37349397590361444,0.6265060240963856,0.47489959839357426,0.8795180722891566,0.001,0.001,0.001,0.0,0.0,0.0,0.0,0.0,0.0,0.0,0.0,0.0,83,37.34939759036144,62.65060240963856,47.489959839357425,87.95180722891565
ESRS,dense_harrier_oss_v1_0_6b_query_results.jsonl,Dense,Harrier,standard,,Santander,31,0.3548387096774194,0.6129032258064516,0.4483870967741936,0.6451612903225806,0.001,0.001,0.001,0.0,0.0,0.0,0.0,0.0,0.0,0.0,0.0,0.0,31,35.483870967741936,61.29032258064516,44.83870967741936,64.51612903225806
ESRS,dense_harrier_oss_v1_0_6b_query_results.jsonl,Dense,Harrier,standard,,Societe Generale,15,0.5333333333333333,0.6666666666666666,0.5777777777777777,0.6666666666666666,0.001,0.001,0.001,0.0,0.0,0.0,0.0,0.0,0.0,0.0,0.0,0.0,15,53.333333333333336,66.66666666666666,57.77777777777777,66.66666666666666
ESRS,dense_harrier_oss_v1_0_6b_query_results.jsonl,Dense,Harrier,standard,,Swedbank,85,0.5058823529411764,0.8117647058823529,0.6256862745098039,0.9529411764705882,0.001,0.001,0.001,0.0,0.0,0.0,0.0,0.0,0.0,0.0,0.0,0.0,85,50.588235294117645,81.17647058823529,62.56862745098039,95.29411764705881
ESRS,dense_harrier_oss_v1_0_6b_query_results.jsonl,Dense,Harrier,standard,,UniCredit,37,0.6486486486486487,0.8378378378378378,0.709009009009009,0.918918918918919,0.001,0.001,0.001,0.0,0.0,0.0,0.0,0.0,0.0,0.0,0.0,0.0,37,64.86486486486487,83.78378378378379,70.9009009009009,91.8918918918919
ESRS,dense_linq_embed_mistral_query_results.jsonl,Dense,Linq-Embed-Mistral,standard,,ABN Amro,53,0.6037735849056604,0.9433962264150944,0.7418238993710691,0.8490566037735849,0.0033584905660377358,0.0033584905660377358,0.0033584905660377358,0.0,0.0,0.0,0.0,0.0,0.0,0.0,0.0,0.0,53,60.37735849056604,94.33962264150944,74.1823899371069,84.90566037735849
ESRS,dense_linq_embed_mistral_query_results.jsonl,Dense,Linq-Embed-Mistral,standard,,BBVA,3,0.3333333333333333,1.0,0.5277777777777778,1.0,0.0030000000000000005,0.0030000000000000005,0.0030000000000000005,0.0,0.0,0.0,0.0,0.0,0.0,0.0,0.0,0.0,3,33.33333333333333,100.0,52.77777777777778,100.0
ESRS,dense_linq_embed_mistral_query_results.jsonl,Dense,Linq-Embed-Mistral,standard,,BNP Paribas,13,0.46153846153846156,0.6153846153846154,0.5384615384615384,0.6923076923076923,0.003076923076923077,0.003076923076923077,0.003076923076923077,0.0,0.0,0.0,0.0,0.0,0.0,0.0,0.0,0.0,13,46.15384615384615,61.53846153846154,53.84615384615385,69.23076923076923
ESRS,dense_linq_embed_mistral_query_results.jsonl,Dense,Linq-Embed-Mistral,standard,,Banca Monte dei Paschi di Siena,78,0.3974358974358974,0.6410256410256411,0.48141025641025637,0.9358974358974359,0.003128205128205128,0.003128205128205128,0.003128205128205128,0.0,0.0,0.0,0.0,0.0,0.0,0.0,0.0,0.0,78,39.743589743589745,64.1025641025641,48.141025641025635,93.58974358974359
ESRS,dense_linq_embed_mistral_query_results.jsonl,Dense,Linq-Embed-Mistral,standard,,Banque Postale,95,0.5894736842105263,0.8631578947368421,0.6875438596491228,1.0,0.0030210526315789478,0.0030210526315789478,0.0030210526315789478,0.0,0.0,0.0,0.0,0.0,0.0,0.0,0.0,0.0,95,58.94736842105262,86.31578947368422,68.75438596491227,100.0
ESRS,dense_linq_embed_mistral_query_results.jsonl,Dense,Linq-Embed-Mistral,standard,,Belfius,33,0.5454545454545454,0.7878787878787878,0.6464646464646464,0.9393939393939394,0.0032424242424242424,0.0032424242424242424,0.0032424242424242424,0.0,0.0,0.0,0.0,0.0,0.0,0.0,0.0,0.0,33,54.54545454545454,78.78787878787878,64.64646464646464,93.93939393939394
ESRS,dense_linq_embed_mistral_query_results.jsonl,Dense,Linq-Embed-Mistral,standard,,Caixa Geral de Depósitos,3,0.0,0.3333333333333333,0.16666666666666666,0.3333333333333333,0.0033333333333333335,0.0033333333333333335,0.0033333333333333335,0.0,0.0,0.0,0.0,0.0,0.0,0.0,0.0,0.0,3,0.0,33.33333333333333,16.666666666666664,33.33333333333333
ESRS,dense_linq_embed_mistral_query_results.jsonl,Dense,Linq-Embed-Mistral,standard,,CaixaBank,32,0.5,0.65625,0.5677083333333334,0.8125,0.00303125,0.00303125,0.00303125,0.0,0.0,0.0,0.0,0.0,0.0,0.0,0.0,0.0,32,50.0,65.625,56.770833333333336,81.25
ESRS,dense_linq_embed_mistral_query_results.jsonl,Dense,Linq-Embed-Mistral,standard,,DNB,50,0.66,0.86,0.7416666666666667,0.92,0.0031,0.0031,0.0031,0.0,0.0,0.0,0.0,0.0,0.0,0.0,0.0,0.0,50,66.0,86.0,74.16666666666667,92.0
ESRS,dense_linq_embed_mistral_query_results.jsonl,Dense,Linq-Embed-Mistral,standard,,Deutsche Bank,13,0.46153846153846156,0.6153846153846154,0.5256410256410257,0.8461538461538461,0.004076923076923077,0.004076923076923077,0.004076923076923077,0.0,0.0,0.0,0.0,0.0,0.0,0.0,0.0,0.0,13,46.15384615384615,61.53846153846154,52.56410256410257,84.61538461538461
ESRS,dense_linq_embed_mistral_query_results.jsonl,Dense,Linq-Embed-Mistral,standard,,ING,46,0.5869565217391305,0.8260869565217391,0.6753623188405797,0.9565217391304348,0.004021739130434783,0.004021739130434783,0.004021739130434783,0.0,0.0,0.0,0.0,0.0,0.0,0.0,0.0,0.0,46,58.69565217391305,82.6086956521739,67.53623188405797,95.65217391304348
ESRS,dense_linq_embed_mistral_query_results.jsonl,Dense,Linq-Embed-Mistral,standard,,Intesa Sanpaolo,106,0.5471698113207547,0.8018867924528302,0.6518867924528301,0.9528301886792453,0.003245283018867925,0.003245283018867925,0.003245283018867925,0.0,0.0,0.0,0.0,0.0,0.0,0.0,0.0,0.0,106,54.71698113207547,80.18867924528303,65.18867924528301,95.28301886792453
ESRS,dense_linq_embed_mistral_query_results.jsonl,Dense,Linq-Embed-Mistral,standard,,KBC Group,32,0.53125,0.78125,0.6166666666666667,0.75,0.0035,0.0035,0.0035,0.0,0.0,0.0,0.0,0.0,0.0,0.0,0.0,0.0,32,53.125,78.125,61.66666666666667,75.0
ESRS,dense_linq_embed_mistral_query_results.jsonl,Dense,Linq-Embed-Mistral,standard,,KfW,24,0.5416666666666666,0.7916666666666666,0.6347222222222222,0.875,0.0030416666666666665,0.0030416666666666665,0.0030416666666666665,0.0,0.0,0.0,0.0,0.0,0.0,0.0,0.0,0.0,24,54.166666666666664,79.16666666666666,63.47222222222222,87.5
ESRS,dense_linq_embed_mistral_query_results.jsonl,Dense,Linq-Embed-Mistral,standard,,Nordea Bank,21,0.42857142857142855,0.9047619047619048,0.5952380952380952,1.0,0.003,0.003,0.003,0.0,0.0,0.0,0.0,0.0,0.0,0.0,0.0,0.0,21,42.857142857142854,90.47619047619048,59.523809523809526,100.0
ESRS,dense_linq_embed_mistral_query_results.jsonl,Dense,Linq-Embed-Mistral,standard,,OTP Bank,79,0.43037974683544306,0.6835443037974683,0.5236286919831223,0.9620253164556962,0.00320253164556962,0.00320253164556962,0.00320253164556962,0.0,0.0,0.0,0.0,0.0,0.0,0.0,0.0,0.0,79,43.037974683544306,68.35443037974683,52.36286919831223,96.20253164556962
ESRS,dense_linq_embed_mistral_query_results.jsonl,Dense,Linq-Embed-Mistral,standard,,PKO Bank Polski,36,0.6666666666666666,0.8611111111111112,0.7462962962962963,0.9722222222222222,0.0032500000000000003,0.0032500000000000003,0.0032500000000000003,0.0,0.0,0.0,0.0,0.0,0.0,0.0,0.0,0.0,36,66.66666666666666,86.11111111111111,74.62962962962963,97.22222222222221
ESRS,dense_linq_embed_mistral_query_results.jsonl,Dense,Linq-Embed-Mistral,standard,,Pekao,32,0.625,0.75,0.6677083333333333,0.78125,0.003625,0.003625,0.003625,0.0,0.0,0.0,0.0,0.0,0.0,0.0,0.0,0.0,32,62.5,75.0,66.77083333333333,78.125
ESRS,dense_linq_embed_mistral_query_results.jsonl,Dense,Linq-Embed-Mistral,standard,,Raiffeisen Bank International,83,0.3855421686746988,0.6385542168674698,0.4867469879518072,0.927710843373494,0.0030963855421686746,0.0030963855421686746,0.0030963855421686746,0.0,0.0,0.0,0.0,0.0,0.0,0.0,0.0,0.0,83,38.55421686746988,63.85542168674698,48.674698795180724,92.7710843373494
ESRS,dense_linq_embed_mistral_query_results.jsonl,Dense,Linq-Embed-Mistral,standard,,Santander,31,0.1935483870967742,0.41935483870967744,0.2903225806451613,0.5161290322580645,0.003,0.003,0.003,0.0,0.0,0.0,0.0,0.0,0.0,0.0,0.0,0.0,31,19.35483870967742,41.935483870967744,29.03225806451613,51.61290322580645
ESRS,dense_linq_embed_mistral_query_results.jsonl,Dense,Linq-Embed-Mistral,standard,,Societe Generale,15,0.26666666666666666,0.4,0.29333333333333333,0.6,0.003,0.003,0.003,0.0,0.0,0.0,0.0,0.0,0.0,0.0,0.0,0.0,15,26.666666666666668,40.0,29.333333333333332,60.0
ESRS,dense_linq_embed_mistral_query_results.jsonl,Dense,Linq-Embed-Mistral,standard,,Swedbank,85,0.611764705882353,0.8470588235294118,0.7111764705882353,0.9529411764705882,0.003058823529411765,0.003058823529411765,0.003058823529411765,0.0,0.0,0.0,0.0,0.0,0.0,0.0,0.0,0.0,85,61.1764705882353,84.70588235294117,71.11764705882354,95.29411764705881
ESRS,dense_linq_embed_mistral_query_results.jsonl,Dense,Linq-Embed-Mistral,standard,,UniCredit,37,0.5945945945945946,0.7837837837837838,0.6711711711711711,0.972972972972973,0.0031081081081081085,0.0031081081081081085,0.0031081081081081085,0.0,0.0,0.0,0.0,0.0,0.0,0.0,0.0,0.0,37,59.45945945945946,78.37837837837837,67.1171171171171,97.2972972972973
ESRS,hybrid_pageindex_chunk_rerank_harrier_oss_v1_0_6b_top_m_10_query_results.jsonl,Hybrid PageIndex,Harrier,chunk_rerank,10.0,ABN Amro,53,0.4528301886792453,0.7169811320754716,0.5619496855345911,1.0,0.0001509433962264151,0.0001509433962264151,0.0001509433962264151,0.0,0.0,0.0,0.0,0.0,0.0,0.0,0.0,0.0,53,45.28301886792453,71.69811320754717,56.19496855345911,100.0
ESRS,hybrid_pageindex_chunk_rerank_harrier_oss_v1_0_6b_top_m_10_query_results.jsonl,Hybrid PageIndex,Harrier,chunk_rerank,10.0,BBVA,3,0.6666666666666666,1.0,0.8333333333333334,1.0,0.0,0.0,0.0,0.0,0.0,0.0,0.0,0.0,0.0,0.0,0.0,0.0,3,66.66666666666666,100.0,83.33333333333334,100.0
ESRS,hybrid_pageindex_chunk_rerank_harrier_oss_v1_0_6b_top_m_10_query_results.jsonl,Hybrid PageIndex,Harrier,chunk_rerank,10.0,BNP Paribas,13,0.8461538461538461,0.9230769230769231,0.8717948717948718,1.0,0.0,0.0,0.0,0.0,0.0,0.0,0.0,0.0,0.0,0.0,0.0,0.0,13,84.61538461538461,92.3076923076923,87.17948717948718,100.0
ESRS,hybrid_pageindex_chunk_rerank_harrier_oss_v1_0_6b_top_m_10_query_results.jsonl,Hybrid PageIndex,Harrier,chunk_rerank,10.0,Banca Monte dei Paschi di Siena,78,0.1794871794871795,0.4358974358974359,0.27371794871794874,1.0,0.0001666666666666667,0.0001666666666666667,0.0001666666666666667,0.0,0.0,0.0,0.0,0.0,0.0,0.0,0.0,0.0,78,17.94871794871795,43.58974358974359,27.371794871794876,100.0
ESRS,hybrid_pageindex_chunk_rerank_harrier_oss_v1_0_6b_top_m_10_query_results.jsonl,Hybrid PageIndex,Harrier,chunk_rerank,10.0,Banque Postale,95,0.3894736842105263,0.6421052631578947,0.4898245614035088,0.9894736842105263,0.0003894736842105263,0.0003894736842105263,0.0003894736842105263,0.0,0.0,0.0,0.0,0.0,0.0,0.0,0.0,0.0,95,38.94736842105263,64.21052631578948,48.98245614035088,98.94736842105263
ESRS,hybrid_pageindex_chunk_rerank_harrier_oss_v1_0_6b_top_m_10_query_results.jsonl,Hybrid PageIndex,Harrier,chunk_rerank,10.0,Belfius,33,0.2727272727272727,0.5151515151515151,0.37626262626262624,1.0,6.0606060606060605e-05,6.0606060606060605e-05,6.0606060606060605e-05,0.0,0.0,0.0,0.0,0.0,0.0,0.0,0.0,0.0,33,27.27272727272727,51.515151515151516,37.62626262626262,100.0
ESRS,hybrid_pageindex_chunk_rerank_harrier_oss_v1_0_6b_top_m_10_query_results.jsonl,Hybrid PageIndex,Harrier,chunk_rerank,10.0,Caixa Geral de Depósitos,3,0.0,0.6666666666666666,0.25,0.6666666666666666,0.0,0.0,0.0,0.0,0.0,0.0,0.0,0.0,0.0,0.0,0.0,0.0,3,0.0,66.66666666666666,25.0,66.66666666666666
ESRS,hybrid_pageindex_chunk_rerank_harrier_oss_v1_0_6b_top_m_10_query_results.jsonl,Hybrid PageIndex,Harrier,chunk_rerank,10.0,CaixaBank,32,0.46875,0.6875,0.5625,1.0,9.375e-05,9.375e-05,9.375e-05,0.0,0.0,0.0,0.0,0.0,0.0,0.0,0.0,0.0,32,46.875,68.75,56.25,100.0
ESRS,hybrid_pageindex_chunk_rerank_harrier_oss_v1_0_6b_top_m_10_query_results.jsonl,Hybrid PageIndex,Harrier,chunk_rerank,10.0,DNB,50,0.42,0.56,0.485,0.84,0.00016,0.00016,0.00016,0.0,0.0,0.0,0.0,0.0,0.0,0.0,0.0,0.0,50,42.0,56.00000000000001,48.5,84.0
ESRS,hybrid_pageindex_chunk_rerank_harrier_oss_v1_0_6b_top_m_10_query_results.jsonl,Hybrid PageIndex,Harrier,chunk_rerank,10.0,Deutsche Bank,13,0.5384615384615384,0.6923076923076923,0.6153846153846154,1.0,0.0,0.0,0.0,0.0,0.0,0.0,0.0,0.0,0.0,0.0,0.0,0.0,13,53.84615384615385,69.23076923076923,61.53846153846154,100.0
ESRS,hybrid_pageindex_chunk_rerank_harrier_oss_v1_0_6b_top_m_10_query_results.jsonl,Hybrid PageIndex,Harrier,chunk_rerank,10.0,ING,46,0.5652173913043478,0.717391304347826,0.6072463768115942,0.9782608695652174,2.173913043478261e-05,2.173913043478261e-05,2.173913043478261e-05,0.0,0.0,0.0,0.0,0.0,0.0,0.0,0.0,0.0,46,56.52173913043478,71.73913043478261,60.72463768115942,97.82608695652173
ESRS,hybrid_pageindex_chunk_rerank_harrier_oss_v1_0_6b_top_m_10_query_results.jsonl,Hybrid PageIndex,Harrier,chunk_rerank,10.0,Intesa Sanpaolo,106,0.20754716981132076,0.33962264150943394,0.26572327044025157,1.0,0.00024528301886792453,0.00024528301886792453,0.00024528301886792453,0.0,0.0,0.0,0.0,0.0,0.0,0.0,0.0,0.0,106,20.754716981132077,33.9622641509434,26.572327044025158,100.0
ESRS,hybrid_pageindex_chunk_rerank_harrier_oss_v1_0_6b_top_m_10_query_results.jsonl,Hybrid PageIndex,Harrier,chunk_rerank,10.0,KBC Group,32,0.625,0.78125,0.6901041666666666,1.0,0.0,0.0,0.0,0.0,0.0,0.0,0.0,0.0,0.0,0.0,0.0,0.0,32,62.5,78.125,69.01041666666666,100.0
ESRS,hybrid_pageindex_chunk_rerank_harrier_oss_v1_0_6b_top_m_10_query_results.jsonl,Hybrid PageIndex,Harrier,chunk_rerank,10.0,KfW,24,0.4583333333333333,0.6666666666666666,0.5625,1.0,0.0,0.0,0.0,0.0,0.0,0.0,0.0,0.0,0.0,0.0,0.0,0.0,24,45.83333333333333,66.66666666666666,56.25,100.0
ESRS,hybrid_pageindex_chunk_rerank_harrier_oss_v1_0_6b_top_m_10_query_results.jsonl,Hybrid PageIndex,Harrier,chunk_rerank,10.0,Nordea Bank,21,0.42857142857142855,0.6190476190476191,0.4920634920634921,1.0,9.523809523809524e-05,9.523809523809524e-05,9.523809523809524e-05,0.0,0.0,0.0,0.0,0.0,0.0,0.0,0.0,0.0,21,42.857142857142854,61.904761904761905,49.20634920634921,100.0
ESRS,hybrid_pageindex_chunk_rerank_harrier_oss_v1_0_6b_top_m_10_query_results.jsonl,Hybrid PageIndex,Harrier,chunk_rerank,10.0,OTP Bank,79,0.26582278481012656,0.620253164556962,0.39261603375527426,1.0,5.0632911392405066e-05,5.0632911392405066e-05,5.0632911392405066e-05,0.0,0.0,0.0,0.0,0.0,0.0,0.0,0.0,0.0,79,26.582278481012654,62.0253164556962,39.26160337552743,100.0
ESRS,hybrid_pageindex_chunk_rerank_harrier_oss_v1_0_6b_top_m_10_query_results.jsonl,Hybrid PageIndex,Harrier,chunk_rerank,10.0,PKO Bank Polski,36,0.5277777777777778,0.8333333333333334,0.6666666666666666,1.0,5.555555555555556e-05,5.555555555555556e-05,5.555555555555556e-05,0.0,0.0,0.0,0.0,0.0,0.0,0.0,0.0,0.0,36,52.77777777777778,83.33333333333334,66.66666666666666,100.0
ESRS,hybrid_pageindex_chunk_rerank_harrier_oss_v1_0_6b_top_m_10_query_results.jsonl,Hybrid PageIndex,Harrier,chunk_rerank,10.0,Pekao,32,0.28125,0.375,0.3203125,0.59375,0.0,0.0,0.0,0.0,0.0,0.0,0.0,0.0,0.0,0.0,0.0,0.0,32,28.125,37.5,32.03125,59.375
ESRS,hybrid_pageindex_chunk_rerank_harrier_oss_v1_0_6b_top_m_10_query_results.jsonl,Hybrid PageIndex,Harrier,chunk_rerank,10.0,Raiffeisen Bank International,83,0.2891566265060241,0.46987951807228917,0.364859437751004,1.0,0.0004337349397590362,0.0004337349397590362,0.0004337349397590362,0.0,0.0,0.0,0.0,0.0,0.0,0.0,0.0,0.0,83,28.915662650602407,46.98795180722892,36.4859437751004,100.0
ESRS,hybrid_pageindex_chunk_rerank_harrier_oss_v1_0_6b_top_m_10_query_results.jsonl,Hybrid PageIndex,Harrier,chunk_rerank,10.0,Santander,31,0.1935483870967742,0.22580645161290322,0.2,0.967741935483871,0.0,0.0,0.0,0.0,0.0,0.0,0.0,0.0,0.0,0.0,0.0,0.0,31,19.35483870967742,22.58064516129032,20.0,96.7741935483871
ESRS,hybrid_pageindex_chunk_rerank_harrier_oss_v1_0_6b_top_m_10_query_results.jsonl,Hybrid PageIndex,Harrier,chunk_rerank,10.0,Societe Generale,15,0.7333333333333333,0.9333333333333333,0.8222222222222223,1.0,0.0,0.0,0.0,0.0,0.0,0.0,0.0,0.0,0.0,0.0,0.0,0.0,15,73.33333333333333,93.33333333333333,82.22222222222223,100.0
ESRS,hybrid_pageindex_chunk_rerank_harrier_oss_v1_0_6b_top_m_10_query_results.jsonl,Hybrid PageIndex,Harrier,chunk_rerank,10.0,Swedbank,85,0.5058823529411764,0.788235294117647,0.616078431372549,1.0,0.00010588235294117649,0.00010588235294117649,0.00010588235294117649,0.0,0.0,0.0,0.0,0.0,0.0,0.0,0.0,0.0,85,50.588235294117645,78.82352941176471,61.6078431372549,100.0
ESRS,hybrid_pageindex_chunk_rerank_harrier_oss_v1_0_6b_top_m_10_query_results.jsonl,Hybrid PageIndex,Harrier,chunk_rerank,10.0,UniCredit,37,0.43243243243243246,0.5945945945945946,0.4954954954954955,1.0,0.00016216216216216215,0.00016216216216216215,0.00016216216216216215,0.0,0.0,0.0,0.0,0.0,0.0,0.0,0.0,0.0,37,43.24324324324324,59.45945945945946,49.549549549549546,100.0
ESRS,hybrid_pageindex_chunk_rerank_harrier_oss_v1_0_6b_top_m_5_query_results.jsonl,Hybrid PageIndex,Harrier,chunk_rerank,5.0,ABN Amro,53,0.3584905660377358,0.5094339622641509,0.42610062893081757,1.0,7.547169811320755e-05,7.547169811320755e-05,7.547169811320755e-05,0.0,0.0,0.0,0.0,0.0,0.0,0.0,0.0,0.0,53,35.84905660377358,50.943396226415096,42.61006289308176,100.0
ESRS,hybrid_pageindex_chunk_rerank_harrier_oss_v1_0_6b_top_m_5_query_results.jsonl,Hybrid PageIndex,Harrier,chunk_rerank,5.0,BBVA,3,0.6666666666666666,1.0,0.8333333333333334,1.0,0.0,0.0,0.0,0.0,0.0,0.0,0.0,0.0,0.0,0.0,0.0,0.0,3,66.66666666666666,100.0,83.33333333333334,100.0
ESRS,hybrid_pageindex_chunk_rerank_harrier_oss_v1_0_6b_top_m_5_query_results.jsonl,Hybrid PageIndex,Harrier,chunk_rerank,5.0,BNP Paribas,13,0.8461538461538461,0.9230769230769231,0.8717948717948718,1.0,0.0,0.0,0.0,0.0,0.0,0.0,0.0,0.0,0.0,0.0,0.0,0.0,13,84.61538461538461,92.3076923076923,87.17948717948718,100.0
ESRS,hybrid_pageindex_chunk_rerank_harrier_oss_v1_0_6b_top_m_5_query_results.jsonl,Hybrid PageIndex,Harrier,chunk_rerank,5.0,Banca Monte dei Paschi di Siena,78,0.1794871794871795,0.34615384615384615,0.24764957264957266,1.0,2.5641025641025643e-05,2.5641025641025643e-05,2.5641025641025643e-05,0.0,0.0,0.0,0.0,0.0,0.0,0.0,0.0,0.0,78,17.94871794871795,34.61538461538461,24.764957264957268,100.0
ESRS,hybrid_pageindex_chunk_rerank_harrier_oss_v1_0_6b_top_m_5_query_results.jsonl,Hybrid PageIndex,Harrier,chunk_rerank,5.0,Banque Postale,95,0.2,0.29473684210526313,0.24298245614035086,0.9894736842105263,0.00010526315789473685,0.00010526315789473685,0.00010526315789473685,0.0,0.0,0.0,0.0,0.0,0.0,0.0,0.0,0.0,95,20.0,29.47368421052631,24.298245614035086,98.94736842105263
ESRS,hybrid_pageindex_chunk_rerank_harrier_oss_v1_0_6b_top_m_5_query_results.jsonl,Hybrid PageIndex,Harrier,chunk_rerank,5.0,Belfius,33,0.15151515151515152,0.30303030303030304,0.21717171717171718,1.0,6.0606060606060605e-05,6.0606060606060605e-05,6.0606060606060605e-05,0.0,0.0,0.0,0.0,0.0,0.0,0.0,0.0,0.0,33,15.151515151515152,30.303030303030305,21.71717171717172,100.0
ESRS,hybrid_pageindex_chunk_rerank_harrier_oss_v1_0_6b_top_m_5_query_results.jsonl,Hybrid PageIndex,Harrier,chunk_rerank,5.0,Caixa Geral de Depósitos,3,0.0,0.6666666666666666,0.3333333333333333,0.6666666666666666,0.0,0.0,0.0,0.0,0.0,0.0,0.0,0.0,0.0,0.0,0.0,0.0,3,0.0,66.66666666666666,33.33333333333333,66.66666666666666
ESRS,hybrid_pageindex_chunk_rerank_harrier_oss_v1_0_6b_top_m_5_query_results.jsonl,Hybrid PageIndex,Harrier,chunk_rerank,5.0,CaixaBank,32,0.34375,0.5,0.4046875,1.0,0.0,0.0,0.0,0.0,0.0,0.0,0.0,0.0,0.0,0.0,0.0,0.0,32,34.375,50.0,40.46875,100.0
ESRS,hybrid_pageindex_chunk_rerank_harrier_oss_v1_0_6b_top_m_5_query_results.jsonl,Hybrid PageIndex,Harrier,chunk_rerank,5.0,DNB,50,0.3,0.38,0.34,0.84,4e-05,4e-05,4e-05,0.0,0.0,0.0,0.0,0.0,0.0,0.0,0.0,0.0,50,30.0,38.0,34.0,84.0
ESRS,hybrid_pageindex_chunk_rerank_harrier_oss_v1_0_6b_top_m_5_query_results.jsonl,Hybrid PageIndex,Harrier,chunk_rerank,5.0,Deutsche Bank,13,0.5384615384615384,0.6153846153846154,0.5576923076923077,1.0,0.0,0.0,0.0,0.0,0.0,0.0,0.0,0.0,0.0,0.0,0.0,0.0,13,53.84615384615385,61.53846153846154,55.769230769230774,100.0
ESRS,hybrid_pageindex_chunk_rerank_harrier_oss_v1_0_6b_top_m_5_query_results.jsonl,Hybrid PageIndex,Harrier,chunk_rerank,5.0,ING,46,0.34782608695652173,0.43478260869565216,0.3822463768115942,0.9782608695652174,2.173913043478261e-05,2.173913043478261e-05,2.173913043478261e-05,0.0,0.0,0.0,0.0,0.0,0.0,0.0,0.0,0.0,46,34.78260869565217,43.47826086956522,38.224637681159415,97.82608695652173
ESRS,hybrid_pageindex_chunk_rerank_harrier_oss_v1_0_6b_top_m_5_query_results.jsonl,Hybrid PageIndex,Harrier,chunk_rerank,5.0,Intesa Sanpaolo,106,0.09433962264150944,0.14150943396226415,0.1179245283018868,1.0,5.660377358490566e-05,5.660377358490566e-05,5.660377358490566e-05,0.0,0.0,0.0,0.0,0.0,0.0,0.0,0.0,0.0,106,9.433962264150944,14.150943396226415,11.79245283018868,100.0
ESRS,hybrid_pageindex_chunk_rerank_harrier_oss_v1_0_6b_top_m_5_query_results.jsonl,Hybrid PageIndex,Harrier,chunk_rerank,5.0,KBC Group,32,0.625,0.75,0.6875,1.0,0.0,0.0,0.0,0.0,0.0,0.0,0.0,0.0,0.0,0.0,0.0,0.0,32,62.5,75.0,68.75,100.0
ESRS,hybrid_pageindex_chunk_rerank_harrier_oss_v1_0_6b_top_m_5_query_results.jsonl,Hybrid PageIndex,Harrier,chunk_rerank,5.0,KfW,24,0.4583333333333333,0.5833333333333334,0.5208333333333334,1.0,0.0,0.0,0.0,0.0,0.0,0.0,0.0,0.0,0.0,0.0,0.0,0.0,24,45.83333333333333,58.333333333333336,52.083333333333336,100.0
ESRS,hybrid_pageindex_chunk_rerank_harrier_oss_v1_0_6b_top_m_5_query_results.jsonl,Hybrid PageIndex,Harrier,chunk_rerank,5.0,Nordea Bank,21,0.2857142857142857,0.3333333333333333,0.29523809523809524,1.0,0.0,0.0,0.0,0.0,0.0,0.0,0.0,0.0,0.0,0.0,0.0,0.0,21,28.57142857142857,33.33333333333333,29.523809523809526,100.0
ESRS,hybrid_pageindex_chunk_rerank_harrier_oss_v1_0_6b_top_m_5_query_results.jsonl,Hybrid PageIndex,Harrier,chunk_rerank,5.0,OTP Bank,79,0.16455696202531644,0.35443037974683544,0.24050632911392406,1.0,1.2658227848101267e-05,1.2658227848101267e-05,1.2658227848101267e-05,0.0,0.0,0.0,0.0,0.0,0.0,0.0,0.0,0.0,79,16.455696202531644,35.44303797468354,24.050632911392405,100.0
ESRS,hybrid_pageindex_chunk_rerank_harrier_oss_v1_0_6b_top_m_5_query_results.jsonl,Hybrid PageIndex,Harrier,chunk_rerank,5.0,PKO Bank Polski,36,0.5833333333333334,0.7222222222222222,0.6435185185185186,1.0,2.777777777777778e-05,2.777777777777778e-05,2.777777777777778e-05,0.0,0.0,0.0,0.0,0.0,0.0,0.0,0.0,0.0,36,58.333333333333336,72.22222222222221,64.35185185185186,100.0
ESRS,hybrid_pageindex_chunk_rerank_harrier_oss_v1_0_6b_top_m_5_query_results.jsonl,Hybrid PageIndex,Harrier,chunk_rerank,5.0,Pekao,32,0.28125,0.40625,0.3307291666666667,0.59375,0.0,0.0,0.0,0.0,0.0,0.0,0.0,0.0,0.0,0.0,0.0,0.0,32,28.125,40.625,33.07291666666667,59.375
ESRS,hybrid_pageindex_chunk_rerank_harrier_oss_v1_0_6b_top_m_5_query_results.jsonl,Hybrid PageIndex,Harrier,chunk_rerank,5.0,Raiffeisen Bank International,83,0.20481927710843373,0.3614457831325301,0.264859437751004,1.0,8.433734939759036e-05,8.433734939759036e-05,8.433734939759036e-05,0.0,0.0,0.0,0.0,0.0,0.0,0.0,0.0,0.0,83,20.481927710843372,36.144578313253014,26.485943775100402,100.0
ESRS,hybrid_pageindex_chunk_rerank_harrier_oss_v1_0_6b_top_m_5_query_results.jsonl,Hybrid PageIndex,Harrier,chunk_rerank,5.0,Santander,31,0.16129032258064516,0.16129032258064516,0.16129032258064516,0.967741935483871,0.0,0.0,0.0,0.0,0.0,0.0,0.0,0.0,0.0,0.0,0.0,0.0,31,16.129032258064516,16.129032258064516,16.129032258064516,96.7741935483871
ESRS,hybrid_pageindex_chunk_rerank_harrier_oss_v1_0_6b_top_m_5_query_results.jsonl,Hybrid PageIndex,Harrier,chunk_rerank,5.0,Societe Generale,15,0.5333333333333333,0.6666666666666666,0.6,1.0,0.0,0.0,0.0,0.0,0.0,0.0,0.0,0.0,0.0,0.0,0.0,0.0,15,53.333333333333336,66.66666666666666,60.0,100.0
ESRS,hybrid_pageindex_chunk_rerank_harrier_oss_v1_0_6b_top_m_5_query_results.jsonl,Hybrid PageIndex,Harrier,chunk_rerank,5.0,Swedbank,85,0.4470588235294118,0.611764705882353,0.5127450980392158,1.0,2.3529411764705884e-05,2.3529411764705884e-05,2.3529411764705884e-05,0.0,0.0,0.0,0.0,0.0,0.0,0.0,0.0,0.0,85,44.70588235294118,61.1764705882353,51.274509803921575,100.0
ESRS,hybrid_pageindex_chunk_rerank_harrier_oss_v1_0_6b_top_m_5_query_results.jsonl,Hybrid PageIndex,Harrier,chunk_rerank,5.0,UniCredit,37,0.1891891891891892,0.2702702702702703,0.22522522522522523,1.0,5.4054054054054054e-05,5.4054054054054054e-05,5.4054054054054054e-05,0.0,0.0,0.0,0.0,0.0,0.0,0.0,0.0,0.0,37,18.91891891891892,27.027027027027028,22.52252252252252,100.0
ESRS,hybrid_pageindex_chunk_rerank_harrier_oss_v1_0_6b_top_m_7_query_results.jsonl,Hybrid PageIndex,Harrier,chunk_rerank,7.0,ABN Amro,53,0.37735849056603776,0.5660377358490566,0.46289308176100624,1.0,9.433962264150943e-05,9.433962264150943e-05,9.433962264150943e-05,0.0,0.0,0.0,0.0,0.0,0.0,0.0,0.0,0.0,53,37.735849056603776,56.60377358490566,46.289308176100626,100.0
ESRS,hybrid_pageindex_chunk_rerank_harrier_oss_v1_0_6b_top_m_7_query_results.jsonl,Hybrid PageIndex,Harrier,chunk_rerank,7.0,BBVA,3,0.6666666666666666,1.0,0.8333333333333334,1.0,0.0,0.0,0.0,0.0,0.0,0.0,0.0,0.0,0.0,0.0,0.0,0.0,3,66.66666666666666,100.0,83.33333333333334,100.0
ESRS,hybrid_pageindex_chunk_rerank_harrier_oss_v1_0_6b_top_m_7_query_results.jsonl,Hybrid PageIndex,Harrier,chunk_rerank,7.0,BNP Paribas,13,0.8461538461538461,0.9230769230769231,0.8717948717948718,1.0,0.0,0.0,0.0,0.0,0.0,0.0,0.0,0.0,0.0,0.0,0.0,0.0,13,84.61538461538461,92.3076923076923,87.17948717948718,100.0
ESRS,hybrid_pageindex_chunk_rerank_harrier_oss_v1_0_6b_top_m_7_query_results.jsonl,Hybrid PageIndex,Harrier,chunk_rerank,7.0,Banca Monte dei Paschi di Siena,78,0.20512820512820512,0.3974358974358974,0.2797008547008547,1.0,3.846153846153846e-05,3.846153846153846e-05,3.846153846153846e-05,0.0,0.0,0.0,0.0,0.0,0.0,0.0,0.0,0.0,78,20.51282051282051,39.743589743589745,27.970085470085472,100.0
ESRS,hybrid_pageindex_chunk_rerank_harrier_oss_v1_0_6b_top_m_7_query_results.jsonl,Hybrid PageIndex,Harrier,chunk_rerank,7.0,Banque Postale,95,0.2736842105263158,0.4421052631578947,0.3433333333333333,0.9789473684210527,0.00015789473684210527,0.00015789473684210527,0.00015789473684210527,0.0,0.0,0.0,0.0,0.0,0.0,0.0,0.0,0.0,95,27.368421052631582,44.21052631578947,34.333333333333336,97.89473684210527
ESRS,hybrid_pageindex_chunk_rerank_harrier_oss_v1_0_6b_top_m_7_query_results.jsonl,Hybrid PageIndex,Harrier,chunk_rerank,7.0,Belfius,33,0.18181818181818182,0.42424242424242425,0.2878787878787879,1.0,3.0303030303030302e-05,3.0303030303030302e-05,3.0303030303030302e-05,0.0,0.0,0.0,0.0,0.0,0.0,0.0,0.0,0.0,33,18.181818181818183,42.42424242424242,28.78787878787879,100.0
ESRS,hybrid_pageindex_chunk_rerank_harrier_oss_v1_0_6b_top_m_7_query_results.jsonl,Hybrid PageIndex,Harrier,chunk_rerank,7.0,Caixa Geral de Depósitos,3,0.0,0.6666666666666666,0.25,0.6666666666666666,0.0,0.0,0.0,0.0,0.0,0.0,0.0,0.0,0.0,0.0,0.0,0.0,3,0.0,66.66666666666666,25.0,66.66666666666666
ESRS,hybrid_pageindex_chunk_rerank_harrier_oss_v1_0_6b_top_m_7_query_results.jsonl,Hybrid PageIndex,Harrier,chunk_rerank,7.0,CaixaBank,32,0.40625,0.59375,0.4869791666666667,1.0,9.375e-05,9.375e-05,9.375e-05,0.0,0.0,0.0,0.0,0.0,0.0,0.0,0.0,0.0,32,40.625,59.375,48.69791666666667,100.0
ESRS,hybrid_pageindex_chunk_rerank_harrier_oss_v1_0_6b_top_m_7_query_results.jsonl,Hybrid PageIndex,Harrier,chunk_rerank,7.0,DNB,50,0.36,0.46,0.405,0.84,2e-05,2e-05,2e-05,0.0,0.0,0.0,0.0,0.0,0.0,0.0,0.0,0.0,50,36.0,46.0,40.5,84.0
ESRS,hybrid_pageindex_chunk_rerank_harrier_oss_v1_0_6b_top_m_7_query_results.jsonl,Hybrid PageIndex,Harrier,chunk_rerank,7.0,Deutsche Bank,13,0.6153846153846154,0.7692307692307693,0.6692307692307692,1.0,0.0,0.0,0.0,0.0,0.0,0.0,0.0,0.0,0.0,0.0,0.0,0.0,13,61.53846153846154,76.92307692307693,66.92307692307692,100.0
ESRS,hybrid_pageindex_chunk_rerank_harrier_oss_v1_0_6b_top_m_7_query_results.jsonl,Hybrid PageIndex,Harrier,chunk_rerank,7.0,ING,46,0.4782608695652174,0.6086956521739131,0.518840579710145,0.9782608695652174,4.347826086956522e-05,4.347826086956522e-05,4.347826086956522e-05,0.0,0.0,0.0,0.0,0.0,0.0,0.0,0.0,0.0,46,47.82608695652174,60.86956521739131,51.8840579710145,97.82608695652173
ESRS,hybrid_pageindex_chunk_rerank_harrier_oss_v1_0_6b_top_m_7_query_results.jsonl,Hybrid PageIndex,Harrier,chunk_rerank,7.0,Intesa Sanpaolo,106,0.16037735849056603,0.2358490566037736,0.1941823899371069,1.0,4.7169811320754715e-05,4.7169811320754715e-05,4.7169811320754715e-05,0.0,0.0,0.0,0.0,0.0,0.0,0.0,0.0,0.0,106,16.037735849056602,23.58490566037736,19.41823899371069,100.0
ESRS,hybrid_pageindex_chunk_rerank_harrier_oss_v1_0_6b_top_m_7_query_results.jsonl,Hybrid PageIndex,Harrier,chunk_rerank,7.0,KBC Group,32,0.625,0.8125,0.703125,1.0,0.00015625,0.00015625,0.00015625,0.0,0.0,0.0,0.0,0.0,0.0,0.0,0.0,0.0,32,62.5,81.25,70.3125,100.0
ESRS,hybrid_pageindex_chunk_rerank_harrier_oss_v1_0_6b_top_m_7_query_results.jsonl,Hybrid PageIndex,Harrier,chunk_rerank,7.0,KfW,24,0.4583333333333333,0.625,0.5416666666666666,1.0,0.0,0.0,0.0,0.0,0.0,0.0,0.0,0.0,0.0,0.0,0.0,0.0,24,45.83333333333333,62.5,54.166666666666664,100.0
ESRS,hybrid_pageindex_chunk_rerank_harrier_oss_v1_0_6b_top_m_7_query_results.jsonl,Hybrid PageIndex,Harrier,chunk_rerank,7.0,Nordea Bank,21,0.42857142857142855,0.6190476190476191,0.4920634920634921,1.0,9.523809523809524e-05,9.523809523809524e-05,9.523809523809524e-05,0.0,0.0,0.0,0.0,0.0,0.0,0.0,0.0,0.0,21,42.857142857142854,61.904761904761905,49.20634920634921,100.0
ESRS,hybrid_pageindex_chunk_rerank_harrier_oss_v1_0_6b_top_m_7_query_results.jsonl,Hybrid PageIndex,Harrier,chunk_rerank,7.0,OTP Bank,79,0.21518987341772153,0.4810126582278481,0.32383966244725737,1.0,2.5316455696202533e-05,2.5316455696202533e-05,2.5316455696202533e-05,0.0,0.0,0.0,0.0,0.0,0.0,0.0,0.0,0.0,79,21.518987341772153,48.10126582278481,32.383966244725734,100.0
ESRS,hybrid_pageindex_chunk_rerank_harrier_oss_v1_0_6b_top_m_7_query_results.jsonl,Hybrid PageIndex,Harrier,chunk_rerank,7.0,PKO Bank Polski,36,0.5277777777777778,0.7222222222222222,0.6157407407407408,1.0,5.555555555555556e-05,5.555555555555556e-05,5.555555555555556e-05,0.0,0.0,0.0,0.0,0.0,0.0,0.0,0.0,0.0,36,52.77777777777778,72.22222222222221,61.57407407407408,100.0
ESRS,hybrid_pageindex_chunk_rerank_harrier_oss_v1_0_6b_top_m_7_query_results.jsonl,Hybrid PageIndex,Harrier,chunk_rerank,7.0,Pekao,32,0.28125,0.40625,0.3307291666666667,0.59375,0.0,0.0,0.0,0.0,0.0,0.0,0.0,0.0,0.0,0.0,0.0,0.0,32,28.125,40.625,33.07291666666667,59.375
ESRS,hybrid_pageindex_chunk_rerank_harrier_oss_v1_0_6b_top_m_7_query_results.jsonl,Hybrid PageIndex,Harrier,chunk_rerank,7.0,Raiffeisen Bank International,83,0.25301204819277107,0.4457831325301205,0.32751004016064256,1.0,0.00012048192771084338,0.00012048192771084338,0.00012048192771084338,0.0,0.0,0.0,0.0,0.0,0.0,0.0,0.0,0.0,83,25.301204819277107,44.57831325301205,32.75100401606426,100.0
ESRS,hybrid_pageindex_chunk_rerank_harrier_oss_v1_0_6b_top_m_7_query_results.jsonl,Hybrid PageIndex,Harrier,chunk_rerank,7.0,Santander,31,0.1935483870967742,0.1935483870967742,0.1935483870967742,0.967741935483871,0.0,0.0,0.0,0.0,0.0,0.0,0.0,0.0,0.0,0.0,0.0,0.0,31,19.35483870967742,19.35483870967742,19.35483870967742,96.7741935483871
ESRS,hybrid_pageindex_chunk_rerank_harrier_oss_v1_0_6b_top_m_7_query_results.jsonl,Hybrid PageIndex,Harrier,chunk_rerank,7.0,Societe Generale,15,0.6666666666666666,0.8,0.7222222222222222,1.0,0.0,0.0,0.0,0.0,0.0,0.0,0.0,0.0,0.0,0.0,0.0,0.0,15,66.66666666666666,80.0,72.22222222222221,100.0
ESRS,hybrid_pageindex_chunk_rerank_harrier_oss_v1_0_6b_top_m_7_query_results.jsonl,Hybrid PageIndex,Harrier,chunk_rerank,7.0,Swedbank,85,0.5058823529411764,0.6588235294117647,0.5666666666666667,1.0,5.882352941176471e-05,5.882352941176471e-05,5.882352941176471e-05,0.0,0.0,0.0,0.0,0.0,0.0,0.0,0.0,0.0,85,50.588235294117645,65.88235294117646,56.666666666666664,100.0
ESRS,hybrid_pageindex_chunk_rerank_harrier_oss_v1_0_6b_top_m_7_query_results.jsonl,Hybrid PageIndex,Harrier,chunk_rerank,7.0,UniCredit,37,0.2972972972972973,0.40540540540540543,0.34684684684684686,1.0,2.7027027027027027e-05,2.7027027027027027e-05,2.7027027027027027e-05,0.0,0.0,0.0,0.0,0.0,0.0,0.0,0.0,0.0,37,29.72972972972973,40.54054054054054,34.68468468468468,100.0
ESRS,hybrid_pageindex_chunk_rerank_linq_embed_mistral_top_m_10_query_results.jsonl,Hybrid PageIndex,Linq-Embed-Mistral,chunk_rerank,10.0,ABN Amro,53,0.5660377358490566,0.7169811320754716,0.6273584905660378,1.0,0.0007358490566037735,0.0007358490566037735,0.0007358490566037735,0.0,0.0,0.0,0.0,0.0,0.0,0.0,0.0,0.0,53,56.60377358490566,71.69811320754717,62.735849056603776,100.0
ESRS,hybrid_pageindex_chunk_rerank_linq_embed_mistral_top_m_10_query_results.jsonl,Hybrid PageIndex,Linq-Embed-Mistral,chunk_rerank,10.0,BBVA,3,0.3333333333333333,1.0,0.611111111111111,1.0,0.0,0.0,0.0,0.0,0.0,0.0,0.0,0.0,0.0,0.0,0.0,0.0,3,33.33333333333333,100.0,61.11111111111111,100.0
ESRS,hybrid_pageindex_chunk_rerank_linq_embed_mistral_top_m_10_query_results.jsonl,Hybrid PageIndex,Linq-Embed-Mistral,chunk_rerank,10.0,BNP Paribas,13,0.5384615384615384,0.8461538461538461,0.6371794871794871,1.0,7.692307692307693e-05,7.692307692307693e-05,7.692307692307693e-05,0.0,0.0,0.0,0.0,0.0,0.0,0.0,0.0,0.0,13,53.84615384615385,84.61538461538461,63.717948717948715,100.0
ESRS,hybrid_pageindex_chunk_rerank_linq_embed_mistral_top_m_10_query_results.jsonl,Hybrid PageIndex,Linq-Embed-Mistral,chunk_rerank,10.0,Banca Monte dei Paschi di Siena,78,0.19230769230769232,0.38461538461538464,0.2707264957264957,1.0,0.0008076923076923077,0.0008076923076923077,0.0008076923076923077,0.0,0.0,0.0,0.0,0.0,0.0,0.0,0.0,0.0,78,19.230769230769234,38.46153846153847,27.07264957264957,100.0
ESRS,hybrid_pageindex_chunk_rerank_linq_embed_mistral_top_m_10_query_results.jsonl,Hybrid PageIndex,Linq-Embed-Mistral,chunk_rerank,10.0,Banque Postale,95,0.5578947368421052,0.7368421052631579,0.6305263157894737,1.0,0.0010421052631578948,0.0010421052631578948,0.0010421052631578948,0.0,0.0,0.0,0.0,0.0,0.0,0.0,0.0,0.0,95,55.78947368421052,73.68421052631578,63.05263157894737,100.0
ESRS,hybrid_pageindex_chunk_rerank_linq_embed_mistral_top_m_10_query_results.jsonl,Hybrid PageIndex,Linq-Embed-Mistral,chunk_rerank,10.0,Belfius,33,0.3939393939393939,0.5757575757575758,0.4606060606060606,1.0,0.0009090909090909091,0.0009090909090909091,0.0009090909090909091,0.0,0.0,0.0,0.0,0.0,0.0,0.0,0.0,0.0,33,39.39393939393939,57.57575757575758,46.060606060606055,100.0
ESRS,hybrid_pageindex_chunk_rerank_linq_embed_mistral_top_m_10_query_results.jsonl,Hybrid PageIndex,Linq-Embed-Mistral,chunk_rerank,10.0,Caixa Geral de Depósitos,3,0.3333333333333333,1.0,0.5277777777777778,1.0,0.0006666666666666666,0.0006666666666666666,0.0006666666666666666,0.0,0.0,0.0,0.0,0.0,0.0,0.0,0.0,0.0,3,33.33333333333333,100.0,52.77777777777778,100.0
ESRS,hybrid_pageindex_chunk_rerank_linq_embed_mistral_top_m_10_query_results.jsonl,Hybrid PageIndex,Linq-Embed-Mistral,chunk_rerank,10.0,CaixaBank,32,0.5,0.625,0.5479166666666666,1.0,0.0005,0.0005,0.0005,0.0,0.0,0.0,0.0,0.0,0.0,0.0,0.0,0.0,32,50.0,62.5,54.79166666666666,100.0
ESRS,hybrid_pageindex_chunk_rerank_linq_embed_mistral_top_m_10_query_results.jsonl,Hybrid PageIndex,Linq-Embed-Mistral,chunk_rerank,10.0,DNB,50,0.64,0.84,0.7316666666666667,1.0,0.0008,0.0008,0.0008,0.0,0.0,0.0,0.0,0.0,0.0,0.0,0.0,0.0,50,64.0,84.0,73.16666666666667,100.0
ESRS,hybrid_pageindex_chunk_rerank_linq_embed_mistral_top_m_10_query_results.jsonl,Hybrid PageIndex,Linq-Embed-Mistral,chunk_rerank,10.0,Deutsche Bank,13,0.6153846153846154,0.6923076923076923,0.6410256410256411,1.0,0.0,0.0,0.0,0.0,0.0,0.0,0.0,0.0,0.0,0.0,0.0,0.0,13,61.53846153846154,69.23076923076923,64.1025641025641,100.0
ESRS,hybrid_pageindex_chunk_rerank_linq_embed_mistral_top_m_10_query_results.jsonl,Hybrid PageIndex,Linq-Embed-Mistral,chunk_rerank,10.0,ING,46,0.5217391304347826,0.8260869565217391,0.6224637681159421,1.0,0.0006304347826086957,0.0006304347826086957,0.0006304347826086957,0.0,0.0,0.0,0.0,0.0,0.0,0.0,0.0,0.0,46,52.17391304347826,82.6086956521739,62.2463768115942,100.0
ESRS,hybrid_pageindex_chunk_rerank_linq_embed_mistral_top_m_10_query_results.jsonl,Hybrid PageIndex,Linq-Embed-Mistral,chunk_rerank,10.0,Intesa Sanpaolo,106,0.24528301886792453,0.39622641509433965,0.309748427672956,1.0,0.001,0.001,0.001,0.0,0.0,0.0,0.0,0.0,0.0,0.0,0.0,0.0,106,24.528301886792452,39.62264150943396,30.974842767295602,100.0
ESRS,hybrid_pageindex_chunk_rerank_linq_embed_mistral_top_m_10_query_results.jsonl,Hybrid PageIndex,Linq-Embed-Mistral,chunk_rerank,10.0,KBC Group,32,0.5625,0.71875,0.6208333333333333,1.0,0.0001875,0.0001875,0.0001875,0.0,0.0,0.0,0.0,0.0,0.0,0.0,0.0,0.0,32,56.25,71.875,62.083333333333336,100.0
ESRS,hybrid_pageindex_chunk_rerank_linq_embed_mistral_top_m_10_query_results.jsonl,Hybrid PageIndex,Linq-Embed-Mistral,chunk_rerank,10.0,KfW,24,0.5833333333333334,0.75,0.638888888888889,1.0,0.00025,0.00025,0.00025,0.0,0.0,0.0,0.0,0.0,0.0,0.0,0.0,0.0,24,58.333333333333336,75.0,63.88888888888889,100.0
ESRS,hybrid_pageindex_chunk_rerank_linq_embed_mistral_top_m_10_query_results.jsonl,Hybrid PageIndex,Linq-Embed-Mistral,chunk_rerank,10.0,Nordea Bank,21,0.3333333333333333,0.6666666666666666,0.4722222222222222,1.0,0.0007619047619047619,0.0007619047619047619,0.0007619047619047619,0.0,0.0,0.0,0.0,0.0,0.0,0.0,0.0,0.0,21,33.33333333333333,66.66666666666666,47.22222222222222,100.0
ESRS,hybrid_pageindex_chunk_rerank_linq_embed_mistral_top_m_10_query_results.jsonl,Hybrid PageIndex,Linq-Embed-Mistral,chunk_rerank,10.0,OTP Bank,79,0.3037974683544304,0.5316455696202531,0.3991561181434599,1.0,0.0005063291139240507,0.0005063291139240507,0.0005063291139240507,0.0,0.0,0.0,0.0,0.0,0.0,0.0,0.0,0.0,79,30.37974683544304,53.16455696202531,39.91561181434599,100.0
ESRS,hybrid_pageindex_chunk_rerank_linq_embed_mistral_top_m_10_query_results.jsonl,Hybrid PageIndex,Linq-Embed-Mistral,chunk_rerank,10.0,PKO Bank Polski,36,0.75,0.8055555555555556,0.7694444444444444,1.0,0.00044444444444444447,0.00044444444444444447,0.00044444444444444447,0.0,0.0,0.0,0.0,0.0,0.0,0.0,0.0,0.0,36,75.0,80.55555555555556,76.94444444444444,100.0
ESRS,hybrid_pageindex_chunk_rerank_linq_embed_mistral_top_m_10_query_results.jsonl,Hybrid PageIndex,Linq-Embed-Mistral,chunk_rerank,10.0,Pekao,32,0.65625,0.875,0.7302083333333333,1.0,9.375e-05,9.375e-05,9.375e-05,0.0,0.0,0.0,0.0,0.0,0.0,0.0,0.0,0.0,32,65.625,87.5,73.02083333333333,100.0
ESRS,hybrid_pageindex_chunk_rerank_linq_embed_mistral_top_m_10_query_results.jsonl,Hybrid PageIndex,Linq-Embed-Mistral,chunk_rerank,10.0,Raiffeisen Bank International,83,0.37349397590361444,0.5662650602409639,0.43855421686746987,1.0,0.0004578313253012048,0.0004578313253012048,0.0004578313253012048,0.0,0.0,0.0,0.0,0.0,0.0,0.0,0.0,0.0,83,37.34939759036144,56.62650602409639,43.855421686746986,100.0
ESRS,hybrid_pageindex_chunk_rerank_linq_embed_mistral_top_m_10_query_results.jsonl,Hybrid PageIndex,Linq-Embed-Mistral,chunk_rerank,10.0,Santander,31,0.03225806451612903,0.16129032258064516,0.08172043010752687,0.967741935483871,0.0,0.0,0.0,0.0,0.0,0.0,0.0,0.0,0.0,0.0,0.0,0.0,31,3.225806451612903,16.129032258064516,8.172043010752688,96.7741935483871
ESRS,hybrid_pageindex_chunk_rerank_linq_embed_mistral_top_m_10_query_results.jsonl,Hybrid PageIndex,Linq-Embed-Mistral,chunk_rerank,10.0,Societe Generale,15,0.4,0.6666666666666666,0.4855555555555556,1.0,0.0,0.0,0.0,0.0,0.0,0.0,0.0,0.0,0.0,0.0,0.0,0.0,15,40.0,66.66666666666666,48.55555555555556,100.0
ESRS,hybrid_pageindex_chunk_rerank_linq_embed_mistral_top_m_10_query_results.jsonl,Hybrid PageIndex,Linq-Embed-Mistral,chunk_rerank,10.0,Swedbank,85,0.5529411764705883,0.7176470588235294,0.623921568627451,1.0,0.0006941176470588236,0.0006941176470588236,0.0006941176470588236,0.0,0.0,0.0,0.0,0.0,0.0,0.0,0.0,0.0,85,55.294117647058826,71.76470588235294,62.3921568627451,100.0
ESRS,hybrid_pageindex_chunk_rerank_linq_embed_mistral_top_m_10_query_results.jsonl,Hybrid PageIndex,Linq-Embed-Mistral,chunk_rerank,10.0,UniCredit,37,0.32432432432432434,0.5135135135135135,0.3995495495495495,1.0,0.0008648648648648649,0.0008648648648648649,0.0008648648648648649,0.0,0.0,0.0,0.0,0.0,0.0,0.0,0.0,0.0,37,32.432432432432435,51.35135135135135,39.95495495495495,100.0
ESRS,hybrid_pageindex_chunk_rerank_linq_embed_mistral_top_m_5_query_results.jsonl,Hybrid PageIndex,Linq-Embed-Mistral,chunk_rerank,5.0,ABN Amro,53,0.4528301886792453,0.5471698113207547,0.48962264150943396,1.0,7.547169811320755e-05,7.547169811320755e-05,7.547169811320755e-05,0.0,0.0,0.0,0.0,0.0,0.0,0.0,0.0,0.0,53,45.28301886792453,54.71698113207547,48.9622641509434,100.0
ESRS,hybrid_pageindex_chunk_rerank_linq_embed_mistral_top_m_5_query_results.jsonl,Hybrid PageIndex,Linq-Embed-Mistral,chunk_rerank,5.0,BBVA,3,0.6666666666666666,1.0,0.8333333333333334,1.0,0.0,0.0,0.0,0.0,0.0,0.0,0.0,0.0,0.0,0.0,0.0,0.0,3,66.66666666666666,100.0,83.33333333333334,100.0
ESRS,hybrid_pageindex_chunk_rerank_linq_embed_mistral_top_m_5_query_results.jsonl,Hybrid PageIndex,Linq-Embed-Mistral,chunk_rerank,5.0,BNP Paribas,13,0.5384615384615384,0.8461538461538461,0.6564102564102564,1.0,0.0,0.0,0.0,0.0,0.0,0.0,0.0,0.0,0.0,0.0,0.0,0.0,13,53.84615384615385,84.61538461538461,65.64102564102564,100.0
ESRS,hybrid_pageindex_chunk_rerank_linq_embed_mistral_top_m_5_query_results.jsonl,Hybrid PageIndex,Linq-Embed-Mistral,chunk_rerank,5.0,Banca Monte dei Paschi di Siena,78,0.20512820512820512,0.3076923076923077,0.25213675213675213,1.0,5.1282051282051286e-05,5.1282051282051286e-05,5.1282051282051286e-05,0.0,0.0,0.0,0.0,0.0,0.0,0.0,0.0,0.0,78,20.51282051282051,30.76923076923077,25.213675213675213,100.0
ESRS,hybrid_pageindex_chunk_rerank_linq_embed_mistral_top_m_5_query_results.jsonl,Hybrid PageIndex,Linq-Embed-Mistral,chunk_rerank,5.0,Banque Postale,95,0.43157894736842106,0.5052631578947369,0.46403508771929824,1.0,0.00013684210526315792,0.00013684210526315792,0.00013684210526315792,0.0,0.0,0.0,0.0,0.0,0.0,0.0,0.0,0.0,95,43.15789473684211,50.526315789473685,46.40350877192982,100.0
ESRS,hybrid_pageindex_chunk_rerank_linq_embed_mistral_top_m_5_query_results.jsonl,Hybrid PageIndex,Linq-Embed-Mistral,chunk_rerank,5.0,Belfius,33,0.24242424242424243,0.3939393939393939,0.29545454545454547,1.0,3.0303030303030302e-05,3.0303030303030302e-05,3.0303030303030302e-05,0.0,0.0,0.0,0.0,0.0,0.0,0.0,0.0,0.0,33,24.242424242424242,39.39393939393939,29.545454545454547,100.0
ESRS,hybrid_pageindex_chunk_rerank_linq_embed_mistral_top_m_5_query_results.jsonl,Hybrid PageIndex,Linq-Embed-Mistral,chunk_rerank,5.0,Caixa Geral de Depósitos,3,0.3333333333333333,0.6666666666666666,0.4444444444444444,1.0,0.0,0.0,0.0,0.0,0.0,0.0,0.0,0.0,0.0,0.0,0.0,0.0,3,33.33333333333333,66.66666666666666,44.44444444444444,100.0
ESRS,hybrid_pageindex_chunk_rerank_linq_embed_mistral_top_m_5_query_results.jsonl,Hybrid PageIndex,Linq-Embed-Mistral,chunk_rerank,5.0,CaixaBank,32,0.375,0.53125,0.43072916666666666,1.0,9.375e-05,9.375e-05,9.375e-05,0.0,0.0,0.0,0.0,0.0,0.0,0.0,0.0,0.0,32,37.5,53.125,43.072916666666664,100.0
ESRS,hybrid_pageindex_chunk_rerank_linq_embed_mistral_top_m_5_query_results.jsonl,Hybrid PageIndex,Linq-Embed-Mistral,chunk_rerank,5.0,DNB,50,0.54,0.72,0.6206666666666667,1.0,0.00048,0.00048,0.00048,0.0,0.0,0.0,0.0,0.0,0.0,0.0,0.0,0.0,50,54.0,72.0,62.06666666666667,100.0
ESRS,hybrid_pageindex_chunk_rerank_linq_embed_mistral_top_m_5_query_results.jsonl,Hybrid PageIndex,Linq-Embed-Mistral,chunk_rerank,5.0,Deutsche Bank,13,0.5384615384615384,0.6923076923076923,0.5833333333333333,1.0,0.0003846153846153846,0.0003846153846153846,0.0003846153846153846,0.0,0.0,0.0,0.0,0.0,0.0,0.0,0.0,0.0,13,53.84615384615385,69.23076923076923,58.33333333333333,100.0
ESRS,hybrid_pageindex_chunk_rerank_linq_embed_mistral_top_m_5_query_results.jsonl,Hybrid PageIndex,Linq-Embed-Mistral,chunk_rerank,5.0,ING,46,0.3695652173913043,0.5217391304347826,0.41739130434782606,1.0,0.00026086956521739134,0.00026086956521739134,0.00026086956521739134,0.0,0.0,0.0,0.0,0.0,0.0,0.0,0.0,0.0,46,36.95652173913043,52.17391304347826,41.73913043478261,100.0
ESRS,hybrid_pageindex_chunk_rerank_linq_embed_mistral_top_m_5_query_results.jsonl,Hybrid PageIndex,Linq-Embed-Mistral,chunk_rerank,5.0,Intesa Sanpaolo,106,0.16037735849056603,0.20754716981132076,0.1767295597484277,1.0,0.0002169811320754717,0.0002169811320754717,0.0002169811320754717,0.0,0.0,0.0,0.0,0.0,0.0,0.0,0.0,0.0,106,16.037735849056602,20.754716981132077,17.67295597484277,100.0
ESRS,hybrid_pageindex_chunk_rerank_linq_embed_mistral_top_m_5_query_results.jsonl,Hybrid PageIndex,Linq-Embed-Mistral,chunk_rerank,5.0,KBC Group,32,0.53125,0.6875,0.5895833333333333,1.0,0.0,0.0,0.0,0.0,0.0,0.0,0.0,0.0,0.0,0.0,0.0,0.0,32,53.125,68.75,58.958333333333336,100.0
ESRS,hybrid_pageindex_chunk_rerank_linq_embed_mistral_top_m_5_query_results.jsonl,Hybrid PageIndex,Linq-Embed-Mistral,chunk_rerank,5.0,KfW,24,0.4583333333333333,0.5416666666666666,0.4930555555555556,1.0,0.0,0.0,0.0,0.0,0.0,0.0,0.0,0.0,0.0,0.0,0.0,0.0,24,45.83333333333333,54.166666666666664,49.30555555555556,100.0
ESRS,hybrid_pageindex_chunk_rerank_linq_embed_mistral_top_m_5_query_results.jsonl,Hybrid PageIndex,Linq-Embed-Mistral,chunk_rerank,5.0,Nordea Bank,21,0.3333333333333333,0.5238095238095238,0.41428571428571426,1.0,4.761904761904762e-05,4.761904761904762e-05,4.761904761904762e-05,0.0,0.0,0.0,0.0,0.0,0.0,0.0,0.0,0.0,21,33.33333333333333,52.38095238095239,41.42857142857142,100.0
ESRS,hybrid_pageindex_chunk_rerank_linq_embed_mistral_top_m_5_query_results.jsonl,Hybrid PageIndex,Linq-Embed-Mistral,chunk_rerank,5.0,OTP Bank,79,0.22784810126582278,0.3924050632911392,0.29535864978902954,1.0,5.0632911392405066e-05,5.0632911392405066e-05,5.0632911392405066e-05,0.0,0.0,0.0,0.0,0.0,0.0,0.0,0.0,0.0,79,22.78481012658228,39.24050632911392,29.535864978902953,100.0
ESRS,hybrid_pageindex_chunk_rerank_linq_embed_mistral_top_m_5_query_results.jsonl,Hybrid PageIndex,Linq-Embed-Mistral,chunk_rerank,5.0,PKO Bank Polski,36,0.6388888888888888,0.7222222222222222,0.6666666666666666,1.0,8.333333333333333e-05,8.333333333333333e-05,8.333333333333333e-05,0.0,0.0,0.0,0.0,0.0,0.0,0.0,0.0,0.0,36,63.888888888888886,72.22222222222221,66.66666666666666,100.0
ESRS,hybrid_pageindex_chunk_rerank_linq_embed_mistral_top_m_5_query_results.jsonl,Hybrid PageIndex,Linq-Embed-Mistral,chunk_rerank,5.0,Pekao,32,0.625,0.875,0.7145833333333333,1.0,0.0,0.0,0.0,0.0,0.0,0.0,0.0,0.0,0.0,0.0,0.0,0.0,32,62.5,87.5,71.45833333333333,100.0
ESRS,hybrid_pageindex_chunk_rerank_linq_embed_mistral_top_m_5_query_results.jsonl,Hybrid PageIndex,Linq-Embed-Mistral,chunk_rerank,5.0,Raiffeisen Bank International,83,0.1927710843373494,0.30120481927710846,0.23012048192771087,1.0,8.433734939759036e-05,8.433734939759036e-05,8.433734939759036e-05,0.0,0.0,0.0,0.0,0.0,0.0,0.0,0.0,0.0,83,19.27710843373494,30.120481927710845,23.012048192771086,100.0
ESRS,hybrid_pageindex_chunk_rerank_linq_embed_mistral_top_m_5_query_results.jsonl,Hybrid PageIndex,Linq-Embed-Mistral,chunk_rerank,5.0,Santander,31,0.0,0.12903225806451613,0.054838709677419356,0.967741935483871,3.2258064516129034e-05,3.2258064516129034e-05,3.2258064516129034e-05,0.0,0.0,0.0,0.0,0.0,0.0,0.0,0.0,0.0,31,0.0,12.903225806451612,5.483870967741936,96.7741935483871
ESRS,hybrid_pageindex_chunk_rerank_linq_embed_mistral_top_m_5_query_results.jsonl,Hybrid PageIndex,Linq-Embed-Mistral,chunk_rerank,5.0,Societe Generale,15,0.2,0.3333333333333333,0.2388888888888889,1.0,6.666666666666667e-05,6.666666666666667e-05,6.666666666666667e-05,0.0,0.0,0.0,0.0,0.0,0.0,0.0,0.0,0.0,15,20.0,33.33333333333333,23.88888888888889,100.0
ESRS,hybrid_pageindex_chunk_rerank_linq_embed_mistral_top_m_5_query_results.jsonl,Hybrid PageIndex,Linq-Embed-Mistral,chunk_rerank,5.0,Swedbank,85,0.47058823529411764,0.611764705882353,0.5288235294117647,1.0,0.0003058823529411765,0.0003058823529411765,0.0003058823529411765,0.0,0.0,0.0,0.0,0.0,0.0,0.0,0.0,0.0,85,47.05882352941176,61.1764705882353,52.88235294117647,100.0
ESRS,hybrid_pageindex_chunk_rerank_linq_embed_mistral_top_m_5_query_results.jsonl,Hybrid PageIndex,Linq-Embed-Mistral,chunk_rerank,5.0,UniCredit,37,0.21621621621621623,0.32432432432432434,0.24864864864864863,1.0,0.00010810810810810811,0.00010810810810810811,0.00010810810810810811,0.0,0.0,0.0,0.0,0.0,0.0,0.0,0.0,0.0,37,21.62162162162162,32.432432432432435,24.864864864864863,100.0
ESRS,hybrid_pageindex_chunk_rerank_linq_embed_mistral_top_m_7_query_results.jsonl,Hybrid PageIndex,Linq-Embed-Mistral,chunk_rerank,7.0,ABN Amro,53,0.5471698113207547,0.6415094339622641,0.5880503144654088,1.0,0.00024528301886792453,0.00024528301886792453,0.00024528301886792453,0.0,0.0,0.0,0.0,0.0,0.0,0.0,0.0,0.0,53,54.71698113207547,64.15094339622641,58.80503144654088,100.0
ESRS,hybrid_pageindex_chunk_rerank_linq_embed_mistral_top_m_7_query_results.jsonl,Hybrid PageIndex,Linq-Embed-Mistral,chunk_rerank,7.0,BBVA,3,0.3333333333333333,1.0,0.611111111111111,1.0,0.0,0.0,0.0,0.0,0.0,0.0,0.0,0.0,0.0,0.0,0.0,0.0,3,33.33333333333333,100.0,61.11111111111111,100.0
ESRS,hybrid_pageindex_chunk_rerank_linq_embed_mistral_top_m_7_query_results.jsonl,Hybrid PageIndex,Linq-Embed-Mistral,chunk_rerank,7.0,BNP Paribas,13,0.5384615384615384,0.7692307692307693,0.6217948717948718,1.0,0.0,0.0,0.0,0.0,0.0,0.0,0.0,0.0,0.0,0.0,0.0,0.0,13,53.84615384615385,76.92307692307693,62.17948717948718,100.0
ESRS,hybrid_pageindex_chunk_rerank_linq_embed_mistral_top_m_7_query_results.jsonl,Hybrid PageIndex,Linq-Embed-Mistral,chunk_rerank,7.0,Banca Monte dei Paschi di Siena,78,0.1794871794871795,0.358974358974359,0.2553418803418804,1.0,0.0001794871794871795,0.0001794871794871795,0.0001794871794871795,0.0,0.0,0.0,0.0,0.0,0.0,0.0,0.0,0.0,78,17.94871794871795,35.8974358974359,25.534188034188038,100.0
ESRS,hybrid_pageindex_chunk_rerank_linq_embed_mistral_top_m_7_query_results.jsonl,Hybrid PageIndex,Linq-Embed-Mistral,chunk_rerank,7.0,Banque Postale,95,0.5368421052631579,0.6421052631578947,0.5810526315789474,1.0,0.00048421052631578945,0.00048421052631578945,0.00048421052631578945,0.0,0.0,0.0,0.0,0.0,0.0,0.0,0.0,0.0,95,53.68421052631579,64.21052631578948,58.10526315789474,100.0
ESRS,hybrid_pageindex_chunk_rerank_linq_embed_mistral_top_m_7_query_results.jsonl,Hybrid PageIndex,Linq-Embed-Mistral,chunk_rerank,7.0,Belfius,33,0.30303030303030304,0.5151515151515151,0.37727272727272726,1.0,6.0606060606060605e-05,6.0606060606060605e-05,6.0606060606060605e-05,0.0,0.0,0.0,0.0,0.0,0.0,0.0,0.0,0.0,33,30.303030303030305,51.515151515151516,37.72727272727273,100.0
ESRS,hybrid_pageindex_chunk_rerank_linq_embed_mistral_top_m_7_query_results.jsonl,Hybrid PageIndex,Linq-Embed-Mistral,chunk_rerank,7.0,Caixa Geral de Depósitos,3,0.3333333333333333,1.0,0.5555555555555555,1.0,0.0,0.0,0.0,0.0,0.0,0.0,0.0,0.0,0.0,0.0,0.0,0.0,3,33.33333333333333,100.0,55.55555555555555,100.0
ESRS,hybrid_pageindex_chunk_rerank_linq_embed_mistral_top_m_7_query_results.jsonl,Hybrid PageIndex,Linq-Embed-Mistral,chunk_rerank,7.0,CaixaBank,32,0.4375,0.5625,0.48541666666666666,1.0,6.25e-05,6.25e-05,6.25e-05,0.0,0.0,0.0,0.0,0.0,0.0,0.0,0.0,0.0,32,43.75,56.25,48.541666666666664,100.0
ESRS,hybrid_pageindex_chunk_rerank_linq_embed_mistral_top_m_7_query_results.jsonl,Hybrid PageIndex,Linq-Embed-Mistral,chunk_rerank,7.0,DNB,50,0.56,0.74,0.6416666666666667,1.0,0.00024,0.00024,0.00024,0.0,0.0,0.0,0.0,0.0,0.0,0.0,0.0,0.0,50,56.00000000000001,74.0,64.16666666666667,100.0
ESRS,hybrid_pageindex_chunk_rerank_linq_embed_mistral_top_m_7_query_results.jsonl,Hybrid PageIndex,Linq-Embed-Mistral,chunk_rerank,7.0,Deutsche Bank,13,0.6153846153846154,0.9230769230769231,0.691025641025641,1.0,0.0,0.0,0.0,0.0,0.0,0.0,0.0,0.0,0.0,0.0,0.0,0.0,13,61.53846153846154,92.3076923076923,69.1025641025641,100.0
ESRS,hybrid_pageindex_chunk_rerank_linq_embed_mistral_top_m_7_query_results.jsonl,Hybrid PageIndex,Linq-Embed-Mistral,chunk_rerank,7.0,ING,46,0.45652173913043476,0.7391304347826086,0.5557971014492754,1.0,6.521739130434783e-05,6.521739130434783e-05,6.521739130434783e-05,0.0,0.0,0.0,0.0,0.0,0.0,0.0,0.0,0.0,46,45.65217391304348,73.91304347826086,55.57971014492754,100.0
ESRS,hybrid_pageindex_chunk_rerank_linq_embed_mistral_top_m_7_query_results.jsonl,Hybrid PageIndex,Linq-Embed-Mistral,chunk_rerank,7.0,Intesa Sanpaolo,106,0.1792452830188679,0.25471698113207547,0.21305031446540879,1.0,0.0004905660377358491,0.0004905660377358491,0.0004905660377358491,0.0,0.0,0.0,0.0,0.0,0.0,0.0,0.0,0.0,106,17.92452830188679,25.471698113207548,21.30503144654088,100.0
ESRS,hybrid_pageindex_chunk_rerank_linq_embed_mistral_top_m_7_query_results.jsonl,Hybrid PageIndex,Linq-Embed-Mistral,chunk_rerank,7.0,KBC Group,32,0.53125,0.65625,0.5755208333333334,1.0,3.125e-05,3.125e-05,3.125e-05,0.0,0.0,0.0,0.0,0.0,0.0,0.0,0.0,0.0,32,53.125,65.625,57.552083333333336,100.0
ESRS,hybrid_pageindex_chunk_rerank_linq_embed_mistral_top_m_7_query_results.jsonl,Hybrid PageIndex,Linq-Embed-Mistral,chunk_rerank,7.0,KfW,24,0.5416666666666666,0.6666666666666666,0.5868055555555556,1.0,4.1666666666666665e-05,4.1666666666666665e-05,4.1666666666666665e-05,0.0,0.0,0.0,0.0,0.0,0.0,0.0,0.0,0.0,24,54.166666666666664,66.66666666666666,58.68055555555556,100.0
ESRS,hybrid_pageindex_chunk_rerank_linq_embed_mistral_top_m_7_query_results.jsonl,Hybrid PageIndex,Linq-Embed-Mistral,chunk_rerank,7.0,Nordea Bank,21,0.3333333333333333,0.5714285714285714,0.43253968253968256,1.0,0.00014285714285714287,0.00014285714285714287,0.00014285714285714287,0.0,0.0,0.0,0.0,0.0,0.0,0.0,0.0,0.0,21,33.33333333333333,57.14285714285714,43.25396825396825,100.0
ESRS,hybrid_pageindex_chunk_rerank_linq_embed_mistral_top_m_7_query_results.jsonl,Hybrid PageIndex,Linq-Embed-Mistral,chunk_rerank,7.0,OTP Bank,79,0.2911392405063291,0.5316455696202531,0.38101265822784813,1.0,0.00010126582278481013,0.00010126582278481013,0.00010126582278481013,0.0,0.0,0.0,0.0,0.0,0.0,0.0,0.0,0.0,79,29.11392405063291,53.16455696202531,38.10126582278481,100.0
ESRS,hybrid_pageindex_chunk_rerank_linq_embed_mistral_top_m_7_query_results.jsonl,Hybrid PageIndex,Linq-Embed-Mistral,chunk_rerank,7.0,PKO Bank Polski,36,0.6388888888888888,0.7222222222222222,0.6652777777777777,1.0,0.00011111111111111112,0.00011111111111111112,0.00011111111111111112,0.0,0.0,0.0,0.0,0.0,0.0,0.0,0.0,0.0,36,63.888888888888886,72.22222222222221,66.52777777777777,100.0
ESRS,hybrid_pageindex_chunk_rerank_linq_embed_mistral_top_m_7_query_results.jsonl,Hybrid PageIndex,Linq-Embed-Mistral,chunk_rerank,7.0,Pekao,32,0.65625,0.875,0.7328125,1.0,9.375e-05,9.375e-05,9.375e-05,0.0,0.0,0.0,0.0,0.0,0.0,0.0,0.0,0.0,32,65.625,87.5,73.28125,100.0
ESRS,hybrid_pageindex_chunk_rerank_linq_embed_mistral_top_m_7_query_results.jsonl,Hybrid PageIndex,Linq-Embed-Mistral,chunk_rerank,7.0,Raiffeisen Bank International,83,0.25301204819277107,0.3493975903614458,0.28493975903614455,1.0,0.00033734939759036143,0.00033734939759036143,0.00033734939759036143,0.0,0.0,0.0,0.0,0.0,0.0,0.0,0.0,0.0,83,25.301204819277107,34.93975903614458,28.493975903614455,100.0
ESRS,hybrid_pageindex_chunk_rerank_linq_embed_mistral_top_m_7_query_results.jsonl,Hybrid PageIndex,Linq-Embed-Mistral,chunk_rerank,7.0,Santander,31,0.0,0.12903225806451613,0.054838709677419356,0.967741935483871,9.67741935483871e-05,9.67741935483871e-05,9.67741935483871e-05,0.0,0.0,0.0,0.0,0.0,0.0,0.0,0.0,0.0,31,0.0,12.903225806451612,5.483870967741936,96.7741935483871
ESRS,hybrid_pageindex_chunk_rerank_linq_embed_mistral_top_m_7_query_results.jsonl,Hybrid PageIndex,Linq-Embed-Mistral,chunk_rerank,7.0,Societe Generale,15,0.26666666666666666,0.6,0.3688888888888889,1.0,0.0,0.0,0.0,0.0,0.0,0.0,0.0,0.0,0.0,0.0,0.0,0.0,15,26.666666666666668,60.0,36.888888888888886,100.0
ESRS,hybrid_pageindex_chunk_rerank_linq_embed_mistral_top_m_7_query_results.jsonl,Hybrid PageIndex,Linq-Embed-Mistral,chunk_rerank,7.0,Swedbank,85,0.5411764705882353,0.6823529411764706,0.6009803921568627,1.0,9.411764705882353e-05,9.411764705882353e-05,9.411764705882353e-05,0.0,0.0,0.0,0.0,0.0,0.0,0.0,0.0,0.0,85,54.11764705882353,68.23529411764706,60.09803921568627,100.0
ESRS,hybrid_pageindex_chunk_rerank_linq_embed_mistral_top_m_7_query_results.jsonl,Hybrid PageIndex,Linq-Embed-Mistral,chunk_rerank,7.0,UniCredit,37,0.2702702702702703,0.35135135135135137,0.2972972972972973,1.0,8.108108108108108e-05,8.108108108108108e-05,8.108108108108108e-05,0.0,0.0,0.0,0.0,0.0,0.0,0.0,0.0,0.0,37,27.027027027027028,35.13513513513514,29.72972972972973,100.0
ESRS,hybrid_pageindex_harrier_oss_v1_0_6b_top_m_10_query_results.jsonl,Hybrid PageIndex,Harrier,node,10.0,ABN Amro,53,0.22641509433962265,0.5283018867924528,0.3544025157232704,1.0,0.00011320754716981132,0.00011320754716981132,0.00011320754716981132,0.0,0.0,0.0,0.0,0.0,0.0,0.0,0.0,0.0,53,22.641509433962266,52.83018867924528,35.44025157232704,100.0
ESRS,hybrid_pageindex_harrier_oss_v1_0_6b_top_m_10_query_results.jsonl,Hybrid PageIndex,Harrier,node,10.0,BBVA,3,0.6666666666666666,1.0,0.8333333333333334,1.0,0.0,0.0,0.0,0.0,0.0,0.0,0.0,0.0,0.0,0.0,0.0,0.0,3,66.66666666666666,100.0,83.33333333333334,100.0
ESRS,hybrid_pageindex_harrier_oss_v1_0_6b_top_m_10_query_results.jsonl,Hybrid PageIndex,Harrier,node,10.0,BNP Paribas,13,0.5384615384615384,0.9230769230769231,0.6666666666666666,1.0,0.0,0.0,0.0,0.0,0.0,0.0,0.0,0.0,0.0,0.0,0.0,0.0,13,53.84615384615385,92.3076923076923,66.66666666666666,100.0
ESRS,hybrid_pageindex_harrier_oss_v1_0_6b_top_m_10_query_results.jsonl,Hybrid PageIndex,Harrier,node,10.0,Banca Monte dei Paschi di Siena,78,0.11538461538461539,0.3076923076923077,0.17692307692307693,1.0,3.846153846153846e-05,3.846153846153846e-05,3.846153846153846e-05,0.0,0.0,0.0,0.0,0.0,0.0,0.0,0.0,0.0,78,11.538461538461538,30.76923076923077,17.692307692307693,100.0
ESRS,hybrid_pageindex_harrier_oss_v1_0_6b_top_m_10_query_results.jsonl,Hybrid PageIndex,Harrier,node,10.0,Banque Postale,95,0.2,0.43157894736842106,0.2885964912280702,0.9894736842105263,0.00016842105263157895,0.00016842105263157895,0.00016842105263157895,0.0,0.0,0.0,0.0,0.0,0.0,0.0,0.0,0.0,95,20.0,43.15789473684211,28.859649122807017,98.94736842105263
ESRS,hybrid_pageindex_harrier_oss_v1_0_6b_top_m_10_query_results.jsonl,Hybrid PageIndex,Harrier,node,10.0,Belfius,33,0.12121212121212122,0.2727272727272727,0.1575757575757576,1.0,6.0606060606060605e-05,6.0606060606060605e-05,6.0606060606060605e-05,0.0,0.0,0.0,0.0,0.0,0.0,0.0,0.0,0.0,33,12.121212121212121,27.27272727272727,15.75757575757576,100.0
ESRS,hybrid_pageindex_harrier_oss_v1_0_6b_top_m_10_query_results.jsonl,Hybrid PageIndex,Harrier,node,10.0,Caixa Geral de Depósitos,3,0.0,0.3333333333333333,0.16666666666666666,0.6666666666666666,0.0,0.0,0.0,0.0,0.0,0.0,0.0,0.0,0.0,0.0,0.0,0.0,3,0.0,33.33333333333333,16.666666666666664,66.66666666666666
ESRS,hybrid_pageindex_harrier_oss_v1_0_6b_top_m_10_query_results.jsonl,Hybrid PageIndex,Harrier,node,10.0,CaixaBank,32,0.4375,0.71875,0.5333333333333333,1.0,3.125e-05,3.125e-05,3.125e-05,0.0,0.0,0.0,0.0,0.0,0.0,0.0,0.0,0.0,32,43.75,71.875,53.333333333333336,100.0
ESRS,hybrid_pageindex_harrier_oss_v1_0_6b_top_m_10_query_results.jsonl,Hybrid PageIndex,Harrier,node,10.0,DNB,50,0.24,0.5,0.327,0.84,4e-05,4e-05,4e-05,0.0,0.0,0.0,0.0,0.0,0.0,0.0,0.0,0.0,50,24.0,50.0,32.7,84.0
ESRS,hybrid_pageindex_harrier_oss_v1_0_6b_top_m_10_query_results.jsonl,Hybrid PageIndex,Harrier,node,10.0,Deutsche Bank,13,0.23076923076923078,0.6153846153846154,0.36538461538461536,1.0,0.0,0.0,0.0,0.0,0.0,0.0,0.0,0.0,0.0,0.0,0.0,0.0,13,23.076923076923077,61.53846153846154,36.53846153846153,100.0
ESRS,hybrid_pageindex_harrier_oss_v1_0_6b_top_m_10_query_results.jsonl,Hybrid PageIndex,Harrier,node,10.0,ING,46,0.2826086956521739,0.5652173913043478,0.391304347826087,0.9782608695652174,4.347826086956522e-05,4.347826086956522e-05,4.347826086956522e-05,0.0,0.0,0.0,0.0,0.0,0.0,0.0,0.0,0.0,46,28.26086956521739,56.52173913043478,39.130434782608695,97.82608695652173
ESRS,hybrid_pageindex_harrier_oss_v1_0_6b_top_m_10_query_results.jsonl,Hybrid PageIndex,Harrier,node,10.0,Intesa Sanpaolo,106,0.11320754716981132,0.25471698113207547,0.16446540880503144,1.0,9.433962264150943e-05,9.433962264150943e-05,9.433962264150943e-05,0.0,0.0,0.0,0.0,0.0,0.0,0.0,0.0,0.0,106,11.320754716981133,25.471698113207548,16.446540880503143,100.0
ESRS,hybrid_pageindex_harrier_oss_v1_0_6b_top_m_10_query_results.jsonl,Hybrid PageIndex,Harrier,node,10.0,KBC Group,32,0.28125,0.6875,0.459375,1.0,0.0,0.0,0.0,0.0,0.0,0.0,0.0,0.0,0.0,0.0,0.0,0.0,32,28.125,68.75,45.9375,100.0
ESRS,hybrid_pageindex_harrier_oss_v1_0_6b_top_m_10_query_results.jsonl,Hybrid PageIndex,Harrier,node,10.0,KfW,24,0.375,0.625,0.4861111111111111,1.0,4.1666666666666665e-05,4.1666666666666665e-05,4.1666666666666665e-05,0.0,0.0,0.0,0.0,0.0,0.0,0.0,0.0,0.0,24,37.5,62.5,48.61111111111111,100.0
ESRS,hybrid_pageindex_harrier_oss_v1_0_6b_top_m_10_query_results.jsonl,Hybrid PageIndex,Harrier,node,10.0,Nordea Bank,21,0.19047619047619047,0.5714285714285714,0.3150793650793651,1.0,4.761904761904762e-05,4.761904761904762e-05,4.761904761904762e-05,0.0,0.0,0.0,0.0,0.0,0.0,0.0,0.0,0.0,21,19.047619047619047,57.14285714285714,31.507936507936513,100.0
ESRS,hybrid_pageindex_harrier_oss_v1_0_6b_top_m_10_query_results.jsonl,Hybrid PageIndex,Harrier,node,10.0,OTP Bank,79,0.17721518987341772,0.4936708860759494,0.2926160337552743,1.0,5.0632911392405066e-05,5.0632911392405066e-05,5.0632911392405066e-05,0.0,0.0,0.0,0.0,0.0,0.0,0.0,0.0,0.0,79,17.72151898734177,49.36708860759494,29.26160337552743,100.0
ESRS,hybrid_pageindex_harrier_oss_v1_0_6b_top_m_10_query_results.jsonl,Hybrid PageIndex,Harrier,node,10.0,PKO Bank Polski,36,0.2777777777777778,0.6944444444444444,0.4347222222222222,1.0,8.333333333333333e-05,8.333333333333333e-05,8.333333333333333e-05,0.0,0.0,0.0,0.0,0.0,0.0,0.0,0.0,0.0,36,27.77777777777778,69.44444444444444,43.472222222222214,100.0
ESRS,hybrid_pageindex_harrier_oss_v1_0_6b_top_m_10_query_results.jsonl,Hybrid PageIndex,Harrier,node,10.0,Pekao,32,0.28125,0.40625,0.3307291666666667,0.59375,0.000125,0.000125,0.000125,0.0,0.0,0.0,0.0,0.0,0.0,0.0,0.0,0.0,32,28.125,40.625,33.07291666666667,59.375
ESRS,hybrid_pageindex_harrier_oss_v1_0_6b_top_m_10_query_results.jsonl,Hybrid PageIndex,Harrier,node,10.0,Raiffeisen Bank International,83,0.1927710843373494,0.40963855421686746,0.27048192771084334,1.0,0.0001566265060240964,0.0001566265060240964,0.0001566265060240964,0.0,0.0,0.0,0.0,0.0,0.0,0.0,0.0,0.0,83,19.27710843373494,40.963855421686745,27.048192771084334,100.0
ESRS,hybrid_pageindex_harrier_oss_v1_0_6b_top_m_10_query_results.jsonl,Hybrid PageIndex,Harrier,node,10.0,Santander,31,0.0967741935483871,0.1935483870967742,0.13548387096774195,0.967741935483871,0.0,0.0,0.0,0.0,0.0,0.0,0.0,0.0,0.0,0.0,0.0,0.0,31,9.67741935483871,19.35483870967742,13.548387096774196,96.7741935483871
ESRS,hybrid_pageindex_harrier_oss_v1_0_6b_top_m_10_query_results.jsonl,Hybrid PageIndex,Harrier,node,10.0,Societe Generale,15,0.4,0.8,0.5488888888888889,1.0,0.0,0.0,0.0,0.0,0.0,0.0,0.0,0.0,0.0,0.0,0.0,0.0,15,40.0,80.0,54.888888888888886,100.0
ESRS,hybrid_pageindex_harrier_oss_v1_0_6b_top_m_10_query_results.jsonl,Hybrid PageIndex,Harrier,node,10.0,Swedbank,85,0.29411764705882354,0.5529411764705883,0.387843137254902,1.0,8.23529411764706e-05,8.23529411764706e-05,8.23529411764706e-05,0.0,0.0,0.0,0.0,0.0,0.0,0.0,0.0,0.0,85,29.411764705882355,55.294117647058826,38.7843137254902,100.0
ESRS,hybrid_pageindex_harrier_oss_v1_0_6b_top_m_10_query_results.jsonl,Hybrid PageIndex,Harrier,node,10.0,UniCredit,37,0.2972972972972973,0.4864864864864865,0.3716216216216216,1.0,2.7027027027027027e-05,2.7027027027027027e-05,2.7027027027027027e-05,0.0,0.0,0.0,0.0,0.0,0.0,0.0,0.0,0.0,37,29.72972972972973,48.64864864864865,37.16216216216216,100.0
ESRS,hybrid_pageindex_harrier_oss_v1_0_6b_top_m_5_query_results.jsonl,Hybrid PageIndex,Harrier,node,5.0,ABN Amro,53,0.16981132075471697,0.4716981132075472,0.2962264150943396,1.0,1.8867924528301888e-05,1.8867924528301888e-05,1.8867924528301888e-05,0.0,0.0,0.0,0.0,0.0,0.0,0.0,0.0,0.0,53,16.9811320754717,47.16981132075472,29.62264150943396,100.0
ESRS,hybrid_pageindex_harrier_oss_v1_0_6b_top_m_5_query_results.jsonl,Hybrid PageIndex,Harrier,node,5.0,BBVA,3,0.6666666666666666,1.0,0.8333333333333334,1.0,0.0,0.0,0.0,0.0,0.0,0.0,0.0,0.0,0.0,0.0,0.0,0.0,3,66.66666666666666,100.0,83.33333333333334,100.0
ESRS,hybrid_pageindex_harrier_oss_v1_0_6b_top_m_5_query_results.jsonl,Hybrid PageIndex,Harrier,node,5.0,BNP Paribas,13,0.5384615384615384,1.0,0.6820512820512821,1.0,0.0,0.0,0.0,0.0,0.0,0.0,0.0,0.0,0.0,0.0,0.0,0.0,13,53.84615384615385,100.0,68.2051282051282,100.0
ESRS,hybrid_pageindex_harrier_oss_v1_0_6b_top_m_5_query_results.jsonl,Hybrid PageIndex,Harrier,node,5.0,Banca Monte dei Paschi di Siena,78,0.10256410256410256,0.3076923076923077,0.1658119658119658,1.0,3.846153846153846e-05,3.846153846153846e-05,3.846153846153846e-05,0.0,0.0,0.0,0.0,0.0,0.0,0.0,0.0,0.0,78,10.256410256410255,30.76923076923077,16.58119658119658,100.0
ESRS,hybrid_pageindex_harrier_oss_v1_0_6b_top_m_5_query_results.jsonl,Hybrid PageIndex,Harrier,node,5.0,Banque Postale,95,0.09473684210526316,0.2631578947368421,0.15736842105263157,0.9894736842105263,8.421052631578948e-05,8.421052631578948e-05,8.421052631578948e-05,0.0,0.0,0.0,0.0,0.0,0.0,0.0,0.0,0.0,95,9.473684210526317,26.31578947368421,15.736842105263158,98.94736842105263
ESRS,hybrid_pageindex_harrier_oss_v1_0_6b_top_m_5_query_results.jsonl,Hybrid PageIndex,Harrier,node,5.0,Belfius,33,0.09090909090909091,0.21212121212121213,0.1196969696969697,1.0,0.0,0.0,0.0,0.0,0.0,0.0,0.0,0.0,0.0,0.0,0.0,0.0,33,9.090909090909092,21.21212121212121,11.96969696969697,100.0
ESRS,hybrid_pageindex_harrier_oss_v1_0_6b_top_m_5_query_results.jsonl,Hybrid PageIndex,Harrier,node,5.0,Caixa Geral de Depósitos,3,0.0,0.3333333333333333,0.16666666666666666,0.6666666666666666,0.0,0.0,0.0,0.0,0.0,0.0,0.0,0.0,0.0,0.0,0.0,0.0,3,0.0,33.33333333333333,16.666666666666664,66.66666666666666
ESRS,hybrid_pageindex_harrier_oss_v1_0_6b_top_m_5_query_results.jsonl,Hybrid PageIndex,Harrier,node,5.0,CaixaBank,32,0.375,0.53125,0.4359375,1.0,3.125e-05,3.125e-05,3.125e-05,0.0,0.0,0.0,0.0,0.0,0.0,0.0,0.0,0.0,32,37.5,53.125,43.59375,100.0
ESRS,hybrid_pageindex_harrier_oss_v1_0_6b_top_m_5_query_results.jsonl,Hybrid PageIndex,Harrier,node,5.0,DNB,50,0.22,0.38,0.27466666666666667,0.84,2e-05,2e-05,2e-05,0.0,0.0,0.0,0.0,0.0,0.0,0.0,0.0,0.0,50,22.0,38.0,27.46666666666667,84.0
ESRS,hybrid_pageindex_harrier_oss_v1_0_6b_top_m_5_query_results.jsonl,Hybrid PageIndex,Harrier,node,5.0,Deutsche Bank,13,0.23076923076923078,0.6153846153846154,0.36538461538461536,1.0,0.0,0.0,0.0,0.0,0.0,0.0,0.0,0.0,0.0,0.0,0.0,0.0,13,23.076923076923077,61.53846153846154,36.53846153846153,100.0
ESRS,hybrid_pageindex_harrier_oss_v1_0_6b_top_m_5_query_results.jsonl,Hybrid PageIndex,Harrier,node,5.0,ING,46,0.2391304347826087,0.41304347826086957,0.30072463768115937,0.9782608695652174,0.0,0.0,0.0,0.0,0.0,0.0,0.0,0.0,0.0,0.0,0.0,0.0,46,23.91304347826087,41.30434782608695,30.072463768115938,97.82608695652173
ESRS,hybrid_pageindex_harrier_oss_v1_0_6b_top_m_5_query_results.jsonl,Hybrid PageIndex,Harrier,node,5.0,Intesa Sanpaolo,106,0.09433962264150944,0.16981132075471697,0.1229559748427673,1.0,1.8867924528301888e-05,1.8867924528301888e-05,1.8867924528301888e-05,0.0,0.0,0.0,0.0,0.0,0.0,0.0,0.0,0.0,106,9.433962264150944,16.9811320754717,12.29559748427673,100.0
ESRS,hybrid_pageindex_harrier_oss_v1_0_6b_top_m_5_query_results.jsonl,Hybrid PageIndex,Harrier,node,5.0,KBC Group,32,0.28125,0.6875,0.459375,1.0,0.0,0.0,0.0,0.0,0.0,0.0,0.0,0.0,0.0,0.0,0.0,0.0,32,28.125,68.75,45.9375,100.0
ESRS,hybrid_pageindex_harrier_oss_v1_0_6b_top_m_5_query_results.jsonl,Hybrid PageIndex,Harrier,node,5.0,KfW,24,0.375,0.5833333333333334,0.47222222222222227,1.0,0.0,0.0,0.0,0.0,0.0,0.0,0.0,0.0,0.0,0.0,0.0,0.0,24,37.5,58.333333333333336,47.22222222222223,100.0
ESRS,hybrid_pageindex_harrier_oss_v1_0_6b_top_m_5_query_results.jsonl,Hybrid PageIndex,Harrier,node,5.0,Nordea Bank,21,0.14285714285714285,0.3333333333333333,0.21587301587301586,1.0,0.00014285714285714287,0.00014285714285714287,0.00014285714285714287,0.0,0.0,0.0,0.0,0.0,0.0,0.0,0.0,0.0,21,14.285714285714285,33.33333333333333,21.587301587301585,100.0
ESRS,hybrid_pageindex_harrier_oss_v1_0_6b_top_m_5_query_results.jsonl,Hybrid PageIndex,Harrier,node,5.0,OTP Bank,79,0.1518987341772152,0.3291139240506329,0.22194092827004216,1.0,0.00040506329113924053,0.00040506329113924053,0.00040506329113924053,0.0,0.0,0.0,0.0,0.0,0.0,0.0,0.0,0.0,79,15.18987341772152,32.91139240506329,22.194092827004216,100.0
ESRS,hybrid_pageindex_harrier_oss_v1_0_6b_top_m_5_query_results.jsonl,Hybrid PageIndex,Harrier,node,5.0,PKO Bank Polski,36,0.3333333333333333,0.6666666666666666,0.4564814814814815,1.0,0.00044444444444444447,0.00044444444444444447,0.00044444444444444447,0.0,0.0,0.0,0.0,0.0,0.0,0.0,0.0,0.0,36,33.33333333333333,66.66666666666666,45.64814814814815,100.0
ESRS,hybrid_pageindex_harrier_oss_v1_0_6b_top_m_5_query_results.jsonl,Hybrid PageIndex,Harrier,node,5.0,Pekao,32,0.28125,0.40625,0.3307291666666667,0.59375,9.375e-05,9.375e-05,9.375e-05,0.0,0.0,0.0,0.0,0.0,0.0,0.0,0.0,0.0,32,28.125,40.625,33.07291666666667,59.375
ESRS,hybrid_pageindex_harrier_oss_v1_0_6b_top_m_5_query_results.jsonl,Hybrid PageIndex,Harrier,node,5.0,Raiffeisen Bank International,83,0.13253012048192772,0.2891566265060241,0.18915662650602408,1.0,4.819277108433735e-05,4.819277108433735e-05,4.819277108433735e-05,0.0,0.0,0.0,0.0,0.0,0.0,0.0,0.0,0.0,83,13.253012048192772,28.915662650602407,18.915662650602407,100.0
ESRS,hybrid_pageindex_harrier_oss_v1_0_6b_top_m_5_query_results.jsonl,Hybrid PageIndex,Harrier,node,5.0,Santander,31,0.0967741935483871,0.16129032258064516,0.11935483870967742,0.967741935483871,0.0,0.0,0.0,0.0,0.0,0.0,0.0,0.0,0.0,0.0,0.0,0.0,31,9.67741935483871,16.129032258064516,11.935483870967742,96.7741935483871
ESRS,hybrid_pageindex_harrier_oss_v1_0_6b_top_m_5_query_results.jsonl,Hybrid PageIndex,Harrier,node,5.0,Societe Generale,15,0.3333333333333333,0.6666666666666666,0.43222222222222223,1.0,0.0,0.0,0.0,0.0,0.0,0.0,0.0,0.0,0.0,0.0,0.0,0.0,15,33.33333333333333,66.66666666666666,43.22222222222222,100.0
ESRS,hybrid_pageindex_harrier_oss_v1_0_6b_top_m_5_query_results.jsonl,Hybrid PageIndex,Harrier,node,5.0,Swedbank,85,0.25882352941176473,0.5176470588235295,0.35549019607843135,1.0,0.0,0.0,0.0,0.0,0.0,0.0,0.0,0.0,0.0,0.0,0.0,0.0,85,25.882352941176475,51.76470588235295,35.549019607843135,100.0
ESRS,hybrid_pageindex_harrier_oss_v1_0_6b_top_m_5_query_results.jsonl,Hybrid PageIndex,Harrier,node,5.0,UniCredit,37,0.13513513513513514,0.2702702702702703,0.19144144144144143,1.0,0.0,0.0,0.0,0.0,0.0,0.0,0.0,0.0,0.0,0.0,0.0,0.0,37,13.513513513513514,27.027027027027028,19.144144144144143,100.0
ESRS,hybrid_pageindex_harrier_oss_v1_0_6b_top_m_7_query_results.jsonl,Hybrid PageIndex,Harrier,node,7.0,ABN Amro,53,0.20754716981132076,0.49056603773584906,0.3292452830188679,1.0,7.547169811320755e-05,7.547169811320755e-05,7.547169811320755e-05,0.0,0.0,0.0,0.0,0.0,0.0,0.0,0.0,0.0,53,20.754716981132077,49.056603773584904,32.92452830188679,100.0
ESRS,hybrid_pageindex_harrier_oss_v1_0_6b_top_m_7_query_results.jsonl,Hybrid PageIndex,Harrier,node,7.0,BBVA,3,0.6666666666666666,1.0,0.8333333333333334,1.0,0.0,0.0,0.0,0.0,0.0,0.0,0.0,0.0,0.0,0.0,0.0,0.0,3,66.66666666666666,100.0,83.33333333333334,100.0
ESRS,hybrid_pageindex_harrier_oss_v1_0_6b_top_m_7_query_results.jsonl,Hybrid PageIndex,Harrier,node,7.0,BNP Paribas,13,0.5384615384615384,1.0,0.6820512820512821,1.0,0.0,0.0,0.0,0.0,0.0,0.0,0.0,0.0,0.0,0.0,0.0,0.0,13,53.84615384615385,100.0,68.2051282051282,100.0
ESRS,hybrid_pageindex_harrier_oss_v1_0_6b_top_m_7_query_results.jsonl,Hybrid PageIndex,Harrier,node,7.0,Banca Monte dei Paschi di Siena,78,0.11538461538461539,0.3333333333333333,0.18440170940170938,1.0,5.1282051282051286e-05,5.1282051282051286e-05,5.1282051282051286e-05,0.0,0.0,0.0,0.0,0.0,0.0,0.0,0.0,0.0,78,11.538461538461538,33.33333333333333,18.440170940170937,100.0
ESRS,hybrid_pageindex_harrier_oss_v1_0_6b_top_m_7_query_results.jsonl,Hybrid PageIndex,Harrier,node,7.0,Banque Postale,95,0.1368421052631579,0.3368421052631579,0.21578947368421053,0.9789473684210527,0.00016842105263157895,0.00016842105263157895,0.00016842105263157895,0.0,0.0,0.0,0.0,0.0,0.0,0.0,0.0,0.0,95,13.684210526315791,33.68421052631579,21.578947368421055,97.89473684210527
ESRS,hybrid_pageindex_harrier_oss_v1_0_6b_top_m_7_query_results.jsonl,Hybrid PageIndex,Harrier,node,7.0,Belfius,33,0.12121212121212122,0.24242424242424243,0.1484848484848485,1.0,3.0303030303030302e-05,3.0303030303030302e-05,3.0303030303030302e-05,0.0,0.0,0.0,0.0,0.0,0.0,0.0,0.0,0.0,33,12.121212121212121,24.242424242424242,14.84848484848485,100.0
ESRS,hybrid_pageindex_harrier_oss_v1_0_6b_top_m_7_query_results.jsonl,Hybrid PageIndex,Harrier,node,7.0,Caixa Geral de Depósitos,3,0.0,0.3333333333333333,0.16666666666666666,0.6666666666666666,0.0,0.0,0.0,0.0,0.0,0.0,0.0,0.0,0.0,0.0,0.0,0.0,3,0.0,33.33333333333333,16.666666666666664,66.66666666666666
ESRS,hybrid_pageindex_harrier_oss_v1_0_6b_top_m_7_query_results.jsonl,Hybrid PageIndex,Harrier,node,7.0,CaixaBank,32,0.40625,0.65625,0.4942708333333333,1.0,0.0,0.0,0.0,0.0,0.0,0.0,0.0,0.0,0.0,0.0,0.0,0.0,32,40.625,65.625,49.427083333333336,100.0
ESRS,hybrid_pageindex_harrier_oss_v1_0_6b_top_m_7_query_results.jsonl,Hybrid PageIndex,Harrier,node,7.0,DNB,50,0.24,0.42,0.30566666666666664,0.84,0.0002,0.0002,0.0002,0.0,0.0,0.0,0.0,0.0,0.0,0.0,0.0,0.0,50,24.0,42.0,30.566666666666663,84.0
ESRS,hybrid_pageindex_harrier_oss_v1_0_6b_top_m_7_query_results.jsonl,Hybrid PageIndex,Harrier,node,7.0,Deutsche Bank,13,0.23076923076923078,0.6153846153846154,0.36538461538461536,1.0,0.0,0.0,0.0,0.0,0.0,0.0,0.0,0.0,0.0,0.0,0.0,0.0,13,23.076923076923077,61.53846153846154,36.53846153846153,100.0
ESRS,hybrid_pageindex_harrier_oss_v1_0_6b_top_m_7_query_results.jsonl,Hybrid PageIndex,Harrier,node,7.0,ING,46,0.2608695652173913,0.5217391304347826,0.3557971014492754,0.9782608695652174,8.695652173913044e-05,8.695652173913044e-05,8.695652173913044e-05,0.0,0.0,0.0,0.0,0.0,0.0,0.0,0.0,0.0,46,26.08695652173913,52.17391304347826,35.57971014492754,97.82608695652173
ESRS,hybrid_pageindex_harrier_oss_v1_0_6b_top_m_7_query_results.jsonl,Hybrid PageIndex,Harrier,node,7.0,Intesa Sanpaolo,106,0.11320754716981132,0.2358490566037736,0.15424528301886795,1.0,0.0002358490566037736,0.0002358490566037736,0.0002358490566037736,0.0,0.0,0.0,0.0,0.0,0.0,0.0,0.0,0.0,106,11.320754716981133,23.58490566037736,15.424528301886795,100.0
ESRS,hybrid_pageindex_harrier_oss_v1_0_6b_top_m_7_query_results.jsonl,Hybrid PageIndex,Harrier,node,7.0,KBC Group,32,0.28125,0.71875,0.465625,1.0,0.0,0.0,0.0,0.0,0.0,0.0,0.0,0.0,0.0,0.0,0.0,0.0,32,28.125,71.875,46.5625,100.0
ESRS,hybrid_pageindex_harrier_oss_v1_0_6b_top_m_7_query_results.jsonl,Hybrid PageIndex,Harrier,node,7.0,KfW,24,0.375,0.625,0.4861111111111111,1.0,0.0,0.0,0.0,0.0,0.0,0.0,0.0,0.0,0.0,0.0,0.0,0.0,24,37.5,62.5,48.61111111111111,100.0
ESRS,hybrid_pageindex_harrier_oss_v1_0_6b_top_m_7_query_results.jsonl,Hybrid PageIndex,Harrier,node,7.0,Nordea Bank,21,0.19047619047619047,0.5714285714285714,0.3150793650793651,1.0,4.761904761904762e-05,4.761904761904762e-05,4.761904761904762e-05,0.0,0.0,0.0,0.0,0.0,0.0,0.0,0.0,0.0,21,19.047619047619047,57.14285714285714,31.507936507936513,100.0
ESRS,hybrid_pageindex_harrier_oss_v1_0_6b_top_m_7_query_results.jsonl,Hybrid PageIndex,Harrier,node,7.0,OTP Bank,79,0.16455696202531644,0.3924050632911392,0.25464135021097045,1.0,5.0632911392405066e-05,5.0632911392405066e-05,5.0632911392405066e-05,0.0,0.0,0.0,0.0,0.0,0.0,0.0,0.0,0.0,79,16.455696202531644,39.24050632911392,25.464135021097047,100.0
ESRS,hybrid_pageindex_harrier_oss_v1_0_6b_top_m_7_query_results.jsonl,Hybrid PageIndex,Harrier,node,7.0,PKO Bank Polski,36,0.2777777777777778,0.6388888888888888,0.4148148148148148,1.0,0.0,0.0,0.0,0.0,0.0,0.0,0.0,0.0,0.0,0.0,0.0,0.0,36,27.77777777777778,63.888888888888886,41.48148148148148,100.0
ESRS,hybrid_pageindex_harrier_oss_v1_0_6b_top_m_7_query_results.jsonl,Hybrid PageIndex,Harrier,node,7.0,Pekao,32,0.28125,0.40625,0.3307291666666667,0.59375,6.25e-05,6.25e-05,6.25e-05,0.0,0.0,0.0,0.0,0.0,0.0,0.0,0.0,0.0,32,28.125,40.625,33.07291666666667,59.375
ESRS,hybrid_pageindex_harrier_oss_v1_0_6b_top_m_7_query_results.jsonl,Hybrid PageIndex,Harrier,node,7.0,Raiffeisen Bank International,83,0.1566265060240964,0.3614457831325301,0.22730923694779118,1.0,0.0006385542168674699,0.0006385542168674699,0.0006385542168674699,0.0,0.0,0.0,0.0,0.0,0.0,0.0,0.0,0.0,83,15.66265060240964,36.144578313253014,22.73092369477912,100.0
ESRS,hybrid_pageindex_harrier_oss_v1_0_6b_top_m_7_query_results.jsonl,Hybrid PageIndex,Harrier,node,7.0,Santander,31,0.12903225806451613,0.1935483870967742,0.15161290322580645,0.967741935483871,0.0,0.0,0.0,0.0,0.0,0.0,0.0,0.0,0.0,0.0,0.0,0.0,31,12.903225806451612,19.35483870967742,15.161290322580644,96.7741935483871
ESRS,hybrid_pageindex_harrier_oss_v1_0_6b_top_m_7_query_results.jsonl,Hybrid PageIndex,Harrier,node,7.0,Societe Generale,15,0.3333333333333333,0.7333333333333333,0.4822222222222222,1.0,0.0,0.0,0.0,0.0,0.0,0.0,0.0,0.0,0.0,0.0,0.0,0.0,15,33.33333333333333,73.33333333333333,48.22222222222222,100.0
ESRS,hybrid_pageindex_harrier_oss_v1_0_6b_top_m_7_query_results.jsonl,Hybrid PageIndex,Harrier,node,7.0,Swedbank,85,0.2823529411764706,0.5411764705882353,0.37549019607843137,1.0,3.529411764705883e-05,3.529411764705883e-05,3.529411764705883e-05,0.0,0.0,0.0,0.0,0.0,0.0,0.0,0.0,0.0,85,28.235294117647058,54.11764705882353,37.549019607843135,100.0
ESRS,hybrid_pageindex_harrier_oss_v1_0_6b_top_m_7_query_results.jsonl,Hybrid PageIndex,Harrier,node,7.0,UniCredit,37,0.1891891891891892,0.3783783783783784,0.2599099099099099,1.0,0.00013513513513513514,0.00013513513513513514,0.00013513513513513514,0.0,0.0,0.0,0.0,0.0,0.0,0.0,0.0,0.0,37,18.91891891891892,37.83783783783784,25.99099099099099,100.0
ESRS,hybrid_pageindex_linq_embed_mistral_top_m_10_query_results.jsonl,Hybrid PageIndex,Linq-Embed-Mistral,node,10.0,ABN Amro,53,0.3584905660377358,0.6226415094339622,0.44339622641509435,1.0,0.0001509433962264151,0.0001509433962264151,0.0001509433962264151,0.0,0.0,0.0,0.0,0.0,0.0,0.0,0.0,0.0,53,35.84905660377358,62.264150943396224,44.339622641509436,100.0
ESRS,hybrid_pageindex_linq_embed_mistral_top_m_10_query_results.jsonl,Hybrid PageIndex,Linq-Embed-Mistral,node,10.0,BBVA,3,0.6666666666666666,1.0,0.7777777777777777,1.0,0.0,0.0,0.0,0.0,0.0,0.0,0.0,0.0,0.0,0.0,0.0,0.0,3,66.66666666666666,100.0,77.77777777777777,100.0
ESRS,hybrid_pageindex_linq_embed_mistral_top_m_10_query_results.jsonl,Hybrid PageIndex,Linq-Embed-Mistral,node,10.0,BNP Paribas,13,0.15384615384615385,0.7692307692307693,0.4,1.0,0.0,0.0,0.0,0.0,0.0,0.0,0.0,0.0,0.0,0.0,0.0,0.0,13,15.384615384615385,76.92307692307693,40.0,100.0
ESRS,hybrid_pageindex_linq_embed_mistral_top_m_10_query_results.jsonl,Hybrid PageIndex,Linq-Embed-Mistral,node,10.0,Banca Monte dei Paschi di Siena,78,0.16666666666666666,0.3076923076923077,0.2136752136752137,1.0,0.0002307692307692308,0.0002307692307692308,0.0002307692307692308,0.0,0.0,0.0,0.0,0.0,0.0,0.0,0.0,0.0,78,16.666666666666664,30.76923076923077,21.36752136752137,100.0
ESRS,hybrid_pageindex_linq_embed_mistral_top_m_10_query_results.jsonl,Hybrid PageIndex,Linq-Embed-Mistral,node,10.0,Banque Postale,95,0.37894736842105264,0.6210526315789474,0.4764912280701754,1.0,0.0005263157894736842,0.0005263157894736842,0.0005263157894736842,0.0,0.0,0.0,0.0,0.0,0.0,0.0,0.0,0.0,95,37.89473684210527,62.10526315789474,47.64912280701754,100.0
ESRS,hybrid_pageindex_linq_embed_mistral_top_m_10_query_results.jsonl,Hybrid PageIndex,Linq-Embed-Mistral,node,10.0,Belfius,33,0.2727272727272727,0.5454545454545454,0.37373737373737376,1.0,0.00015151515151515152,0.00015151515151515152,0.00015151515151515152,0.0,0.0,0.0,0.0,0.0,0.0,0.0,0.0,0.0,33,27.27272727272727,54.54545454545454,37.37373737373738,100.0
ESRS,hybrid_pageindex_linq_embed_mistral_top_m_10_query_results.jsonl,Hybrid PageIndex,Linq-Embed-Mistral,node,10.0,Caixa Geral de Depósitos,3,0.0,0.3333333333333333,0.1111111111111111,1.0,0.0,0.0,0.0,0.0,0.0,0.0,0.0,0.0,0.0,0.0,0.0,0.0,3,0.0,33.33333333333333,11.11111111111111,100.0
ESRS,hybrid_pageindex_linq_embed_mistral_top_m_10_query_results.jsonl,Hybrid PageIndex,Linq-Embed-Mistral,node,10.0,CaixaBank,32,0.53125,0.6875,0.5989583333333334,1.0,0.0,0.0,0.0,0.0,0.0,0.0,0.0,0.0,0.0,0.0,0.0,0.0,32,53.125,68.75,59.895833333333336,100.0
ESRS,hybrid_pageindex_linq_embed_mistral_top_m_10_query_results.jsonl,Hybrid PageIndex,Linq-Embed-Mistral,node,10.0,DNB,50,0.48,0.84,0.6113333333333333,1.0,0.00014000000000000001,0.00014000000000000001,0.00014000000000000001,0.0,0.0,0.0,0.0,0.0,0.0,0.0,0.0,0.0,50,48.0,84.0,61.133333333333326,100.0
ESRS,hybrid_pageindex_linq_embed_mistral_top_m_10_query_results.jsonl,Hybrid PageIndex,Linq-Embed-Mistral,node,10.0,Deutsche Bank,13,0.3076923076923077,0.6923076923076923,0.43205128205128207,1.0,0.0,0.0,0.0,0.0,0.0,0.0,0.0,0.0,0.0,0.0,0.0,0.0,13,30.76923076923077,69.23076923076923,43.205128205128204,100.0
ESRS,hybrid_pageindex_linq_embed_mistral_top_m_10_query_results.jsonl,Hybrid PageIndex,Linq-Embed-Mistral,node,10.0,ING,46,0.45652173913043476,0.7608695652173914,0.5518115942028985,1.0,8.695652173913044e-05,8.695652173913044e-05,8.695652173913044e-05,0.0,0.0,0.0,0.0,0.0,0.0,0.0,0.0,0.0,46,45.65217391304348,76.08695652173914,55.18115942028985,100.0
ESRS,hybrid_pageindex_linq_embed_mistral_top_m_10_query_results.jsonl,Hybrid PageIndex,Linq-Embed-Mistral,node,10.0,Intesa Sanpaolo,106,0.16981132075471697,0.36792452830188677,0.24276729559748428,1.0,0.00033018867924528304,0.00033018867924528304,0.00033018867924528304,0.0,0.0,0.0,0.0,0.0,0.0,0.0,0.0,0.0,106,16.9811320754717,36.79245283018868,24.27672955974843,100.0
ESRS,hybrid_pageindex_linq_embed_mistral_top_m_10_query_results.jsonl,Hybrid PageIndex,Linq-Embed-Mistral,node,10.0,KBC Group,32,0.5,0.71875,0.5963541666666666,1.0,0.0,0.0,0.0,0.0,0.0,0.0,0.0,0.0,0.0,0.0,0.0,0.0,32,50.0,71.875,59.635416666666664,100.0
ESRS,hybrid_pageindex_linq_embed_mistral_top_m_10_query_results.jsonl,Hybrid PageIndex,Linq-Embed-Mistral,node,10.0,KfW,24,0.375,0.75,0.5180555555555556,1.0,0.0,0.0,0.0,0.0,0.0,0.0,0.0,0.0,0.0,0.0,0.0,0.0,24,37.5,75.0,51.80555555555556,100.0
ESRS,hybrid_pageindex_linq_embed_mistral_top_m_10_query_results.jsonl,Hybrid PageIndex,Linq-Embed-Mistral,node,10.0,Nordea Bank,21,0.3333333333333333,0.6190476190476191,0.43412698412698414,1.0,0.0,0.0,0.0,0.0,0.0,0.0,0.0,0.0,0.0,0.0,0.0,0.0,21,33.33333333333333,61.904761904761905,43.41269841269841,100.0
ESRS,hybrid_pageindex_linq_embed_mistral_top_m_10_query_results.jsonl,Hybrid PageIndex,Linq-Embed-Mistral,node,10.0,OTP Bank,79,0.17721518987341772,0.5443037974683544,0.3181434599156118,1.0,0.0001518987341772152,0.0001518987341772152,0.0001518987341772152,0.0,0.0,0.0,0.0,0.0,0.0,0.0,0.0,0.0,79,17.72151898734177,54.43037974683544,31.814345991561183,100.0
ESRS,hybrid_pageindex_linq_embed_mistral_top_m_10_query_results.jsonl,Hybrid PageIndex,Linq-Embed-Mistral,node,10.0,PKO Bank Polski,36,0.3055555555555556,0.75,0.48935185185185187,1.0,8.333333333333333e-05,8.333333333333333e-05,8.333333333333333e-05,0.0,0.0,0.0,0.0,0.0,0.0,0.0,0.0,0.0,36,30.555555555555557,75.0,48.93518518518519,100.0
ESRS,hybrid_pageindex_linq_embed_mistral_top_m_10_query_results.jsonl,Hybrid PageIndex,Linq-Embed-Mistral,node,10.0,Pekao,32,0.46875,0.875,0.63125,1.0,6.25e-05,6.25e-05,6.25e-05,0.0,0.0,0.0,0.0,0.0,0.0,0.0,0.0,0.0,32,46.875,87.5,63.125,100.0
ESRS,hybrid_pageindex_linq_embed_mistral_top_m_10_query_results.jsonl,Hybrid PageIndex,Linq-Embed-Mistral,node,10.0,Raiffeisen Bank International,83,0.2891566265060241,0.4819277108433735,0.35200803212851406,1.0,0.0004337349397590362,0.0004337349397590362,0.0004337349397590362,0.0,0.0,0.0,0.0,0.0,0.0,0.0,0.0,0.0,83,28.915662650602407,48.19277108433735,35.200803212851405,100.0
ESRS,hybrid_pageindex_linq_embed_mistral_top_m_10_query_results.jsonl,Hybrid PageIndex,Linq-Embed-Mistral,node,10.0,Santander,31,0.03225806451612903,0.16129032258064516,0.0913978494623656,0.967741935483871,3.2258064516129034e-05,3.2258064516129034e-05,3.2258064516129034e-05,0.0,0.0,0.0,0.0,0.0,0.0,0.0,0.0,0.0,31,3.225806451612903,16.129032258064516,9.13978494623656,96.7741935483871
ESRS,hybrid_pageindex_linq_embed_mistral_top_m_10_query_results.jsonl,Hybrid PageIndex,Linq-Embed-Mistral,node,10.0,Societe Generale,15,0.6,0.8,0.66,1.0,0.0,0.0,0.0,0.0,0.0,0.0,0.0,0.0,0.0,0.0,0.0,0.0,15,60.0,80.0,66.0,100.0
ESRS,hybrid_pageindex_linq_embed_mistral_top_m_10_query_results.jsonl,Hybrid PageIndex,Linq-Embed-Mistral,node,10.0,Swedbank,85,0.3411764705882353,0.6235294117647059,0.4543137254901961,1.0,2.3529411764705884e-05,2.3529411764705884e-05,2.3529411764705884e-05,0.0,0.0,0.0,0.0,0.0,0.0,0.0,0.0,0.0,85,34.11764705882353,62.35294117647059,45.43137254901961,100.0
ESRS,hybrid_pageindex_linq_embed_mistral_top_m_10_query_results.jsonl,Hybrid PageIndex,Linq-Embed-Mistral,node,10.0,UniCredit,37,0.32432432432432434,0.4864864864864865,0.3873873873873874,1.0,2.7027027027027027e-05,2.7027027027027027e-05,2.7027027027027027e-05,0.0,0.0,0.0,0.0,0.0,0.0,0.0,0.0,0.0,37,32.432432432432435,48.64864864864865,38.738738738738746,100.0
ESRS,hybrid_pageindex_linq_embed_mistral_top_m_5_query_results.jsonl,Hybrid PageIndex,Linq-Embed-Mistral,node,5.0,ABN Amro,53,0.24528301886792453,0.5094339622641509,0.34559748427672954,1.0,7.547169811320755e-05,7.547169811320755e-05,7.547169811320755e-05,0.0,0.0,0.0,0.0,0.0,0.0,0.0,0.0,0.0,53,24.528301886792452,50.943396226415096,34.55974842767296,100.0
ESRS,hybrid_pageindex_linq_embed_mistral_top_m_5_query_results.jsonl,Hybrid PageIndex,Linq-Embed-Mistral,node,5.0,BBVA,3,0.6666666666666666,1.0,0.7777777777777777,1.0,0.0,0.0,0.0,0.0,0.0,0.0,0.0,0.0,0.0,0.0,0.0,0.0,3,66.66666666666666,100.0,77.77777777777777,100.0
ESRS,hybrid_pageindex_linq_embed_mistral_top_m_5_query_results.jsonl,Hybrid PageIndex,Linq-Embed-Mistral,node,5.0,BNP Paribas,13,0.15384615384615385,0.8461538461538461,0.4538461538461539,1.0,0.0,0.0,0.0,0.0,0.0,0.0,0.0,0.0,0.0,0.0,0.0,0.0,13,15.384615384615385,84.61538461538461,45.38461538461539,100.0
ESRS,hybrid_pageindex_linq_embed_mistral_top_m_5_query_results.jsonl,Hybrid PageIndex,Linq-Embed-Mistral,node,5.0,Banca Monte dei Paschi di Siena,78,0.1282051282051282,0.2564102564102564,0.172008547008547,1.0,7.692307692307693e-05,7.692307692307693e-05,7.692307692307693e-05,0.0,0.0,0.0,0.0,0.0,0.0,0.0,0.0,0.0,78,12.82051282051282,25.64102564102564,17.200854700854702,100.0
ESRS,hybrid_pageindex_linq_embed_mistral_top_m_5_query_results.jsonl,Hybrid PageIndex,Linq-Embed-Mistral,node,5.0,Banque Postale,95,0.3368421052631579,0.5052631578947369,0.4036842105263158,1.0,0.00015789473684210527,0.00015789473684210527,0.00015789473684210527,0.0,0.0,0.0,0.0,0.0,0.0,0.0,0.0,0.0,95,33.68421052631579,50.526315789473685,40.36842105263158,100.0
ESRS,hybrid_pageindex_linq_embed_mistral_top_m_5_query_results.jsonl,Hybrid PageIndex,Linq-Embed-Mistral,node,5.0,Belfius,33,0.2727272727272727,0.3939393939393939,0.31565656565656564,1.0,3.0303030303030302e-05,3.0303030303030302e-05,3.0303030303030302e-05,0.0,0.0,0.0,0.0,0.0,0.0,0.0,0.0,0.0,33,27.27272727272727,39.39393939393939,31.565656565656564,100.0
ESRS,hybrid_pageindex_linq_embed_mistral_top_m_5_query_results.jsonl,Hybrid PageIndex,Linq-Embed-Mistral,node,5.0,Caixa Geral de Depósitos,3,0.3333333333333333,0.6666666666666666,0.5,1.0,0.0,0.0,0.0,0.0,0.0,0.0,0.0,0.0,0.0,0.0,0.0,0.0,3,33.33333333333333,66.66666666666666,50.0,100.0
ESRS,hybrid_pageindex_linq_embed_mistral_top_m_5_query_results.jsonl,Hybrid PageIndex,Linq-Embed-Mistral,node,5.0,CaixaBank,32,0.40625,0.53125,0.4583333333333333,1.0,0.0,0.0,0.0,0.0,0.0,0.0,0.0,0.0,0.0,0.0,0.0,0.0,32,40.625,53.125,45.83333333333333,100.0
ESRS,hybrid_pageindex_linq_embed_mistral_top_m_5_query_results.jsonl,Hybrid PageIndex,Linq-Embed-Mistral,node,5.0,DNB,50,0.4,0.72,0.52,1.0,0.00026000000000000003,0.00026000000000000003,0.00026000000000000003,0.0,0.0,0.0,0.0,0.0,0.0,0.0,0.0,0.0,50,40.0,72.0,52.0,100.0
ESRS,hybrid_pageindex_linq_embed_mistral_top_m_5_query_results.jsonl,Hybrid PageIndex,Linq-Embed-Mistral,node,5.0,Deutsche Bank,13,0.3076923076923077,0.6923076923076923,0.43205128205128207,1.0,0.0,0.0,0.0,0.0,0.0,0.0,0.0,0.0,0.0,0.0,0.0,0.0,13,30.76923076923077,69.23076923076923,43.205128205128204,100.0
ESRS,hybrid_pageindex_linq_embed_mistral_top_m_5_query_results.jsonl,Hybrid PageIndex,Linq-Embed-Mistral,node,5.0,ING,46,0.30434782608695654,0.4782608695652174,0.3554347826086957,1.0,4.347826086956522e-05,4.347826086956522e-05,4.347826086956522e-05,0.0,0.0,0.0,0.0,0.0,0.0,0.0,0.0,0.0,46,30.434782608695656,47.82608695652174,35.54347826086957,100.0
ESRS,hybrid_pageindex_linq_embed_mistral_top_m_5_query_results.jsonl,Hybrid PageIndex,Linq-Embed-Mistral,node,5.0,Intesa Sanpaolo,106,0.14150943396226415,0.20754716981132076,0.1630503144654088,1.0,0.0001792452830188679,0.0001792452830188679,0.0001792452830188679,0.0,0.0,0.0,0.0,0.0,0.0,0.0,0.0,0.0,106,14.150943396226415,20.754716981132077,16.30503144654088,100.0
ESRS,hybrid_pageindex_linq_embed_mistral_top_m_5_query_results.jsonl,Hybrid PageIndex,Linq-Embed-Mistral,node,5.0,KBC Group,32,0.46875,0.65625,0.5494791666666666,1.0,0.0,0.0,0.0,0.0,0.0,0.0,0.0,0.0,0.0,0.0,0.0,0.0,32,46.875,65.625,54.947916666666664,100.0
ESRS,hybrid_pageindex_linq_embed_mistral_top_m_5_query_results.jsonl,Hybrid PageIndex,Linq-Embed-Mistral,node,5.0,KfW,24,0.2916666666666667,0.5416666666666666,0.3972222222222222,1.0,0.0,0.0,0.0,0.0,0.0,0.0,0.0,0.0,0.0,0.0,0.0,0.0,24,29.166666666666668,54.166666666666664,39.72222222222222,100.0
ESRS,hybrid_pageindex_linq_embed_mistral_top_m_5_query_results.jsonl,Hybrid PageIndex,Linq-Embed-Mistral,node,5.0,Nordea Bank,21,0.3333333333333333,0.5238095238095238,0.40634920634920635,1.0,0.0,0.0,0.0,0.0,0.0,0.0,0.0,0.0,0.0,0.0,0.0,0.0,21,33.33333333333333,52.38095238095239,40.63492063492063,100.0
ESRS,hybrid_pageindex_linq_embed_mistral_top_m_5_query_results.jsonl,Hybrid PageIndex,Linq-Embed-Mistral,node,5.0,OTP Bank,79,0.11392405063291139,0.4050632911392405,0.21962025316455697,1.0,5.0632911392405066e-05,5.0632911392405066e-05,5.0632911392405066e-05,0.0,0.0,0.0,0.0,0.0,0.0,0.0,0.0,0.0,79,11.39240506329114,40.50632911392405,21.962025316455698,100.0
ESRS,hybrid_pageindex_linq_embed_mistral_top_m_5_query_results.jsonl,Hybrid PageIndex,Linq-Embed-Mistral,node,5.0,PKO Bank Polski,36,0.3333333333333333,0.6944444444444444,0.4861111111111111,1.0,5.555555555555556e-05,5.555555555555556e-05,5.555555555555556e-05,0.0,0.0,0.0,0.0,0.0,0.0,0.0,0.0,0.0,36,33.33333333333333,69.44444444444444,48.61111111111111,100.0
ESRS,hybrid_pageindex_linq_embed_mistral_top_m_5_query_results.jsonl,Hybrid PageIndex,Linq-Embed-Mistral,node,5.0,Pekao,32,0.46875,0.875,0.63125,1.0,0.0,0.0,0.0,0.0,0.0,0.0,0.0,0.0,0.0,0.0,0.0,0.0,32,46.875,87.5,63.125,100.0
ESRS,hybrid_pageindex_linq_embed_mistral_top_m_5_query_results.jsonl,Hybrid PageIndex,Linq-Embed-Mistral,node,5.0,Raiffeisen Bank International,83,0.1686746987951807,0.26506024096385544,0.19959839357429718,1.0,6.024096385542169e-05,6.024096385542169e-05,6.024096385542169e-05,0.0,0.0,0.0,0.0,0.0,0.0,0.0,0.0,0.0,83,16.867469879518072,26.506024096385545,19.95983935742972,100.0
ESRS,hybrid_pageindex_linq_embed_mistral_top_m_5_query_results.jsonl,Hybrid PageIndex,Linq-Embed-Mistral,node,5.0,Santander,31,0.0,0.12903225806451613,0.059139784946236555,0.967741935483871,0.0,0.0,0.0,0.0,0.0,0.0,0.0,0.0,0.0,0.0,0.0,0.0,31,0.0,12.903225806451612,5.913978494623655,96.7741935483871
ESRS,hybrid_pageindex_linq_embed_mistral_top_m_5_query_results.jsonl,Hybrid PageIndex,Linq-Embed-Mistral,node,5.0,Societe Generale,15,0.3333333333333333,0.4666666666666667,0.3722222222222222,1.0,0.0,0.0,0.0,0.0,0.0,0.0,0.0,0.0,0.0,0.0,0.0,0.0,15,33.33333333333333,46.666666666666664,37.222222222222214,100.0
ESRS,hybrid_pageindex_linq_embed_mistral_top_m_5_query_results.jsonl,Hybrid PageIndex,Linq-Embed-Mistral,node,5.0,Swedbank,85,0.32941176470588235,0.5882352941176471,0.42392156862745095,1.0,1.1764705882352942e-05,1.1764705882352942e-05,1.1764705882352942e-05,0.0,0.0,0.0,0.0,0.0,0.0,0.0,0.0,0.0,85,32.94117647058823,58.82352941176471,42.3921568627451,100.0
ESRS,hybrid_pageindex_linq_embed_mistral_top_m_5_query_results.jsonl,Hybrid PageIndex,Linq-Embed-Mistral,node,5.0,UniCredit,37,0.21621621621621623,0.35135135135135137,0.2702702702702703,1.0,5.4054054054054054e-05,5.4054054054054054e-05,5.4054054054054054e-05,0.0,0.0,0.0,0.0,0.0,0.0,0.0,0.0,0.0,37,21.62162162162162,35.13513513513514,27.027027027027028,100.0
ESRS,hybrid_pageindex_linq_embed_mistral_top_m_7_query_results.jsonl,Hybrid PageIndex,Linq-Embed-Mistral,node,7.0,ABN Amro,53,0.32075471698113206,0.5849056603773585,0.4066037735849057,1.0,0.0001320754716981132,0.0001320754716981132,0.0001320754716981132,0.0,0.0,0.0,0.0,0.0,0.0,0.0,0.0,0.0,53,32.075471698113205,58.490566037735846,40.66037735849057,100.0
ESRS,hybrid_pageindex_linq_embed_mistral_top_m_7_query_results.jsonl,Hybrid PageIndex,Linq-Embed-Mistral,node,7.0,BBVA,3,0.6666666666666666,1.0,0.7777777777777777,1.0,0.0,0.0,0.0,0.0,0.0,0.0,0.0,0.0,0.0,0.0,0.0,0.0,3,66.66666666666666,100.0,77.77777777777777,100.0
ESRS,hybrid_pageindex_linq_embed_mistral_top_m_7_query_results.jsonl,Hybrid PageIndex,Linq-Embed-Mistral,node,7.0,BNP Paribas,13,0.15384615384615385,0.8461538461538461,0.4538461538461539,1.0,0.0,0.0,0.0,0.0,0.0,0.0,0.0,0.0,0.0,0.0,0.0,0.0,13,15.384615384615385,84.61538461538461,45.38461538461539,100.0
ESRS,hybrid_pageindex_linq_embed_mistral_top_m_7_query_results.jsonl,Hybrid PageIndex,Linq-Embed-Mistral,node,7.0,Banca Monte dei Paschi di Siena,78,0.15384615384615385,0.28205128205128205,0.19444444444444445,1.0,0.0001282051282051282,0.0001282051282051282,0.0001282051282051282,0.0,0.0,0.0,0.0,0.0,0.0,0.0,0.0,0.0,78,15.384615384615385,28.205128205128204,19.444444444444446,100.0
ESRS,hybrid_pageindex_linq_embed_mistral_top_m_7_query_results.jsonl,Hybrid PageIndex,Linq-Embed-Mistral,node,7.0,Banque Postale,95,0.35789473684210527,0.5789473684210527,0.4452631578947368,1.0,0.00029473684210526316,0.00029473684210526316,0.00029473684210526316,0.0,0.0,0.0,0.0,0.0,0.0,0.0,0.0,0.0,95,35.78947368421053,57.89473684210527,44.52631578947368,100.0
ESRS,hybrid_pageindex_linq_embed_mistral_top_m_7_query_results.jsonl,Hybrid PageIndex,Linq-Embed-Mistral,node,7.0,Belfius,33,0.24242424242424243,0.45454545454545453,0.32575757575757575,1.0,0.00021212121212121213,0.00021212121212121213,0.00021212121212121213,0.0,0.0,0.0,0.0,0.0,0.0,0.0,0.0,0.0,33,24.242424242424242,45.45454545454545,32.57575757575758,100.0
ESRS,hybrid_pageindex_linq_embed_mistral_top_m_7_query_results.jsonl,Hybrid PageIndex,Linq-Embed-Mistral,node,7.0,Caixa Geral de Depósitos,3,0.3333333333333333,0.6666666666666666,0.5,1.0,0.0,0.0,0.0,0.0,0.0,0.0,0.0,0.0,0.0,0.0,0.0,0.0,3,33.33333333333333,66.66666666666666,50.0,100.0
ESRS,hybrid_pageindex_linq_embed_mistral_top_m_7_query_results.jsonl,Hybrid PageIndex,Linq-Embed-Mistral,node,7.0,CaixaBank,32,0.46875,0.59375,0.5208333333333334,1.0,3.125e-05,3.125e-05,3.125e-05,0.0,0.0,0.0,0.0,0.0,0.0,0.0,0.0,0.0,32,46.875,59.375,52.083333333333336,100.0
ESRS,hybrid_pageindex_linq_embed_mistral_top_m_7_query_results.jsonl,Hybrid PageIndex,Linq-Embed-Mistral,node,7.0,DNB,50,0.42,0.76,0.5413333333333333,1.0,0.0001,0.0001,0.0001,0.0,0.0,0.0,0.0,0.0,0.0,0.0,0.0,0.0,50,42.0,76.0,54.13333333333333,100.0
ESRS,hybrid_pageindex_linq_embed_mistral_top_m_7_query_results.jsonl,Hybrid PageIndex,Linq-Embed-Mistral,node,7.0,Deutsche Bank,13,0.3076923076923077,0.6923076923076923,0.43205128205128207,1.0,0.0,0.0,0.0,0.0,0.0,0.0,0.0,0.0,0.0,0.0,0.0,0.0,13,30.76923076923077,69.23076923076923,43.205128205128204,100.0
ESRS,hybrid_pageindex_linq_embed_mistral_top_m_7_query_results.jsonl,Hybrid PageIndex,Linq-Embed-Mistral,node,7.0,ING,46,0.43478260869565216,0.6956521739130435,0.5184782608695653,1.0,0.00013043478260869567,0.00013043478260869567,0.00013043478260869567,0.0,0.0,0.0,0.0,0.0,0.0,0.0,0.0,0.0,46,43.47826086956522,69.56521739130434,51.84782608695653,100.0
ESRS,hybrid_pageindex_linq_embed_mistral_top_m_7_query_results.jsonl,Hybrid PageIndex,Linq-Embed-Mistral,node,7.0,Intesa Sanpaolo,106,0.14150943396226415,0.27358490566037735,0.18852201257861637,1.0,0.00018867924528301886,0.00018867924528301886,0.00018867924528301886,0.0,0.0,0.0,0.0,0.0,0.0,0.0,0.0,0.0,106,14.150943396226415,27.358490566037734,18.852201257861637,100.0
ESRS,hybrid_pageindex_linq_embed_mistral_top_m_7_query_results.jsonl,Hybrid PageIndex,Linq-Embed-Mistral,node,7.0,KBC Group,32,0.46875,0.65625,0.5494791666666666,1.0,0.0,0.0,0.0,0.0,0.0,0.0,0.0,0.0,0.0,0.0,0.0,0.0,32,46.875,65.625,54.947916666666664,100.0
ESRS,hybrid_pageindex_linq_embed_mistral_top_m_7_query_results.jsonl,Hybrid PageIndex,Linq-Embed-Mistral,node,7.0,KfW,24,0.3333333333333333,0.6666666666666666,0.4680555555555555,1.0,0.0,0.0,0.0,0.0,0.0,0.0,0.0,0.0,0.0,0.0,0.0,0.0,24,33.33333333333333,66.66666666666666,46.80555555555555,100.0
ESRS,hybrid_pageindex_linq_embed_mistral_top_m_7_query_results.jsonl,Hybrid PageIndex,Linq-Embed-Mistral,node,7.0,Nordea Bank,21,0.3333333333333333,0.6190476190476191,0.43412698412698414,1.0,0.0,0.0,0.0,0.0,0.0,0.0,0.0,0.0,0.0,0.0,0.0,0.0,21,33.33333333333333,61.904761904761905,43.41269841269841,100.0
ESRS,hybrid_pageindex_linq_embed_mistral_top_m_7_query_results.jsonl,Hybrid PageIndex,Linq-Embed-Mistral,node,7.0,OTP Bank,79,0.16455696202531644,0.5189873417721519,0.2955696202531646,1.0,3.79746835443038e-05,3.79746835443038e-05,3.79746835443038e-05,0.0,0.0,0.0,0.0,0.0,0.0,0.0,0.0,0.0,79,16.455696202531644,51.89873417721519,29.55696202531646,100.0
ESRS,hybrid_pageindex_linq_embed_mistral_top_m_7_query_results.jsonl,Hybrid PageIndex,Linq-Embed-Mistral,node,7.0,PKO Bank Polski,36,0.2777777777777778,0.7222222222222222,0.46388888888888885,1.0,2.777777777777778e-05,2.777777777777778e-05,2.777777777777778e-05,0.0,0.0,0.0,0.0,0.0,0.0,0.0,0.0,0.0,36,27.77777777777778,72.22222222222221,46.388888888888886,100.0
ESRS,hybrid_pageindex_linq_embed_mistral_top_m_7_query_results.jsonl,Hybrid PageIndex,Linq-Embed-Mistral,node,7.0,Pekao,32,0.46875,0.875,0.63125,1.0,0.0,0.0,0.0,0.0,0.0,0.0,0.0,0.0,0.0,0.0,0.0,0.0,32,46.875,87.5,63.125,100.0
ESRS,hybrid_pageindex_linq_embed_mistral_top_m_7_query_results.jsonl,Hybrid PageIndex,Linq-Embed-Mistral,node,7.0,Raiffeisen Bank International,83,0.1927710843373494,0.3373493975903614,0.23915662650602412,1.0,0.0002289156626506024,0.0002289156626506024,0.0002289156626506024,0.0,0.0,0.0,0.0,0.0,0.0,0.0,0.0,0.0,83,19.27710843373494,33.734939759036145,23.915662650602414,100.0
ESRS,hybrid_pageindex_linq_embed_mistral_top_m_7_query_results.jsonl,Hybrid PageIndex,Linq-Embed-Mistral,node,7.0,Santander,31,0.0,0.12903225806451613,0.059139784946236555,0.967741935483871,0.0,0.0,0.0,0.0,0.0,0.0,0.0,0.0,0.0,0.0,0.0,0.0,31,0.0,12.903225806451612,5.913978494623655,96.7741935483871
ESRS,hybrid_pageindex_linq_embed_mistral_top_m_7_query_results.jsonl,Hybrid PageIndex,Linq-Embed-Mistral,node,7.0,Societe Generale,15,0.5333333333333333,0.6666666666666666,0.56,1.0,0.0,0.0,0.0,0.0,0.0,0.0,0.0,0.0,0.0,0.0,0.0,0.0,15,53.333333333333336,66.66666666666666,56.00000000000001,100.0
ESRS,hybrid_pageindex_linq_embed_mistral_top_m_7_query_results.jsonl,Hybrid PageIndex,Linq-Embed-Mistral,node,7.0,Swedbank,85,0.35294117647058826,0.6235294117647059,0.4556862745098039,1.0,0.00010588235294117649,0.00010588235294117649,0.00010588235294117649,0.0,0.0,0.0,0.0,0.0,0.0,0.0,0.0,0.0,85,35.294117647058826,62.35294117647059,45.568627450980394,100.0
ESRS,hybrid_pageindex_linq_embed_mistral_top_m_7_query_results.jsonl,Hybrid PageIndex,Linq-Embed-Mistral,node,7.0,UniCredit,37,0.24324324324324326,0.40540540540540543,0.30630630630630634,1.0,5.4054054054054054e-05,5.4054054054054054e-05,5.4054054054054054e-05,0.0,0.0,0.0,0.0,0.0,0.0,0.0,0.0,0.0,37,24.324324324324326,40.54054054054054,30.630630630630634,100.0
ESRS,pageindex_combined_query_results_clean.jsonl,PageIndex,GPT-5,standard,,ABN Amro,53,0.5849056603773585,0.8113207547169812,0.8018867924528302,0.9811320754716981,119.36188679245284,54.32884615384615,118.46003773584906,66437.15094339622,8601.547169811322,75038.69811320755,32446.056603773584,3859.7169811320755,36305.77358490566,65984.3396226415,8522.528301886792,74506.8679245283,53,58.490566037735846,81.13207547169812,80.18867924528303,98.11320754716981
ESRS,pageindex_combined_query_results_clean.jsonl,PageIndex,GPT-5,standard,,BBVA,3,1.0,1.0,1.0,1.0,86.76166666666666,19.84,86.76166666666666,88006.33333333333,6707.333333333333,94713.66666666667,21945.0,1500.3333333333333,23445.333333333332,88006.33333333333,6707.333333333333,94713.66666666667,3,100.0,100.0,100.0,100.0
ESRS,pageindex_combined_query_results_clean.jsonl,PageIndex,GPT-5,standard,,BNP Paribas,13,0.8461538461538461,0.9230769230769231,0.9230769230769231,1.0,83.39792307692308,27.343461538461536,83.39784615384616,50997.769230769234,6629.461538461538,57627.230769230766,15385.846153846154,2050.3076923076924,17436.153846153848,50997.769230769234,6629.461538461538,57627.230769230766,13,84.61538461538461,92.3076923076923,92.3076923076923,100.0
ESRS,pageindex_combined_query_results_clean.jsonl,PageIndex,GPT-5,standard,,Banca Monte dei Paschi di Siena,78,0.5256410256410257,0.7692307692307693,0.7542735042735043,0.9615384615384616,120.89344871794871,58.60932,117.98076923076923,67664.19230769231,8650.97435897436,76315.16666666667,27258.602564102563,3865.4871794871797,31124.089743589742,66603.84615384616,8454.141025641025,75057.98717948717,78,52.56410256410257,76.92307692307693,75.42735042735043,96.15384615384616
ESRS,pageindex_combined_query_results_clean.jsonl,PageIndex,GPT-5,standard,,Banque Postale,95,0.5157894736842106,0.7473684210526316,0.7315789473684211,1.0,172.57396842105265,91.33649473684211,170.447,176039.8105263158,9173.884210526316,185213.6947368421,82262.7052631579,4904.694736842105,87167.4,170907.7052631579,9030.378947368421,179938.08421052631,95,51.578947368421055,74.73684210526315,73.15789473684211,100.0
ESRS,pageindex_combined_query_results_clean.jsonl,PageIndex,GPT-5,standard,,Belfius,33,0.48484848484848486,0.6666666666666666,0.6363636363636364,1.0,153.24718181818182,82.80245454545454,151.4178181818182,70726.81818181818,9700.484848484848,80427.30303030302,44292.0,5147.787878787879,49439.78787878788,66498.30303030302,9568.484848484848,76066.78787878787,33,48.484848484848484,66.66666666666666,63.63636363636363,100.0
ESRS,pageindex_combined_query_results_clean.jsonl,PageIndex,GPT-5,standard,,Caixa Geral de Depósitos,3,0.6666666666666666,0.6666666666666666,0.6666666666666666,1.0,102.69533333333334,24.189666666666668,102.69500000000001,107175.0,6891.0,114066.0,27139.666666666668,1550.6666666666667,28690.333333333332,107175.0,6891.0,114066.0,3,66.66666666666666,66.66666666666666,66.66666666666666,100.0
ESRS,pageindex_combined_query_results_clean.jsonl,PageIndex,GPT-5,standard,,CaixaBank,32,0.6875,0.90625,0.875,1.0,154.8019375,56.0921875,153.99096875,121090.375,10154.1875,131244.5625,47255.625,3503.21875,50758.84375,120489.9375,10109.125,130599.0625,32,68.75,90.625,87.5,100.0
ESRS,pageindex_combined_query_results_clean.jsonl,PageIndex,GPT-5,standard,,DNB,50,0.54,0.88,0.8366666666666667,0.98,164.90106,59.56902040816327,164.32346,130170.64,11292.28,141462.92,51653.26,3928.86,55582.12,130082.16,11254.24,141336.4,50,54.0,88.0,83.66666666666667,98.0
ESRS,pageindex_combined_query_results_clean.jsonl,PageIndex,GPT-5,standard,,Deutsche Bank,13,0.7692307692307693,1.0,0.8653846153846154,1.0,130.99315384615386,22.425153846153844,130.99307692307693,182465.15384615384,8301.461538461539,190766.61538461538,35154.230769230766,1345.076923076923,36499.307692307695,182465.15384615384,8301.461538461539,190766.61538461538,13,76.92307692307693,100.0,86.53846153846155,100.0
ESRS,pageindex_combined_query_results_clean.jsonl,PageIndex,GPT-5,standard,,ING,46,0.6304347826086957,0.9130434782608695,0.8985507246376813,1.0,137.89652173913043,44.74276086956522,137.3635652173913,41909.47826086957,8413.065217391304,50322.54347826087,15008.695652173914,2567.7608695652175,17576.456521739132,41811.586956521736,8372.282608695652,50183.86956521739,46,63.04347826086957,91.30434782608695,89.85507246376812,100.0
ESRS,pageindex_combined_query_results_clean.jsonl,PageIndex,GPT-5,standard,,Intesa Sanpaolo,106,0.4528301886792453,0.6981132075471698,0.6933962264150944,0.9811320754716981,178.09595283018865,91.6149903846154,176.01203773584908,141528.05660377358,10227.207547169812,151755.2641509434,90647.7924528302,4883.7169811320755,95531.50943396226,140668.93396226416,10090.216981132075,150759.15094339623,106,45.28301886792453,69.81132075471697,69.33962264150944,98.11320754716981
ESRS,pageindex_combined_query_results_clean.jsonl,PageIndex,GPT-5,standard,,KBC Group,32,0.71875,0.875,0.859375,1.0,113.29465625,33.8464375,113.29465625,93358.25,7077.90625,100436.15625,28033.84375,2090.8125,30124.65625,93358.25,7077.90625,100436.15625,32,71.875,87.5,85.9375,100.0
ESRS,pageindex_combined_query_results_clean.jsonl,PageIndex,GPT-5,standard,,KfW,24,0.5416666666666666,0.9166666666666666,0.8958333333333334,1.0,152.327875,66.26804166666666,152.32775,57846.958333333336,9428.458333333334,67275.41666666667,23755.291666666668,4062.0,27817.291666666668,57846.958333333336,9428.458333333334,67275.41666666667,24,54.166666666666664,91.66666666666666,89.58333333333334,100.0
ESRS,pageindex_combined_query_results_clean.jsonl,PageIndex,GPT-5,standard,,Nordea Bank,21,0.38095238095238093,0.5714285714285714,0.5476190476190477,0.9047619047619048,153.19476190476192,103.73157894736842,153.19461904761906,46881.47619047619,9970.047619047618,56851.52380952381,27213.47619047619,6037.190476190476,33250.666666666664,46881.47619047619,9970.047619047618,56851.52380952381,21,38.095238095238095,57.14285714285714,54.761904761904766,90.47619047619048
ESRS,pageindex_combined_query_results_clean.jsonl,PageIndex,GPT-5,standard,,OTP Bank,79,0.5063291139240507,0.620253164556962,0.580168776371308,0.9873417721518988,155.70879746835445,78.69358974358975,155.70874683544304,79653.3670886076,9434.291139240506,89087.65822784811,37838.27848101266,4681.481012658228,42519.759493670885,79653.3670886076,9434.291139240506,89087.65822784811,79,50.63291139240506,62.0253164556962,58.016877637130804,98.73417721518987
ESRS,pageindex_combined_query_results_clean.jsonl,PageIndex,GPT-5,standard,,PKO Bank Polski,36,0.5555555555555556,0.7777777777777778,0.7638888888888888,0.9722222222222222,163.27852777777778,75.72917142857143,163.2783611111111,67405.19444444444,9421.805555555555,76827.0,27712.0,4080.6111111111113,31792.61111111111,67405.19444444444,9421.805555555555,76827.0,36,55.55555555555556,77.77777777777779,76.38888888888889,97.22222222222221
ESRS,pageindex_combined_query_results_clean.jsonl,PageIndex,GPT-5,standard,,Pekao,32,0.8125,1.0,1.0,1.0,139.3934375,29.546937500000002,139.393375,173229.5625,6714.6875,179944.25,39406.8125,1433.65625,40840.46875,173229.5625,6714.6875,179944.25,32,81.25,100.0,100.0,100.0
ESRS,pageindex_combined_query_results_clean.jsonl,PageIndex,GPT-5,standard,,Raiffeisen Bank International,83,0.4578313253012048,0.5783132530120482,0.5461847389558233,0.9879518072289156,181.49521686746988,88.44468292682927,181.49510843373494,92439.95180722892,11197.373493975903,103637.32530120482,47727.9156626506,5340.44578313253,53068.361445783135,92439.95180722892,11197.373493975903,103637.32530120482,83,45.78313253012048,57.831325301204814,54.61847389558233,98.79518072289156
ESRS,pageindex_combined_query_results_clean.jsonl,PageIndex,GPT-5,standard,,Santander,31,0.6774193548387096,0.8064516129032258,0.8064516129032258,1.0,167.78729032258065,63.38612903225807,167.78725806451612,123810.32258064517,9322.870967741936,133133.1935483871,49921.74193548387,3406.2903225806454,53328.032258064515,123810.32258064517,9322.870967741936,133133.1935483871,31,67.74193548387096,80.64516129032258,80.64516129032258,100.0
ESRS,pageindex_combined_query_results_clean.jsonl,PageIndex,GPT-5,standard,,Societe Generale,15,0.8,0.8666666666666667,0.8666666666666667,1.0,122.32333333333332,37.474066666666666,122.32326666666668,69365.53333333334,7413.0,76778.53333333334,21631.266666666666,2099.5333333333333,23730.8,69365.53333333334,7413.0,76778.53333333334,15,80.0,86.66666666666667,86.66666666666667,100.0
ESRS,pageindex_combined_query_results_clean.jsonl,PageIndex,GPT-5,standard,,Swedbank,85,0.5529411764705883,0.7764705882352941,0.7611764705882353,1.0,169.0082,53.411870588235296,169.0081411764706,117203.57647058823,9975.470588235294,127179.04705882353,46603.49411764706,3091.9058823529413,49695.4,117203.57647058823,9975.470588235294,127179.04705882353,85,55.294117647058826,77.64705882352942,76.11764705882354,100.0
ESRS,pageindex_combined_query_results_clean.jsonl,PageIndex,GPT-5,standard,,UniCredit,37,0.43243243243243246,0.5945945945945946,0.5540540540540541,0.972972972972973,129.0811081081081,76.75569444444444,129.08105405405405,94344.08108108108,9492.027027027027,103836.1081081081,47420.75675675676,5071.054054054054,52491.81081081081,94344.08108108108,9492.027027027027,103836.1081081081,37,43.24324324324324,59.45945945945946,55.4054054054054,97.2972972972973
