answer_id,dataset,configuration_id,method,retrieval_model,variant,top_m,query_id,financebench_id,doc_name,retrieval_setting,top_k,ground_truth_chunk_id,retrieved_chunk_ids,correct_chunk_retrieved,judge_category
FinanceBench::bm25::financebench_id_03029::top_1,FinanceBench,bm25,bm25,,standard,,financebench_id_03029,financebench_id_03029,3M_2018_10K,top_1,1,3M_2018_10K_0031,3M_2023Q2_10Q_0028,no,no_answer
FinanceBench::bm25::financebench_id_03029::top_5,FinanceBench,bm25,bm25,,standard,,financebench_id_03029,financebench_id_03029,3M_2018_10K,top_5,5,3M_2018_10K_0031,3M_2023Q2_10Q_0028|3M_2022_10K_0017|3M_2018_10K_0045|3M_2018_10K_0042|3M_2018_10K_0020,no,correct
FinanceBench::bm25::financebench_id_04672::top_1,FinanceBench,bm25,bm25,,standard,,financebench_id_04672,financebench_id_04672,3M_2018_10K,top_1,1,3M_2018_10K_0029,PEPSICO_2023Q1_EARNINGS_0003,no,no_answer
FinanceBench::bm25::financebench_id_04672::top_5,FinanceBench,bm25,bm25,,standard,,financebench_id_04672,financebench_id_04672,3M_2018_10K,top_5,5,3M_2018_10K_0029,PEPSICO_2023Q1_EARNINGS_0003|3M_2022_10K_0043|3M_2018_10K_0046|3M_2022_10K_0042|3M_2023Q2_10Q_0028,no,no_answer
FinanceBench::bm25::financebench_id_01226::top_1,FinanceBench,bm25,bm25,,standard,,financebench_id_01226,financebench_id_01226,3M_2022_10K,top_1,1,3M_2022_10K_0012,3M_2018_10K_0016,no,no_answer
FinanceBench::bm25::financebench_id_01865::top_1,FinanceBench,bm25,bm25,,standard,,financebench_id_01865,financebench_id_01865,3M_2022_10K,top_1,1,3M_2022_10K_0011,3M_2022_10K_0013,no,correct
FinanceBench::bm25::financebench_id_01865::top_5,FinanceBench,bm25,bm25,,standard,,financebench_id_01865,financebench_id_01865,3M_2022_10K,top_5,5,3M_2022_10K_0011,3M_2022_10K_0013|3M_2022_10K_0011|3M_2023Q2_10Q_0009|3M_2023Q2_10Q_0025|3M_2023Q2_10Q_0013,yes,correct
FinanceBench::bm25::financebench_id_00807::top_1,FinanceBench,bm25,bm25,,standard,,financebench_id_00807,financebench_id_00807,3M_2023Q2_10Q,top_1,1,3M_2023Q2_10Q_0006,CORNING_2021_10K_0101,no,no_answer
FinanceBench::bm25::financebench_id_00807::top_5,FinanceBench,bm25,bm25,,standard,,financebench_id_00807,financebench_id_00807,3M_2023Q2_10Q,top_5,5,3M_2023Q2_10Q_0006,CORNING_2021_10K_0101|3M_2023Q2_10Q_0028|JPMORGAN_2023Q2_10Q_0079|BESTBUY_2017_10K_0016|JPMORGAN_2022_10K_0129,no,no_answer
FinanceBench::bm25::financebench_id_00941::top_1,FinanceBench,bm25,bm25,,standard,,financebench_id_00941,financebench_id_00941,3M_2023Q2_10Q,top_1,1,3M_2023Q2_10Q_0000,PAYPAL_2022_10K_0000,no,no_answer
FinanceBench::bm25::financebench_id_00941::top_5,FinanceBench,bm25,bm25,,standard,,financebench_id_00941,financebench_id_00941,3M_2023Q2_10Q,top_5,5,3M_2023Q2_10Q_0000,PAYPAL_2022_10K_0000|NIKE_2023_10K_0000|MICROSOFT_2023_10K_0000|3M_2023Q2_10Q_0001|AES_2022_10K_0185,no,correct
FinanceBench::bm25::financebench_id_01858::top_1,FinanceBench,bm25,bm25,,standard,,financebench_id_01858,financebench_id_01858,3M_2023Q2_10Q,top_1,1,3M_2023Q2_10Q_0025,AMERICANEXPRESS_2022_10K_0019,no,no_answer
FinanceBench::bm25::financebench_id_01858::top_5,FinanceBench,bm25,bm25,,standard,,financebench_id_01858,financebench_id_01858,3M_2023Q2_10Q,top_5,5,3M_2023Q2_10Q_0025,AMERICANEXPRESS_2022_10K_0019|3M_2018_10K_0065|JPMORGAN_2022Q2_10Q_0082|3M_2022_10K_0017|3M_2018_10K_0020,no,correct
FinanceBench::bm25::financebench_id_07507::top_1,FinanceBench,bm25,bm25,,standard,,financebench_id_07507,financebench_id_07507,ADOBE_2016_10K,top_1,1,ADOBE_2016_10K_0014_intro,CORNING_2022_10K_0148,no,no_answer
FinanceBench::bm25::financebench_id_07507::top_5,FinanceBench,bm25,bm25,,standard,,financebench_id_07507,financebench_id_07507,ADOBE_2016_10K,top_5,5,ADOBE_2016_10K_0014_intro,CORNING_2022_10K_0148|AMERICANEXPRESS_2022_10K_0049|AMERICANEXPRESS_2022_10K_0016|MICROSOFT_2016_10K_0015|AMCOR_2020_10K_0040,no,no_answer
FinanceBench::bm25::financebench_id_00438::top_1,FinanceBench,bm25,bm25,,standard,,financebench_id_00438,financebench_id_00438,ADOBE_2022_10K,top_1,1,ADOBE_2022_10K_0013,PEPSICO_2021_10K_0083,no,no_answer
FinanceBench::bm25::financebench_id_00438::top_5,FinanceBench,bm25,bm25,,standard,,financebench_id_00438,financebench_id_00438,ADOBE_2022_10K,top_5,5,ADOBE_2022_10K_0013,PEPSICO_2021_10K_0083|AES_2022_10K_0164|CVSHEALTH_2022_10K_0096|PEPSICO_2022_10K_0077_intro|MICROSOFT_2023_10K_0012,no,no_answer
FinanceBench::bm25::financebench_id_00591::top_1,FinanceBench,bm25,bm25,,standard,,financebench_id_00591,financebench_id_00591,ADOBE_2022_10K,top_1,1,ADOBE_2022_10K_0013,ADOBE_2016_10K_0002,no,no_answer
FinanceBench::bm25::financebench_id_00591::top_5,FinanceBench,bm25,bm25,,standard,,financebench_id_00591,financebench_id_00591,ADOBE_2022_10K,top_5,5,ADOBE_2022_10K_0013,ADOBE_2016_10K_0002|ADOBE_2022_10K_0002|BLOCK_2020_10K_0117|AMERICANWATERWORKS_2020_10K_0050|ADOBE_2022_10K_0001,no,no_answer
FinanceBench::bm25::financebench_id_01319::top_1,FinanceBench,bm25,bm25,,standard,,financebench_id_01319,financebench_id_01319,AES_2022_10K,top_1,1,AES_2022_10K_0171,CORNING_2022_10K_0078,no,no_answer
FinanceBench::bm25::financebench_id_01319::top_5,FinanceBench,bm25,bm25,,standard,,financebench_id_01319,financebench_id_01319,AES_2022_10K,top_5,5,AES_2022_10K_0171,CORNING_2022_10K_0078|PFIZER_2021_10K_0087|AMCOR_2020_10K_0103|MICROSOFT_2016_10K_0028|GENERALMILLS_2020_10K_0046,no,no_answer
FinanceBench::bm25::financebench_id_08135::top_1,FinanceBench,bm25,bm25,,standard,,financebench_id_08135,financebench_id_08135,AMAZON_2017_10K,top_1,1,AMAZON_2017_10K_0013,PEPSICO_2022_10K_0110,no,no_answer
FinanceBench::bm25::financebench_id_08135::top_5,FinanceBench,bm25,bm25,,standard,,financebench_id_08135,financebench_id_08135,AMAZON_2017_10K,top_5,5,AMAZON_2017_10K_0013,PEPSICO_2022_10K_0110|PEPSICO_2022_10K_0359|PEPSICO_2022_10K_0307|COCACOLA_2021_10K_0055|JPMORGAN_2021Q1_10Q_0034,no,no_answer
FinanceBench::bm25::financebench_id_08286::top_1,FinanceBench,bm25,bm25,,standard,,financebench_id_08286,financebench_id_08286,AMAZON_2019_10K,top_1,1,AMAZON_2019_10K_0016,BOEING_2022_10K_0023,no,no_answer
FinanceBench::bm25::financebench_id_08286::top_5,FinanceBench,bm25,bm25,,standard,,financebench_id_08286,financebench_id_08286,AMAZON_2019_10K,top_5,5,AMAZON_2019_10K_0016,BOEING_2022_10K_0023|WALMART_2019_10K_0013|3M_2023Q2_10Q_0009|3M_2023Q2_10Q_0003|3M_2023Q2_10Q_0028,no,no_answer
FinanceBench::bm25::financebench_id_03882::top_1,FinanceBench,bm25,bm25,,standard,,financebench_id_03882,financebench_id_03882,AMCOR_2020_10K,top_1,1,AMCOR_2020_10K_0017,WALMART_2019_10K_0013,no,no_answer
FinanceBench::bm25::financebench_id_03882::top_5,FinanceBench,bm25,bm25,,standard,,financebench_id_03882,financebench_id_03882,AMCOR_2020_10K,top_5,5,AMCOR_2020_10K_0017,WALMART_2019_10K_0013|BESTBUY_2019_10K_0076|BESTBUY_2017_10K_0079|BLOCK_2016_10K_0068|VERIZON_2021_10K_0016,no,no_answer
FinanceBench::bm25::financebench_id_01935::top_5,FinanceBench,bm25,bm25,,standard,,financebench_id_01935,financebench_id_01935,AMCOR_2022_8K_dated-2022-07-01,top_5,5,AMCOR_2022_8K_dated_2022_07_01_0001,AMCOR_2023_10K_0032|BESTBUY_2017_10K_0166|AMCOR_2020_10K_0119|BESTBUY_2019_10K_0172|ADOBE_2022_10K_0025,no,incorrect
FinanceBench::bm25::financebench_id_01936::top_1,FinanceBench,bm25,bm25,,standard,,financebench_id_01936,financebench_id_01936,AMCOR_2023Q2_10Q,top_1,1,AMCOR_2023Q2_10Q_0011,JOHNSON_JOHNSON_2023Q2_EARNINGS_0016,no,no_answer
FinanceBench::bm25::financebench_id_01936::top_5,FinanceBench,bm25,bm25,,standard,,financebench_id_01936,financebench_id_01936,AMCOR_2023Q2_10Q,top_5,5,AMCOR_2023Q2_10Q_0011,JOHNSON_JOHNSON_2023Q2_EARNINGS_0016|JOHNSON_JOHNSON_2023_8K_dated_2023_08_30_0020|JOHNSON_JOHNSON_2023_8K_dated_2023_08_30_0018|JOHNSON_JOHNSON_2023_8K_dated_2023_08_30_0019|AES_2022_10K_0185,no,no_answer
FinanceBench::bm25::financebench_id_01928::top_5,FinanceBench,bm25,bm25,,standard,,financebench_id_01928,financebench_id_01928,AMCOR_2023Q4_EARNINGS,top_5,5,AMCOR_2023Q4_EARNINGS_0018,AMCOR_2023Q4_EARNINGS_0011|AMCOR_2023Q4_EARNINGS_0015|AMCOR_2023Q4_EARNINGS_0000|MGMRESORTS_2022Q4_EARNINGS_0018|JOHNSON_JOHNSON_2023Q2_EARNINGS_0000,no,correct
FinanceBench::bm25::financebench_id_01930::top_1,FinanceBench,bm25,bm25,,standard,,financebench_id_01930,financebench_id_01930,AMCOR_2023Q4_EARNINGS,top_1,1,AMCOR_2023Q4_EARNINGS_0017,AMCOR_2023Q2_10Q_0016,no,no_answer
FinanceBench::bm25::financebench_id_00799::top_1,FinanceBench,bm25,bm25,,standard,,financebench_id_00799,financebench_id_00799,AMCOR_2023_10K,top_1,1,AMCOR_2023_10K_0016,AMERICANEXPRESS_2022_10K_0112,no,no_answer
FinanceBench::bm25::financebench_id_00799::top_5,FinanceBench,bm25,bm25,,standard,,financebench_id_00799,financebench_id_00799,AMCOR_2023_10K,top_5,5,AMCOR_2023_10K_0016,AMERICANEXPRESS_2022_10K_0112|JPMORGAN_2023Q2_10Q_0065|3M_2023Q2_10Q_0018|MGMRESORTS_2018_10K_0227_intro|JPMORGAN_2022_10K_0409_intro,no,no_answer
FinanceBench::bm25::financebench_id_01079::top_1,FinanceBench,bm25,bm25,,standard,,financebench_id_01079,financebench_id_01079,AMCOR_2023_10K,top_1,1,AMCOR_2023_10K_0019,AMCOR_2022_8K_dated_2022_07_01_0018,no,no_answer
FinanceBench::bm25::financebench_id_01079::top_5,FinanceBench,bm25,bm25,,standard,,financebench_id_01079,financebench_id_01079,AMCOR_2023_10K,top_5,5,AMCOR_2023_10K_0019,AMCOR_2022_8K_dated_2022_07_01_0018|AMCOR_2022_8K_dated_2022_07_01_0006|AMCOR_2020_10K_0150|AMCOR_2020_10K_0002|AMCOR_2020_10K_0021,no,no_answer
FinanceBench::bm25::financebench_id_01148::top_1,FinanceBench,bm25,bm25,,standard,,financebench_id_01148,financebench_id_01148,AMCOR_2023_10K,top_1,1,AMCOR_2023_10K_0001,AMCOR_2023_10K_0002,no,correct
FinanceBench::bm25::financebench_id_01148::top_5,FinanceBench,bm25,bm25,,standard,,financebench_id_01148,financebench_id_01148,AMCOR_2023_10K,top_5,5,AMCOR_2023_10K_0001,AMCOR_2023_10K_0002|AMCOR_2020_10K_0001|AMCOR_2020_10K_0002|BLOCK_2016_10K_0012|BLOCK_2020_10K_0013,no,correct
FinanceBench::bm25::financebench_id_00684::top_1,FinanceBench,bm25,bm25,,standard,,financebench_id_00684,financebench_id_00684,AMCOR_2023_10K,top_1,1,AMCOR_2023_10K_0014,CORNING_2021_10K_0064,no,no_answer
FinanceBench::bm25::financebench_id_00684::top_5,FinanceBench,bm25,bm25,,standard,,financebench_id_00684,financebench_id_00684,AMCOR_2023_10K,top_5,5,AMCOR_2023_10K_0014,CORNING_2021_10K_0064|CORNING_2022_10K_0064|CORNING_2021_10K_0154|MICROSOFT_2023_10K_0012|CORNING_2022_10K_0062_intro,no,no_answer
FinanceBench::bm25::financebench_id_00222::top_1,FinanceBench,bm25,bm25,,standard,,financebench_id_00222,financebench_id_00222,AMD_2022_10K,top_1,1,AMD_2022_10K_0014,CORNING_2021_10K_0101,no,no_answer
FinanceBench::bm25::financebench_id_00222::top_5,FinanceBench,bm25,bm25,,standard,,financebench_id_00222,financebench_id_00222,AMD_2022_10K,top_5,5,AMD_2022_10K_0014,CORNING_2021_10K_0101|JPMORGAN_2023Q2_10Q_0079|BESTBUY_2017_10K_0016|JPMORGAN_2022_10K_0129|JPMORGAN_2021Q1_10Q_0073,no,no_answer
FinanceBench::bm25::financebench_id_01198::top_1,FinanceBench,bm25,bm25,,standard,,financebench_id_01198,financebench_id_01198,AMD_2022_10K,top_1,1,AMD_2022_10K_0012,BESTBUY_2017_10K_0022,no,no_answer
FinanceBench::bm25::financebench_id_01198::top_5,FinanceBench,bm25,bm25,,standard,,financebench_id_01198,financebench_id_01198,AMD_2022_10K,top_5,5,AMD_2022_10K_0012,BESTBUY_2017_10K_0022|AMD_2022_10K_0003|AMD_2022_10K_0012|AMD_2022_10K_0002|AMD_2022_10K_0028,yes,correct
FinanceBench::bm25::financebench_id_01279::top_1,FinanceBench,bm25,bm25,,standard,,financebench_id_01279,financebench_id_01279,AMD_2022_10K,top_1,1,AMD_2022_10K_0014,AMD_2022_10K_0012,no,correct
FinanceBench::bm25::financebench_id_00563::top_5,FinanceBench,bm25,bm25,,standard,,financebench_id_00563,financebench_id_00563,AMD_2022_10K,top_5,5,AMD_2022_10K_0012,AMD_2022_10K_0012|AMD_2022_10K_0003|AMD_2022_10K_0028|BESTBUY_2017_10K_0024_intro|AMCOR_2023Q2_10Q_0016,yes,correct
FinanceBench::bm25::financebench_id_00476::top_1,FinanceBench,bm25,bm25,,standard,,financebench_id_00476,financebench_id_00476,AMERICANEXPRESS_2022_10K,top_1,1,AMERICANEXPRESS_2022_10K_0000,AMERICANEXPRESS_2022_10K_0000,yes,correct
FinanceBench::bm25::financebench_id_00476::top_5,FinanceBench,bm25,bm25,,standard,,financebench_id_00476,financebench_id_00476,AMERICANEXPRESS_2022_10K,top_5,5,AMERICANEXPRESS_2022_10K_0000,AMERICANEXPRESS_2022_10K_0000|AMERICANEXPRESS_2022_10K_0019|AMERICANEXPRESS_2022_10K_0132|AMERICANEXPRESS_2022_10K_0001|AMERICANEXPRESS_2022_10K_0109_intro,yes,correct
FinanceBench::bm25::financebench_id_01028::top_1,FinanceBench,bm25,bm25,,standard,,financebench_id_01028,financebench_id_01028,AMERICANEXPRESS_2022_10K,top_1,1,AMERICANEXPRESS_2022_10K_0116,AMERICANEXPRESS_2022_10K_0019,no,no_answer
FinanceBench::bm25::financebench_id_01028::top_5,FinanceBench,bm25,bm25,,standard,,financebench_id_01028,financebench_id_01028,AMERICANEXPRESS_2022_10K,top_5,5,AMERICANEXPRESS_2022_10K_0116,AMERICANEXPRESS_2022_10K_0019|AMERICANEXPRESS_2022_10K_0120|AMERICANEXPRESS_2022_10K_0109_intro|AMERICANEXPRESS_2022_10K_0132|AMERICANEXPRESS_2022_10K_0003,no,incorrect
FinanceBench::bm25::financebench_id_00723::top_1,FinanceBench,bm25,bm25,,standard,,financebench_id_00723,financebench_id_00723,AMERICANEXPRESS_2022_10K,top_1,1,AMERICANEXPRESS_2022_10K_0028,PEPSICO_2021_10K_0083,no,no_answer
FinanceBench::bm25::financebench_id_00723::top_5,FinanceBench,bm25,bm25,,standard,,financebench_id_00723,financebench_id_00723,AMERICANEXPRESS_2022_10K,top_5,5,AMERICANEXPRESS_2022_10K_0028,PEPSICO_2021_10K_0083|AES_2022_10K_0164|PEPSICO_2022_10K_0077_intro|MICROSOFT_2023_10K_0012|CVSHEALTH_2022_10K_0096,no,no_answer
FinanceBench::bm25::financebench_id_00720::top_1,FinanceBench,bm25,bm25,,standard,,financebench_id_00720,financebench_id_00720,AMERICANEXPRESS_2022_10K,top_1,1,AMERICANEXPRESS_2022_10K_0028,CORNING_2021_10K_0064,no,no_answer
FinanceBench::bm25::financebench_id_00720::top_5,FinanceBench,bm25,bm25,,standard,,financebench_id_00720,financebench_id_00720,AMERICANEXPRESS_2022_10K,top_5,5,AMERICANEXPRESS_2022_10K_0028,CORNING_2021_10K_0064|CORNING_2022_10K_0064|MICROSOFT_2023_10K_0012|GENERALMILLS_2020_10K_0010|CORNING_2022_10K_0062_intro,no,no_answer
FinanceBench::bm25::financebench_id_01351::top_1,FinanceBench,bm25,bm25,,standard,,financebench_id_01351,financebench_id_01351,AMERICANEXPRESS_2022_10K,top_1,1,AMERICANEXPRESS_2022_10K_0016,AMERICANEXPRESS_2022_10K_0132,no,no_answer
FinanceBench::bm25::financebench_id_01351::top_5,FinanceBench,bm25,bm25,,standard,,financebench_id_01351,financebench_id_01351,AMERICANEXPRESS_2022_10K,top_5,5,AMERICANEXPRESS_2022_10K_0016,AMERICANEXPRESS_2022_10K_0132|AMERICANEXPRESS_2022_10K_0109_intro|AMERICANEXPRESS_2022_10K_0019|AMERICANEXPRESS_2022_10K_0139|AMERICANEXPRESS_2022_10K_0202,no,no_answer
FinanceBench::bm25::financebench_id_01964::top_1,FinanceBench,bm25,bm25,,standard,,financebench_id_01964,financebench_id_01964,AMERICANEXPRESS_2022_10K,top_1,1,AMERICANEXPRESS_2022_10K_0028,AMERICANEXPRESS_2022_10K_0113,no,no_answer
FinanceBench::bm25::financebench_id_01964::top_5,FinanceBench,bm25,bm25,,standard,,financebench_id_01964,financebench_id_01964,AMERICANEXPRESS_2022_10K,top_5,5,AMERICANEXPRESS_2022_10K_0028,AMERICANEXPRESS_2022_10K_0113|AMERICANEXPRESS_2022_10K_0019|VERIZON_2022_10K_0067|VERIZON_2021_10K_0071_intro|AMERICANEXPRESS_2022_10K_0021,no,no_answer
FinanceBench::bm25::financebench_id_01981::top_1,FinanceBench,bm25,bm25,,standard,,financebench_id_01981,financebench_id_01981,AMERICANEXPRESS_2022_10K,top_1,1,AMERICANEXPRESS_2022_10K_0016,AMERICANEXPRESS_2022_10K_0003,no,no_answer
FinanceBench::bm25::financebench_id_01981::top_5,FinanceBench,bm25,bm25,,standard,,financebench_id_01981,financebench_id_01981,AMERICANEXPRESS_2022_10K,top_5,5,AMERICANEXPRESS_2022_10K_0016,AMERICANEXPRESS_2022_10K_0003|AMERICANEXPRESS_2022_10K_0036|AMERICANEXPRESS_2022_10K_0022|AMERICANEXPRESS_2022_10K_0015|AMERICANEXPRESS_2022_10K_0009,no,no_answer
FinanceBench::bm25::financebench_id_05718::top_1,FinanceBench,bm25,bm25,,standard,,financebench_id_05718,financebench_id_05718,AMERICANWATERWORKS_2020_10K,top_1,1,AMERICANWATERWORKS_2020_10K_0025,AMERICANWATERWORKS_2020_10K_0127,no,no_answer
FinanceBench::bm25::financebench_id_02608::top_1,FinanceBench,bm25,bm25,,standard,,financebench_id_02608,financebench_id_02608,BESTBUY_2017_10K,top_1,1,BESTBUY_2017_10K_0068,BESTBUY_2023_10K_0012,no,no_answer
FinanceBench::bm25::financebench_id_02608::top_5,FinanceBench,bm25,bm25,,standard,,financebench_id_02608,financebench_id_02608,BESTBUY_2017_10K,top_5,5,BESTBUY_2017_10K_0068,BESTBUY_2023_10K_0012|BESTBUY_2019_10K_0173|BESTBUY_2023_10K_0026|BESTBUY_2023_10K_0014|BESTBUY_2017_10K_0027_intro,no,no_answer
FinanceBench::bm25::financebench_id_04417::top_1,FinanceBench,bm25,bm25,,standard,,financebench_id_04417,financebench_id_04417,BESTBUY_2019_10K,top_1,1,BESTBUY_2019_10K_0064,BESTBUY_2023_10K_0012,no,no_answer
FinanceBench::bm25::financebench_id_04417::top_5,FinanceBench,bm25,bm25,,standard,,financebench_id_04417,financebench_id_04417,BESTBUY_2019_10K,top_5,5,BESTBUY_2019_10K_0064,BESTBUY_2023_10K_0012|BESTBUY_2017_10K_0027_intro|BESTBUY_2019_10K_0026_intro|BESTBUY_2023_10K_0014|BESTBUY_2017_10K_0114,no,no_answer
FinanceBench::bm25::financebench_id_01077::top_1,FinanceBench,bm25,bm25,,standard,,financebench_id_01077,financebench_id_01077,BESTBUY_2023_10K,top_1,1,BESTBUY_2023_10K_0014,BESTBUY_2019_10K_0013,no,no_answer
FinanceBench::bm25::financebench_id_01077::top_5,FinanceBench,bm25,bm25,,standard,,financebench_id_01077,financebench_id_01077,BESTBUY_2023_10K,top_5,5,BESTBUY_2023_10K_0014,BESTBUY_2019_10K_0013|BESTBUY_2017_10K_0002|BESTBUY_2017_10K_0013|BESTBUY_2023_10K_0026|BESTBUY_2019_10K_0002,no,no_answer
FinanceBench::bm25::financebench_id_01275::top_1,FinanceBench,bm25,bm25,,standard,,financebench_id_01275,financebench_id_01275,BESTBUY_2023_10K,top_1,1,BESTBUY_2023_10K_0014,BESTBUY_2023_10K_0012,no,correct
FinanceBench::bm25::financebench_id_01275::top_5,FinanceBench,bm25,bm25,,standard,,financebench_id_01275,financebench_id_01275,BESTBUY_2023_10K,top_5,5,BESTBUY_2023_10K_0014,BESTBUY_2023_10K_0012|BESTBUY_2017_10K_0070|BESTBUY_2017_10K_0036|PFIZER_2023Q2_10Q_0007|BESTBUY_2023_10K_0002,no,correct
FinanceBench::bm25::financebench_id_00288::top_1,FinanceBench,bm25,bm25,,standard,,financebench_id_00288,financebench_id_00288,BESTBUY_2024Q2_10Q,top_1,1,BESTBUY_2024Q2_10Q_0009,JOHNSON_JOHNSON_2023Q2_EARNINGS_0000,no,no_answer
FinanceBench::bm25::financebench_id_00288::top_5,FinanceBench,bm25,bm25,,standard,,financebench_id_00288,financebench_id_00288,BESTBUY_2024Q2_10Q,top_5,5,BESTBUY_2024Q2_10Q_0009,JOHNSON_JOHNSON_2023Q2_EARNINGS_0000|AES_2022_10K_0185|AMCOR_2023Q4_EARNINGS_0016|AMCOR_2023Q4_EARNINGS_0017|JOHNSON_JOHNSON_2023Q2_EARNINGS_0001,no,no_answer
FinanceBench::bm25::financebench_id_00460::top_1,FinanceBench,bm25,bm25,,standard,,financebench_id_00460,financebench_id_00460,BESTBUY_2024Q2_10Q,top_1,1,BESTBUY_2024Q2_10Q_0009,BESTBUY_2019_10K_0140,no,no_answer
FinanceBench::bm25::financebench_id_00460::top_5,FinanceBench,bm25,bm25,,standard,,financebench_id_00460,financebench_id_00460,BESTBUY_2024Q2_10Q,top_5,5,BESTBUY_2024Q2_10Q_0009,BESTBUY_2019_10K_0140|BESTBUY_2019_10K_0013|BESTBUY_2017_10K_0027_intro|BESTBUY_2017_10K_0114|BESTBUY_2019_10K_0005,no,no_answer
FinanceBench::bm25::financebench_id_01902::top_1,FinanceBench,bm25,bm25,,standard,,financebench_id_01902,financebench_id_01902,BESTBUY_2024Q2_10Q,top_1,1,BESTBUY_2024Q2_10Q_0009,BESTBUY_2023_10K_0001,no,no_answer
FinanceBench::bm25::financebench_id_01902::top_5,FinanceBench,bm25,bm25,,standard,,financebench_id_01902,financebench_id_01902,BESTBUY_2024Q2_10Q,top_5,5,BESTBUY_2024Q2_10Q_0009,BESTBUY_2023_10K_0001|BESTBUY_2017_10K_0002|BESTBUY_2023_10K_0008|BESTBUY_2019_10K_0001|BESTBUY_2017_10K_0000,no,no_answer
FinanceBench::bm25::financebench_id_04660::top_1,FinanceBench,bm25,bm25,,standard,,financebench_id_04660,financebench_id_04660,BLOCK_2016_10K,top_1,1,BLOCK_2016_10K_0058,CORNING_2021_10K_0098,no,no_answer
FinanceBench::bm25::financebench_id_04660::top_5,FinanceBench,bm25,bm25,,standard,,financebench_id_04660,financebench_id_04660,BLOCK_2016_10K,top_5,5,BLOCK_2016_10K_0058,CORNING_2021_10K_0098|CORNING_2022_10K_0087|3M_2023Q2_10Q_0028|BESTBUY_2019_10K_0045|AMERICANEXPRESS_2022_10K_0019,no,no_answer
FinanceBench::bm25::financebench_id_03838::top_1,FinanceBench,bm25,bm25,,standard,,financebench_id_03838,financebench_id_03838,BLOCK_2020_10K,top_1,1,BLOCK_2020_10K_0071,BLOCK_2020_10K_0064,no,incorrect
FinanceBench::bm25::financebench_id_07661::top_1,FinanceBench,bm25,bm25,,standard,,financebench_id_07661,financebench_id_07661,BLOCK_2020_10K,top_1,1,BLOCK_2020_10K_0074,3M_2023Q2_10Q_0028,no,no_answer
FinanceBench::bm25::financebench_id_07661::top_5,FinanceBench,bm25,bm25,,standard,,financebench_id_07661,financebench_id_07661,BLOCK_2020_10K,top_5,5,BLOCK_2020_10K_0074,3M_2023Q2_10Q_0028|PEPSICO_2023Q1_EARNINGS_0003|3M_2022_10K_0017|CORNING_2022_10K_0086_intro|PEPSICO_2022_10K_0109,no,no_answer
FinanceBench::bm25::financebench_id_10285::top_1,FinanceBench,bm25,bm25,,standard,,financebench_id_10285,financebench_id_10285,BOEING_2018_10K,top_1,1,BOEING_2018_10K_0016,3M_2022_10K_0037,no,no_answer
FinanceBench::bm25::financebench_id_10285::top_5,FinanceBench,bm25,bm25,,standard,,financebench_id_10285,financebench_id_10285,BOEING_2018_10K,top_5,5,BOEING_2018_10K_0016,3M_2022_10K_0037|AMCOR_2023Q2_10Q_0009|3M_2018_10K_0040|3M_2023Q2_10Q_0028|AMCOR_2020_10K_0018,no,no_answer
FinanceBench::bm25::financebench_id_00517::top_1,FinanceBench,bm25,bm25,,standard,,financebench_id_00517,financebench_id_00517,BOEING_2022_10K,top_1,1,BOEING_2022_10K_0023,CORNING_2021_10K_0164,no,no_answer
FinanceBench::bm25::financebench_id_00517::top_5,FinanceBench,bm25,bm25,,standard,,financebench_id_00517,financebench_id_00517,BOEING_2022_10K,top_5,5,BOEING_2022_10K_0023,CORNING_2021_10K_0164|PAYPAL_2022_10K_0074|BESTBUY_2017_10K_0017|BESTBUY_2017_10K_0018|ULTABEAUTY_2023_10K_0002,no,no_answer
FinanceBench::bm25::financebench_id_01091::top_1,FinanceBench,bm25,bm25,,standard,,financebench_id_01091,financebench_id_01091,BOEING_2022_10K,top_1,1,BOEING_2022_10K_0044,BOEING_2022_10K_0006,no,no_answer
FinanceBench::bm25::financebench_id_01091::top_5,FinanceBench,bm25,bm25,,standard,,financebench_id_01091,financebench_id_01091,BOEING_2022_10K,top_5,5,BOEING_2022_10K_0044,BOEING_2022_10K_0006|BOEING_2018_10K_0062|BOEING_2018_10K_0002|PAYPAL_2022_10K_0045|NIKE_2018_10K_0011,no,no_answer
FinanceBench::bm25::financebench_id_00678::top_1,FinanceBench,bm25,bm25,,standard,,financebench_id_00678,financebench_id_00678,BOEING_2022_10K,top_1,1,BOEING_2022_10K_0018,CORNING_2021_10K_0064,no,no_answer
FinanceBench::bm25::financebench_id_00678::top_5,FinanceBench,bm25,bm25,,standard,,financebench_id_00678,financebench_id_00678,BOEING_2022_10K,top_5,5,BOEING_2022_10K_0018,CORNING_2021_10K_0064|CORNING_2022_10K_0064|CORNING_2021_10K_0154|MICROSOFT_2023_10K_0012|CORNING_2022_10K_0062_intro,no,no_answer
FinanceBench::bm25::financebench_id_00464::top_1,FinanceBench,bm25,bm25,,standard,,financebench_id_00464,financebench_id_00464,BOEING_2022_10K,top_1,1,BOEING_2022_10K_0007,PAYPAL_2022_10K_0129,no,no_answer
FinanceBench::bm25::financebench_id_00464::top_5,FinanceBench,bm25,bm25,,standard,,financebench_id_00464,financebench_id_00464,BOEING_2022_10K,top_5,5,BOEING_2022_10K_0007,PAYPAL_2022_10K_0129|JPMORGAN_2022_10K_0772|CORNING_2022_10K_0047|CORNING_2022_10K_0046|BLOCK_2016_10K_0029,no,no_answer
FinanceBench::bm25::financebench_id_00494::top_1,FinanceBench,bm25,bm25,,standard,,financebench_id_00494,financebench_id_00494,BOEING_2022_10K,top_1,1,BOEING_2022_10K_0007,BOEING_2022_10K_0005,no,no_answer
FinanceBench::bm25::financebench_id_00585::top_1,FinanceBench,bm25,bm25,,standard,,financebench_id_00585,financebench_id_00585,BOEING_2022_10K,top_1,1,BOEING_2022_10K_0018,BESTBUY_2017_10K_0016,no,no_answer
FinanceBench::bm25::financebench_id_00585::top_5,FinanceBench,bm25,bm25,,standard,,financebench_id_00585,financebench_id_00585,BOEING_2022_10K,top_5,5,BOEING_2022_10K_0018,BESTBUY_2017_10K_0016|JOHNSON_JOHNSON_2022_10K_0065|PFIZER_2021_10K_0091|JPMORGAN_2023Q2_10Q_0018|VERIZON_2022_10K_0123_intro,no,no_answer
FinanceBench::bm25::financebench_id_09724::top_1,FinanceBench,bm25,bm25,,standard,,financebench_id_09724,financebench_id_09724,COCACOLA_2021_10K,top_1,1,COCACOLA_2021_10K_0016,PEPSICO_2021_10K_0111_intro,no,no_answer
FinanceBench::bm25::financebench_id_09724::top_5,FinanceBench,bm25,bm25,,standard,,financebench_id_09724,financebench_id_09724,COCACOLA_2021_10K,top_5,5,COCACOLA_2021_10K_0016,PEPSICO_2021_10K_0111_intro|PEPSICO_2022_10K_0110|BLOCK_2016_10K_0052|JPMORGAN_2021Q1_10Q_0034|AMCOR_2023Q4_EARNINGS_0004,no,no_answer
FinanceBench::bm25::financebench_id_02981::top_1,FinanceBench,bm25,bm25,,standard,,financebench_id_02981,financebench_id_02981,CORNING_2021_10K,top_1,1,CORNING_2021_10K_0140,AMD_2022_10K_0012,no,no_answer
FinanceBench::bm25::financebench_id_01346::top_1,FinanceBench,bm25,bm25,,standard,,financebench_id_01346,financebench_id_01346,CORNING_2022_10K,top_1,1,CORNING_2022_10K_0062_intro,CORNING_2022_10K_0162,no,incorrect
FinanceBench::bm25::financebench_id_01346::top_5,FinanceBench,bm25,bm25,,standard,,financebench_id_01346,financebench_id_01346,CORNING_2022_10K,top_5,5,CORNING_2022_10K_0062_intro,CORNING_2022_10K_0162|CORNING_2021_10K_0172|CORNING_2022_10K_0084|JPMORGAN_2022_10K_0404_intro|CORNING_2022_10K_0153,no,incorrect
FinanceBench::bm25::financebench_id_00005::top_1,FinanceBench,bm25,bm25,,standard,,financebench_id_00005,financebench_id_00005,CORNING_2022_10K,top_1,1,CORNING_2022_10K_0130,PEPSICO_2021_10K_0098,no,no_answer
FinanceBench::bm25::financebench_id_04209::top_1,FinanceBench,bm25,bm25,,standard,,financebench_id_04209,financebench_id_04209,COSTCO_2021_10K,top_1,1,COSTCO_2021_10K_0013,COSTCO_2021_10K_0013,yes,correct
FinanceBench::bm25::financebench_id_04209::top_5,FinanceBench,bm25,bm25,,standard,,financebench_id_04209,financebench_id_04209,COSTCO_2021_10K,top_5,5,COSTCO_2021_10K_0013,COSTCO_2021_10K_0013|PEPSICO_2022_10K_0193|WALMART_2019_10K_0013|COSTCO_2021_10K_0002|AMCOR_2020_10K_0067,yes,correct
FinanceBench::bm25::financebench_id_01244::top_1,FinanceBench,bm25,bm25,,standard,,financebench_id_01244,financebench_id_01244,CVSHEALTH_2022_10K,top_1,1,CVSHEALTH_2022_10K_0119,CVSHEALTH_2022_10K_0120,no,correct
FinanceBench::bm25::financebench_id_01244::top_5,FinanceBench,bm25,bm25,,standard,,financebench_id_01244,financebench_id_01244,CVSHEALTH_2022_10K,top_5,5,CVSHEALTH_2022_10K_0119,CVSHEALTH_2022_10K_0120|CVSHEALTH_2022_10K_0119|CVSHEALTH_2022_10K_0233|CVSHEALTH_2022_10K_0124_intro|CVSHEALTH_2022_10K_0236,yes,correct
FinanceBench::bm25::financebench_id_00822::top_1,FinanceBench,bm25,bm25,,standard,,financebench_id_00822,financebench_id_00822,FOOTLOCKER_2022_8K_dated-2022-05-20,top_1,1,FOOTLOCKER_2022_8K_dated_2022_05_20_0001,FOOTLOCKER_2022_8K_dated_2022_05_20_0001,yes,correct
FinanceBench::bm25::financebench_id_00822::top_5,FinanceBench,bm25,bm25,,standard,,financebench_id_00822,financebench_id_00822,FOOTLOCKER_2022_8K_dated-2022-05-20,top_5,5,FOOTLOCKER_2022_8K_dated_2022_05_20_0001,FOOTLOCKER_2022_8K_dated_2022_05_20_0001|PEPSICO_2021_10K_0156|PEPSICO_2022_10K_0219|AMD_2022_10K_0020|VERIZON_2022_10K_0148,yes,correct
FinanceBench::bm25::financebench_id_00839::top_1,FinanceBench,bm25,bm25,,standard,,financebench_id_00839,financebench_id_00839,FOOTLOCKER_2022_8K_dated_2022-08-19,top_1,1,FOOTLOCKER_2022_8K_dated_2022_08_19_0001,FOOTLOCKER_2022_8K_dated_2022_08_19_0041_intro,no,incorrect
FinanceBench::bm25::financebench_id_00839::top_5,FinanceBench,bm25,bm25,,standard,,financebench_id_00839,financebench_id_00839,FOOTLOCKER_2022_8K_dated_2022-08-19,top_5,5,FOOTLOCKER_2022_8K_dated_2022_08_19_0001,FOOTLOCKER_2022_8K_dated_2022_08_19_0041_intro|FOOTLOCKER_2022_8K_dated_2022_08_19_0005_intro|WALMART_2019_10K_0018|AES_2022_10K_0150|LOCKHEEDMARTIN_2021_10K_0110,no,correct
FinanceBench::bm25::financebench_id_03471::top_1,FinanceBench,bm25,bm25,,standard,,financebench_id_03471,financebench_id_03471,GENERALMILLS_2020_10K,top_1,1,GENERALMILLS_2020_10K_0018,3M_2023Q2_10Q_0028,no,no_answer
FinanceBench::bm25::financebench_id_03471::top_5,FinanceBench,bm25,bm25,,standard,,financebench_id_03471,financebench_id_03471,GENERALMILLS_2020_10K,top_5,5,GENERALMILLS_2020_10K_0018,3M_2023Q2_10Q_0028|BESTBUY_2019_10K_0045|GENERALMILLS_2020_10K_0088|CORNING_2021_10K_0098|AMERICANEXPRESS_2022_10K_0019,no,no_answer
FinanceBench::bm25::financebench_id_04854::top_1,FinanceBench,bm25,bm25,,standard,,financebench_id_04854,financebench_id_04854,GENERALMILLS_2020_10K,top_1,1,GENERALMILLS_2020_10K_0020,3M_2023Q2_10Q_0028,no,no_answer
FinanceBench::bm25::financebench_id_01484::top_1,FinanceBench,bm25,bm25,,standard,,financebench_id_01484,financebench_id_01484,JOHNSON_JOHNSON_2022Q4_EARNINGS,top_1,1,JOHNSON_JOHNSON_2022Q4_EARNINGS_0001,JOHNSON_JOHNSON_2022Q4_EARNINGS_0004,no,no_answer
FinanceBench::bm25::financebench_id_01484::top_5,FinanceBench,bm25,bm25,,standard,,financebench_id_01484,financebench_id_01484,JOHNSON_JOHNSON_2022Q4_EARNINGS,top_5,5,JOHNSON_JOHNSON_2022Q4_EARNINGS_0001,JOHNSON_JOHNSON_2022Q4_EARNINGS_0004|BESTBUY_2019_10K_0027|JOHNSON_JOHNSON_2023_8K_dated_2023_08_30_0019|COSTCO_2021_10K_0011|CORNING_2022_10K_0063,no,no_answer
FinanceBench::bm25::financebench_id_00956::top_1,FinanceBench,bm25,bm25,,standard,,financebench_id_00956,financebench_id_00956,JOHNSON_JOHNSON_2022_10K,top_1,1,JOHNSON_JOHNSON_2022_10K_0024,JOHNSON_JOHNSON_2023_8K_dated_2023_08_30_0004_intro,no,no_answer
FinanceBench::bm25::financebench_id_00956::top_5,FinanceBench,bm25,bm25,,standard,,financebench_id_00956,financebench_id_00956,JOHNSON_JOHNSON_2022_10K,top_5,5,JOHNSON_JOHNSON_2022_10K_0024,JOHNSON_JOHNSON_2023_8K_dated_2023_08_30_0004_intro|JPMORGAN_2022_10K_0780|JOHNSON_JOHNSON_2023_8K_dated_2023_08_30_0009|JOHNSON_JOHNSON_2023_8K_dated_2023_08_30_0001|PEPSICO_2022_10K_0146,no,no_answer
FinanceBench::bm25::financebench_id_00669::top_1,FinanceBench,bm25,bm25,,standard,,financebench_id_00669,financebench_id_00669,JOHNSON_JOHNSON_2022_10K,top_1,1,JOHNSON_JOHNSON_2022_10K_0024,CORNING_2021_10K_0064,no,no_answer
FinanceBench::bm25::financebench_id_00669::top_5,FinanceBench,bm25,bm25,,standard,,financebench_id_00669,financebench_id_00669,JOHNSON_JOHNSON_2022_10K,top_5,5,JOHNSON_JOHNSON_2022_10K_0024,CORNING_2021_10K_0064|CORNING_2022_10K_0064|MICROSOFT_2023_10K_0012|GENERALMILLS_2020_10K_0010|CORNING_2022_10K_0062_intro,no,no_answer
FinanceBench::bm25::financebench_id_01488::top_1,FinanceBench,bm25,bm25,,standard,,financebench_id_01488,financebench_id_01488,JOHNSON_JOHNSON_2023_8K_dated-2023-08-30,top_1,1,JOHNSON_JOHNSON_2023_8K_dated_2023_08_30_0004_intro,JOHNSON_JOHNSON_2023_8K_dated_2023_08_30_0004_intro,yes,correct
FinanceBench::bm25::financebench_id_01488::top_5,FinanceBench,bm25,bm25,,standard,,financebench_id_01488,financebench_id_01488,JOHNSON_JOHNSON_2023_8K_dated-2023-08-30,top_5,5,JOHNSON_JOHNSON_2023_8K_dated_2023_08_30_0004_intro,JOHNSON_JOHNSON_2023_8K_dated_2023_08_30_0004_intro|AMCOR_2020_10K_0055|JOHNSON_JOHNSON_2023_8K_dated_2023_08_30_0000|AES_2022_10K_0198|AMCOR_2023_10K_0005,yes,correct
FinanceBench::bm25::financebench_id_01490::top_1,FinanceBench,bm25,bm25,,standard,,financebench_id_01490,financebench_id_01490,JOHNSON_JOHNSON_2023_8K_dated-2023-08-30,top_1,1,JOHNSON_JOHNSON_2023_8K_dated_2023_08_30_0004_intro,JOHNSON_JOHNSON_2023_8K_dated_2023_08_30_0004_intro,yes,correct
FinanceBench::bm25::financebench_id_01490::top_5,FinanceBench,bm25,bm25,,standard,,financebench_id_01490,financebench_id_01490,JOHNSON_JOHNSON_2023_8K_dated-2023-08-30,top_5,5,JOHNSON_JOHNSON_2023_8K_dated_2023_08_30_0004_intro,JOHNSON_JOHNSON_2023_8K_dated_2023_08_30_0004_intro|3M_2023Q2_10Q_0027|JOHNSON_JOHNSON_2023Q2_EARNINGS_0016|JOHNSON_JOHNSON_2023Q2_EARNINGS_0017|JOHNSON_JOHNSON_2023_8K_dated_2023_08_30_0008,yes,correct
FinanceBench::bm25::financebench_id_01491::top_1,FinanceBench,bm25,bm25,,standard,,financebench_id_01491,financebench_id_01491,JOHNSON_JOHNSON_2023_8K_dated-2023-08-30,top_1,1,JOHNSON_JOHNSON_2023_8K_dated_2023_08_30_0004_intro,JOHNSON_JOHNSON_2023_8K_dated_2023_08_30_0004_intro,yes,correct
FinanceBench::bm25::financebench_id_01491::top_5,FinanceBench,bm25,bm25,,standard,,financebench_id_01491,financebench_id_01491,JOHNSON_JOHNSON_2023_8K_dated-2023-08-30,top_5,5,JOHNSON_JOHNSON_2023_8K_dated_2023_08_30_0004_intro,JOHNSON_JOHNSON_2023_8K_dated_2023_08_30_0004_intro|JOHNSON_JOHNSON_2023_8K_dated_2023_08_30_0008|JOHNSON_JOHNSON_2023_8K_dated_2023_08_30_0001|3M_2022_10K_0033|JOHNSON_JOHNSON_2022_10K_0039,yes,correct
FinanceBench::bm25::financebench_id_00299::top_1,FinanceBench,bm25,bm25,,standard,,financebench_id_00299,financebench_id_00299,JPMORGAN_2021Q1_10Q,top_1,1,JPMORGAN_2021Q1_10Q_0024,PEPSICO_2023Q1_EARNINGS_0000,no,no_answer
FinanceBench::bm25::financebench_id_00299::top_5,FinanceBench,bm25,bm25,,standard,,financebench_id_00299,financebench_id_00299,JPMORGAN_2021Q1_10Q,top_5,5,JPMORGAN_2021Q1_10Q_0024,PEPSICO_2023Q1_EARNINGS_0000|CORNING_2021_10K_0108|JPMORGAN_2022_10K_0083_intro|JPMORGAN_2022Q2_10Q_0024|BOEING_2022_10K_0045,no,no_answer
FinanceBench::bm25::financebench_id_02119::top_1,FinanceBench,bm25,bm25,,standard,,financebench_id_02119,financebench_id_02119,JPMORGAN_2021Q1_10Q,top_1,1,JPMORGAN_2021Q1_10Q_0006,PEPSICO_2022_10K_0165,no,no_answer
FinanceBench::bm25::financebench_id_02119::top_5,FinanceBench,bm25,bm25,,standard,,financebench_id_02119,financebench_id_02119,JPMORGAN_2021Q1_10Q,top_5,5,JPMORGAN_2021Q1_10Q_0006,PEPSICO_2022_10K_0165|PEPSICO_2021_10K_0128|PEPSICO_2022_10K_0164|AMCOR_2020_10K_0001|AMAZON_2019_10K_0012,no,no_answer
FinanceBench::bm25::financebench_id_00394::top_1,FinanceBench,bm25,bm25,,standard,,financebench_id_00394,financebench_id_00394,JPMORGAN_2022Q2_10Q,top_1,1,JPMORGAN_2022Q2_10Q_0025,JOHNSON_JOHNSON_2023Q2_EARNINGS_0000,no,no_answer
FinanceBench::bm25::financebench_id_00394::top_5,FinanceBench,bm25,bm25,,standard,,financebench_id_00394,financebench_id_00394,JPMORGAN_2022Q2_10Q,top_5,5,JPMORGAN_2022Q2_10Q_0025,JOHNSON_JOHNSON_2023Q2_EARNINGS_0000|3M_2023Q2_10Q_0023|JPMORGAN_2022_10K_0785|3M_2022_10K_0049|JPMORGAN_2022_10K_0763,no,no_answer
FinanceBench::bm25::financebench_id_00206::top_1,FinanceBench,bm25,bm25,,standard,,financebench_id_00206,financebench_id_00206,JPMORGAN_2022_10K,top_1,1,JPMORGAN_2022_10K_0002,COCACOLA_2021_10K_0119,no,no_answer
FinanceBench::bm25::financebench_id_00206::top_5,FinanceBench,bm25,bm25,,standard,,financebench_id_00206,financebench_id_00206,JPMORGAN_2022_10K,top_5,5,JPMORGAN_2022_10K_0002,COCACOLA_2021_10K_0119|BLOCK_2016_10K_0015|COSTCO_2021_10K_0001|COSTCO_2021_10K_0011|3M_2018_10K_0015,no,no_answer
FinanceBench::bm25::financebench_id_02049::top_1,FinanceBench,bm25,bm25,,standard,,financebench_id_02049,financebench_id_02049,JPMORGAN_2023Q2_10Q,top_1,1,JPMORGAN_2023Q2_10Q_0113,JPMORGAN_2023Q2_10Q_0113,yes,correct
FinanceBench::bm25::financebench_id_03031::top_1,FinanceBench,bm25,bm25,,standard,,financebench_id_03031,financebench_id_03031,LOCKHEEDMARTIN_2021_10K,top_1,1,LOCKHEEDMARTIN_2021_10K_0027,3M_2023Q2_10Q_0028,no,no_answer
FinanceBench::bm25::financebench_id_03031::top_5,FinanceBench,bm25,bm25,,standard,,financebench_id_03031,financebench_id_03031,LOCKHEEDMARTIN_2021_10K,top_5,5,LOCKHEEDMARTIN_2021_10K_0027,3M_2023Q2_10Q_0028|3M_2022_10K_0017|AMCOR_2023Q2_10Q_0021|3M_2018_10K_0020|CORNING_2021_10K_0098,no,no_answer
FinanceBench::bm25::financebench_id_03718::top_1,FinanceBench,bm25,bm25,,standard,,financebench_id_03718,financebench_id_03718,LOCKHEEDMARTIN_2022_10K,top_1,1,LOCKHEEDMARTIN_2022_10K_0020,LOCKHEEDMARTIN_2021_10K_0126,no,no_answer
FinanceBench::bm25::financebench_id_03718::top_5,FinanceBench,bm25,bm25,,standard,,financebench_id_03718,financebench_id_03718,LOCKHEEDMARTIN_2022_10K,top_5,5,LOCKHEEDMARTIN_2022_10K_0020,LOCKHEEDMARTIN_2021_10K_0126|VERIZON_2021_10K_0064|BLOCK_2020_10K_0064|AMD_2022_10K_0012|LOCKHEEDMARTIN_2022_10K_0108,no,no_answer
FinanceBench::bm25::financebench_id_04171::top_1,FinanceBench,bm25,bm25,,standard,,financebench_id_04171,financebench_id_04171,MGMRESORTS_2018_10K,top_1,1,MGMRESORTS_2018_10K_0013,MGMRESORTS_2018_10K_0120,no,no_answer
FinanceBench::bm25::financebench_id_04171::top_5,FinanceBench,bm25,bm25,,standard,,financebench_id_04171,financebench_id_04171,MGMRESORTS_2018_10K,top_5,5,MGMRESORTS_2018_10K_0013,MGMRESORTS_2018_10K_0120|MGMRESORTS_2018_10K_0011|MGMRESORTS_2018_10K_0218|MGMRESORTS_2018_10K_0014|MGMRESORTS_2022_10K_0011,no,no_answer
FinanceBench::bm25::financebench_id_00382::top_5,FinanceBench,bm25,bm25,,standard,,financebench_id_00382,financebench_id_00382,MGMRESORTS_2022Q4_EARNINGS,top_5,5,MGMRESORTS_2022Q4_EARNINGS_0019,MGMRESORTS_2022_10K_0122|MGMRESORTS_2022Q4_EARNINGS_0011|MGMRESORTS_2022Q4_EARNINGS_0005|MGMRESORTS_2022Q4_EARNINGS_0019|MGMRESORTS_2022_10K_0011,yes,correct
FinanceBench::bm25::financebench_id_01911::top_1,FinanceBench,bm25,bm25,,standard,,financebench_id_01911,financebench_id_01911,MGMRESORTS_2022Q4_EARNINGS,top_1,1,MGMRESORTS_2022Q4_EARNINGS_0019,BESTBUY_2017_10K_0046,no,no_answer
FinanceBench::bm25::financebench_id_01911::top_5,FinanceBench,bm25,bm25,,standard,,financebench_id_01911,financebench_id_01911,MGMRESORTS_2022Q4_EARNINGS,top_5,5,MGMRESORTS_2022Q4_EARNINGS_0019,BESTBUY_2017_10K_0046|AMCOR_2023Q2_10Q_0016|3M_2022_10K_0069|AMCOR_2023Q2_10Q_0017|AMCOR_2023Q4_EARNINGS_0019,no,no_answer
FinanceBench::bm25::financebench_id_01254::top_1,FinanceBench,bm25,bm25,,standard,,financebench_id_01254,financebench_id_01254,MGMRESORTS_2022_10K,top_1,1,MGMRESORTS_2022_10K_0008,MGMRESORTS_2022_10K_0014,no,correct
FinanceBench::bm25::financebench_id_01254::top_5,FinanceBench,bm25,bm25,,standard,,financebench_id_01254,financebench_id_01254,MGMRESORTS_2022_10K,top_5,5,MGMRESORTS_2022_10K_0008,MGMRESORTS_2022_10K_0014|MGMRESORTS_2018_10K_0014|MGMRESORTS_2018_10K_0237|MGMRESORTS_2023Q2_10Q_0002|MGMRESORTS_2022Q4_EARNINGS_0017,no,correct
FinanceBench::bm25::financebench_id_00407::top_1,FinanceBench,bm25,bm25,,standard,,financebench_id_00407,financebench_id_00407,MGMRESORTS_2023Q2_10Q,top_1,1,MGMRESORTS_2023Q2_10Q_0005,PFIZER_2021_10K_0109,no,no_answer
FinanceBench::bm25::financebench_id_00407::top_5,FinanceBench,bm25,bm25,,standard,,financebench_id_00407,financebench_id_00407,MGMRESORTS_2023Q2_10Q,top_5,5,MGMRESORTS_2023Q2_10Q_0005,PFIZER_2021_10K_0109|JPMORGAN_2021Q1_10Q_0075|BLOCK_2020_10K_0121|MGMRESORTS_2023Q2_10Q_0004|MGMRESORTS_2018_10K_0210_intro,no,no_answer
FinanceBench::bm25::financebench_id_04700::top_1,FinanceBench,bm25,bm25,,standard,,financebench_id_04700,financebench_id_04700,MICROSOFT_2016_10K,top_1,1,MICROSOFT_2016_10K_0014_intro,PEPSICO_2023Q1_EARNINGS_0003,no,no_answer
FinanceBench::bm25::financebench_id_04700::top_5,FinanceBench,bm25,bm25,,standard,,financebench_id_04700,financebench_id_04700,MICROSOFT_2016_10K,top_5,5,MICROSOFT_2016_10K_0014_intro,PEPSICO_2023Q1_EARNINGS_0003|BESTBUY_2017_10K_0034|WALMART_2019_10K_0013|MICROSOFT_2023_10K_0030|MICROSOFT_2016_10K_0023,no,no_answer
FinanceBench::bm25::financebench_id_03282::top_1,FinanceBench,bm25,bm25,,standard,,financebench_id_03282,financebench_id_03282,NETFLIX_2017_10K,top_1,1,NETFLIX_2017_10K_0024,WALMART_2019_10K_0013,no,no_answer
FinanceBench::bm25::financebench_id_03282::top_5,FinanceBench,bm25,bm25,,standard,,financebench_id_03282,financebench_id_03282,NETFLIX_2017_10K,top_5,5,NETFLIX_2017_10K_0024,WALMART_2019_10K_0013|3M_2023Q2_10Q_0028|VERIZON_2021_10K_0016|CVSHEALTH_2022_10K_0209|PFIZER_2021_10K_0134,no,no_answer
FinanceBench::bm25::financebench_id_04302::top_1,FinanceBench,bm25,bm25,,standard,,financebench_id_04302,financebench_id_04302,NIKE_2018_10K,top_1,1,NIKE_2018_10K_0026,BOEING_2022_10K_0046,no,no_answer
FinanceBench::bm25::financebench_id_04302::top_5,FinanceBench,bm25,bm25,,standard,,financebench_id_04302,financebench_id_04302,NIKE_2018_10K,top_5,5,NIKE_2018_10K_0026,BOEING_2022_10K_0046|BESTBUY_2017_10K_0020_intro|BESTBUY_2019_10K_0019_intro|3M_2022_10K_0031|3M_2018_10K_0034,no,no_answer
FinanceBench::bm25::financebench_id_03531::top_1,FinanceBench,bm25,bm25,,standard,,financebench_id_03531,financebench_id_03531,NIKE_2019_10K,top_1,1,NIKE_2019_10K_0026,3M_2018_10K_0045,no,no_answer
FinanceBench::bm25::financebench_id_03531::top_5,FinanceBench,bm25,bm25,,standard,,financebench_id_03531,financebench_id_03531,NIKE_2019_10K,top_5,5,NIKE_2019_10K_0026,3M_2018_10K_0045|3M_2022_10K_0042|NIKE_2019_10K_0026|NIKE_2023_10K_0026|NIKE_2019_10K_0024,yes,correct
FinanceBench::bm25::financebench_id_01163::top_1,FinanceBench,bm25,bm25,,standard,,financebench_id_01163,financebench_id_01163,NIKE_2023_10K,top_1,1,NIKE_2023_10K_0026,PFIZER_2023Q2_10Q_0007,no,no_answer
FinanceBench::bm25::financebench_id_01163::top_5,FinanceBench,bm25,bm25,,standard,,financebench_id_01163,financebench_id_01163,NIKE_2023_10K,top_5,5,NIKE_2023_10K_0026,PFIZER_2023Q2_10Q_0007|JPMORGAN_2022_10K_0077|CORNING_2022_10K_0088|3M_2023Q2_10Q_0028|AMERICANEXPRESS_2022_10K_0120,no,no_answer
FinanceBench::bm25::financebench_id_00080::top_1,FinanceBench,bm25,bm25,,standard,,financebench_id_00080,financebench_id_00080,PAYPAL_2022_10K,top_1,1,PAYPAL_2022_10K_0034,PAYPAL_2022_10K_0048,no,no_answer
FinanceBench::bm25::financebench_id_00080::top_5,FinanceBench,bm25,bm25,,standard,,financebench_id_00080,financebench_id_00080,PAYPAL_2022_10K,top_5,5,PAYPAL_2022_10K_0034,PAYPAL_2022_10K_0048|PEPSICO_2021_10K_0098|PAYPAL_2022_10K_0002|CORNING_2021_10K_0098|PEPSICO_2022_10K_0063,no,no_answer
FinanceBench::bm25::financebench_id_04980::top_1,FinanceBench,bm25,bm25,,standard,,financebench_id_04980,financebench_id_04980,PEPSICO_2021_10K,top_1,1,PEPSICO_2021_10K_0123,BLOCK_2016_10K_0068,no,no_answer
FinanceBench::bm25::financebench_id_04980::top_5,FinanceBench,bm25,bm25,,standard,,financebench_id_04980,financebench_id_04980,PEPSICO_2021_10K,top_5,5,PEPSICO_2021_10K_0123,BLOCK_2016_10K_0068|CVSHEALTH_2022_10K_0120|ADOBE_2016_10K_0012|AMERICANEXPRESS_2022_10K_0019|PEPSICO_2022_10K_0110,no,no_answer
FinanceBench::bm25::financebench_id_00735::top_1,FinanceBench,bm25,bm25,,standard,,financebench_id_00735,financebench_id_00735,PEPSICO_2022_10K,top_1,1,PEPSICO_2022_10K_0058,PAYPAL_2022_10K_0045,no,no_answer
FinanceBench::bm25::financebench_id_00735::top_5,FinanceBench,bm25,bm25,,standard,,financebench_id_00735,financebench_id_00735,PEPSICO_2022_10K,top_5,5,PEPSICO_2022_10K_0058,PAYPAL_2022_10K_0045|PEPSICO_2022_10K_0209|NIKE_2018_10K_0011|NIKE_2019_10K_0011|BLOCK_2016_10K_0072,no,no_answer
FinanceBench::bm25::financebench_id_01328::top_1,FinanceBench,bm25,bm25,,standard,,financebench_id_01328,financebench_id_01328,PEPSICO_2022_10K,top_1,1,PEPSICO_2022_10K_0150,CORNING_2022_10K_0078,no,no_answer
FinanceBench::bm25::financebench_id_01328::top_5,FinanceBench,bm25,bm25,,standard,,financebench_id_01328,financebench_id_01328,PEPSICO_2022_10K,top_5,5,PEPSICO_2022_10K_0150,CORNING_2022_10K_0078|PFIZER_2021_10K_0087|AMCOR_2020_10K_0103|MICROSOFT_2016_10K_0028|GENERALMILLS_2020_10K_0046,no,no_answer
FinanceBench::bm25::financebench_id_01474::top_1,FinanceBench,bm25,bm25,,standard,,financebench_id_01474,financebench_id_01474,PEPSICO_2023Q1_EARNINGS,top_1,1,PEPSICO_2023Q1_EARNINGS_0000,PEPSICO_2023Q1_EARNINGS_0006,no,no_answer
FinanceBench::bm25::financebench_id_01474::top_5,FinanceBench,bm25,bm25,,standard,,financebench_id_01474,financebench_id_01474,PEPSICO_2023Q1_EARNINGS,top_5,5,PEPSICO_2023Q1_EARNINGS_0000,PEPSICO_2023Q1_EARNINGS_0006|PEPSICO_2023Q1_EARNINGS_0000|PEPSICO_2021_10K_0312|MGMRESORTS_2018_10K_0155|PEPSICO_2023_8K_dated_2023_05_30_0001,yes,correct
FinanceBench::bm25::financebench_id_01476::top_1,FinanceBench,bm25,bm25,,standard,,financebench_id_01476,financebench_id_01476,PEPSICO_2023Q1_EARNINGS,top_1,1,PEPSICO_2023Q1_EARNINGS_0000,PEPSICO_2023Q1_EARNINGS_0006,no,no_answer
FinanceBench::bm25::financebench_id_01476::top_5,FinanceBench,bm25,bm25,,standard,,financebench_id_01476,financebench_id_01476,PEPSICO_2023Q1_EARNINGS,top_5,5,PEPSICO_2023Q1_EARNINGS_0000,PEPSICO_2023Q1_EARNINGS_0006|PEPSICO_2023Q1_EARNINGS_0002|PEPSICO_2023Q1_EARNINGS_0000|AMCOR_2023Q4_EARNINGS_0000|PEPSICO_2023Q1_EARNINGS_0001,yes,correct
FinanceBench::bm25::financebench_id_01482::top_1,FinanceBench,bm25,bm25,,standard,,financebench_id_01482,financebench_id_01482,PEPSICO_2023_8K_dated-2023-05-05,top_1,1,PEPSICO_2023_8K_dated_2023_05_05_0001,PEPSICO_2023_8K_dated_2023_05_05_0001,yes,correct
FinanceBench::bm25::financebench_id_01482::top_5,FinanceBench,bm25,bm25,,standard,,financebench_id_01482,financebench_id_01482,PEPSICO_2023_8K_dated-2023-05-05,top_5,5,PEPSICO_2023_8K_dated_2023_05_05_0001,PEPSICO_2023_8K_dated_2023_05_05_0001|FOOTLOCKER_2022_8K_dated_2022_05_20_0001|PEPSICO_2021_10K_0164|PEPSICO_2022_10K_0225|PEPSICO_2022_10K_0208,yes,correct
FinanceBench::bm25::financebench_id_00705::top_1,FinanceBench,bm25,bm25,,standard,,financebench_id_00705,financebench_id_00705,PEPSICO_2023_8K_dated-2023-05-30,top_1,1,PEPSICO_2023_8K_dated_2023_05_30_0001,PEPSICO_2023_8K_dated_2023_05_30_0001,yes,correct
FinanceBench::bm25::financebench_id_00705::top_5,FinanceBench,bm25,bm25,,standard,,financebench_id_00705,financebench_id_00705,PEPSICO_2023_8K_dated-2023-05-30,top_5,5,PEPSICO_2023_8K_dated_2023_05_30_0001,PEPSICO_2023_8K_dated_2023_05_30_0001|PEPSICO_2023_8K_dated_2023_05_30_0002|PEPSICO_2021_10K_0130|BOEING_2022_10K_0038|PEPSICO_2022_10K_0172,yes,correct
FinanceBench::bm25::financebench_id_00882::top_1,FinanceBench,bm25,bm25,,standard,,financebench_id_00882,financebench_id_00882,PEPSICO_2023_8K_dated-2023-05-30,top_1,1,PEPSICO_2023_8K_dated_2023_05_30_0001,PEPSICO_2023_8K_dated_2023_05_30_0001,yes,correct
FinanceBench::bm25::financebench_id_00882::top_5,FinanceBench,bm25,bm25,,standard,,financebench_id_00882,financebench_id_00882,PEPSICO_2023_8K_dated-2023-05-30,top_5,5,PEPSICO_2023_8K_dated_2023_05_30_0001,PEPSICO_2023_8K_dated_2023_05_30_0001|PEPSICO_2022_10K_0172|PEPSICO_2021_10K_0130|BESTBUY_2019_10K_0040|VERIZON_2022_10K_0078,yes,correct
FinanceBench::bm25::financebench_id_00302::top_1,FinanceBench,bm25,bm25,,standard,,financebench_id_00302,financebench_id_00302,PFIZER_2021_10K,top_1,1,PFIZER_2021_10K_0038,BOEING_2018_10K_0034,no,no_answer
FinanceBench::bm25::financebench_id_00302::top_5,FinanceBench,bm25,bm25,,standard,,financebench_id_00302,financebench_id_00302,PFIZER_2021_10K,top_5,5,PFIZER_2021_10K_0038,BOEING_2018_10K_0034|PFIZER_2021_10K_0018|PFIZER_2021_10K_0168|PFIZER_2021_10K_0138|PFIZER_2021_10K_0133,no,no_answer
FinanceBench::bm25::financebench_id_00702::top_1,FinanceBench,bm25,bm25,,standard,,financebench_id_00702,financebench_id_00702,PFIZER_2021_10K,top_1,1,PFIZER_2021_10K_0036,NIKE_2019_10K_0024,no,no_answer
FinanceBench::bm25::financebench_id_00601::top_1,FinanceBench,bm25,bm25,,standard,,financebench_id_00601,financebench_id_00601,ULTABEAUTY_2023Q4_EARNINGS,top_1,1,ULTABEAUTY_2023Q4_EARNINGS_0002,BESTBUY_2017_10K_0022,no,no_answer
FinanceBench::bm25::financebench_id_00601::top_5,FinanceBench,bm25,bm25,,standard,,financebench_id_00601,financebench_id_00601,ULTABEAUTY_2023Q4_EARNINGS,top_5,5,ULTABEAUTY_2023Q4_EARNINGS_0002,BESTBUY_2017_10K_0022|3M_2022_10K_0012|3M_2023Q2_10Q_0026|3M_2018_10K_0015|BESTBUY_2017_10K_0034,no,no_answer
FinanceBench::bm25::financebench_id_00603::top_1,FinanceBench,bm25,bm25,,standard,,financebench_id_00603,financebench_id_00603,ULTABEAUTY_2023Q4_EARNINGS,top_1,1,ULTABEAUTY_2023Q4_EARNINGS_0003,ULTABEAUTY_2023Q4_EARNINGS_0003,yes,no_answer
FinanceBench::bm25::financebench_id_00605::top_1,FinanceBench,bm25,bm25,,standard,,financebench_id_00605,financebench_id_00605,ULTABEAUTY_2023Q4_EARNINGS,top_1,1,ULTABEAUTY_2023Q4_EARNINGS_0004,ULTABEAUTY_2023_10K_0011,no,no_answer
FinanceBench::bm25::financebench_id_00606::top_1,FinanceBench,bm25,bm25,,standard,,financebench_id_00606,financebench_id_00606,ULTABEAUTY_2023Q4_EARNINGS,top_1,1,ULTABEAUTY_2023Q4_EARNINGS_0002,JOHNSON_JOHNSON_2022Q4_EARNINGS_0014,no,no_answer
FinanceBench::bm25::financebench_id_00746::top_1,FinanceBench,bm25,bm25,,standard,,financebench_id_00746,financebench_id_00746,ULTABEAUTY_2023_10K,top_1,1,ULTABEAUTY_2023_10K_0000,ULTABEAUTY_2023_10K_0000,yes,correct
FinanceBench::bm25::financebench_id_00746::top_5,FinanceBench,bm25,bm25,,standard,,financebench_id_00746,financebench_id_00746,ULTABEAUTY_2023_10K,top_5,5,ULTABEAUTY_2023_10K_0000,ULTABEAUTY_2023_10K_0000|PAYPAL_2022_10K_0000|NIKE_2023_10K_0000|FOOTLOCKER_2022_8K_dated_2022_08_19_0000|FOOTLOCKER_2022_8K_dated_2022_05_20_0000,yes,correct
FinanceBench::bm25::financebench_id_00521::top_1,FinanceBench,bm25,bm25,,standard,,financebench_id_00521,financebench_id_00521,ULTABEAUTY_2023_10K,top_1,1,ULTABEAUTY_2023_10K_0027,ULTABEAUTY_2023_10K_0003,no,no_answer
FinanceBench::bm25::financebench_id_00521::top_5,FinanceBench,bm25,bm25,,standard,,financebench_id_00521,financebench_id_00521,ULTABEAUTY_2023_10K,top_5,5,ULTABEAUTY_2023_10K_0027,ULTABEAUTY_2023_10K_0003|ULTABEAUTY_2023Q4_EARNINGS_0008|ULTABEAUTY_2023_10K_0002|ULTABEAUTY_2023_10K_0009|ULTABEAUTY_2023Q4_EARNINGS_0000_intro,no,no_answer
FinanceBench::bm25::financebench_id_00859::top_1,FinanceBench,bm25,bm25,,standard,,financebench_id_00859,financebench_id_00859,VERIZON_2021_10K,top_1,1,VERIZON_2021_10K_0098_intro,COCACOLA_2021_10K_0014,no,no_answer
FinanceBench::bm25::financebench_id_00859::top_5,FinanceBench,bm25,bm25,,standard,,financebench_id_00859,financebench_id_00859,VERIZON_2021_10K,top_5,5,VERIZON_2021_10K_0098_intro,COCACOLA_2021_10K_0014|3M_2018_10K_0022|VERIZON_2021_10K_0098_intro|COCACOLA_2021_10K_0062|3M_2022_10K_0019,yes,correct
FinanceBench::bm25::financebench_id_00216::top_1,FinanceBench,bm25,bm25,,standard,,financebench_id_00216,financebench_id_00216,VERIZON_2022_10K,top_1,1,VERIZON_2022_10K_0018,CORNING_2021_10K_0101,no,no_answer
FinanceBench::bm25::financebench_id_00216::top_5,FinanceBench,bm25,bm25,,standard,,financebench_id_00216,financebench_id_00216,VERIZON_2022_10K,top_5,5,VERIZON_2022_10K_0018,CORNING_2021_10K_0101|JPMORGAN_2023Q2_10Q_0079|BESTBUY_2017_10K_0016|JPMORGAN_2022_10K_0129|AMERICANEXPRESS_2022_10K_0019,no,no_answer
FinanceBench::bm25::financebench_id_00566::top_1,FinanceBench,bm25,bm25,,standard,,financebench_id_00566,financebench_id_00566,VERIZON_2022_10K,top_1,1,VERIZON_2022_10K_0068_intro,VERIZON_2021_10K_0059,no,no_answer
FinanceBench::bm25::financebench_id_04784::top_5,FinanceBench,bm25,bm25,,standard,,financebench_id_04784,financebench_id_04784,WALMART_2019_10K,top_5,5,WALMART_2019_10K_0013,WALMART_2019_10K_0010|WALMART_2019_10K_0013|AES_2022_10K_0164|AMD_2022_10K_0012|WALMART_2019_10K_0011,yes,correct
FinanceBench::dense_harrier_oss_v1_0_6b::financebench_id_03029::top_1,FinanceBench,dense_harrier_oss_v1_0_6b,dense,microsoft/harrier-oss-v1-0.6b,standard,,financebench_id_03029,financebench_id_03029,3M_2018_10K,top_1,1,3M_2018_10K_0031,3M_2018_10K_0020,no,correct
FinanceBench::dense_harrier_oss_v1_0_6b::financebench_id_03029::top_5,FinanceBench,dense_harrier_oss_v1_0_6b,dense,microsoft/harrier-oss-v1-0.6b,standard,,financebench_id_03029,financebench_id_03029,3M_2018_10K,top_5,5,3M_2018_10K_0031,3M_2018_10K_0020|3M_2018_10K_0042|3M_2018_10K_0031|3M_2023Q2_10Q_0003|3M_2023Q2_10Q_0028,yes,correct
FinanceBench::dense_harrier_oss_v1_0_6b::financebench_id_01865::top_1,FinanceBench,dense_harrier_oss_v1_0_6b,dense,microsoft/harrier-oss-v1-0.6b,standard,,financebench_id_01865,financebench_id_01865,3M_2022_10K,top_1,1,3M_2022_10K_0011,3M_2022_10K_0013,no,correct
FinanceBench::dense_harrier_oss_v1_0_6b::financebench_id_01865::top_5,FinanceBench,dense_harrier_oss_v1_0_6b,dense,microsoft/harrier-oss-v1-0.6b,standard,,financebench_id_01865,financebench_id_01865,3M_2022_10K,top_5,5,3M_2022_10K_0011,3M_2022_10K_0013|3M_2022_10K_0011|3M_2023Q2_10Q_0027|JOHNSON_JOHNSON_2022Q4_EARNINGS_0003_intro|3M_2023Q2_10Q_0025,yes,correct
FinanceBench::dense_harrier_oss_v1_0_6b::financebench_id_00807::top_5,FinanceBench,dense_harrier_oss_v1_0_6b,dense,microsoft/harrier-oss-v1-0.6b,standard,,financebench_id_00807,financebench_id_00807,3M_2023Q2_10Q,top_5,5,3M_2023Q2_10Q_0006,3M_2023Q2_10Q_0028|3M_2022_10K_0017|3M_2018_10K_0020|3M_2023Q2_10Q_0025|3M_2023Q2_10Q_0009,no,no_answer
FinanceBench::dense_harrier_oss_v1_0_6b::financebench_id_00941::top_1,FinanceBench,dense_harrier_oss_v1_0_6b,dense,microsoft/harrier-oss-v1-0.6b,standard,,financebench_id_00941,financebench_id_00941,3M_2023Q2_10Q,top_1,1,3M_2023Q2_10Q_0000,3M_2023Q2_10Q_0000,yes,correct
FinanceBench::dense_harrier_oss_v1_0_6b::financebench_id_00941::top_5,FinanceBench,dense_harrier_oss_v1_0_6b,dense,microsoft/harrier-oss-v1-0.6b,standard,,financebench_id_00941,financebench_id_00941,3M_2023Q2_10Q,top_5,5,3M_2023Q2_10Q_0000,3M_2023Q2_10Q_0000|3M_2023Q2_10Q_0028|3M_2023Q2_10Q_0001|3M_2018_10K_0000|3M_2022_10K_0009,yes,correct
FinanceBench::dense_harrier_oss_v1_0_6b::financebench_id_01858::top_1,FinanceBench,dense_harrier_oss_v1_0_6b,dense,microsoft/harrier-oss-v1-0.6b,standard,,financebench_id_01858,financebench_id_01858,3M_2023Q2_10Q,top_1,1,3M_2023Q2_10Q_0025,AMCOR_2023Q2_10Q_0002,no,no_answer
FinanceBench::dense_harrier_oss_v1_0_6b::financebench_id_07507::top_5,FinanceBench,dense_harrier_oss_v1_0_6b,dense,microsoft/harrier-oss-v1-0.6b,standard,,financebench_id_07507,financebench_id_07507,ADOBE_2016_10K,top_5,5,ADOBE_2016_10K_0014_intro,ADOBE_2016_10K_0016|ADOBE_2016_10K_0021|ADOBE_2016_10K_0038|JOHNSON_JOHNSON_2022Q4_EARNINGS_0003_intro|CORNING_2022_10K_0080_intro,no,correct
FinanceBench::dense_harrier_oss_v1_0_6b::financebench_id_00438::top_1,FinanceBench,dense_harrier_oss_v1_0_6b,dense,microsoft/harrier-oss-v1-0.6b,standard,,financebench_id_00438,financebench_id_00438,ADOBE_2022_10K,top_1,1,ADOBE_2022_10K_0013,ADOBE_2022_10K_0002,no,no_answer
FinanceBench::dense_harrier_oss_v1_0_6b::financebench_id_00591::top_1,FinanceBench,dense_harrier_oss_v1_0_6b,dense,microsoft/harrier-oss-v1-0.6b,standard,,financebench_id_00591,financebench_id_00591,ADOBE_2022_10K,top_1,1,ADOBE_2022_10K_0013,ADOBE_2022_10K_0011,no,no_answer
FinanceBench::dense_harrier_oss_v1_0_6b::financebench_id_01319::top_1,FinanceBench,dense_harrier_oss_v1_0_6b,dense,microsoft/harrier-oss-v1-0.6b,standard,,financebench_id_01319,financebench_id_01319,AES_2022_10K,top_1,1,AES_2022_10K_0171,JOHNSON_JOHNSON_2022_10K_0100,no,no_answer
FinanceBench::dense_harrier_oss_v1_0_6b::financebench_id_01319::top_5,FinanceBench,dense_harrier_oss_v1_0_6b,dense,microsoft/harrier-oss-v1-0.6b,standard,,financebench_id_01319,financebench_id_01319,AES_2022_10K,top_5,5,AES_2022_10K_0171,JOHNSON_JOHNSON_2022_10K_0100|AES_2022_10K_0171|AMERICANEXPRESS_2022_10K_0106|AMCOR_2020_10K_0057|AMCOR_2020_10K_0061,yes,correct
FinanceBench::dense_harrier_oss_v1_0_6b::financebench_id_08135::top_5,FinanceBench,dense_harrier_oss_v1_0_6b,dense,microsoft/harrier-oss-v1-0.6b,standard,,financebench_id_08135,financebench_id_08135,AMAZON_2017_10K,top_5,5,AMAZON_2017_10K_0013,AMAZON_2017_10K_0011|AMAZON_2019_10K_0014|JOHNSON_JOHNSON_2022Q4_EARNINGS_0003_intro|NIKE_2018_10K_0008|BESTBUY_2017_10K_0021,no,correct
FinanceBench::dense_harrier_oss_v1_0_6b::financebench_id_08286::top_1,FinanceBench,dense_harrier_oss_v1_0_6b,dense,microsoft/harrier-oss-v1-0.6b,standard,,financebench_id_08286,financebench_id_08286,AMAZON_2019_10K,top_1,1,AMAZON_2019_10K_0016,AMCOR_2020_10K_0015,no,no_answer
FinanceBench::dense_harrier_oss_v1_0_6b::financebench_id_08286::top_5,FinanceBench,dense_harrier_oss_v1_0_6b,dense,microsoft/harrier-oss-v1-0.6b,standard,,financebench_id_08286,financebench_id_08286,AMAZON_2019_10K,top_5,5,AMAZON_2019_10K_0016,AMCOR_2020_10K_0015|NIKE_2023_10K_0007|PEPSICO_2022_10K_0182|AMAZON_2017_10K_0013|BESTBUY_2019_10K_0011,no,no_answer
FinanceBench::dense_harrier_oss_v1_0_6b::financebench_id_03882::top_1,FinanceBench,dense_harrier_oss_v1_0_6b,dense,microsoft/harrier-oss-v1-0.6b,standard,,financebench_id_03882,financebench_id_03882,AMCOR_2020_10K,top_1,1,AMCOR_2020_10K_0017,AMCOR_2020_10K_0010,no,no_answer
FinanceBench::dense_harrier_oss_v1_0_6b::financebench_id_03882::top_5,FinanceBench,dense_harrier_oss_v1_0_6b,dense,microsoft/harrier-oss-v1-0.6b,standard,,financebench_id_03882,financebench_id_03882,AMCOR_2020_10K,top_5,5,AMCOR_2020_10K_0017,AMCOR_2020_10K_0010|AMCOR_2020_10K_0106|AMCOR_2020_10K_0015|AMCOR_2020_10K_0011|AMCOR_2023Q2_10Q_0006,no,no_answer
FinanceBench::dense_harrier_oss_v1_0_6b::financebench_id_01935::top_1,FinanceBench,dense_harrier_oss_v1_0_6b,dense,microsoft/harrier-oss-v1-0.6b,standard,,financebench_id_01935,financebench_id_01935,AMCOR_2022_8K_dated-2022-07-01,top_1,1,AMCOR_2022_8K_dated_2022_07_01_0001,AMCOR_2022_8K_dated_2022_07_01_0000,no,no_answer
FinanceBench::dense_harrier_oss_v1_0_6b::financebench_id_01935::top_5,FinanceBench,dense_harrier_oss_v1_0_6b,dense,microsoft/harrier-oss-v1-0.6b,standard,,financebench_id_01935,financebench_id_01935,AMCOR_2022_8K_dated-2022-07-01,top_5,5,AMCOR_2022_8K_dated_2022_07_01_0001,AMCOR_2022_8K_dated_2022_07_01_0000|AMCOR_2023_10K_0034|AMCOR_2023_10K_0000|AMCOR_2023Q2_10Q_0000|AMCOR_2022_8K_dated_2022_07_01_0003,no,no_answer
FinanceBench::dense_harrier_oss_v1_0_6b::financebench_id_01928::top_1,FinanceBench,dense_harrier_oss_v1_0_6b,dense,microsoft/harrier-oss-v1-0.6b,standard,,financebench_id_01928,financebench_id_01928,AMCOR_2023Q4_EARNINGS,top_1,1,AMCOR_2023Q4_EARNINGS_0018,AMCOR_2023Q4_EARNINGS_0018,yes,correct
FinanceBench::dense_harrier_oss_v1_0_6b::financebench_id_01928::top_5,FinanceBench,dense_harrier_oss_v1_0_6b,dense,microsoft/harrier-oss-v1-0.6b,standard,,financebench_id_01928,financebench_id_01928,AMCOR_2023Q4_EARNINGS,top_5,5,AMCOR_2023Q4_EARNINGS_0018,AMCOR_2023Q4_EARNINGS_0018|AMCOR_2023Q2_10Q_0017|AMCOR_2023Q4_EARNINGS_0019|AMCOR_2023Q4_EARNINGS_0000|AMCOR_2023Q4_EARNINGS_0011,yes,correct
FinanceBench::dense_harrier_oss_v1_0_6b::financebench_id_01930::top_1,FinanceBench,dense_harrier_oss_v1_0_6b,dense,microsoft/harrier-oss-v1-0.6b,standard,,financebench_id_01930,financebench_id_01930,AMCOR_2023Q4_EARNINGS,top_1,1,AMCOR_2023Q4_EARNINGS_0017,JOHNSON_JOHNSON_2022Q4_EARNINGS_0003_intro,no,no_answer
FinanceBench::dense_harrier_oss_v1_0_6b::financebench_id_00799::top_1,FinanceBench,dense_harrier_oss_v1_0_6b,dense,microsoft/harrier-oss-v1-0.6b,standard,,financebench_id_00799,financebench_id_00799,AMCOR_2023_10K,top_1,1,AMCOR_2023_10K_0016,AMCOR_2023Q4_EARNINGS_0005,no,no_answer
FinanceBench::dense_harrier_oss_v1_0_6b::financebench_id_00799::top_5,FinanceBench,dense_harrier_oss_v1_0_6b,dense,microsoft/harrier-oss-v1-0.6b,standard,,financebench_id_00799,financebench_id_00799,AMCOR_2023_10K,top_5,5,AMCOR_2023_10K_0016,AMCOR_2023Q4_EARNINGS_0005|AMCOR_2023Q4_EARNINGS_0011|AMCOR_2023_10K_0010|NIKE_2023_10K_0007|AMCOR_2023Q4_EARNINGS_0000,no,no_answer
FinanceBench::dense_harrier_oss_v1_0_6b::financebench_id_01079::top_1,FinanceBench,dense_harrier_oss_v1_0_6b,dense,microsoft/harrier-oss-v1-0.6b,standard,,financebench_id_01079,financebench_id_01079,AMCOR_2023_10K,top_1,1,AMCOR_2023_10K_0019,CORNING_2021_10K_0160,no,no_answer
FinanceBench::dense_harrier_oss_v1_0_6b::financebench_id_01148::top_1,FinanceBench,dense_harrier_oss_v1_0_6b,dense,microsoft/harrier-oss-v1-0.6b,standard,,financebench_id_01148,financebench_id_01148,AMCOR_2023_10K,top_1,1,AMCOR_2023_10K_0001,AMCOR_2023Q2_10Q_0001,no,no_answer
FinanceBench::dense_harrier_oss_v1_0_6b::financebench_id_01148::top_5,FinanceBench,dense_harrier_oss_v1_0_6b,dense,microsoft/harrier-oss-v1-0.6b,standard,,financebench_id_01148,financebench_id_01148,AMCOR_2023_10K,top_5,5,AMCOR_2023_10K_0001,AMCOR_2023Q2_10Q_0001|AMCOR_2023Q2_10Q_0014|AMCOR_2020_10K_0002|AMCOR_2020_10K_0011|AMCOR_2020_10K_0021,no,correct
FinanceBench::dense_harrier_oss_v1_0_6b::financebench_id_00222::top_1,FinanceBench,dense_harrier_oss_v1_0_6b,dense,microsoft/harrier-oss-v1-0.6b,standard,,financebench_id_00222,financebench_id_00222,AMD_2022_10K,top_1,1,AMD_2022_10K_0014,PFIZER_2023Q2_10Q_0010,no,no_answer
FinanceBench::dense_harrier_oss_v1_0_6b::financebench_id_00563::top_1,FinanceBench,dense_harrier_oss_v1_0_6b,dense,microsoft/harrier-oss-v1-0.6b,standard,,financebench_id_00563,financebench_id_00563,AMD_2022_10K,top_1,1,AMD_2022_10K_0012,AMD_2022_10K_0012,yes,correct
FinanceBench::dense_harrier_oss_v1_0_6b::financebench_id_00563::top_5,FinanceBench,dense_harrier_oss_v1_0_6b,dense,microsoft/harrier-oss-v1-0.6b,standard,,financebench_id_00563,financebench_id_00563,AMD_2022_10K,top_5,5,AMD_2022_10K_0012,AMD_2022_10K_0012|JOHNSON_JOHNSON_2022Q4_EARNINGS_0003_intro|AMD_2022_10K_0003|JOHNSON_JOHNSON_2023Q2_EARNINGS_0003_intro|AMD_2022_10K_0002,yes,correct
FinanceBench::dense_harrier_oss_v1_0_6b::financebench_id_00757::top_1,FinanceBench,dense_harrier_oss_v1_0_6b,dense,microsoft/harrier-oss-v1-0.6b,standard,,financebench_id_00757,financebench_id_00757,AMD_2022_10K,top_1,1,AMD_2022_10K_0003,AMD_2022_10K_0012,no,no_answer
FinanceBench::dense_harrier_oss_v1_0_6b::financebench_id_00476::top_5,FinanceBench,dense_harrier_oss_v1_0_6b,dense,microsoft/harrier-oss-v1-0.6b,standard,,financebench_id_00476,financebench_id_00476,AMERICANEXPRESS_2022_10K,top_5,5,AMERICANEXPRESS_2022_10K_0000,AMERICANEXPRESS_2022_10K_0000|AMERICANEXPRESS_2022_10K_0074|AMERICANEXPRESS_2022_10K_0066|PEPSICO_2021_10K_0167|AMERICANEXPRESS_2022_10K_0013,yes,correct
FinanceBench::dense_harrier_oss_v1_0_6b::financebench_id_01028::top_1,FinanceBench,dense_harrier_oss_v1_0_6b,dense,microsoft/harrier-oss-v1-0.6b,standard,,financebench_id_01028,financebench_id_01028,AMERICANEXPRESS_2022_10K,top_1,1,AMERICANEXPRESS_2022_10K_0116,AMERICANEXPRESS_2022_10K_0003,no,incorrect
FinanceBench::dense_harrier_oss_v1_0_6b::financebench_id_00723::top_1,FinanceBench,dense_harrier_oss_v1_0_6b,dense,microsoft/harrier-oss-v1-0.6b,standard,,financebench_id_00723,financebench_id_00723,AMERICANEXPRESS_2022_10K,top_1,1,AMERICANEXPRESS_2022_10K_0028,CORNING_2022_10K_0080_intro,no,no_answer
FinanceBench::dense_harrier_oss_v1_0_6b::financebench_id_00720::top_1,FinanceBench,dense_harrier_oss_v1_0_6b,dense,microsoft/harrier-oss-v1-0.6b,standard,,financebench_id_00720,financebench_id_00720,AMERICANEXPRESS_2022_10K,top_1,1,AMERICANEXPRESS_2022_10K_0028,CORNING_2021_10K_0064,no,no_answer
FinanceBench::dense_harrier_oss_v1_0_6b::financebench_id_01351::top_1,FinanceBench,dense_harrier_oss_v1_0_6b,dense,microsoft/harrier-oss-v1-0.6b,standard,,financebench_id_01351,financebench_id_01351,AMERICANEXPRESS_2022_10K,top_1,1,AMERICANEXPRESS_2022_10K_0016,JPMORGAN_2022_10K_0074,no,no_answer
FinanceBench::dense_harrier_oss_v1_0_6b::financebench_id_01351::top_5,FinanceBench,dense_harrier_oss_v1_0_6b,dense,microsoft/harrier-oss-v1-0.6b,standard,,financebench_id_01351,financebench_id_01351,AMERICANEXPRESS_2022_10K,top_5,5,AMERICANEXPRESS_2022_10K_0016,JPMORGAN_2022_10K_0074|JOHNSON_JOHNSON_2022_10K_0065|LOCKHEEDMARTIN_2022_10K_0064|VERIZON_2022_10K_0123_intro|AMERICANEXPRESS_2022_10K_0134_intro,no,no_answer
FinanceBench::dense_harrier_oss_v1_0_6b::financebench_id_01964::top_1,FinanceBench,dense_harrier_oss_v1_0_6b,dense,microsoft/harrier-oss-v1-0.6b,standard,,financebench_id_01964,financebench_id_01964,AMERICANEXPRESS_2022_10K,top_1,1,AMERICANEXPRESS_2022_10K_0028,AMERICANEXPRESS_2022_10K_0113,no,no_answer
FinanceBench::dense_harrier_oss_v1_0_6b::financebench_id_01964::top_5,FinanceBench,dense_harrier_oss_v1_0_6b,dense,microsoft/harrier-oss-v1-0.6b,standard,,financebench_id_01964,financebench_id_01964,AMERICANEXPRESS_2022_10K,top_5,5,AMERICANEXPRESS_2022_10K_0028,AMERICANEXPRESS_2022_10K_0113|AMERICANEXPRESS_2022_10K_0098|AMERICANEXPRESS_2022_10K_0066|AMERICANEXPRESS_2022_10K_0074|JPMORGAN_2022Q2_10Q_0130,no,no_answer
FinanceBench::dense_harrier_oss_v1_0_6b::financebench_id_01981::top_1,FinanceBench,dense_harrier_oss_v1_0_6b,dense,microsoft/harrier-oss-v1-0.6b,standard,,financebench_id_01981,financebench_id_01981,AMERICANEXPRESS_2022_10K,top_1,1,AMERICANEXPRESS_2022_10K_0016,AMERICANEXPRESS_2022_10K_0003,no,no_answer
FinanceBench::dense_harrier_oss_v1_0_6b::financebench_id_01981::top_5,FinanceBench,dense_harrier_oss_v1_0_6b,dense,microsoft/harrier-oss-v1-0.6b,standard,,financebench_id_01981,financebench_id_01981,AMERICANEXPRESS_2022_10K,top_5,5,AMERICANEXPRESS_2022_10K_0016,AMERICANEXPRESS_2022_10K_0003|AMERICANEXPRESS_2022_10K_0022|AMERICANEXPRESS_2022_10K_0016|AMERICANEXPRESS_2022_10K_0007|AMERICANEXPRESS_2022_10K_0077,yes,correct
FinanceBench::dense_harrier_oss_v1_0_6b::financebench_id_04417::top_1,FinanceBench,dense_harrier_oss_v1_0_6b,dense,microsoft/harrier-oss-v1-0.6b,standard,,financebench_id_04417,financebench_id_04417,BESTBUY_2019_10K,top_1,1,BESTBUY_2019_10K_0064,BESTBUY_2024Q2_10Q_0002,no,no_answer
FinanceBench::dense_harrier_oss_v1_0_6b::financebench_id_04417::top_5,FinanceBench,dense_harrier_oss_v1_0_6b,dense,microsoft/harrier-oss-v1-0.6b,standard,,financebench_id_04417,financebench_id_04417,BESTBUY_2019_10K,top_5,5,BESTBUY_2019_10K_0064,BESTBUY_2024Q2_10Q_0002|ULTABEAUTY_2023Q4_EARNINGS_0003|CORNING_2022_10K_0160|AES_2022_10K_0176|JOHNSON_JOHNSON_2022_10K_0060,no,no_answer
FinanceBench::dense_harrier_oss_v1_0_6b::financebench_id_01077::top_1,FinanceBench,dense_harrier_oss_v1_0_6b,dense,microsoft/harrier-oss-v1-0.6b,standard,,financebench_id_01077,financebench_id_01077,BESTBUY_2023_10K,top_1,1,BESTBUY_2023_10K_0014,CORNING_2021_10K_0160,no,no_answer
FinanceBench::dense_harrier_oss_v1_0_6b::financebench_id_01275::top_1,FinanceBench,dense_harrier_oss_v1_0_6b,dense,microsoft/harrier-oss-v1-0.6b,standard,,financebench_id_01275,financebench_id_01275,BESTBUY_2023_10K,top_1,1,BESTBUY_2023_10K_0014,BESTBUY_2023_10K_0012,no,correct
FinanceBench::dense_harrier_oss_v1_0_6b::financebench_id_01275::top_5,FinanceBench,dense_harrier_oss_v1_0_6b,dense,microsoft/harrier-oss-v1-0.6b,standard,,financebench_id_01275,financebench_id_01275,BESTBUY_2023_10K,top_5,5,BESTBUY_2023_10K_0014,BESTBUY_2023_10K_0012|BESTBUY_2024Q2_10Q_0002|CORNING_2021_10K_0096|CORNING_2022_10K_0088|BESTBUY_2024Q2_10Q_0009,no,correct
FinanceBench::dense_harrier_oss_v1_0_6b::financebench_id_00288::top_1,FinanceBench,dense_harrier_oss_v1_0_6b,dense,microsoft/harrier-oss-v1-0.6b,standard,,financebench_id_00288,financebench_id_00288,BESTBUY_2024Q2_10Q,top_1,1,BESTBUY_2024Q2_10Q_0009,NIKE_2023_10K_0007,no,no_answer
FinanceBench::dense_harrier_oss_v1_0_6b::financebench_id_00288::top_5,FinanceBench,dense_harrier_oss_v1_0_6b,dense,microsoft/harrier-oss-v1-0.6b,standard,,financebench_id_00288,financebench_id_00288,BESTBUY_2024Q2_10Q,top_5,5,BESTBUY_2024Q2_10Q_0009,NIKE_2023_10K_0007|ULTABEAUTY_2023Q4_EARNINGS_0003|JOHNSON_JOHNSON_2023Q2_EARNINGS_0003_intro|AMCOR_2023Q4_EARNINGS_0011|AMCOR_2023Q4_EARNINGS_0017,no,no_answer
FinanceBench::dense_harrier_oss_v1_0_6b::financebench_id_00460::top_1,FinanceBench,dense_harrier_oss_v1_0_6b,dense,microsoft/harrier-oss-v1-0.6b,standard,,financebench_id_00460,financebench_id_00460,BESTBUY_2024Q2_10Q,top_1,1,BESTBUY_2024Q2_10Q_0009,BESTBUY_2024Q2_10Q_0009,yes,incorrect
FinanceBench::dense_harrier_oss_v1_0_6b::financebench_id_00460::top_5,FinanceBench,dense_harrier_oss_v1_0_6b,dense,microsoft/harrier-oss-v1-0.6b,standard,,financebench_id_00460,financebench_id_00460,BESTBUY_2024Q2_10Q,top_5,5,BESTBUY_2024Q2_10Q_0009,BESTBUY_2024Q2_10Q_0009|BESTBUY_2023_10K_0012|BESTBUY_2023_10K_0005|BESTBUY_2024Q2_10Q_0000|JOHNSON_JOHNSON_2023Q2_EARNINGS_0003_intro,yes,incorrect
FinanceBench::dense_harrier_oss_v1_0_6b::financebench_id_01902::top_1,FinanceBench,dense_harrier_oss_v1_0_6b,dense,microsoft/harrier-oss-v1-0.6b,standard,,financebench_id_01902,financebench_id_01902,BESTBUY_2024Q2_10Q,top_1,1,BESTBUY_2024Q2_10Q_0009,BESTBUY_2023_10K_0012,no,no_answer
FinanceBench::dense_harrier_oss_v1_0_6b::financebench_id_01902::top_5,FinanceBench,dense_harrier_oss_v1_0_6b,dense,microsoft/harrier-oss-v1-0.6b,standard,,financebench_id_01902,financebench_id_01902,BESTBUY_2024Q2_10Q,top_5,5,BESTBUY_2024Q2_10Q_0009,BESTBUY_2023_10K_0012|BESTBUY_2024Q2_10Q_0009|JOHNSON_JOHNSON_2023Q2_EARNINGS_0003_intro|BESTBUY_2019_10K_0002|BESTBUY_2023_10K_0002,yes,incorrect
FinanceBench::dense_harrier_oss_v1_0_6b::financebench_id_04660::top_1,FinanceBench,dense_harrier_oss_v1_0_6b,dense,microsoft/harrier-oss-v1-0.6b,standard,,financebench_id_04660,financebench_id_04660,BLOCK_2016_10K,top_1,1,BLOCK_2016_10K_0058,CORNING_2021_10K_0098,no,no_answer
FinanceBench::dense_harrier_oss_v1_0_6b::financebench_id_04660::top_5,FinanceBench,dense_harrier_oss_v1_0_6b,dense,microsoft/harrier-oss-v1-0.6b,standard,,financebench_id_04660,financebench_id_04660,BLOCK_2016_10K,top_5,5,BLOCK_2016_10K_0058,CORNING_2021_10K_0098|BESTBUY_2019_10K_0045|CORNING_2022_10K_0087|BESTBUY_2017_10K_0046|ADOBE_2016_10K_0010,no,no_answer
FinanceBench::dense_harrier_oss_v1_0_6b::financebench_id_03838::top_1,FinanceBench,dense_harrier_oss_v1_0_6b,dense,microsoft/harrier-oss-v1-0.6b,standard,,financebench_id_03838,financebench_id_03838,BLOCK_2020_10K,top_1,1,BLOCK_2020_10K_0071,BLOCK_2020_10K_0071,yes,correct
FinanceBench::dense_harrier_oss_v1_0_6b::financebench_id_07661::top_1,FinanceBench,dense_harrier_oss_v1_0_6b,dense,microsoft/harrier-oss-v1-0.6b,standard,,financebench_id_07661,financebench_id_07661,BLOCK_2020_10K,top_1,1,BLOCK_2020_10K_0074,BLOCK_2020_10K_0002,no,no_answer
FinanceBench::dense_harrier_oss_v1_0_6b::financebench_id_07661::top_5,FinanceBench,dense_harrier_oss_v1_0_6b,dense,microsoft/harrier-oss-v1-0.6b,standard,,financebench_id_07661,financebench_id_07661,BLOCK_2020_10K,top_5,5,BLOCK_2020_10K_0074,BLOCK_2020_10K_0002|BLOCK_2020_10K_0074|BLOCK_2020_10K_0064|BESTBUY_2019_10K_0036_intro|BLOCK_2020_10K_0071,yes,correct
FinanceBench::dense_harrier_oss_v1_0_6b::financebench_id_10285::top_1,FinanceBench,dense_harrier_oss_v1_0_6b,dense,microsoft/harrier-oss-v1-0.6b,standard,,financebench_id_10285,financebench_id_10285,BOEING_2018_10K,top_1,1,BOEING_2018_10K_0016,BOEING_2018_10K_0016,yes,correct
FinanceBench::dense_harrier_oss_v1_0_6b::financebench_id_10285::top_5,FinanceBench,dense_harrier_oss_v1_0_6b,dense,microsoft/harrier-oss-v1-0.6b,standard,,financebench_id_10285,financebench_id_10285,BOEING_2018_10K,top_5,5,BOEING_2018_10K_0016,BOEING_2018_10K_0016|AMCOR_2020_10K_0063|BOEING_2022_10K_0020|LOCKHEEDMARTIN_2021_10K_0072|BOEING_2018_10K_0017,yes,correct
FinanceBench::dense_harrier_oss_v1_0_6b::financebench_id_00517::top_1,FinanceBench,dense_harrier_oss_v1_0_6b,dense,microsoft/harrier-oss-v1-0.6b,standard,,financebench_id_00517,financebench_id_00517,BOEING_2022_10K,top_1,1,BOEING_2022_10K_0023,BOEING_2022_10K_0006,no,no_answer
FinanceBench::dense_harrier_oss_v1_0_6b::financebench_id_00517::top_5,FinanceBench,dense_harrier_oss_v1_0_6b,dense,microsoft/harrier-oss-v1-0.6b,standard,,financebench_id_00517,financebench_id_00517,BOEING_2022_10K,top_5,5,BOEING_2022_10K_0023,BOEING_2022_10K_0006|BOEING_2022_10K_0005|BOEING_2022_10K_0023|BOEING_2022_10K_0045|BOEING_2022_10K_0015,yes,correct
FinanceBench::dense_harrier_oss_v1_0_6b::financebench_id_00464::top_1,FinanceBench,dense_harrier_oss_v1_0_6b,dense,microsoft/harrier-oss-v1-0.6b,standard,,financebench_id_00464,financebench_id_00464,BOEING_2022_10K,top_1,1,BOEING_2022_10K_0007,BOEING_2022_10K_0002,no,no_answer
FinanceBench::dense_harrier_oss_v1_0_6b::financebench_id_00464::top_5,FinanceBench,dense_harrier_oss_v1_0_6b,dense,microsoft/harrier-oss-v1-0.6b,standard,,financebench_id_00464,financebench_id_00464,BOEING_2022_10K,top_5,5,BOEING_2022_10K_0007,BOEING_2022_10K_0002|AES_2022_10K_0161|BOEING_2022_10K_0007|BOEING_2018_10K_0003|BOEING_2022_10K_0015,yes,correct
FinanceBench::dense_harrier_oss_v1_0_6b::financebench_id_00494::top_1,FinanceBench,dense_harrier_oss_v1_0_6b,dense,microsoft/harrier-oss-v1-0.6b,standard,,financebench_id_00494,financebench_id_00494,BOEING_2022_10K,top_1,1,BOEING_2022_10K_0007,BOEING_2022_10K_0002,no,no_answer
FinanceBench::dense_harrier_oss_v1_0_6b::financebench_id_00585::top_1,FinanceBench,dense_harrier_oss_v1_0_6b,dense,microsoft/harrier-oss-v1-0.6b,standard,,financebench_id_00585,financebench_id_00585,BOEING_2022_10K,top_1,1,BOEING_2022_10K_0018,BOEING_2022_10K_0002,no,no_answer
FinanceBench::dense_harrier_oss_v1_0_6b::financebench_id_00585::top_5,FinanceBench,dense_harrier_oss_v1_0_6b,dense,microsoft/harrier-oss-v1-0.6b,standard,,financebench_id_00585,financebench_id_00585,BOEING_2022_10K,top_5,5,BOEING_2022_10K_0018,BOEING_2022_10K_0002|JPMORGAN_2022_10K_0074|VERIZON_2022_10K_0123_intro|BOEING_2022_10K_0015|LOCKHEEDMARTIN_2022_10K_0064,no,incorrect
FinanceBench::dense_harrier_oss_v1_0_6b::financebench_id_01346::top_1,FinanceBench,dense_harrier_oss_v1_0_6b,dense,microsoft/harrier-oss-v1-0.6b,standard,,financebench_id_01346,financebench_id_01346,CORNING_2022_10K,top_1,1,CORNING_2022_10K_0062_intro,CORNING_2022_10K_0069,no,no_answer
FinanceBench::dense_harrier_oss_v1_0_6b::financebench_id_01346::top_5,FinanceBench,dense_harrier_oss_v1_0_6b,dense,microsoft/harrier-oss-v1-0.6b,standard,,financebench_id_01346,financebench_id_01346,CORNING_2022_10K,top_5,5,CORNING_2022_10K_0062_intro,CORNING_2022_10K_0069|CORNING_2022_10K_0068|CORNING_2021_10K_0088_intro|CORNING_2021_10K_0068|CORNING_2021_10K_0069,no,no_answer
FinanceBench::dense_harrier_oss_v1_0_6b::financebench_id_00005::top_1,FinanceBench,dense_harrier_oss_v1_0_6b,dense,microsoft/harrier-oss-v1-0.6b,standard,,financebench_id_00005,financebench_id_00005,CORNING_2022_10K,top_1,1,CORNING_2022_10K_0130,CORNING_2021_10K_0088_intro,no,no_answer
FinanceBench::dense_harrier_oss_v1_0_6b::financebench_id_00005::top_5,FinanceBench,dense_harrier_oss_v1_0_6b,dense,microsoft/harrier-oss-v1-0.6b,standard,,financebench_id_00005,financebench_id_00005,CORNING_2022_10K,top_5,5,CORNING_2022_10K_0130,CORNING_2021_10K_0088_intro|CORNING_2021_10K_0101|CORNING_2021_10K_0169|CORNING_2021_10K_0061_intro|CORNING_2022_10K_0031,no,no_answer
FinanceBench::dense_harrier_oss_v1_0_6b::financebench_id_04209::top_1,FinanceBench,dense_harrier_oss_v1_0_6b,dense,microsoft/harrier-oss-v1-0.6b,standard,,financebench_id_04209,financebench_id_04209,COSTCO_2021_10K,top_1,1,COSTCO_2021_10K_0013,AES_2022_10K_0176,no,no_answer
FinanceBench::dense_harrier_oss_v1_0_6b::financebench_id_04209::top_5,FinanceBench,dense_harrier_oss_v1_0_6b,dense,microsoft/harrier-oss-v1-0.6b,standard,,financebench_id_04209,financebench_id_04209,COSTCO_2021_10K,top_5,5,COSTCO_2021_10K_0013,AES_2022_10K_0176|CORNING_2022_10K_0160|ULTABEAUTY_2023Q4_EARNINGS_0003|JOHNSON_JOHNSON_2022_10K_0060|COSTCO_2021_10K_0002,no,no_answer
FinanceBench::dense_harrier_oss_v1_0_6b::financebench_id_01244::top_5,FinanceBench,dense_harrier_oss_v1_0_6b,dense,microsoft/harrier-oss-v1-0.6b,standard,,financebench_id_01244,financebench_id_01244,CVSHEALTH_2022_10K,top_5,5,CVSHEALTH_2022_10K_0119,CVSHEALTH_2022_10K_0236|CVSHEALTH_2022_10K_0120|CVSHEALTH_2022_10K_0119|CVSHEALTH_2022_10K_0122|CVSHEALTH_2022_10K_0124_intro,yes,correct
FinanceBench::dense_harrier_oss_v1_0_6b::financebench_id_00822::top_1,FinanceBench,dense_harrier_oss_v1_0_6b,dense,microsoft/harrier-oss-v1-0.6b,standard,,financebench_id_00822,financebench_id_00822,FOOTLOCKER_2022_8K_dated-2022-05-20,top_1,1,FOOTLOCKER_2022_8K_dated_2022_05_20_0001,FOOTLOCKER_2022_8K_dated_2022_05_20_0001,yes,correct
FinanceBench::dense_harrier_oss_v1_0_6b::financebench_id_00839::top_1,FinanceBench,dense_harrier_oss_v1_0_6b,dense,microsoft/harrier-oss-v1-0.6b,standard,,financebench_id_00839,financebench_id_00839,FOOTLOCKER_2022_8K_dated_2022-08-19,top_1,1,FOOTLOCKER_2022_8K_dated_2022_08_19_0001,FOOTLOCKER_2022_8K_dated_2022_08_19_0041_intro,no,correct
FinanceBench::dense_harrier_oss_v1_0_6b::financebench_id_00839::top_5,FinanceBench,dense_harrier_oss_v1_0_6b,dense,microsoft/harrier-oss-v1-0.6b,standard,,financebench_id_00839,financebench_id_00839,FOOTLOCKER_2022_8K_dated_2022-08-19,top_5,5,FOOTLOCKER_2022_8K_dated_2022_08_19_0001,FOOTLOCKER_2022_8K_dated_2022_08_19_0041_intro|FOOTLOCKER_2022_8K_dated_2022_08_19_0005_intro|FOOTLOCKER_2022_8K_dated_2022_08_19_0001|FOOTLOCKER_2022_8K_dated_2022_08_19_0007|FOOTLOCKER_2022_8K_dated_2022_08_19_0025,yes,correct
FinanceBench::dense_harrier_oss_v1_0_6b::financebench_id_03471::top_1,FinanceBench,dense_harrier_oss_v1_0_6b,dense,microsoft/harrier-oss-v1-0.6b,standard,,financebench_id_03471,financebench_id_03471,GENERALMILLS_2020_10K,top_1,1,GENERALMILLS_2020_10K_0018,GENERALMILLS_2020_10K_0010,no,no_answer
FinanceBench::dense_harrier_oss_v1_0_6b::financebench_id_03471::top_5,FinanceBench,dense_harrier_oss_v1_0_6b,dense,microsoft/harrier-oss-v1-0.6b,standard,,financebench_id_03471,financebench_id_03471,GENERALMILLS_2020_10K,top_5,5,GENERALMILLS_2020_10K_0018,GENERALMILLS_2020_10K_0010|CORNING_2021_10K_0098|GENERALMILLS_2020_10K_0018|BESTBUY_2019_10K_0045|GENERALMILLS_2020_10K_0020,yes,correct
FinanceBench::dense_harrier_oss_v1_0_6b::financebench_id_04854::top_1,FinanceBench,dense_harrier_oss_v1_0_6b,dense,microsoft/harrier-oss-v1-0.6b,standard,,financebench_id_04854,financebench_id_04854,GENERALMILLS_2020_10K,top_1,1,GENERALMILLS_2020_10K_0020,GENERALMILLS_2020_10K_0020,yes,correct
FinanceBench::dense_harrier_oss_v1_0_6b::financebench_id_04854::top_5,FinanceBench,dense_harrier_oss_v1_0_6b,dense,microsoft/harrier-oss-v1-0.6b,standard,,financebench_id_04854,financebench_id_04854,GENERALMILLS_2020_10K,top_5,5,GENERALMILLS_2020_10K_0020,GENERALMILLS_2020_10K_0020|GENERALMILLS_2020_10K_0010|GENERALMILLS_2020_10K_0016|GENERALMILLS_2020_10K_0023|GENERALMILLS_2020_10K_0017,yes,correct
FinanceBench::dense_harrier_oss_v1_0_6b::financebench_id_01484::top_1,FinanceBench,dense_harrier_oss_v1_0_6b,dense,microsoft/harrier-oss-v1-0.6b,standard,,financebench_id_01484,financebench_id_01484,JOHNSON_JOHNSON_2022Q4_EARNINGS,top_1,1,JOHNSON_JOHNSON_2022Q4_EARNINGS_0001,JOHNSON_JOHNSON_2023_8K_dated_2023_08_30_0013_intro,no,no_answer
FinanceBench::dense_harrier_oss_v1_0_6b::financebench_id_00956::top_1,FinanceBench,dense_harrier_oss_v1_0_6b,dense,microsoft/harrier-oss-v1-0.6b,standard,,financebench_id_00956,financebench_id_00956,JOHNSON_JOHNSON_2022_10K,top_1,1,JOHNSON_JOHNSON_2022_10K_0024,JOHNSON_JOHNSON_2023_8K_dated_2023_08_30_0009,no,no_answer
FinanceBench::dense_harrier_oss_v1_0_6b::financebench_id_00669::top_1,FinanceBench,dense_harrier_oss_v1_0_6b,dense,microsoft/harrier-oss-v1-0.6b,standard,,financebench_id_00669,financebench_id_00669,JOHNSON_JOHNSON_2022_10K,top_1,1,JOHNSON_JOHNSON_2022_10K_0024,CORNING_2021_10K_0064,no,no_answer
FinanceBench::dense_harrier_oss_v1_0_6b::financebench_id_00669::top_5,FinanceBench,dense_harrier_oss_v1_0_6b,dense,microsoft/harrier-oss-v1-0.6b,standard,,financebench_id_00669,financebench_id_00669,JOHNSON_JOHNSON_2022_10K,top_5,5,JOHNSON_JOHNSON_2022_10K_0024,CORNING_2021_10K_0064|JOHNSON_JOHNSON_2022Q4_EARNINGS_0003_intro|NIKE_2023_10K_0007|JOHNSON_JOHNSON_2022Q4_EARNINGS_0008|JOHNSON_JOHNSON_2022Q4_EARNINGS_0023,no,no_answer
FinanceBench::dense_harrier_oss_v1_0_6b::financebench_id_01488::top_1,FinanceBench,dense_harrier_oss_v1_0_6b,dense,microsoft/harrier-oss-v1-0.6b,standard,,financebench_id_01488,financebench_id_01488,JOHNSON_JOHNSON_2023_8K_dated-2023-08-30,top_1,1,JOHNSON_JOHNSON_2023_8K_dated_2023_08_30_0004_intro,JOHNSON_JOHNSON_2023_8K_dated_2023_08_30_0001,no,no_answer
FinanceBench::dense_harrier_oss_v1_0_6b::financebench_id_01488::top_5,FinanceBench,dense_harrier_oss_v1_0_6b,dense,microsoft/harrier-oss-v1-0.6b,standard,,financebench_id_01488,financebench_id_01488,JOHNSON_JOHNSON_2023_8K_dated-2023-08-30,top_5,5,JOHNSON_JOHNSON_2023_8K_dated_2023_08_30_0004_intro,JOHNSON_JOHNSON_2023_8K_dated_2023_08_30_0001|BESTBUY_2019_10K_0073|JOHNSON_JOHNSON_2023Q2_EARNINGS_0003_intro|BESTBUY_2017_10K_0076|PFIZER_2021_10K_0005,no,no_answer
FinanceBench::dense_harrier_oss_v1_0_6b::financebench_id_01490::top_1,FinanceBench,dense_harrier_oss_v1_0_6b,dense,microsoft/harrier-oss-v1-0.6b,standard,,financebench_id_01490,financebench_id_01490,JOHNSON_JOHNSON_2023_8K_dated-2023-08-30,top_1,1,JOHNSON_JOHNSON_2023_8K_dated_2023_08_30_0004_intro,JOHNSON_JOHNSON_2023_8K_dated_2023_08_30_0001,no,no_answer
FinanceBench::dense_harrier_oss_v1_0_6b::financebench_id_01490::top_5,FinanceBench,dense_harrier_oss_v1_0_6b,dense,microsoft/harrier-oss-v1-0.6b,standard,,financebench_id_01490,financebench_id_01490,JOHNSON_JOHNSON_2023_8K_dated-2023-08-30,top_5,5,JOHNSON_JOHNSON_2023_8K_dated_2023_08_30_0004_intro,JOHNSON_JOHNSON_2023_8K_dated_2023_08_30_0001|JOHNSON_JOHNSON_2022Q4_EARNINGS_0024|JOHNSON_JOHNSON_2023Q2_EARNINGS_0003_intro|CVSHEALTH_2022_10K_0191|JOHNSON_JOHNSON_2023_8K_dated_2023_08_30_0004_intro,yes,correct
FinanceBench::dense_harrier_oss_v1_0_6b::financebench_id_01491::top_1,FinanceBench,dense_harrier_oss_v1_0_6b,dense,microsoft/harrier-oss-v1-0.6b,standard,,financebench_id_01491,financebench_id_01491,JOHNSON_JOHNSON_2023_8K_dated-2023-08-30,top_1,1,JOHNSON_JOHNSON_2023_8K_dated_2023_08_30_0004_intro,JOHNSON_JOHNSON_2023_8K_dated_2023_08_30_0001,no,no_answer
FinanceBench::dense_harrier_oss_v1_0_6b::financebench_id_01491::top_5,FinanceBench,dense_harrier_oss_v1_0_6b,dense,microsoft/harrier-oss-v1-0.6b,standard,,financebench_id_01491,financebench_id_01491,JOHNSON_JOHNSON_2023_8K_dated-2023-08-30,top_5,5,JOHNSON_JOHNSON_2023_8K_dated_2023_08_30_0004_intro,JOHNSON_JOHNSON_2023_8K_dated_2023_08_30_0001|JOHNSON_JOHNSON_2023_8K_dated_2023_08_30_0004_intro|JOHNSON_JOHNSON_2023_8K_dated_2023_08_30_0008|JOHNSON_JOHNSON_2022_10K_0039|CORNING_2022_10K_0061,yes,correct
FinanceBench::dense_harrier_oss_v1_0_6b::financebench_id_00299::top_1,FinanceBench,dense_harrier_oss_v1_0_6b,dense,microsoft/harrier-oss-v1-0.6b,standard,,financebench_id_00299,financebench_id_00299,JPMORGAN_2021Q1_10Q,top_1,1,JPMORGAN_2021Q1_10Q_0024,JPMORGAN_2022_10K_0083_intro,no,no_answer
FinanceBench::dense_harrier_oss_v1_0_6b::financebench_id_00299::top_5,FinanceBench,dense_harrier_oss_v1_0_6b,dense,microsoft/harrier-oss-v1-0.6b,standard,,financebench_id_00299,financebench_id_00299,JPMORGAN_2021Q1_10Q,top_5,5,JPMORGAN_2021Q1_10Q_0024,JPMORGAN_2022_10K_0083_intro|NIKE_2023_10K_0007|NIKE_2018_10K_0002|JPMORGAN_2022Q2_10Q_0274_intro|JPMORGAN_2023Q2_10Q_0272_intro,no,no_answer
FinanceBench::dense_harrier_oss_v1_0_6b::financebench_id_02119::top_1,FinanceBench,dense_harrier_oss_v1_0_6b,dense,microsoft/harrier-oss-v1-0.6b,standard,,financebench_id_02119,financebench_id_02119,JPMORGAN_2021Q1_10Q,top_1,1,JPMORGAN_2021Q1_10Q_0006,JPMORGAN_2022_10K_0751,no,no_answer
FinanceBench::dense_harrier_oss_v1_0_6b::financebench_id_02119::top_5,FinanceBench,dense_harrier_oss_v1_0_6b,dense,microsoft/harrier-oss-v1-0.6b,standard,,financebench_id_02119,financebench_id_02119,JPMORGAN_2021Q1_10Q,top_5,5,JPMORGAN_2021Q1_10Q_0006,JPMORGAN_2022_10K_0751|JPMORGAN_2022_10K_0753|JPMORGAN_2022_10K_0752|JPMORGAN_2022_10K_0398|JPMORGAN_2022_10K_0748,no,no_answer
FinanceBench::dense_harrier_oss_v1_0_6b::financebench_id_00394::top_1,FinanceBench,dense_harrier_oss_v1_0_6b,dense,microsoft/harrier-oss-v1-0.6b,standard,,financebench_id_00394,financebench_id_00394,JPMORGAN_2022Q2_10Q,top_1,1,JPMORGAN_2022Q2_10Q_0025,JOHNSON_JOHNSON_2023Q2_EARNINGS_0003_intro,no,no_answer
FinanceBench::dense_harrier_oss_v1_0_6b::financebench_id_00394::top_5,FinanceBench,dense_harrier_oss_v1_0_6b,dense,microsoft/harrier-oss-v1-0.6b,standard,,financebench_id_00394,financebench_id_00394,JPMORGAN_2022Q2_10Q,top_5,5,JPMORGAN_2022Q2_10Q_0025,JOHNSON_JOHNSON_2023Q2_EARNINGS_0003_intro|JPMORGAN_2022_10K_0083_intro|JOHNSON_JOHNSON_2022Q4_EARNINGS_0003_intro|JPMORGAN_2022Q2_10Q_0006|JPMORGAN_2022Q2_10Q_0004,no,no_answer
FinanceBench::dense_harrier_oss_v1_0_6b::financebench_id_00206::top_1,FinanceBench,dense_harrier_oss_v1_0_6b,dense,microsoft/harrier-oss-v1-0.6b,standard,,financebench_id_00206,financebench_id_00206,JPMORGAN_2022_10K,top_1,1,JPMORGAN_2022_10K_0002,CORNING_2021_10K_0064,no,no_answer
FinanceBench::dense_harrier_oss_v1_0_6b::financebench_id_00206::top_5,FinanceBench,dense_harrier_oss_v1_0_6b,dense,microsoft/harrier-oss-v1-0.6b,standard,,financebench_id_00206,financebench_id_00206,JPMORGAN_2022_10K,top_5,5,JPMORGAN_2022_10K_0002,CORNING_2021_10K_0064|JPMORGAN_2023Q2_10Q_0014_intro|JPMORGAN_2022Q2_10Q_0006|JPMORGAN_2023Q2_10Q_0051_intro|JPMORGAN_2023Q2_10Q_0001_intro,no,no_answer
FinanceBench::dense_harrier_oss_v1_0_6b::financebench_id_02049::top_1,FinanceBench,dense_harrier_oss_v1_0_6b,dense,microsoft/harrier-oss-v1-0.6b,standard,,financebench_id_02049,financebench_id_02049,JPMORGAN_2023Q2_10Q,top_1,1,JPMORGAN_2023Q2_10Q_0113,JPMORGAN_2022Q2_10Q_0115,no,no_answer
FinanceBench::dense_harrier_oss_v1_0_6b::financebench_id_02049::top_5,FinanceBench,dense_harrier_oss_v1_0_6b,dense,microsoft/harrier-oss-v1-0.6b,standard,,financebench_id_02049,financebench_id_02049,JPMORGAN_2023Q2_10Q,top_5,5,JPMORGAN_2023Q2_10Q_0113,JPMORGAN_2022Q2_10Q_0115|JPMORGAN_2021Q1_10Q_0108|JPMORGAN_2022_10K_0183|JPMORGAN_2023Q2_10Q_0113|JPMORGAN_2023Q2_10Q_0112,yes,correct
FinanceBench::dense_harrier_oss_v1_0_6b::financebench_id_03031::top_1,FinanceBench,dense_harrier_oss_v1_0_6b,dense,microsoft/harrier-oss-v1-0.6b,standard,,financebench_id_03031,financebench_id_03031,LOCKHEEDMARTIN_2021_10K,top_1,1,LOCKHEEDMARTIN_2021_10K_0027,LOCKHEEDMARTIN_2021_10K_0027,yes,correct
FinanceBench::dense_harrier_oss_v1_0_6b::financebench_id_03031::top_5,FinanceBench,dense_harrier_oss_v1_0_6b,dense,microsoft/harrier-oss-v1-0.6b,standard,,financebench_id_03031,financebench_id_03031,LOCKHEEDMARTIN_2021_10K,top_5,5,LOCKHEEDMARTIN_2021_10K_0027,LOCKHEEDMARTIN_2021_10K_0027|CORNING_2021_10K_0098|LOCKHEEDMARTIN_2021_10K_0047|LOCKHEEDMARTIN_2021_10K_0025|JPMORGAN_2021Q1_10Q_0049,yes,correct
FinanceBench::dense_harrier_oss_v1_0_6b::financebench_id_03718::top_1,FinanceBench,dense_harrier_oss_v1_0_6b,dense,microsoft/harrier-oss-v1-0.6b,standard,,financebench_id_03718,financebench_id_03718,LOCKHEEDMARTIN_2022_10K,top_1,1,LOCKHEEDMARTIN_2022_10K_0020,LOCKHEEDMARTIN_2021_10K_0025,no,no_answer
FinanceBench::dense_harrier_oss_v1_0_6b::financebench_id_04171::top_1,FinanceBench,dense_harrier_oss_v1_0_6b,dense,microsoft/harrier-oss-v1-0.6b,standard,,financebench_id_04171,financebench_id_04171,MGMRESORTS_2018_10K,top_1,1,MGMRESORTS_2018_10K_0013,MGMRESORTS_2018_10K_0216,no,no_answer
FinanceBench::dense_harrier_oss_v1_0_6b::financebench_id_04171::top_5,FinanceBench,dense_harrier_oss_v1_0_6b,dense,microsoft/harrier-oss-v1-0.6b,standard,,financebench_id_04171,financebench_id_04171,MGMRESORTS_2018_10K,top_5,5,MGMRESORTS_2018_10K_0013,MGMRESORTS_2018_10K_0216|MGMRESORTS_2023Q2_10Q_0002|MGMRESORTS_2023Q2_10Q_0001|MGMRESORTS_2022_10K_0014|MGMRESORTS_2018_10K_0120,no,no_answer
FinanceBench::dense_harrier_oss_v1_0_6b::financebench_id_00382::top_1,FinanceBench,dense_harrier_oss_v1_0_6b,dense,microsoft/harrier-oss-v1-0.6b,standard,,financebench_id_00382,financebench_id_00382,MGMRESORTS_2022Q4_EARNINGS,top_1,1,MGMRESORTS_2022Q4_EARNINGS_0019,MGMRESORTS_2022Q4_EARNINGS_0000_intro,no,no_answer
FinanceBench::dense_harrier_oss_v1_0_6b::financebench_id_01911::top_1,FinanceBench,dense_harrier_oss_v1_0_6b,dense,microsoft/harrier-oss-v1-0.6b,standard,,financebench_id_01911,financebench_id_01911,MGMRESORTS_2022Q4_EARNINGS,top_1,1,MGMRESORTS_2022Q4_EARNINGS_0019,MGMRESORTS_2022Q4_EARNINGS_0000_intro,no,no_answer
FinanceBench::dense_harrier_oss_v1_0_6b::financebench_id_01911::top_5,FinanceBench,dense_harrier_oss_v1_0_6b,dense,microsoft/harrier-oss-v1-0.6b,standard,,financebench_id_01911,financebench_id_01911,MGMRESORTS_2022Q4_EARNINGS,top_5,5,MGMRESORTS_2022Q4_EARNINGS_0019,MGMRESORTS_2022Q4_EARNINGS_0000_intro|MGMRESORTS_2022_10K_0078|MGMRESORTS_2022Q4_EARNINGS_0011|MGMRESORTS_2022_10K_0079|MGMRESORTS_2022_10K_0121,no,no_answer
FinanceBench::dense_harrier_oss_v1_0_6b::financebench_id_01254::top_1,FinanceBench,dense_harrier_oss_v1_0_6b,dense,microsoft/harrier-oss-v1-0.6b,standard,,financebench_id_01254,financebench_id_01254,MGMRESORTS_2022_10K,top_1,1,MGMRESORTS_2022_10K_0008,MGMRESORTS_2022Q4_EARNINGS_0000_intro,no,no_answer
FinanceBench::dense_harrier_oss_v1_0_6b::financebench_id_00407::top_1,FinanceBench,dense_harrier_oss_v1_0_6b,dense,microsoft/harrier-oss-v1-0.6b,standard,,financebench_id_00407,financebench_id_00407,MGMRESORTS_2023Q2_10Q,top_1,1,MGMRESORTS_2023Q2_10Q_0005,MGMRESORTS_2022_10K_0074_intro,no,no_answer
FinanceBench::dense_harrier_oss_v1_0_6b::financebench_id_00407::top_5,FinanceBench,dense_harrier_oss_v1_0_6b,dense,microsoft/harrier-oss-v1-0.6b,standard,,financebench_id_00407,financebench_id_00407,MGMRESORTS_2023Q2_10Q,top_5,5,MGMRESORTS_2023Q2_10Q_0005,MGMRESORTS_2022_10K_0074_intro|MGMRESORTS_2023Q2_10Q_0006|MGMRESORTS_2018_10K_0071_intro|MGMRESORTS_2023Q2_10Q_0002|MGMRESORTS_2022_10K_0084,no,correct
FinanceBench::dense_harrier_oss_v1_0_6b::financebench_id_04700::top_1,FinanceBench,dense_harrier_oss_v1_0_6b,dense,microsoft/harrier-oss-v1-0.6b,standard,,financebench_id_04700,financebench_id_04700,MICROSOFT_2016_10K,top_1,1,MICROSOFT_2016_10K_0014_intro,MICROSOFT_2016_10K_0012,no,correct
FinanceBench::dense_harrier_oss_v1_0_6b::financebench_id_04700::top_5,FinanceBench,dense_harrier_oss_v1_0_6b,dense,microsoft/harrier-oss-v1-0.6b,standard,,financebench_id_04700,financebench_id_04700,MICROSOFT_2016_10K,top_5,5,MICROSOFT_2016_10K_0014_intro,MICROSOFT_2016_10K_0012|MICROSOFT_2023_10K_0014|MICROSOFT_2016_10K_0036|MICROSOFT_2016_10K_0011|MICROSOFT_2016_10K_0029,no,correct
FinanceBench::dense_harrier_oss_v1_0_6b::financebench_id_00552::top_5,FinanceBench,dense_harrier_oss_v1_0_6b,dense,microsoft/harrier-oss-v1-0.6b,standard,,financebench_id_00552,financebench_id_00552,MICROSOFT_2023_10K,top_5,5,MICROSOFT_2023_10K_0014,MICROSOFT_2023_10K_0014|MICROSOFT_2023_10K_0012|NIKE_2023_10K_0007|MGMRESORTS_2022_10K_0087|MICROSOFT_2016_10K_0012,yes,correct
FinanceBench::dense_harrier_oss_v1_0_6b::financebench_id_03282::top_1,FinanceBench,dense_harrier_oss_v1_0_6b,dense,microsoft/harrier-oss-v1-0.6b,standard,,financebench_id_03282,financebench_id_03282,NETFLIX_2017_10K,top_1,1,NETFLIX_2017_10K_0024,NETFLIX_2017_10K_0011,no,no_answer
FinanceBench::dense_harrier_oss_v1_0_6b::financebench_id_04302::top_1,FinanceBench,dense_harrier_oss_v1_0_6b,dense,microsoft/harrier-oss-v1-0.6b,standard,,financebench_id_04302,financebench_id_04302,NIKE_2018_10K,top_1,1,NIKE_2018_10K_0026,NIKE_2019_10K_0024,no,no_answer
FinanceBench::dense_harrier_oss_v1_0_6b::financebench_id_03531::top_1,FinanceBench,dense_harrier_oss_v1_0_6b,dense,microsoft/harrier-oss-v1-0.6b,standard,,financebench_id_03531,financebench_id_03531,NIKE_2019_10K,top_1,1,NIKE_2019_10K_0026,NIKE_2019_10K_0024,no,no_answer
FinanceBench::dense_harrier_oss_v1_0_6b::financebench_id_03531::top_5,FinanceBench,dense_harrier_oss_v1_0_6b,dense,microsoft/harrier-oss-v1-0.6b,standard,,financebench_id_03531,financebench_id_03531,NIKE_2019_10K,top_5,5,NIKE_2019_10K_0026,NIKE_2019_10K_0024|NIKE_2023_10K_0024|NIKE_2023_10K_0003|NIKE_2019_10K_0037|NIKE_2019_10K_0023,no,no_answer
FinanceBench::dense_harrier_oss_v1_0_6b::financebench_id_01163::top_5,FinanceBench,dense_harrier_oss_v1_0_6b,dense,microsoft/harrier-oss-v1-0.6b,standard,,financebench_id_01163,financebench_id_01163,NIKE_2023_10K,top_5,5,NIKE_2023_10K_0026,NIKE_2023_10K_0024|NIKE_2019_10K_0024|NIKE_2023_10K_0003|BESTBUY_2019_10K_0036_intro|CORNING_2022_10K_0088,no,correct
FinanceBench::dense_harrier_oss_v1_0_6b::financebench_id_00080::top_1,FinanceBench,dense_harrier_oss_v1_0_6b,dense,microsoft/harrier-oss-v1-0.6b,standard,,financebench_id_00080,financebench_id_00080,PAYPAL_2022_10K,top_1,1,PAYPAL_2022_10K_0034,CORNING_2022_10K_0087,no,no_answer
FinanceBench::dense_harrier_oss_v1_0_6b::financebench_id_00735::top_1,FinanceBench,dense_harrier_oss_v1_0_6b,dense,microsoft/harrier-oss-v1-0.6b,standard,,financebench_id_00735,financebench_id_00735,PEPSICO_2022_10K,top_1,1,PEPSICO_2022_10K_0058,PEPSICO_2022_10K_0213,no,no_answer
FinanceBench::dense_harrier_oss_v1_0_6b::financebench_id_00735::top_5,FinanceBench,dense_harrier_oss_v1_0_6b,dense,microsoft/harrier-oss-v1-0.6b,standard,,financebench_id_00735,financebench_id_00735,PEPSICO_2022_10K,top_5,5,PEPSICO_2022_10K_0058,PEPSICO_2022_10K_0213|PEPSICO_2021_10K_0167|PEPSICO_2021_10K_0341|PEPSICO_2022_10K_0063|JPMORGAN_2023Q2_10Q_0471,no,no_answer
FinanceBench::dense_harrier_oss_v1_0_6b::financebench_id_01328::top_1,FinanceBench,dense_harrier_oss_v1_0_6b,dense,microsoft/harrier-oss-v1-0.6b,standard,,financebench_id_01328,financebench_id_01328,PEPSICO_2022_10K,top_1,1,PEPSICO_2022_10K_0150,JOHNSON_JOHNSON_2022_10K_0100,no,incorrect
FinanceBench::dense_harrier_oss_v1_0_6b::financebench_id_01474::top_1,FinanceBench,dense_harrier_oss_v1_0_6b,dense,microsoft/harrier-oss-v1-0.6b,standard,,financebench_id_01474,financebench_id_01474,PEPSICO_2023Q1_EARNINGS,top_1,1,PEPSICO_2023Q1_EARNINGS_0000,PEPSICO_2023Q1_EARNINGS_0000,yes,correct
FinanceBench::dense_harrier_oss_v1_0_6b::financebench_id_01474::top_5,FinanceBench,dense_harrier_oss_v1_0_6b,dense,microsoft/harrier-oss-v1-0.6b,standard,,financebench_id_01474,financebench_id_01474,PEPSICO_2023Q1_EARNINGS,top_5,5,PEPSICO_2023Q1_EARNINGS_0000,PEPSICO_2023Q1_EARNINGS_0000|PEPSICO_2023Q1_EARNINGS_0012|PEPSICO_2023Q1_EARNINGS_0002|NIKE_2023_10K_0007|JOHNSON_JOHNSON_2022Q4_EARNINGS_0008,yes,correct
FinanceBench::dense_harrier_oss_v1_0_6b::financebench_id_01476::top_1,FinanceBench,dense_harrier_oss_v1_0_6b,dense,microsoft/harrier-oss-v1-0.6b,standard,,financebench_id_01476,financebench_id_01476,PEPSICO_2023Q1_EARNINGS,top_1,1,PEPSICO_2023Q1_EARNINGS_0000,PEPSICO_2023Q1_EARNINGS_0000,yes,correct
FinanceBench::dense_harrier_oss_v1_0_6b::financebench_id_01476::top_5,FinanceBench,dense_harrier_oss_v1_0_6b,dense,microsoft/harrier-oss-v1-0.6b,standard,,financebench_id_01476,financebench_id_01476,PEPSICO_2023Q1_EARNINGS,top_5,5,PEPSICO_2023Q1_EARNINGS_0000,PEPSICO_2023Q1_EARNINGS_0000|PEPSICO_2023Q1_EARNINGS_0002|JOHNSON_JOHNSON_2022Q4_EARNINGS_0008|JOHNSON_JOHNSON_2023Q2_EARNINGS_0003_intro|CORNING_2022_10K_0061,yes,correct
FinanceBench::dense_harrier_oss_v1_0_6b::financebench_id_01482::top_1,FinanceBench,dense_harrier_oss_v1_0_6b,dense,microsoft/harrier-oss-v1-0.6b,standard,,financebench_id_01482,financebench_id_01482,PEPSICO_2023_8K_dated-2023-05-05,top_1,1,PEPSICO_2023_8K_dated_2023_05_05_0001,PEPSICO_2023_8K_dated_2023_05_05_0001,yes,correct
FinanceBench::dense_harrier_oss_v1_0_6b::financebench_id_01482::top_5,FinanceBench,dense_harrier_oss_v1_0_6b,dense,microsoft/harrier-oss-v1-0.6b,standard,,financebench_id_01482,financebench_id_01482,PEPSICO_2023_8K_dated-2023-05-05,top_5,5,PEPSICO_2023_8K_dated_2023_05_05_0001,PEPSICO_2023_8K_dated_2023_05_05_0001|PEPSICO_2023_8K_dated_2023_05_05_0000|PEPSICO_2023_8K_dated_2023_05_05_0002|PEPSICO_2022_10K_0551|PEPSICO_2023_8K_dated_2023_05_30_0003,yes,correct
FinanceBench::dense_harrier_oss_v1_0_6b::financebench_id_00705::top_1,FinanceBench,dense_harrier_oss_v1_0_6b,dense,microsoft/harrier-oss-v1-0.6b,standard,,financebench_id_00705,financebench_id_00705,PEPSICO_2023_8K_dated-2023-05-30,top_1,1,PEPSICO_2023_8K_dated_2023_05_30_0001,PEPSICO_2023_8K_dated_2023_05_30_0001,yes,correct
FinanceBench::dense_harrier_oss_v1_0_6b::financebench_id_00705::top_5,FinanceBench,dense_harrier_oss_v1_0_6b,dense,microsoft/harrier-oss-v1-0.6b,standard,,financebench_id_00705,financebench_id_00705,PEPSICO_2023_8K_dated-2023-05-30,top_5,5,PEPSICO_2023_8K_dated_2023_05_30_0001,PEPSICO_2023_8K_dated_2023_05_30_0001|PEPSICO_2023_8K_dated_2023_05_30_0071|PEPSICO_2021_10K_0167|PEPSICO_2023_8K_dated_2023_05_30_0004|PAYPAL_2022_10K_0118,yes,correct
FinanceBench::dense_harrier_oss_v1_0_6b::financebench_id_00302::top_1,FinanceBench,dense_harrier_oss_v1_0_6b,dense,microsoft/harrier-oss-v1-0.6b,standard,,financebench_id_00302,financebench_id_00302,PFIZER_2021_10K,top_1,1,PFIZER_2021_10K_0038,PFIZER_2021_10K_0025,no,no_answer
FinanceBench::dense_harrier_oss_v1_0_6b::financebench_id_00302::top_5,FinanceBench,dense_harrier_oss_v1_0_6b,dense,microsoft/harrier-oss-v1-0.6b,standard,,financebench_id_00302,financebench_id_00302,PFIZER_2021_10K,top_5,5,PFIZER_2021_10K_0038,PFIZER_2021_10K_0025|PFIZER_2021_10K_0004|PFIZER_2021_10K_0026|PFIZER_2023Q2_10Q_0002|PFIZER_2021_10K_0007,no,no_answer
FinanceBench::dense_harrier_oss_v1_0_6b::financebench_id_00702::top_1,FinanceBench,dense_harrier_oss_v1_0_6b,dense,microsoft/harrier-oss-v1-0.6b,standard,,financebench_id_00702,financebench_id_00702,PFIZER_2021_10K,top_1,1,PFIZER_2021_10K_0036,NIKE_2023_10K_0007,no,no_answer
FinanceBench::dense_harrier_oss_v1_0_6b::financebench_id_00601::top_1,FinanceBench,dense_harrier_oss_v1_0_6b,dense,microsoft/harrier-oss-v1-0.6b,standard,,financebench_id_00601,financebench_id_00601,ULTABEAUTY_2023Q4_EARNINGS,top_1,1,ULTABEAUTY_2023Q4_EARNINGS_0002,JOHNSON_JOHNSON_2023Q2_EARNINGS_0003_intro,no,no_answer
FinanceBench::dense_harrier_oss_v1_0_6b::financebench_id_00601::top_5,FinanceBench,dense_harrier_oss_v1_0_6b,dense,microsoft/harrier-oss-v1-0.6b,standard,,financebench_id_00601,financebench_id_00601,ULTABEAUTY_2023Q4_EARNINGS,top_5,5,ULTABEAUTY_2023Q4_EARNINGS_0002,JOHNSON_JOHNSON_2023Q2_EARNINGS_0003_intro|NIKE_2023_10K_0007|JOHNSON_JOHNSON_2022Q4_EARNINGS_0003_intro|3M_2023Q2_10Q_0026|JOHNSON_JOHNSON_2023Q2_EARNINGS_0000,no,no_answer
FinanceBench::dense_harrier_oss_v1_0_6b::financebench_id_00603::top_5,FinanceBench,dense_harrier_oss_v1_0_6b,dense,microsoft/harrier-oss-v1-0.6b,standard,,financebench_id_00603,financebench_id_00603,ULTABEAUTY_2023Q4_EARNINGS,top_5,5,ULTABEAUTY_2023Q4_EARNINGS_0003,ULTABEAUTY_2023_10K_0013|ULTABEAUTY_2023_10K_0003|ULTABEAUTY_2023Q4_EARNINGS_0010|ULTABEAUTY_2023Q4_EARNINGS_0000_intro|ULTABEAUTY_2023Q4_EARNINGS_0003,yes,no_answer
FinanceBench::dense_harrier_oss_v1_0_6b::financebench_id_00605::top_1,FinanceBench,dense_harrier_oss_v1_0_6b,dense,microsoft/harrier-oss-v1-0.6b,standard,,financebench_id_00605,financebench_id_00605,ULTABEAUTY_2023Q4_EARNINGS,top_1,1,ULTABEAUTY_2023Q4_EARNINGS_0004,ULTABEAUTY_2023Q4_EARNINGS_0000_intro,no,no_answer
FinanceBench::dense_harrier_oss_v1_0_6b::financebench_id_00605::top_5,FinanceBench,dense_harrier_oss_v1_0_6b,dense,microsoft/harrier-oss-v1-0.6b,standard,,financebench_id_00605,financebench_id_00605,ULTABEAUTY_2023Q4_EARNINGS,top_5,5,ULTABEAUTY_2023Q4_EARNINGS_0004,ULTABEAUTY_2023Q4_EARNINGS_0000_intro|ULTABEAUTY_2023Q4_EARNINGS_0010|ULTABEAUTY_2023_10K_0011|ULTABEAUTY_2023_10K_0013|ULTABEAUTY_2023_10K_0003,no,no_answer
FinanceBench::dense_harrier_oss_v1_0_6b::financebench_id_00606::top_1,FinanceBench,dense_harrier_oss_v1_0_6b,dense,microsoft/harrier-oss-v1-0.6b,standard,,financebench_id_00606,financebench_id_00606,ULTABEAUTY_2023Q4_EARNINGS,top_1,1,ULTABEAUTY_2023Q4_EARNINGS_0002,ULTABEAUTY_2023Q4_EARNINGS_0000_intro,no,no_answer
FinanceBench::dense_harrier_oss_v1_0_6b::financebench_id_00606::top_5,FinanceBench,dense_harrier_oss_v1_0_6b,dense,microsoft/harrier-oss-v1-0.6b,standard,,financebench_id_00606,financebench_id_00606,ULTABEAUTY_2023Q4_EARNINGS,top_5,5,ULTABEAUTY_2023Q4_EARNINGS_0002,ULTABEAUTY_2023Q4_EARNINGS_0000_intro|ULTABEAUTY_2023Q4_EARNINGS_0010|ULTABEAUTY_2023_10K_0013|ULTABEAUTY_2023Q4_EARNINGS_0002|ULTABEAUTY_2023_10K_0003,yes,no_answer
FinanceBench::dense_harrier_oss_v1_0_6b::financebench_id_00746::top_1,FinanceBench,dense_harrier_oss_v1_0_6b,dense,microsoft/harrier-oss-v1-0.6b,standard,,financebench_id_00746,financebench_id_00746,ULTABEAUTY_2023_10K,top_1,1,ULTABEAUTY_2023_10K_0000,ULTABEAUTY_2023Q4_EARNINGS_0010,no,no_answer
FinanceBench::dense_harrier_oss_v1_0_6b::financebench_id_00746::top_5,FinanceBench,dense_harrier_oss_v1_0_6b,dense,microsoft/harrier-oss-v1-0.6b,standard,,financebench_id_00746,financebench_id_00746,ULTABEAUTY_2023_10K,top_5,5,ULTABEAUTY_2023_10K_0000,ULTABEAUTY_2023Q4_EARNINGS_0010|ULTABEAUTY_2023_10K_0011|ULTABEAUTY_2023_10K_0010|ULTABEAUTY_2023_10K_0003|ULTABEAUTY_2023_10K_0000,yes,correct
FinanceBench::dense_harrier_oss_v1_0_6b::financebench_id_00521::top_1,FinanceBench,dense_harrier_oss_v1_0_6b,dense,microsoft/harrier-oss-v1-0.6b,standard,,financebench_id_00521,financebench_id_00521,ULTABEAUTY_2023_10K,top_1,1,ULTABEAUTY_2023_10K_0027,ULTABEAUTY_2023_10K_0003,no,no_answer
FinanceBench::dense_harrier_oss_v1_0_6b::financebench_id_00521::top_5,FinanceBench,dense_harrier_oss_v1_0_6b,dense,microsoft/harrier-oss-v1-0.6b,standard,,financebench_id_00521,financebench_id_00521,ULTABEAUTY_2023_10K,top_5,5,ULTABEAUTY_2023_10K_0027,ULTABEAUTY_2023_10K_0003|ULTABEAUTY_2023Q4_EARNINGS_0010|ULTABEAUTY_2023Q4_EARNINGS_0000_intro|ULTABEAUTY_2023_10K_0002|ULTABEAUTY_2023_10K_0013,no,no_answer
FinanceBench::dense_harrier_oss_v1_0_6b::financebench_id_00859::top_1,FinanceBench,dense_harrier_oss_v1_0_6b,dense,microsoft/harrier-oss-v1-0.6b,standard,,financebench_id_00859,financebench_id_00859,VERIZON_2021_10K,top_1,1,VERIZON_2021_10K_0098_intro,VERIZON_2021_10K_0098_intro,yes,correct
FinanceBench::dense_harrier_oss_v1_0_6b::financebench_id_00859::top_5,FinanceBench,dense_harrier_oss_v1_0_6b,dense,microsoft/harrier-oss-v1-0.6b,standard,,financebench_id_00859,financebench_id_00859,VERIZON_2021_10K,top_5,5,VERIZON_2021_10K_0098_intro,VERIZON_2021_10K_0098_intro|VERIZON_2022_10K_0092_intro|VERIZON_2022_10K_0010|VERIZON_2022_10K_0012|VERIZON_2021_10K_0012,yes,correct
FinanceBench::dense_harrier_oss_v1_0_6b::financebench_id_00566::top_1,FinanceBench,dense_harrier_oss_v1_0_6b,dense,microsoft/harrier-oss-v1-0.6b,standard,,financebench_id_00566,financebench_id_00566,VERIZON_2022_10K,top_1,1,VERIZON_2022_10K_0068_intro,VERIZON_2022_10K_0018,no,correct
FinanceBench::dense_harrier_oss_v1_0_6b::financebench_id_00566::top_5,FinanceBench,dense_harrier_oss_v1_0_6b,dense,microsoft/harrier-oss-v1-0.6b,standard,,financebench_id_00566,financebench_id_00566,VERIZON_2022_10K,top_5,5,VERIZON_2022_10K_0068_intro,VERIZON_2022_10K_0018|VERIZON_2021_10K_0074_intro|VERIZON_2022_10K_0134|VERIZON_2022_10K_0069_intro|VERIZON_2022_10K_0068_intro,yes,correct
FinanceBench::dense_harrier_oss_v1_0_6b::financebench_id_04784::top_5,FinanceBench,dense_harrier_oss_v1_0_6b,dense,microsoft/harrier-oss-v1-0.6b,standard,,financebench_id_04784,financebench_id_04784,WALMART_2019_10K,top_5,5,WALMART_2019_10K_0013,WALMART_2019_10K_0010|WALMART_2019_10K_0011|WALMART_2019_10K_0002|JOHNSON_JOHNSON_2022Q4_EARNINGS_0003_intro|CORNING_2021_10K_0061_intro,no,correct
FinanceBench::dense_linq_embed_mistral::financebench_id_03029::top_1,FinanceBench,dense_linq_embed_mistral,dense,Linq-AI-Research/Linq-Embed-Mistral,standard,,financebench_id_03029,financebench_id_03029,3M_2018_10K,top_1,1,3M_2018_10K_0031,BESTBUY_2017_10K_0043,no,no_answer
FinanceBench::dense_linq_embed_mistral::financebench_id_03029::top_5,FinanceBench,dense_linq_embed_mistral,dense,Linq-AI-Research/Linq-Embed-Mistral,standard,,financebench_id_03029,financebench_id_03029,3M_2018_10K,top_5,5,3M_2018_10K_0031,BESTBUY_2017_10K_0043|CORNING_2022_10K_0096|BESTBUY_2019_10K_0042|3M_2018_10K_0042|3M_2018_10K_0031,yes,correct
FinanceBench::dense_linq_embed_mistral::financebench_id_01865::top_1,FinanceBench,dense_linq_embed_mistral,dense,Linq-AI-Research/Linq-Embed-Mistral,standard,,financebench_id_01865,financebench_id_01865,3M_2022_10K,top_1,1,3M_2022_10K_0011,JOHNSON_JOHNSON_2023Q2_EARNINGS_0003_intro,no,no_answer
FinanceBench::dense_linq_embed_mistral::financebench_id_01865::top_5,FinanceBench,dense_linq_embed_mistral,dense,Linq-AI-Research/Linq-Embed-Mistral,standard,,financebench_id_01865,financebench_id_01865,3M_2022_10K,top_5,5,3M_2022_10K_0011,JOHNSON_JOHNSON_2023Q2_EARNINGS_0003_intro|JOHNSON_JOHNSON_2022Q4_EARNINGS_0003_intro|JOHNSON_JOHNSON_2023Q2_EARNINGS_0002|JOHNSON_JOHNSON_2023_8K_dated_2023_08_30_0007|3M_2023Q2_10Q_0027,no,no_answer
FinanceBench::dense_linq_embed_mistral::financebench_id_00807::top_1,FinanceBench,dense_linq_embed_mistral,dense,Linq-AI-Research/Linq-Embed-Mistral,standard,,financebench_id_00807,financebench_id_00807,3M_2023Q2_10Q,top_1,1,3M_2023Q2_10Q_0006,3M_2023Q2_10Q_0030,no,no_answer
FinanceBench::dense_linq_embed_mistral::financebench_id_00807::top_5,FinanceBench,dense_linq_embed_mistral,dense,Linq-AI-Research/Linq-Embed-Mistral,standard,,financebench_id_00807,financebench_id_00807,3M_2023Q2_10Q,top_5,5,3M_2023Q2_10Q_0006,3M_2023Q2_10Q_0030|3M_2023Q2_10Q_0028|3M_2023Q2_10Q_0021|3M_2023Q2_10Q_0025|CORNING_2022_10K_0086_intro,no,no_answer
FinanceBench::dense_linq_embed_mistral::financebench_id_00941::top_1,FinanceBench,dense_linq_embed_mistral,dense,Linq-AI-Research/Linq-Embed-Mistral,standard,,financebench_id_00941,financebench_id_00941,3M_2023Q2_10Q,top_1,1,3M_2023Q2_10Q_0000,3M_2023Q2_10Q_0018,no,no_answer
FinanceBench::dense_linq_embed_mistral::financebench_id_00941::top_5,FinanceBench,dense_linq_embed_mistral,dense,Linq-AI-Research/Linq-Embed-Mistral,standard,,financebench_id_00941,financebench_id_00941,3M_2023Q2_10Q,top_5,5,3M_2023Q2_10Q_0000,3M_2023Q2_10Q_0018|3M_2023Q2_10Q_0021|3M_2023Q2_10Q_0030|3M_2023Q2_10Q_0000|3M_2023Q2_10Q_0001,yes,correct
FinanceBench::dense_linq_embed_mistral::financebench_id_07507::top_1,FinanceBench,dense_linq_embed_mistral,dense,Linq-AI-Research/Linq-Embed-Mistral,standard,,financebench_id_07507,financebench_id_07507,ADOBE_2016_10K,top_1,1,ADOBE_2016_10K_0014_intro,ADOBE_2016_10K_0016,no,correct
FinanceBench::dense_linq_embed_mistral::financebench_id_00438::top_1,FinanceBench,dense_linq_embed_mistral,dense,Linq-AI-Research/Linq-Embed-Mistral,standard,,financebench_id_00438,financebench_id_00438,ADOBE_2022_10K,top_1,1,ADOBE_2022_10K_0013,ADOBE_2016_10K_0001,no,no_answer
FinanceBench::dense_linq_embed_mistral::financebench_id_00438::top_5,FinanceBench,dense_linq_embed_mistral,dense,Linq-AI-Research/Linq-Embed-Mistral,standard,,financebench_id_00438,financebench_id_00438,ADOBE_2022_10K,top_5,5,ADOBE_2022_10K_0013,ADOBE_2016_10K_0001|ADOBE_2022_10K_0001|ADOBE_2016_10K_0016|ADOBE_2022_10K_0000|ADOBE_2016_10K_0055,no,no_answer
FinanceBench::dense_linq_embed_mistral::financebench_id_00591::top_1,FinanceBench,dense_linq_embed_mistral,dense,Linq-AI-Research/Linq-Embed-Mistral,standard,,financebench_id_00591,financebench_id_00591,ADOBE_2022_10K,top_1,1,ADOBE_2022_10K_0013,ADOBE_2016_10K_0019,no,no_answer
FinanceBench::dense_linq_embed_mistral::financebench_id_01319::top_1,FinanceBench,dense_linq_embed_mistral,dense,Linq-AI-Research/Linq-Embed-Mistral,standard,,financebench_id_01319,financebench_id_01319,AES_2022_10K,top_1,1,AES_2022_10K_0171,BESTBUY_2019_10K_0137_intro,no,no_answer
FinanceBench::dense_linq_embed_mistral::financebench_id_01319::top_5,FinanceBench,dense_linq_embed_mistral,dense,Linq-AI-Research/Linq-Embed-Mistral,standard,,financebench_id_01319,financebench_id_01319,AES_2022_10K,top_5,5,AES_2022_10K_0171,BESTBUY_2019_10K_0137_intro|JOHNSON_JOHNSON_2022_10K_0100|AES_2022_10K_0171|AMERICANEXPRESS_2022_10K_0106|AES_2022_10K_0215,yes,correct
FinanceBench::dense_linq_embed_mistral::financebench_id_08135::top_1,FinanceBench,dense_linq_embed_mistral,dense,Linq-AI-Research/Linq-Embed-Mistral,standard,,financebench_id_08135,financebench_id_08135,AMAZON_2017_10K,top_1,1,AMAZON_2017_10K_0013,AMAZON_2017_10K_0011,no,correct
FinanceBench::dense_linq_embed_mistral::financebench_id_08286::top_1,FinanceBench,dense_linq_embed_mistral,dense,Linq-AI-Research/Linq-Embed-Mistral,standard,,financebench_id_08286,financebench_id_08286,AMAZON_2019_10K,top_1,1,AMAZON_2019_10K_0016,AMAZON_2019_10K_0000,no,no_answer
FinanceBench::dense_linq_embed_mistral::financebench_id_03882::top_1,FinanceBench,dense_linq_embed_mistral,dense,Linq-AI-Research/Linq-Embed-Mistral,standard,,financebench_id_03882,financebench_id_03882,AMCOR_2020_10K,top_1,1,AMCOR_2020_10K_0017,AMCOR_2020_10K_0010,no,no_answer
FinanceBench::dense_linq_embed_mistral::financebench_id_03882::top_5,FinanceBench,dense_linq_embed_mistral,dense,Linq-AI-Research/Linq-Embed-Mistral,standard,,financebench_id_03882,financebench_id_03882,AMCOR_2020_10K,top_5,5,AMCOR_2020_10K_0017,AMCOR_2020_10K_0010|AMCOR_2020_10K_0106|AMCOR_2020_10K_0015|AMCOR_2020_10K_0017|AMCOR_2023_10K_0016,yes,correct
FinanceBench::dense_linq_embed_mistral::financebench_id_01935::top_1,FinanceBench,dense_linq_embed_mistral,dense,Linq-AI-Research/Linq-Embed-Mistral,standard,,financebench_id_01935,financebench_id_01935,AMCOR_2022_8K_dated-2022-07-01,top_1,1,AMCOR_2022_8K_dated_2022_07_01_0001,AMCOR_2022_8K_dated_2022_07_01_0003,no,no_answer
FinanceBench::dense_linq_embed_mistral::financebench_id_01936::top_1,FinanceBench,dense_linq_embed_mistral,dense,Linq-AI-Research/Linq-Embed-Mistral,standard,,financebench_id_01936,financebench_id_01936,AMCOR_2023Q2_10Q,top_1,1,AMCOR_2023Q2_10Q_0011,AMCOR_2020_10K_0061,no,no_answer
FinanceBench::dense_linq_embed_mistral::financebench_id_01928::top_1,FinanceBench,dense_linq_embed_mistral,dense,Linq-AI-Research/Linq-Embed-Mistral,standard,,financebench_id_01928,financebench_id_01928,AMCOR_2023Q4_EARNINGS,top_1,1,AMCOR_2023Q4_EARNINGS_0018,AMCOR_2023Q4_EARNINGS_0000,no,correct
FinanceBench::dense_linq_embed_mistral::financebench_id_01928::top_5,FinanceBench,dense_linq_embed_mistral,dense,Linq-AI-Research/Linq-Embed-Mistral,standard,,financebench_id_01928,financebench_id_01928,AMCOR_2023Q4_EARNINGS,top_5,5,AMCOR_2023Q4_EARNINGS_0018,AMCOR_2023Q4_EARNINGS_0000|AMCOR_2023Q4_EARNINGS_0003|AMCOR_2023Q4_EARNINGS_0015|AMCOR_2023Q4_EARNINGS_0011|AMCOR_2023Q4_EARNINGS_0018,yes,correct
FinanceBench::dense_linq_embed_mistral::financebench_id_01930::top_5,FinanceBench,dense_linq_embed_mistral,dense,Linq-AI-Research/Linq-Embed-Mistral,standard,,financebench_id_01930,financebench_id_01930,AMCOR_2023Q4_EARNINGS,top_5,5,AMCOR_2023Q4_EARNINGS_0017,AMCOR_2023Q4_EARNINGS_0004|AMCOR_2023Q4_EARNINGS_0005|JOHNSON_JOHNSON_2022Q4_EARNINGS_0003_intro|AMCOR_2023Q4_EARNINGS_0000|AMCOR_2023Q4_EARNINGS_0015,no,correct
FinanceBench::dense_linq_embed_mistral::financebench_id_00799::top_1,FinanceBench,dense_linq_embed_mistral,dense,Linq-AI-Research/Linq-Embed-Mistral,standard,,financebench_id_00799,financebench_id_00799,AMCOR_2023_10K,top_1,1,AMCOR_2023_10K_0016,AMCOR_2020_10K_0040,no,no_answer
FinanceBench::dense_linq_embed_mistral::financebench_id_00799::top_5,FinanceBench,dense_linq_embed_mistral,dense,Linq-AI-Research/Linq-Embed-Mistral,standard,,financebench_id_00799,financebench_id_00799,AMCOR_2023_10K,top_5,5,AMCOR_2023_10K_0016,AMCOR_2020_10K_0040|AMCOR_2023Q4_EARNINGS_0003|AMCOR_2023Q4_EARNINGS_0015|AMCOR_2023Q4_EARNINGS_0011|AMCOR_2023Q4_EARNINGS_0000,no,no_answer
FinanceBench::dense_linq_embed_mistral::financebench_id_01079::top_1,FinanceBench,dense_linq_embed_mistral,dense,Linq-AI-Research/Linq-Embed-Mistral,standard,,financebench_id_01079,financebench_id_01079,AMCOR_2023_10K,top_1,1,AMCOR_2023_10K_0019,AMCOR_2023Q4_EARNINGS_0001_intro,no,no_answer
FinanceBench::dense_linq_embed_mistral::financebench_id_01079::top_5,FinanceBench,dense_linq_embed_mistral,dense,Linq-AI-Research/Linq-Embed-Mistral,standard,,financebench_id_01079,financebench_id_01079,AMCOR_2023_10K,top_5,5,AMCOR_2023_10K_0019,AMCOR_2023Q4_EARNINGS_0001_intro|AMCOR_2023Q4_EARNINGS_0003|PAYPAL_2022_10K_0077_intro|AMCOR_2020_10K_0001|PAYPAL_2022_10K_0080_intro,no,no_answer
FinanceBench::dense_linq_embed_mistral::financebench_id_01148::top_1,FinanceBench,dense_linq_embed_mistral,dense,Linq-AI-Research/Linq-Embed-Mistral,standard,,financebench_id_01148,financebench_id_01148,AMCOR_2023_10K,top_1,1,AMCOR_2023_10K_0001,AMCOR_2023Q2_10Q_0001,no,no_answer
FinanceBench::dense_linq_embed_mistral::financebench_id_01148::top_5,FinanceBench,dense_linq_embed_mistral,dense,Linq-AI-Research/Linq-Embed-Mistral,standard,,financebench_id_01148,financebench_id_01148,AMCOR_2023_10K,top_5,5,AMCOR_2023_10K_0001,AMCOR_2023Q2_10Q_0001|AMCOR_2023_10K_0001|AMCOR_2020_10K_0001|AMCOR_2020_10K_0000|AMCOR_2023_10K_0000,yes,correct
FinanceBench::dense_linq_embed_mistral::financebench_id_01198::top_1,FinanceBench,dense_linq_embed_mistral,dense,Linq-AI-Research/Linq-Embed-Mistral,standard,,financebench_id_01198,financebench_id_01198,AMD_2022_10K,top_1,1,AMD_2022_10K_0012,PAYPAL_2022_10K_0062,no,no_answer
FinanceBench::dense_linq_embed_mistral::financebench_id_01198::top_5,FinanceBench,dense_linq_embed_mistral,dense,Linq-AI-Research/Linq-Embed-Mistral,standard,,financebench_id_01198,financebench_id_01198,AMD_2022_10K,top_5,5,AMD_2022_10K_0012,PAYPAL_2022_10K_0062|AMD_2022_10K_0002|CORNING_2022_10K_0080_intro|JOHNSON_JOHNSON_2022Q4_EARNINGS_0003_intro|JOHNSON_JOHNSON_2023Q2_EARNINGS_0001,no,no_answer
FinanceBench::dense_linq_embed_mistral::financebench_id_00917::top_1,FinanceBench,dense_linq_embed_mistral,dense,Linq-AI-Research/Linq-Embed-Mistral,standard,,financebench_id_00917,financebench_id_00917,AMD_2022_10K,top_1,1,AMD_2022_10K_0012,AMD_2022_10K_0002,no,no_answer
FinanceBench::dense_linq_embed_mistral::financebench_id_01279::top_1,FinanceBench,dense_linq_embed_mistral,dense,Linq-AI-Research/Linq-Embed-Mistral,standard,,financebench_id_01279,financebench_id_01279,AMD_2022_10K,top_1,1,AMD_2022_10K_0014,BESTBUY_2017_10K_0037_intro,no,no_answer
FinanceBench::dense_linq_embed_mistral::financebench_id_01279::top_5,FinanceBench,dense_linq_embed_mistral,dense,Linq-AI-Research/Linq-Embed-Mistral,standard,,financebench_id_01279,financebench_id_01279,AMD_2022_10K,top_5,5,AMD_2022_10K_0014,BESTBUY_2017_10K_0037_intro|BESTBUY_2019_10K_0036_intro|CORNING_2022_10K_0088|PEPSICO_2022_10K_0106|PEPSICO_2021_10K_0107,no,correct
FinanceBench::dense_linq_embed_mistral::financebench_id_00563::top_1,FinanceBench,dense_linq_embed_mistral,dense,Linq-AI-Research/Linq-Embed-Mistral,standard,,financebench_id_00563,financebench_id_00563,AMD_2022_10K,top_1,1,AMD_2022_10K_0012,JOHNSON_JOHNSON_2022Q4_EARNINGS_0003_intro,no,no_answer
FinanceBench::dense_linq_embed_mistral::financebench_id_00563::top_5,FinanceBench,dense_linq_embed_mistral,dense,Linq-AI-Research/Linq-Embed-Mistral,standard,,financebench_id_00563,financebench_id_00563,AMD_2022_10K,top_5,5,AMD_2022_10K_0012,JOHNSON_JOHNSON_2022Q4_EARNINGS_0003_intro|AMD_2022_10K_0002|JOHNSON_JOHNSON_2023Q2_EARNINGS_0003_intro|CORNING_2022_10K_0080_intro|JOHNSON_JOHNSON_2023_8K_dated_2023_08_30_0007,no,no_answer
FinanceBench::dense_linq_embed_mistral::financebench_id_00757::top_1,FinanceBench,dense_linq_embed_mistral,dense,Linq-AI-Research/Linq-Embed-Mistral,standard,,financebench_id_00757,financebench_id_00757,AMD_2022_10K,top_1,1,AMD_2022_10K_0003,NIKE_2018_10K_0008,no,no_answer
FinanceBench::dense_linq_embed_mistral::financebench_id_00757::top_5,FinanceBench,dense_linq_embed_mistral,dense,Linq-AI-Research/Linq-Embed-Mistral,standard,,financebench_id_00757,financebench_id_00757,AMD_2022_10K,top_5,5,AMD_2022_10K_0003,NIKE_2018_10K_0008|CORNING_2022_10K_0032|NIKE_2023_10K_0007|AMD_2022_10K_0002|CORNING_2021_10K_0031,no,no_answer
FinanceBench::dense_linq_embed_mistral::financebench_id_00476::top_1,FinanceBench,dense_linq_embed_mistral,dense,Linq-AI-Research/Linq-Embed-Mistral,standard,,financebench_id_00476,financebench_id_00476,AMERICANEXPRESS_2022_10K,top_1,1,AMERICANEXPRESS_2022_10K_0000,AMERICANEXPRESS_2022_10K_0000,yes,no_answer
FinanceBench::dense_linq_embed_mistral::financebench_id_00476::top_5,FinanceBench,dense_linq_embed_mistral,dense,Linq-AI-Research/Linq-Embed-Mistral,standard,,financebench_id_00476,financebench_id_00476,AMERICANEXPRESS_2022_10K,top_5,5,AMERICANEXPRESS_2022_10K_0000,AMERICANEXPRESS_2022_10K_0000|AMCOR_2020_10K_0123_intro|AMERICANEXPRESS_2022_10K_0013|AMERICANEXPRESS_2022_10K_0066|JPMORGAN_2022_10K_0744_intro,yes,correct
FinanceBench::dense_linq_embed_mistral::financebench_id_00723::top_1,FinanceBench,dense_linq_embed_mistral,dense,Linq-AI-Research/Linq-Embed-Mistral,standard,,financebench_id_00723,financebench_id_00723,AMERICANEXPRESS_2022_10K,top_1,1,AMERICANEXPRESS_2022_10K_0028,AMERICANEXPRESS_2022_10K_0109_intro,no,no_answer
FinanceBench::dense_linq_embed_mistral::financebench_id_00720::top_1,FinanceBench,dense_linq_embed_mistral,dense,Linq-AI-Research/Linq-Embed-Mistral,standard,,financebench_id_00720,financebench_id_00720,AMERICANEXPRESS_2022_10K,top_1,1,AMERICANEXPRESS_2022_10K_0028,CORNING_2022_10K_0064,no,no_answer
FinanceBench::dense_linq_embed_mistral::financebench_id_01351::top_1,FinanceBench,dense_linq_embed_mistral,dense,Linq-AI-Research/Linq-Embed-Mistral,standard,,financebench_id_01351,financebench_id_01351,AMERICANEXPRESS_2022_10K,top_1,1,AMERICANEXPRESS_2022_10K_0016,JPMORGAN_2022_10K_0074,no,no_answer
FinanceBench::dense_linq_embed_mistral::financebench_id_01351::top_5,FinanceBench,dense_linq_embed_mistral,dense,Linq-AI-Research/Linq-Embed-Mistral,standard,,financebench_id_01351,financebench_id_01351,AMERICANEXPRESS_2022_10K,top_5,5,AMERICANEXPRESS_2022_10K_0016,JPMORGAN_2022_10K_0074|JPMORGAN_2022Q2_10Q_0018|BESTBUY_2017_10K_0032|BESTBUY_2019_10K_0031|LOCKHEEDMARTIN_2022_10K_0064,no,no_answer
FinanceBench::dense_linq_embed_mistral::financebench_id_01964::top_1,FinanceBench,dense_linq_embed_mistral,dense,Linq-AI-Research/Linq-Embed-Mistral,standard,,financebench_id_01964,financebench_id_01964,AMERICANEXPRESS_2022_10K,top_1,1,AMERICANEXPRESS_2022_10K_0028,AMERICANEXPRESS_2022_10K_0098,no,incorrect
FinanceBench::dense_linq_embed_mistral::financebench_id_01981::top_1,FinanceBench,dense_linq_embed_mistral,dense,Linq-AI-Research/Linq-Embed-Mistral,standard,,financebench_id_01981,financebench_id_01981,AMERICANEXPRESS_2022_10K,top_1,1,AMERICANEXPRESS_2022_10K_0016,AMERICANEXPRESS_2022_10K_0064,no,no_answer
FinanceBench::dense_linq_embed_mistral::financebench_id_01981::top_5,FinanceBench,dense_linq_embed_mistral,dense,Linq-AI-Research/Linq-Embed-Mistral,standard,,financebench_id_01981,financebench_id_01981,AMERICANEXPRESS_2022_10K,top_5,5,AMERICANEXPRESS_2022_10K_0016,AMERICANEXPRESS_2022_10K_0064|AMERICANEXPRESS_2022_10K_0057|AMERICANEXPRESS_2022_10K_0016|AMERICANEXPRESS_2022_10K_0063|AMERICANEXPRESS_2022_10K_0028,yes,correct
FinanceBench::dense_linq_embed_mistral::financebench_id_04417::top_1,FinanceBench,dense_linq_embed_mistral,dense,Linq-AI-Research/Linq-Embed-Mistral,standard,,financebench_id_04417,financebench_id_04417,BESTBUY_2019_10K,top_1,1,BESTBUY_2019_10K_0064,BESTBUY_2019_10K_0064,yes,correct
FinanceBench::dense_linq_embed_mistral::financebench_id_04417::top_5,FinanceBench,dense_linq_embed_mistral,dense,Linq-AI-Research/Linq-Embed-Mistral,standard,,financebench_id_04417,financebench_id_04417,BESTBUY_2019_10K,top_5,5,BESTBUY_2019_10K_0064,BESTBUY_2019_10K_0064|BESTBUY_2019_10K_0011|JOHNSON_JOHNSON_2022_10K_0060|BESTBUY_2017_10K_0067|BESTBUY_2019_10K_0010,yes,correct
FinanceBench::dense_linq_embed_mistral::financebench_id_01077::top_1,FinanceBench,dense_linq_embed_mistral,dense,Linq-AI-Research/Linq-Embed-Mistral,standard,,financebench_id_01077,financebench_id_01077,BESTBUY_2023_10K,top_1,1,BESTBUY_2023_10K_0014,PAYPAL_2022_10K_0077_intro,no,no_answer
FinanceBench::dense_linq_embed_mistral::financebench_id_01077::top_5,FinanceBench,dense_linq_embed_mistral,dense,Linq-AI-Research/Linq-Embed-Mistral,standard,,financebench_id_01077,financebench_id_01077,BESTBUY_2023_10K,top_5,5,BESTBUY_2023_10K_0014,PAYPAL_2022_10K_0077_intro|BESTBUY_2023_10K_0000|PAYPAL_2022_10K_0080_intro|BESTBUY_2023_10K_0001|BESTBUY_2019_10K_0017,no,no_answer
FinanceBench::dense_linq_embed_mistral::financebench_id_01275::top_1,FinanceBench,dense_linq_embed_mistral,dense,Linq-AI-Research/Linq-Embed-Mistral,standard,,financebench_id_01275,financebench_id_01275,BESTBUY_2023_10K,top_1,1,BESTBUY_2023_10K_0014,BESTBUY_2017_10K_0037_intro,no,no_answer
FinanceBench::dense_linq_embed_mistral::financebench_id_01275::top_5,FinanceBench,dense_linq_embed_mistral,dense,Linq-AI-Research/Linq-Embed-Mistral,standard,,financebench_id_01275,financebench_id_01275,BESTBUY_2023_10K,top_5,5,BESTBUY_2023_10K_0014,BESTBUY_2017_10K_0037_intro|BESTBUY_2019_10K_0036_intro|BESTBUY_2017_10K_0070|BESTBUY_2017_10K_0020_intro|CORNING_2022_10K_0088,no,no_answer
FinanceBench::dense_linq_embed_mistral::financebench_id_00288::top_1,FinanceBench,dense_linq_embed_mistral,dense,Linq-AI-Research/Linq-Embed-Mistral,standard,,financebench_id_00288,financebench_id_00288,BESTBUY_2024Q2_10Q,top_1,1,BESTBUY_2024Q2_10Q_0009,CORNING_2022_10K_0142,no,no_answer
FinanceBench::dense_linq_embed_mistral::financebench_id_00288::top_5,FinanceBench,dense_linq_embed_mistral,dense,Linq-AI-Research/Linq-Embed-Mistral,standard,,financebench_id_00288,financebench_id_00288,BESTBUY_2024Q2_10Q,top_5,5,BESTBUY_2024Q2_10Q_0009,CORNING_2022_10K_0142|CORNING_2022_10K_0088|VERIZON_2022_10K_0032|GENERALMILLS_2020_10K_0026|BESTBUY_2019_10K_0080,no,no_answer
FinanceBench::dense_linq_embed_mistral::financebench_id_00460::top_1,FinanceBench,dense_linq_embed_mistral,dense,Linq-AI-Research/Linq-Embed-Mistral,standard,,financebench_id_00460,financebench_id_00460,BESTBUY_2024Q2_10Q,top_1,1,BESTBUY_2024Q2_10Q_0009,BESTBUY_2017_10K_0027_intro,no,no_answer
FinanceBench::dense_linq_embed_mistral::financebench_id_00460::top_5,FinanceBench,dense_linq_embed_mistral,dense,Linq-AI-Research/Linq-Embed-Mistral,standard,,financebench_id_00460,financebench_id_00460,BESTBUY_2024Q2_10Q,top_5,5,BESTBUY_2024Q2_10Q_0009,BESTBUY_2017_10K_0027_intro|BESTBUY_2019_10K_0026_intro|BESTBUY_2023_10K_0005|BESTBUY_2017_10K_0024_intro|BESTBUY_2019_10K_0023_intro,no,no_answer
FinanceBench::dense_linq_embed_mistral::financebench_id_01902::top_1,FinanceBench,dense_linq_embed_mistral,dense,Linq-AI-Research/Linq-Embed-Mistral,standard,,financebench_id_01902,financebench_id_01902,BESTBUY_2024Q2_10Q,top_1,1,BESTBUY_2024Q2_10Q_0009,BESTBUY_2023_10K_0001,no,no_answer
FinanceBench::dense_linq_embed_mistral::financebench_id_01902::top_5,FinanceBench,dense_linq_embed_mistral,dense,Linq-AI-Research/Linq-Embed-Mistral,standard,,financebench_id_01902,financebench_id_01902,BESTBUY_2024Q2_10Q,top_5,5,BESTBUY_2024Q2_10Q_0009,BESTBUY_2023_10K_0001|BESTBUY_2019_10K_0001|BESTBUY_2017_10K_0074|BESTBUY_2024Q2_10Q_0016|BESTBUY_2019_10K_0024,no,no_answer
FinanceBench::dense_linq_embed_mistral::financebench_id_04660::top_1,FinanceBench,dense_linq_embed_mistral,dense,Linq-AI-Research/Linq-Embed-Mistral,standard,,financebench_id_04660,financebench_id_04660,BLOCK_2016_10K,top_1,1,BLOCK_2016_10K_0058,CORNING_2021_10K_0098,no,no_answer
FinanceBench::dense_linq_embed_mistral::financebench_id_03838::top_1,FinanceBench,dense_linq_embed_mistral,dense,Linq-AI-Research/Linq-Embed-Mistral,standard,,financebench_id_03838,financebench_id_03838,BLOCK_2020_10K,top_1,1,BLOCK_2020_10K_0071,BLOCK_2016_10K_0006,no,no_answer
FinanceBench::dense_linq_embed_mistral::financebench_id_03838::top_5,FinanceBench,dense_linq_embed_mistral,dense,Linq-AI-Research/Linq-Embed-Mistral,standard,,financebench_id_03838,financebench_id_03838,BLOCK_2020_10K,top_5,5,BLOCK_2020_10K_0071,BLOCK_2016_10K_0006|BLOCK_2020_10K_0071|BLOCK_2020_10K_0010|BLOCK_2020_10K_0083|BLOCK_2016_10K_0075,yes,correct
FinanceBench::dense_linq_embed_mistral::financebench_id_07661::top_1,FinanceBench,dense_linq_embed_mistral,dense,Linq-AI-Research/Linq-Embed-Mistral,standard,,financebench_id_07661,financebench_id_07661,BLOCK_2020_10K,top_1,1,BLOCK_2020_10K_0074,BESTBUY_2019_10K_0036_intro,no,no_answer
FinanceBench::dense_linq_embed_mistral::financebench_id_07661::top_5,FinanceBench,dense_linq_embed_mistral,dense,Linq-AI-Research/Linq-Embed-Mistral,standard,,financebench_id_07661,financebench_id_07661,BLOCK_2020_10K,top_5,5,BLOCK_2020_10K_0074,BESTBUY_2019_10K_0036_intro|BLOCK_2020_10K_0074|BLOCK_2020_10K_0064|BESTBUY_2017_10K_0037_intro|BLOCK_2016_10K_0062,yes,correct
FinanceBench::dense_linq_embed_mistral::financebench_id_10285::top_1,FinanceBench,dense_linq_embed_mistral,dense,Linq-AI-Research/Linq-Embed-Mistral,standard,,financebench_id_10285,financebench_id_10285,BOEING_2018_10K,top_1,1,BOEING_2018_10K_0016,BOEING_2018_10K_0016,yes,correct
FinanceBench::dense_linq_embed_mistral::financebench_id_10285::top_5,FinanceBench,dense_linq_embed_mistral,dense,Linq-AI-Research/Linq-Embed-Mistral,standard,,financebench_id_10285,financebench_id_10285,BOEING_2018_10K,top_5,5,BOEING_2018_10K_0016,BOEING_2018_10K_0016|JOHNSON_JOHNSON_2022_10K_0061|BOEING_2018_10K_0017|BOEING_2018_10K_0018|BOEING_2018_10K_0020,yes,correct
FinanceBench::dense_linq_embed_mistral::financebench_id_00678::top_1,FinanceBench,dense_linq_embed_mistral,dense,Linq-AI-Research/Linq-Embed-Mistral,standard,,financebench_id_00678,financebench_id_00678,BOEING_2022_10K,top_1,1,BOEING_2022_10K_0018,BOEING_2022_10K_0023,no,no_answer
FinanceBench::dense_linq_embed_mistral::financebench_id_00464::top_1,FinanceBench,dense_linq_embed_mistral,dense,Linq-AI-Research/Linq-Embed-Mistral,standard,,financebench_id_00464,financebench_id_00464,BOEING_2022_10K,top_1,1,BOEING_2022_10K_0007,BOEING_2022_10K_0002,no,no_answer
FinanceBench::dense_linq_embed_mistral::financebench_id_00464::top_5,FinanceBench,dense_linq_embed_mistral,dense,Linq-AI-Research/Linq-Embed-Mistral,standard,,financebench_id_00464,financebench_id_00464,BOEING_2022_10K,top_5,5,BOEING_2022_10K_0007,BOEING_2022_10K_0002|JOHNSON_JOHNSON_2022_10K_0002|BOEING_2022_10K_0005|BOEING_2022_10K_0004|PFIZER_2021_10K_0005,no,no_answer
FinanceBench::dense_linq_embed_mistral::financebench_id_00494::top_1,FinanceBench,dense_linq_embed_mistral,dense,Linq-AI-Research/Linq-Embed-Mistral,standard,,financebench_id_00494,financebench_id_00494,BOEING_2022_10K,top_1,1,BOEING_2022_10K_0007,BOEING_2022_10K_0002,no,no_answer
FinanceBench::dense_linq_embed_mistral::financebench_id_00494::top_5,FinanceBench,dense_linq_embed_mistral,dense,Linq-AI-Research/Linq-Embed-Mistral,standard,,financebench_id_00494,financebench_id_00494,BOEING_2022_10K,top_5,5,BOEING_2022_10K_0007,BOEING_2022_10K_0002|CORNING_2022_10K_0061|BOEING_2018_10K_0044|BOEING_2022_10K_0006|BOEING_2022_10K_0023,no,no_answer
FinanceBench::dense_linq_embed_mistral::financebench_id_00585::top_1,FinanceBench,dense_linq_embed_mistral,dense,Linq-AI-Research/Linq-Embed-Mistral,standard,,financebench_id_00585,financebench_id_00585,BOEING_2022_10K,top_1,1,BOEING_2022_10K_0018,JPMORGAN_2022_10K_0074,no,no_answer
FinanceBench::dense_linq_embed_mistral::financebench_id_00585::top_5,FinanceBench,dense_linq_embed_mistral,dense,Linq-AI-Research/Linq-Embed-Mistral,standard,,financebench_id_00585,financebench_id_00585,BOEING_2022_10K,top_5,5,BOEING_2022_10K_0018,JPMORGAN_2022_10K_0074|JPMORGAN_2022Q2_10Q_0018|BESTBUY_2017_10K_0032|PEPSICO_2022_10K_0115|PEPSICO_2021_10K_0119,no,incorrect
FinanceBench::dense_linq_embed_mistral::financebench_id_02981::top_1,FinanceBench,dense_linq_embed_mistral,dense,Linq-AI-Research/Linq-Embed-Mistral,standard,,financebench_id_02981,financebench_id_02981,CORNING_2021_10K,top_1,1,CORNING_2021_10K_0140,CORNING_2022_10K_0062_intro,no,no_answer
FinanceBench::dense_linq_embed_mistral::financebench_id_01346::top_1,FinanceBench,dense_linq_embed_mistral,dense,Linq-AI-Research/Linq-Embed-Mistral,standard,,financebench_id_01346,financebench_id_01346,CORNING_2022_10K,top_1,1,CORNING_2022_10K_0062_intro,CORNING_2022_10K_0069,no,no_answer
FinanceBench::dense_linq_embed_mistral::financebench_id_01346::top_5,FinanceBench,dense_linq_embed_mistral,dense,Linq-AI-Research/Linq-Embed-Mistral,standard,,financebench_id_01346,financebench_id_01346,CORNING_2022_10K,top_5,5,CORNING_2022_10K_0062_intro,CORNING_2022_10K_0069|JPMORGAN_2022Q2_10Q_0018|CORNING_2022_10K_0068|JPMORGAN_2022_10K_0074|CORNING_2021_10K_0069,no,no_answer
FinanceBench::dense_linq_embed_mistral::financebench_id_00005::top_1,FinanceBench,dense_linq_embed_mistral,dense,Linq-AI-Research/Linq-Embed-Mistral,standard,,financebench_id_00005,financebench_id_00005,CORNING_2022_10K,top_1,1,CORNING_2022_10K_0130,CORNING_2021_10K_0088_intro,no,no_answer
FinanceBench::dense_linq_embed_mistral::financebench_id_00005::top_5,FinanceBench,dense_linq_embed_mistral,dense,Linq-AI-Research/Linq-Embed-Mistral,standard,,financebench_id_00005,financebench_id_00005,CORNING_2022_10K,top_5,5,CORNING_2022_10K_0130,CORNING_2021_10K_0088_intro|CORNING_2021_10K_0101|CORNING_2021_10K_0166|CORNING_2021_10K_0179_intro|CORNING_2021_10K_0099,no,no_answer
FinanceBench::dense_linq_embed_mistral::financebench_id_04209::top_1,FinanceBench,dense_linq_embed_mistral,dense,Linq-AI-Research/Linq-Embed-Mistral,standard,,financebench_id_04209,financebench_id_04209,COSTCO_2021_10K,top_1,1,COSTCO_2021_10K_0013,COSTCO_2021_10K_0009,no,no_answer
FinanceBench::dense_linq_embed_mistral::financebench_id_04209::top_5,FinanceBench,dense_linq_embed_mistral,dense,Linq-AI-Research/Linq-Embed-Mistral,standard,,financebench_id_04209,financebench_id_04209,COSTCO_2021_10K,top_5,5,COSTCO_2021_10K_0013,COSTCO_2021_10K_0009|AES_2022_10K_0176|COCACOLA_2021_10K_0018|COSTCO_2021_10K_0005|CORNING_2022_10K_0160,no,no_answer
FinanceBench::dense_linq_embed_mistral::financebench_id_01244::top_1,FinanceBench,dense_linq_embed_mistral,dense,Linq-AI-Research/Linq-Embed-Mistral,standard,,financebench_id_01244,financebench_id_01244,CVSHEALTH_2022_10K,top_1,1,CVSHEALTH_2022_10K_0119,CVSHEALTH_2022_10K_0236,no,correct
FinanceBench::dense_linq_embed_mistral::financebench_id_01244::top_5,FinanceBench,dense_linq_embed_mistral,dense,Linq-AI-Research/Linq-Embed-Mistral,standard,,financebench_id_01244,financebench_id_01244,CVSHEALTH_2022_10K,top_5,5,CVSHEALTH_2022_10K_0119,CVSHEALTH_2022_10K_0236|CORNING_2022_10K_0095|CVSHEALTH_2022_10K_0119|CVSHEALTH_2022_10K_0120|LOCKHEEDMARTIN_2022_10K_0082,yes,correct
FinanceBench::dense_linq_embed_mistral::financebench_id_00839::top_1,FinanceBench,dense_linq_embed_mistral,dense,Linq-AI-Research/Linq-Embed-Mistral,standard,,financebench_id_00839,financebench_id_00839,FOOTLOCKER_2022_8K_dated_2022-08-19,top_1,1,FOOTLOCKER_2022_8K_dated_2022_08_19_0001,FOOTLOCKER_2022_8K_dated_2022_08_19_0041_intro,no,incorrect
FinanceBench::dense_linq_embed_mistral::financebench_id_03471::top_1,FinanceBench,dense_linq_embed_mistral,dense,Linq-AI-Research/Linq-Embed-Mistral,standard,,financebench_id_03471,financebench_id_03471,GENERALMILLS_2020_10K,top_1,1,GENERALMILLS_2020_10K_0018,GENERALMILLS_2020_10K_0018,yes,correct
FinanceBench::dense_linq_embed_mistral::financebench_id_04854::top_5,FinanceBench,dense_linq_embed_mistral,dense,Linq-AI-Research/Linq-Embed-Mistral,standard,,financebench_id_04854,financebench_id_04854,GENERALMILLS_2020_10K,top_5,5,GENERALMILLS_2020_10K_0020,GENERALMILLS_2020_10K_0020|GENERALMILLS_2020_10K_0010|PEPSICO_2021_10K_0097|PEPSICO_2021_10K_0110|BESTBUY_2019_10K_0036_intro,yes,correct
FinanceBench::dense_linq_embed_mistral::financebench_id_00956::top_1,FinanceBench,dense_linq_embed_mistral,dense,Linq-AI-Research/Linq-Embed-Mistral,standard,,financebench_id_00956,financebench_id_00956,JOHNSON_JOHNSON_2022_10K,top_1,1,JOHNSON_JOHNSON_2022_10K_0024,JOHNSON_JOHNSON_2022Q4_EARNINGS_0008,no,no_answer
FinanceBench::dense_linq_embed_mistral::financebench_id_00956::top_5,FinanceBench,dense_linq_embed_mistral,dense,Linq-AI-Research/Linq-Embed-Mistral,standard,,financebench_id_00956,financebench_id_00956,JOHNSON_JOHNSON_2022_10K,top_5,5,JOHNSON_JOHNSON_2022_10K_0024,JOHNSON_JOHNSON_2022Q4_EARNINGS_0008|JOHNSON_JOHNSON_2023Q2_EARNINGS_0008|JOHNSON_JOHNSON_2023_8K_dated_2023_08_30_0004_intro|JOHNSON_JOHNSON_2023_8K_dated_2023_08_30_0008|JOHNSON_JOHNSON_2022Q4_EARNINGS_0017,no,no_answer
FinanceBench::dense_linq_embed_mistral::financebench_id_00669::top_1,FinanceBench,dense_linq_embed_mistral,dense,Linq-AI-Research/Linq-Embed-Mistral,standard,,financebench_id_00669,financebench_id_00669,JOHNSON_JOHNSON_2022_10K,top_1,1,JOHNSON_JOHNSON_2022_10K_0024,CORNING_2022_10K_0064,no,no_answer
FinanceBench::dense_linq_embed_mistral::financebench_id_00669::top_5,FinanceBench,dense_linq_embed_mistral,dense,Linq-AI-Research/Linq-Embed-Mistral,standard,,financebench_id_00669,financebench_id_00669,JOHNSON_JOHNSON_2022_10K,top_5,5,JOHNSON_JOHNSON_2022_10K_0024,CORNING_2022_10K_0064|CORNING_2021_10K_0064|JOHNSON_JOHNSON_2022Q4_EARNINGS_0015|JOHNSON_JOHNSON_2022Q4_EARNINGS_0014|JOHNSON_JOHNSON_2022Q4_EARNINGS_0008,no,no_answer
FinanceBench::dense_linq_embed_mistral::financebench_id_01487::top_5,FinanceBench,dense_linq_embed_mistral,dense,Linq-AI-Research/Linq-Embed-Mistral,standard,,financebench_id_01487,financebench_id_01487,JOHNSON_JOHNSON_2023Q2_EARNINGS,top_5,5,JOHNSON_JOHNSON_2023Q2_EARNINGS_0012,JOHNSON_JOHNSON_2023Q2_EARNINGS_0000|JOHNSON_JOHNSON_2022Q4_EARNINGS_0015|JOHNSON_JOHNSON_2022Q4_EARNINGS_0014|JOHNSON_JOHNSON_2023Q2_EARNINGS_0001|JOHNSON_JOHNSON_2023Q2_EARNINGS_0003_intro,no,correct
FinanceBench::dense_linq_embed_mistral::financebench_id_01488::top_1,FinanceBench,dense_linq_embed_mistral,dense,Linq-AI-Research/Linq-Embed-Mistral,standard,,financebench_id_01488,financebench_id_01488,JOHNSON_JOHNSON_2023_8K_dated-2023-08-30,top_1,1,JOHNSON_JOHNSON_2023_8K_dated_2023_08_30_0004_intro,JOHNSON_JOHNSON_2023_8K_dated_2023_08_30_0001,no,no_answer
FinanceBench::dense_linq_embed_mistral::financebench_id_01488::top_5,FinanceBench,dense_linq_embed_mistral,dense,Linq-AI-Research/Linq-Embed-Mistral,standard,,financebench_id_01488,financebench_id_01488,JOHNSON_JOHNSON_2023_8K_dated-2023-08-30,top_5,5,JOHNSON_JOHNSON_2023_8K_dated_2023_08_30_0004_intro,JOHNSON_JOHNSON_2023_8K_dated_2023_08_30_0001|JOHNSON_JOHNSON_2022_10K_0004|BESTBUY_2019_10K_0073|JOHNSON_JOHNSON_2022_10K_0039|JOHNSON_JOHNSON_2022_10K_0076,no,no_answer
FinanceBench::dense_linq_embed_mistral::financebench_id_01490::top_1,FinanceBench,dense_linq_embed_mistral,dense,Linq-AI-Research/Linq-Embed-Mistral,standard,,financebench_id_01490,financebench_id_01490,JOHNSON_JOHNSON_2023_8K_dated-2023-08-30,top_1,1,JOHNSON_JOHNSON_2023_8K_dated_2023_08_30_0004_intro,JOHNSON_JOHNSON_2022Q4_EARNINGS_0024,no,no_answer
FinanceBench::dense_linq_embed_mistral::financebench_id_01490::top_5,FinanceBench,dense_linq_embed_mistral,dense,Linq-AI-Research/Linq-Embed-Mistral,standard,,financebench_id_01490,financebench_id_01490,JOHNSON_JOHNSON_2023_8K_dated-2023-08-30,top_5,5,JOHNSON_JOHNSON_2023_8K_dated_2023_08_30_0004_intro,JOHNSON_JOHNSON_2022Q4_EARNINGS_0024|JOHNSON_JOHNSON_2023_8K_dated_2023_08_30_0001|PFIZER_2021_10K_0073|JOHNSON_JOHNSON_2022Q4_EARNINGS_0012|JOHNSON_JOHNSON_2023Q2_EARNINGS_0017,no,no_answer
FinanceBench::dense_linq_embed_mistral::financebench_id_01491::top_1,FinanceBench,dense_linq_embed_mistral,dense,Linq-AI-Research/Linq-Embed-Mistral,standard,,financebench_id_01491,financebench_id_01491,JOHNSON_JOHNSON_2023_8K_dated-2023-08-30,top_1,1,JOHNSON_JOHNSON_2023_8K_dated_2023_08_30_0004_intro,JOHNSON_JOHNSON_2023_8K_dated_2023_08_30_0001,no,no_answer
FinanceBench::dense_linq_embed_mistral::financebench_id_01491::top_5,FinanceBench,dense_linq_embed_mistral,dense,Linq-AI-Research/Linq-Embed-Mistral,standard,,financebench_id_01491,financebench_id_01491,JOHNSON_JOHNSON_2023_8K_dated-2023-08-30,top_5,5,JOHNSON_JOHNSON_2023_8K_dated_2023_08_30_0004_intro,JOHNSON_JOHNSON_2023_8K_dated_2023_08_30_0001|JOHNSON_JOHNSON_2023_8K_dated_2023_08_30_0008|JOHNSON_JOHNSON_2023_8K_dated_2023_08_30_0004_intro|JOHNSON_JOHNSON_2022_10K_0039|PFIZER_2021_10K_0041,yes,correct
FinanceBench::dense_linq_embed_mistral::financebench_id_00299::top_1,FinanceBench,dense_linq_embed_mistral,dense,Linq-AI-Research/Linq-Embed-Mistral,standard,,financebench_id_00299,financebench_id_00299,JPMORGAN_2021Q1_10Q,top_1,1,JPMORGAN_2021Q1_10Q_0024,JPMORGAN_2021Q1_10Q_0005,no,no_answer
FinanceBench::dense_linq_embed_mistral::financebench_id_00299::top_5,FinanceBench,dense_linq_embed_mistral,dense,Linq-AI-Research/Linq-Embed-Mistral,standard,,financebench_id_00299,financebench_id_00299,JPMORGAN_2021Q1_10Q,top_5,5,JPMORGAN_2021Q1_10Q_0024,JPMORGAN_2021Q1_10Q_0005|JPMORGAN_2022Q2_10Q_0274_intro|JPMORGAN_2021Q1_10Q_0262_intro|JPMORGAN_2023Q2_10Q_0272_intro|JPMORGAN_2021Q1_10Q_0264,no,incorrect
FinanceBench::dense_linq_embed_mistral::financebench_id_02119::top_1,FinanceBench,dense_linq_embed_mistral,dense,Linq-AI-Research/Linq-Embed-Mistral,standard,,financebench_id_02119,financebench_id_02119,JPMORGAN_2021Q1_10Q,top_1,1,JPMORGAN_2021Q1_10Q_0006,JPMORGAN_2021Q1_10Q_0234_intro,no,no_answer
FinanceBench::dense_linq_embed_mistral::financebench_id_00394::top_1,FinanceBench,dense_linq_embed_mistral,dense,Linq-AI-Research/Linq-Embed-Mistral,standard,,financebench_id_00394,financebench_id_00394,JPMORGAN_2022Q2_10Q,top_1,1,JPMORGAN_2022Q2_10Q_0025,JPMORGAN_2022Q2_10Q_0006,no,no_answer
FinanceBench::dense_linq_embed_mistral::financebench_id_00394::top_5,FinanceBench,dense_linq_embed_mistral,dense,Linq-AI-Research/Linq-Embed-Mistral,standard,,financebench_id_00394,financebench_id_00394,JPMORGAN_2022Q2_10Q,top_5,5,JPMORGAN_2022Q2_10Q_0025,JPMORGAN_2022Q2_10Q_0006|JPMORGAN_2022Q2_10Q_0025|JPMORGAN_2022Q2_10Q_0139|JPMORGAN_2023Q2_10Q_0007|JPMORGAN_2022Q2_10Q_0004,yes,correct
FinanceBench::dense_linq_embed_mistral::financebench_id_02049::top_1,FinanceBench,dense_linq_embed_mistral,dense,Linq-AI-Research/Linq-Embed-Mistral,standard,,financebench_id_02049,financebench_id_02049,JPMORGAN_2023Q2_10Q,top_1,1,JPMORGAN_2023Q2_10Q_0113,JPMORGAN_2022Q2_10Q_0115,no,no_answer
FinanceBench::dense_linq_embed_mistral::financebench_id_02049::top_5,FinanceBench,dense_linq_embed_mistral,dense,Linq-AI-Research/Linq-Embed-Mistral,standard,,financebench_id_02049,financebench_id_02049,JPMORGAN_2023Q2_10Q,top_5,5,JPMORGAN_2023Q2_10Q_0113,JPMORGAN_2022Q2_10Q_0115|JPMORGAN_2021Q1_10Q_0108|JPMORGAN_2023Q2_10Q_0113|JPMORGAN_2023Q2_10Q_0112|JPMORGAN_2022_10K_0183,yes,correct
FinanceBench::dense_linq_embed_mistral::financebench_id_03031::top_1,FinanceBench,dense_linq_embed_mistral,dense,Linq-AI-Research/Linq-Embed-Mistral,standard,,financebench_id_03031,financebench_id_03031,LOCKHEEDMARTIN_2021_10K,top_1,1,LOCKHEEDMARTIN_2021_10K_0027,LOCKHEEDMARTIN_2021_10K_0027,yes,correct
FinanceBench::dense_linq_embed_mistral::financebench_id_03718::top_1,FinanceBench,dense_linq_embed_mistral,dense,Linq-AI-Research/Linq-Embed-Mistral,standard,,financebench_id_03718,financebench_id_03718,LOCKHEEDMARTIN_2022_10K,top_1,1,LOCKHEEDMARTIN_2022_10K_0020,LOCKHEEDMARTIN_2021_10K_0025,no,no_answer
FinanceBench::dense_linq_embed_mistral::financebench_id_04171::top_1,FinanceBench,dense_linq_embed_mistral,dense,Linq-AI-Research/Linq-Embed-Mistral,standard,,financebench_id_04171,financebench_id_04171,MGMRESORTS_2018_10K,top_1,1,MGMRESORTS_2018_10K_0013,MGMRESORTS_2023Q2_10Q_0001,no,no_answer
FinanceBench::dense_linq_embed_mistral::financebench_id_00382::top_1,FinanceBench,dense_linq_embed_mistral,dense,Linq-AI-Research/Linq-Embed-Mistral,standard,,financebench_id_00382,financebench_id_00382,MGMRESORTS_2022Q4_EARNINGS,top_1,1,MGMRESORTS_2022Q4_EARNINGS_0019,MGMRESORTS_2022Q4_EARNINGS_0000_intro,no,no_answer
FinanceBench::dense_linq_embed_mistral::financebench_id_00382::top_5,FinanceBench,dense_linq_embed_mistral,dense,Linq-AI-Research/Linq-Embed-Mistral,standard,,financebench_id_00382,financebench_id_00382,MGMRESORTS_2022Q4_EARNINGS,top_5,5,MGMRESORTS_2022Q4_EARNINGS_0019,MGMRESORTS_2022Q4_EARNINGS_0000_intro|MGMRESORTS_2022_10K_0121|MGMRESORTS_2022_10K_0122|MGMRESORTS_2022Q4_EARNINGS_0008|MGMRESORTS_2022Q4_EARNINGS_0010,no,correct
FinanceBench::dense_linq_embed_mistral::financebench_id_01911::top_1,FinanceBench,dense_linq_embed_mistral,dense,Linq-AI-Research/Linq-Embed-Mistral,standard,,financebench_id_01911,financebench_id_01911,MGMRESORTS_2022Q4_EARNINGS,top_1,1,MGMRESORTS_2022Q4_EARNINGS_0019,MGMRESORTS_2022Q4_EARNINGS_0006,no,no_answer
FinanceBench::dense_linq_embed_mistral::financebench_id_01911::top_5,FinanceBench,dense_linq_embed_mistral,dense,Linq-AI-Research/Linq-Embed-Mistral,standard,,financebench_id_01911,financebench_id_01911,MGMRESORTS_2022Q4_EARNINGS,top_5,5,MGMRESORTS_2022Q4_EARNINGS_0019,MGMRESORTS_2022Q4_EARNINGS_0006|AMCOR_2023Q4_EARNINGS_0010|MGMRESORTS_2022Q4_EARNINGS_0012|MGMRESORTS_2022_10K_0079|MGMRESORTS_2022_10K_0078,no,no_answer
FinanceBench::dense_linq_embed_mistral::financebench_id_01254::top_1,FinanceBench,dense_linq_embed_mistral,dense,Linq-AI-Research/Linq-Embed-Mistral,standard,,financebench_id_01254,financebench_id_01254,MGMRESORTS_2022_10K,top_1,1,MGMRESORTS_2022_10K_0008,MGMRESORTS_2018_10K_0097,no,no_answer
FinanceBench::dense_linq_embed_mistral::financebench_id_01254::top_5,FinanceBench,dense_linq_embed_mistral,dense,Linq-AI-Research/Linq-Embed-Mistral,standard,,financebench_id_01254,financebench_id_01254,MGMRESORTS_2022_10K,top_5,5,MGMRESORTS_2022_10K_0008,MGMRESORTS_2018_10K_0097|MGMRESORTS_2022Q4_EARNINGS_0017|CORNING_2022_10K_0095|MGMRESORTS_2022_10K_0009|MGMRESORTS_2018_10K_0008,no,correct
FinanceBench::dense_linq_embed_mistral::financebench_id_00407::top_1,FinanceBench,dense_linq_embed_mistral,dense,Linq-AI-Research/Linq-Embed-Mistral,standard,,financebench_id_00407,financebench_id_00407,MGMRESORTS_2023Q2_10Q,top_1,1,MGMRESORTS_2023Q2_10Q_0005,COCACOLA_2021_10K_0033,no,no_answer
FinanceBench::dense_linq_embed_mistral::financebench_id_00407::top_5,FinanceBench,dense_linq_embed_mistral,dense,Linq-AI-Research/Linq-Embed-Mistral,standard,,financebench_id_00407,financebench_id_00407,MGMRESORTS_2023Q2_10Q,top_5,5,MGMRESORTS_2023Q2_10Q_0005,COCACOLA_2021_10K_0033|MGMRESORTS_2022_10K_0034|PEPSICO_2022_10K_0179|JPMORGAN_2023Q2_10Q_0083|JPMORGAN_2023Q2_10Q_0082_intro,no,no_answer
FinanceBench::dense_linq_embed_mistral::financebench_id_04700::top_1,FinanceBench,dense_linq_embed_mistral,dense,Linq-AI-Research/Linq-Embed-Mistral,standard,,financebench_id_04700,financebench_id_04700,MICROSOFT_2016_10K,top_1,1,MICROSOFT_2016_10K_0014_intro,MICROSOFT_2016_10K_0036,no,correct
FinanceBench::dense_linq_embed_mistral::financebench_id_04700::top_5,FinanceBench,dense_linq_embed_mistral,dense,Linq-AI-Research/Linq-Embed-Mistral,standard,,financebench_id_04700,financebench_id_04700,MICROSOFT_2016_10K,top_5,5,MICROSOFT_2016_10K_0014_intro,MICROSOFT_2016_10K_0036|MICROSOFT_2016_10K_0011|BLOCK_2016_10K_0081|MICROSOFT_2016_10K_0053|MICROSOFT_2016_10K_0025,no,correct
FinanceBench::dense_linq_embed_mistral::financebench_id_00552::top_1,FinanceBench,dense_linq_embed_mistral,dense,Linq-AI-Research/Linq-Embed-Mistral,standard,,financebench_id_00552,financebench_id_00552,MICROSOFT_2023_10K,top_1,1,MICROSOFT_2023_10K_0014,JPMORGAN_2022_10K_0255,no,no_answer
FinanceBench::dense_linq_embed_mistral::financebench_id_00552::top_5,FinanceBench,dense_linq_embed_mistral,dense,Linq-AI-Research/Linq-Embed-Mistral,standard,,financebench_id_00552,financebench_id_00552,MICROSOFT_2023_10K,top_5,5,MICROSOFT_2023_10K_0014,JPMORGAN_2022_10K_0255|JPMORGAN_2022Q2_10Q_0154|JOHNSON_JOHNSON_2022_10K_0064|LOCKHEEDMARTIN_2022_10K_0067_intro|CORNING_2021_10K_0098,no,no_answer
FinanceBench::dense_linq_embed_mistral::financebench_id_03282::top_1,FinanceBench,dense_linq_embed_mistral,dense,Linq-AI-Research/Linq-Embed-Mistral,standard,,financebench_id_03282,financebench_id_03282,NETFLIX_2017_10K,top_1,1,NETFLIX_2017_10K_0024,NETFLIX_2017_10K_0010,no,no_answer
FinanceBench::dense_linq_embed_mistral::financebench_id_04302::top_1,FinanceBench,dense_linq_embed_mistral,dense,Linq-AI-Research/Linq-Embed-Mistral,standard,,financebench_id_04302,financebench_id_04302,NIKE_2018_10K,top_1,1,NIKE_2018_10K_0026,NIKE_2019_10K_0023,no,correct
FinanceBench::dense_linq_embed_mistral::financebench_id_03531::top_5,FinanceBench,dense_linq_embed_mistral,dense,Linq-AI-Research/Linq-Embed-Mistral,standard,,financebench_id_03531,financebench_id_03531,NIKE_2019_10K,top_5,5,NIKE_2019_10K_0026,NIKE_2019_10K_0023|NIKE_2019_10K_0037|NIKE_2019_10K_0022|GENERALMILLS_2020_10K_0018|NIKE_2018_10K_0037,no,no_answer
FinanceBench::dense_linq_embed_mistral::financebench_id_01163::top_1,FinanceBench,dense_linq_embed_mistral,dense,Linq-AI-Research/Linq-Embed-Mistral,standard,,financebench_id_01163,financebench_id_01163,NIKE_2023_10K,top_1,1,NIKE_2023_10K_0026,BESTBUY_2017_10K_0037_intro,no,no_answer
FinanceBench::dense_linq_embed_mistral::financebench_id_01163::top_5,FinanceBench,dense_linq_embed_mistral,dense,Linq-AI-Research/Linq-Embed-Mistral,standard,,financebench_id_01163,financebench_id_01163,NIKE_2023_10K,top_5,5,NIKE_2023_10K_0026,BESTBUY_2017_10K_0037_intro|BESTBUY_2019_10K_0036_intro|CORNING_2022_10K_0088|PEPSICO_2022_10K_0106|PEPSICO_2021_10K_0107,no,no_answer
FinanceBench::dense_linq_embed_mistral::financebench_id_00080::top_1,FinanceBench,dense_linq_embed_mistral,dense,Linq-AI-Research/Linq-Embed-Mistral,standard,,financebench_id_00080,financebench_id_00080,PAYPAL_2022_10K,top_1,1,PAYPAL_2022_10K_0034,PAYPAL_2022_10K_0038_intro,no,no_answer
FinanceBench::dense_linq_embed_mistral::financebench_id_04980::top_1,FinanceBench,dense_linq_embed_mistral,dense,Linq-AI-Research/Linq-Embed-Mistral,standard,,financebench_id_04980,financebench_id_04980,PEPSICO_2021_10K,top_1,1,PEPSICO_2021_10K_0123,PEPSICO_2022_10K_0122,no,no_answer
FinanceBench::dense_linq_embed_mistral::financebench_id_00735::top_1,FinanceBench,dense_linq_embed_mistral,dense,Linq-AI-Research/Linq-Embed-Mistral,standard,,financebench_id_00735,financebench_id_00735,PEPSICO_2022_10K,top_1,1,PEPSICO_2022_10K_0058,BESTBUY_2019_10K_0006,no,no_answer
FinanceBench::dense_linq_embed_mistral::financebench_id_01328::top_1,FinanceBench,dense_linq_embed_mistral,dense,Linq-AI-Research/Linq-Embed-Mistral,standard,,financebench_id_01328,financebench_id_01328,PEPSICO_2022_10K,top_1,1,PEPSICO_2022_10K_0150,PEPSICO_2022_10K_0120,no,incorrect
FinanceBench::dense_linq_embed_mistral::financebench_id_01328::top_5,FinanceBench,dense_linq_embed_mistral,dense,Linq-AI-Research/Linq-Embed-Mistral,standard,,financebench_id_01328,financebench_id_01328,PEPSICO_2022_10K,top_5,5,PEPSICO_2022_10K_0150,PEPSICO_2022_10K_0120|PEPSICO_2022_10K_0150|BESTBUY_2019_10K_0137_intro|PEPSICO_2023Q1_EARNINGS_0010|PEPSICO_2022_10K_0194,yes,incorrect
FinanceBench::dense_linq_embed_mistral::financebench_id_01474::top_1,FinanceBench,dense_linq_embed_mistral,dense,Linq-AI-Research/Linq-Embed-Mistral,standard,,financebench_id_01474,financebench_id_01474,PEPSICO_2023Q1_EARNINGS,top_1,1,PEPSICO_2023Q1_EARNINGS_0000,PEPSICO_2023Q1_EARNINGS_0000,yes,correct
FinanceBench::dense_linq_embed_mistral::financebench_id_01474::top_5,FinanceBench,dense_linq_embed_mistral,dense,Linq-AI-Research/Linq-Embed-Mistral,standard,,financebench_id_01474,financebench_id_01474,PEPSICO_2023Q1_EARNINGS,top_5,5,PEPSICO_2023Q1_EARNINGS_0000,PEPSICO_2023Q1_EARNINGS_0000|PEPSICO_2023Q1_EARNINGS_0012|PEPSICO_2023Q1_EARNINGS_0001|PEPSICO_2023Q1_EARNINGS_0003|PEPSICO_2023Q1_EARNINGS_0009,yes,correct
FinanceBench::dense_linq_embed_mistral::financebench_id_01476::top_1,FinanceBench,dense_linq_embed_mistral,dense,Linq-AI-Research/Linq-Embed-Mistral,standard,,financebench_id_01476,financebench_id_01476,PEPSICO_2023Q1_EARNINGS,top_1,1,PEPSICO_2023Q1_EARNINGS_0000,PEPSICO_2023Q1_EARNINGS_0000,yes,correct
FinanceBench::dense_linq_embed_mistral::financebench_id_01476::top_5,FinanceBench,dense_linq_embed_mistral,dense,Linq-AI-Research/Linq-Embed-Mistral,standard,,financebench_id_01476,financebench_id_01476,PEPSICO_2023Q1_EARNINGS,top_5,5,PEPSICO_2023Q1_EARNINGS_0000,PEPSICO_2023Q1_EARNINGS_0000|PEPSICO_2023Q1_EARNINGS_0002|PEPSICO_2023Q1_EARNINGS_0001|PEPSICO_2023Q1_EARNINGS_0009|PEPSICO_2023Q1_EARNINGS_0011,yes,correct
FinanceBench::dense_linq_embed_mistral::financebench_id_01482::top_1,FinanceBench,dense_linq_embed_mistral,dense,Linq-AI-Research/Linq-Embed-Mistral,standard,,financebench_id_01482,financebench_id_01482,PEPSICO_2023_8K_dated-2023-05-05,top_1,1,PEPSICO_2023_8K_dated_2023_05_05_0001,PEPSICO_2023_8K_dated_2023_05_05_0001,yes,correct
FinanceBench::dense_linq_embed_mistral::financebench_id_01482::top_5,FinanceBench,dense_linq_embed_mistral,dense,Linq-AI-Research/Linq-Embed-Mistral,standard,,financebench_id_01482,financebench_id_01482,PEPSICO_2023_8K_dated-2023-05-05,top_5,5,PEPSICO_2023_8K_dated_2023_05_05_0001,PEPSICO_2023_8K_dated_2023_05_05_0001|PEPSICO_2023_8K_dated_2023_05_05_0000|PEPSICO_2023Q1_EARNINGS_0003|PEPSICO_2023_8K_dated_2023_05_05_0002|PEPSICO_2023_8K_dated_2023_05_30_0003,yes,correct
FinanceBench::dense_linq_embed_mistral::financebench_id_00705::top_1,FinanceBench,dense_linq_embed_mistral,dense,Linq-AI-Research/Linq-Embed-Mistral,standard,,financebench_id_00705,financebench_id_00705,PEPSICO_2023_8K_dated-2023-05-30,top_1,1,PEPSICO_2023_8K_dated_2023_05_30_0001,PEPSICO_2023_8K_dated_2023_05_30_0001,yes,correct
FinanceBench::dense_linq_embed_mistral::financebench_id_00705::top_5,FinanceBench,dense_linq_embed_mistral,dense,Linq-AI-Research/Linq-Embed-Mistral,standard,,financebench_id_00705,financebench_id_00705,PEPSICO_2023_8K_dated-2023-05-30,top_5,5,PEPSICO_2023_8K_dated_2023_05_30_0001,PEPSICO_2023_8K_dated_2023_05_30_0001|PEPSICO_2023_8K_dated_2023_05_30_0002|LOCKHEEDMARTIN_2022_10K_0068|PEPSICO_2023_8K_dated_2023_05_30_0148|PAYPAL_2022_10K_0118,yes,correct
FinanceBench::dense_linq_embed_mistral::financebench_id_00882::top_1,FinanceBench,dense_linq_embed_mistral,dense,Linq-AI-Research/Linq-Embed-Mistral,standard,,financebench_id_00882,financebench_id_00882,PEPSICO_2023_8K_dated-2023-05-30,top_1,1,PEPSICO_2023_8K_dated_2023_05_30_0001,PEPSICO_2023_8K_dated_2023_05_30_0001,yes,correct
FinanceBench::dense_linq_embed_mistral::financebench_id_00302::top_1,FinanceBench,dense_linq_embed_mistral,dense,Linq-AI-Research/Linq-Embed-Mistral,standard,,financebench_id_00302,financebench_id_00302,PFIZER_2021_10K,top_1,1,PFIZER_2021_10K_0038,PFIZER_2021_10K_0024,no,no_answer
FinanceBench::dense_linq_embed_mistral::financebench_id_00302::top_5,FinanceBench,dense_linq_embed_mistral,dense,Linq-AI-Research/Linq-Embed-Mistral,standard,,financebench_id_00302,financebench_id_00302,PFIZER_2021_10K,top_5,5,PFIZER_2021_10K_0038,PFIZER_2021_10K_0024|PFIZER_2021_10K_0025|PFIZER_2021_10K_0113|PFIZER_2021_10K_0036|PFIZER_2021_10K_0133,no,correct
FinanceBench::dense_linq_embed_mistral::financebench_id_00702::top_1,FinanceBench,dense_linq_embed_mistral,dense,Linq-AI-Research/Linq-Embed-Mistral,standard,,financebench_id_00702,financebench_id_00702,PFIZER_2021_10K,top_1,1,PFIZER_2021_10K_0036,PFIZER_2021_10K_0155,no,no_answer
FinanceBench::dense_linq_embed_mistral::financebench_id_00702::top_5,FinanceBench,dense_linq_embed_mistral,dense,Linq-AI-Research/Linq-Embed-Mistral,standard,,financebench_id_00702,financebench_id_00702,PFIZER_2021_10K,top_5,5,PFIZER_2021_10K_0036,PFIZER_2021_10K_0155|PFIZER_2021_10K_0151|PFIZER_2021_10K_0095|PFIZER_2021_10K_0150|PFIZER_2021_10K_0145,no,no_answer
FinanceBench::dense_linq_embed_mistral::financebench_id_00601::top_1,FinanceBench,dense_linq_embed_mistral,dense,Linq-AI-Research/Linq-Embed-Mistral,standard,,financebench_id_00601,financebench_id_00601,ULTABEAUTY_2023Q4_EARNINGS,top_1,1,ULTABEAUTY_2023Q4_EARNINGS_0002,CORNING_2021_10K_0066,no,no_answer
FinanceBench::dense_linq_embed_mistral::financebench_id_00601::top_5,FinanceBench,dense_linq_embed_mistral,dense,Linq-AI-Research/Linq-Embed-Mistral,standard,,financebench_id_00601,financebench_id_00601,ULTABEAUTY_2023Q4_EARNINGS,top_5,5,ULTABEAUTY_2023Q4_EARNINGS_0002,CORNING_2021_10K_0066|CORNING_2021_10K_0065|CORNING_2022_10K_0064|CVSHEALTH_2022_10K_0174|CORNING_2022_10K_0065,no,no_answer
FinanceBench::dense_linq_embed_mistral::financebench_id_00603::top_1,FinanceBench,dense_linq_embed_mistral,dense,Linq-AI-Research/Linq-Embed-Mistral,standard,,financebench_id_00603,financebench_id_00603,ULTABEAUTY_2023Q4_EARNINGS,top_1,1,ULTABEAUTY_2023Q4_EARNINGS_0003,ULTABEAUTY_2023Q4_EARNINGS_0009,no,no_answer
FinanceBench::dense_linq_embed_mistral::financebench_id_00603::top_5,FinanceBench,dense_linq_embed_mistral,dense,Linq-AI-Research/Linq-Embed-Mistral,standard,,financebench_id_00603,financebench_id_00603,ULTABEAUTY_2023Q4_EARNINGS,top_5,5,ULTABEAUTY_2023Q4_EARNINGS_0003,ULTABEAUTY_2023Q4_EARNINGS_0009|ULTABEAUTY_2023Q4_EARNINGS_0010|ULTABEAUTY_2023_10K_0011|ULTABEAUTY_2023Q4_EARNINGS_0000_intro|CORNING_2022_10K_0160,no,no_answer
FinanceBench::dense_linq_embed_mistral::financebench_id_00605::top_1,FinanceBench,dense_linq_embed_mistral,dense,Linq-AI-Research/Linq-Embed-Mistral,standard,,financebench_id_00605,financebench_id_00605,ULTABEAUTY_2023Q4_EARNINGS,top_1,1,ULTABEAUTY_2023Q4_EARNINGS_0004,ULTABEAUTY_2023_10K_0011,no,no_answer
FinanceBench::dense_linq_embed_mistral::financebench_id_00605::top_5,FinanceBench,dense_linq_embed_mistral,dense,Linq-AI-Research/Linq-Embed-Mistral,standard,,financebench_id_00605,financebench_id_00605,ULTABEAUTY_2023Q4_EARNINGS,top_5,5,ULTABEAUTY_2023Q4_EARNINGS_0004,ULTABEAUTY_2023_10K_0011|ULTABEAUTY_2023Q4_EARNINGS_0000_intro|ULTABEAUTY_2023Q4_EARNINGS_0010|ULTABEAUTY_2023Q4_EARNINGS_0004|ULTABEAUTY_2023Q4_EARNINGS_0009,yes,no_answer
FinanceBench::dense_linq_embed_mistral::financebench_id_00606::top_1,FinanceBench,dense_linq_embed_mistral,dense,Linq-AI-Research/Linq-Embed-Mistral,standard,,financebench_id_00606,financebench_id_00606,ULTABEAUTY_2023Q4_EARNINGS,top_1,1,ULTABEAUTY_2023Q4_EARNINGS_0002,ULTABEAUTY_2023Q4_EARNINGS_0010,no,no_answer
FinanceBench::dense_linq_embed_mistral::financebench_id_00606::top_5,FinanceBench,dense_linq_embed_mistral,dense,Linq-AI-Research/Linq-Embed-Mistral,standard,,financebench_id_00606,financebench_id_00606,ULTABEAUTY_2023Q4_EARNINGS,top_5,5,ULTABEAUTY_2023Q4_EARNINGS_0002,ULTABEAUTY_2023Q4_EARNINGS_0010|ULTABEAUTY_2023Q4_EARNINGS_0000_intro|ULTABEAUTY_2023Q4_EARNINGS_0001|ULTABEAUTY_2023Q4_EARNINGS_0002|ULTABEAUTY_2023Q4_EARNINGS_0009,yes,no_answer
FinanceBench::dense_linq_embed_mistral::financebench_id_00746::top_1,FinanceBench,dense_linq_embed_mistral,dense,Linq-AI-Research/Linq-Embed-Mistral,standard,,financebench_id_00746,financebench_id_00746,ULTABEAUTY_2023_10K,top_1,1,ULTABEAUTY_2023_10K_0000,ULTABEAUTY_2023_10K_0027,no,no_answer
FinanceBench::dense_linq_embed_mistral::financebench_id_00746::top_5,FinanceBench,dense_linq_embed_mistral,dense,Linq-AI-Research/Linq-Embed-Mistral,standard,,financebench_id_00746,financebench_id_00746,ULTABEAUTY_2023_10K,top_5,5,ULTABEAUTY_2023_10K_0000,ULTABEAUTY_2023_10K_0027|ULTABEAUTY_2023_10K_0011|ULTABEAUTY_2023_10K_0009|ULTABEAUTY_2023_10K_0029|ULTABEAUTY_2023_10K_0010,no,correct
FinanceBench::dense_linq_embed_mistral::financebench_id_00521::top_1,FinanceBench,dense_linq_embed_mistral,dense,Linq-AI-Research/Linq-Embed-Mistral,standard,,financebench_id_00521,financebench_id_00521,ULTABEAUTY_2023_10K,top_1,1,ULTABEAUTY_2023_10K_0027,ULTABEAUTY_2023_10K_0002,no,no_answer
FinanceBench::dense_linq_embed_mistral::financebench_id_00521::top_5,FinanceBench,dense_linq_embed_mistral,dense,Linq-AI-Research/Linq-Embed-Mistral,standard,,financebench_id_00521,financebench_id_00521,ULTABEAUTY_2023_10K,top_5,5,ULTABEAUTY_2023_10K_0027,ULTABEAUTY_2023_10K_0002|ULTABEAUTY_2023Q4_EARNINGS_0010|ULTABEAUTY_2023Q4_EARNINGS_0000_intro|ULTABEAUTY_2023_10K_0001|ULTABEAUTY_2023Q4_EARNINGS_0009,no,no_answer
FinanceBench::dense_linq_embed_mistral::financebench_id_00859::top_1,FinanceBench,dense_linq_embed_mistral,dense,Linq-AI-Research/Linq-Embed-Mistral,standard,,financebench_id_00859,financebench_id_00859,VERIZON_2021_10K,top_1,1,VERIZON_2021_10K_0098_intro,VERIZON_2021_10K_0098_intro,yes,correct
FinanceBench::dense_linq_embed_mistral::financebench_id_00859::top_5,FinanceBench,dense_linq_embed_mistral,dense,Linq-AI-Research/Linq-Embed-Mistral,standard,,financebench_id_00859,financebench_id_00859,VERIZON_2021_10K,top_5,5,VERIZON_2021_10K_0098_intro,VERIZON_2021_10K_0098_intro|VERIZON_2022_10K_0092_intro|VERIZON_2022_10K_0012|VERIZON_2021_10K_0012|PAYPAL_2022_10K_0109,yes,correct
FinanceBench::dense_linq_embed_mistral::financebench_id_00216::top_1,FinanceBench,dense_linq_embed_mistral,dense,Linq-AI-Research/Linq-Embed-Mistral,standard,,financebench_id_00216,financebench_id_00216,VERIZON_2022_10K,top_1,1,VERIZON_2022_10K_0018,VERIZON_2021_10K_0074_intro,no,no_answer
FinanceBench::dense_linq_embed_mistral::financebench_id_00216::top_5,FinanceBench,dense_linq_embed_mistral,dense,Linq-AI-Research/Linq-Embed-Mistral,standard,,financebench_id_00216,financebench_id_00216,VERIZON_2022_10K,top_5,5,VERIZON_2022_10K_0018,VERIZON_2021_10K_0074_intro|VERIZON_2022_10K_0069_intro|VERIZON_2022_10K_0015|VERIZON_2021_10K_0146|BESTBUY_2019_10K_0045,no,no_answer
FinanceBench::dense_linq_embed_mistral::financebench_id_00566::top_1,FinanceBench,dense_linq_embed_mistral,dense,Linq-AI-Research/Linq-Embed-Mistral,standard,,financebench_id_00566,financebench_id_00566,VERIZON_2022_10K,top_1,1,VERIZON_2022_10K_0068_intro,VERIZON_2021_10K_0074_intro,no,no_answer
FinanceBench::dense_linq_embed_mistral::financebench_id_00566::top_5,FinanceBench,dense_linq_embed_mistral,dense,Linq-AI-Research/Linq-Embed-Mistral,standard,,financebench_id_00566,financebench_id_00566,VERIZON_2022_10K,top_5,5,VERIZON_2022_10K_0068_intro,VERIZON_2021_10K_0074_intro|VERIZON_2022_10K_0069_intro|VERIZON_2021_10K_0073_intro|VERIZON_2022_10K_0068_intro|VERIZON_2022_10K_0018,yes,correct
FinanceBench::pageindex_combined_query_results_clean::financebench_id_01865::top_1,FinanceBench,pageindex_combined_query_results_clean,pageindex_llm,gpt-5,standard,,financebench_id_01865,financebench_id_01865,3M_2022_10K,top_1,1,3M_2022_10K_0011,3M_2022_10K_0013,no,correct
FinanceBench::pageindex_combined_query_results_clean::financebench_id_01865::top_5,FinanceBench,pageindex_combined_query_results_clean,pageindex_llm,gpt-5,standard,,financebench_id_01865,financebench_id_01865,3M_2022_10K,top_5,5,3M_2022_10K_0011,3M_2022_10K_0013|3M_2022_10K_0014|3M_2022_10K_0010|3M_2022_10K_0049|3M_2022_10K_0012,no,correct
FinanceBench::pageindex_combined_query_results_clean::financebench_id_00941::top_1,FinanceBench,pageindex_combined_query_results_clean,pageindex_llm,gpt-5,standard,,financebench_id_00941,financebench_id_00941,3M_2023Q2_10Q,top_1,1,3M_2023Q2_10Q_0000,3M_2023Q2_10Q_0000,yes,correct
FinanceBench::pageindex_combined_query_results_clean::financebench_id_00941::top_5,FinanceBench,pageindex_combined_query_results_clean,pageindex_llm,gpt-5,standard,,financebench_id_00941,financebench_id_00941,3M_2023Q2_10Q,top_5,5,3M_2023Q2_10Q_0000,3M_2023Q2_10Q_0000|3M_2023Q2_10Q_0001|3M_2022_10K_0000,yes,correct
FinanceBench::pageindex_combined_query_results_clean::financebench_id_01858::top_1,FinanceBench,pageindex_combined_query_results_clean,pageindex_llm,gpt-5,standard,,financebench_id_01858,financebench_id_01858,3M_2023Q2_10Q,top_1,1,3M_2023Q2_10Q_0025,3M_2022_10K_0017,no,correct
FinanceBench::pageindex_combined_query_results_clean::financebench_id_01858::top_5,FinanceBench,pageindex_combined_query_results_clean,pageindex_llm,gpt-5,standard,,financebench_id_01858,financebench_id_01858,3M_2023Q2_10Q,top_5,5,3M_2023Q2_10Q_0025,3M_2022_10K_0017|3M_2022_10K_0038|3M_2022_10K_0011|3M_2022_10K_0037|3M_2022_10K_0009,no,correct
FinanceBench::pageindex_combined_query_results_clean::financebench_id_07507::top_1,FinanceBench,pageindex_combined_query_results_clean,pageindex_llm,gpt-5,standard,,financebench_id_07507,financebench_id_07507,ADOBE_2016_10K,top_1,1,ADOBE_2016_10K_0014_intro,ADOBE_2016_10K_0016,no,correct
FinanceBench::pageindex_combined_query_results_clean::financebench_id_00591::top_5,FinanceBench,pageindex_combined_query_results_clean,pageindex_llm,gpt-5,standard,,financebench_id_00591,financebench_id_00591,ADOBE_2022_10K,top_5,5,ADOBE_2022_10K_0013,ADOBE_2022_10K_0013|ADOBE_2022_10K_0011,yes,no_answer
FinanceBench::pageindex_combined_query_results_clean::financebench_id_01319::top_1,FinanceBench,pageindex_combined_query_results_clean,pageindex_llm,gpt-5,standard,,financebench_id_01319,financebench_id_01319,AES_2022_10K,top_1,1,AES_2022_10K_0171,AES_2022_10K_0171,yes,correct
FinanceBench::pageindex_combined_query_results_clean::financebench_id_01319::top_5,FinanceBench,pageindex_combined_query_results_clean,pageindex_llm,gpt-5,standard,,financebench_id_01319,financebench_id_01319,AES_2022_10K,top_5,5,AES_2022_10K_0171,AES_2022_10K_0171|AES_2022_10K_0170|AES_2022_10K_0169,yes,correct
FinanceBench::pageindex_combined_query_results_clean::financebench_id_08135::top_1,FinanceBench,pageindex_combined_query_results_clean,pageindex_llm,gpt-5,standard,,financebench_id_08135,financebench_id_08135,AMAZON_2017_10K,top_1,1,AMAZON_2017_10K_0013,AMAZON_2017_10K_0013,yes,correct
FinanceBench::pageindex_combined_query_results_clean::financebench_id_08135::top_5,FinanceBench,pageindex_combined_query_results_clean,pageindex_llm,gpt-5,standard,,financebench_id_08135,financebench_id_08135,AMAZON_2017_10K,top_5,5,AMAZON_2017_10K_0013,AMAZON_2017_10K_0013|AMAZON_2017_10K_0011|AMAZON_2017_10K_0010|AMAZON_2017_10K_0012|AMAZON_2017_10K_0009,yes,correct
FinanceBench::pageindex_combined_query_results_clean::financebench_id_08286::top_1,FinanceBench,pageindex_combined_query_results_clean,pageindex_llm,gpt-5,standard,,financebench_id_08286,financebench_id_08286,AMAZON_2019_10K,top_1,1,AMAZON_2019_10K_0016,AMAZON_2019_10K_0016,yes,correct
FinanceBench::pageindex_combined_query_results_clean::financebench_id_08286::top_5,FinanceBench,pageindex_combined_query_results_clean,pageindex_llm,gpt-5,standard,,financebench_id_08286,financebench_id_08286,AMAZON_2019_10K,top_5,5,AMAZON_2019_10K_0016,AMAZON_2019_10K_0016|AMAZON_2019_10K_0013|AMAZON_2019_10K_0012|AMAZON_2019_10K_0015|AMAZON_2019_10K_0026,yes,correct
FinanceBench::pageindex_combined_query_results_clean::financebench_id_01928::top_1,FinanceBench,pageindex_combined_query_results_clean,pageindex_llm,gpt-5,standard,,financebench_id_01928,financebench_id_01928,AMCOR_2023Q4_EARNINGS,top_1,1,AMCOR_2023Q4_EARNINGS_0018,AMCOR_2023Q4_EARNINGS_0018,yes,correct
FinanceBench::pageindex_combined_query_results_clean::financebench_id_01928::top_5,FinanceBench,pageindex_combined_query_results_clean,pageindex_llm,gpt-5,standard,,financebench_id_01928,financebench_id_01928,AMCOR_2023Q4_EARNINGS,top_5,5,AMCOR_2023Q4_EARNINGS_0018,AMCOR_2023Q4_EARNINGS_0018|AMCOR_2023Q4_EARNINGS_0000|AMCOR_2023Q4_EARNINGS_0019|AMCOR_2023Q4_EARNINGS_0011|AMCOR_2023Q4_EARNINGS_0012,yes,correct
FinanceBench::pageindex_combined_query_results_clean::financebench_id_01148::top_1,FinanceBench,pageindex_combined_query_results_clean,pageindex_llm,gpt-5,standard,,financebench_id_01148,financebench_id_01148,AMCOR_2023_10K,top_1,1,AMCOR_2023_10K_0001,AMCOR_2023_10K_0002,no,correct
FinanceBench::pageindex_combined_query_results_clean::financebench_id_01148::top_5,FinanceBench,pageindex_combined_query_results_clean,pageindex_llm,gpt-5,standard,,financebench_id_01148,financebench_id_01148,AMCOR_2023_10K,top_5,5,AMCOR_2023_10K_0001,AMCOR_2023_10K_0002|AMCOR_2023_10K_0019|AMCOR_2023_10K_0001|AMCOR_2023_10K_0010|AMCOR_2023_10K_0000,yes,correct
FinanceBench::pageindex_combined_query_results_clean::financebench_id_00563::top_1,FinanceBench,pageindex_combined_query_results_clean,pageindex_llm,gpt-5,standard,,financebench_id_00563,financebench_id_00563,AMD_2022_10K,top_1,1,AMD_2022_10K_0012,AMD_2022_10K_0012,yes,correct
FinanceBench::pageindex_combined_query_results_clean::financebench_id_00563::top_5,FinanceBench,pageindex_combined_query_results_clean,pageindex_llm,gpt-5,standard,,financebench_id_00563,financebench_id_00563,AMD_2022_10K,top_5,5,AMD_2022_10K_0012,AMD_2022_10K_0012|AMD_2022_10K_0014|AMD_2022_10K_0011,yes,correct
FinanceBench::pageindex_combined_query_results_clean::financebench_id_00757::top_1,FinanceBench,pageindex_combined_query_results_clean,pageindex_llm,gpt-5,standard,,financebench_id_00757,financebench_id_00757,AMD_2022_10K,top_1,1,AMD_2022_10K_0003,AMD_2022_10K_0014,no,correct
FinanceBench::pageindex_combined_query_results_clean::financebench_id_01028::top_5,FinanceBench,pageindex_combined_query_results_clean,pageindex_llm,gpt-5,standard,,financebench_id_01028,financebench_id_01028,AMERICANEXPRESS_2022_10K,top_5,5,AMERICANEXPRESS_2022_10K_0116,AMERICANEXPRESS_2022_10K_0116|AMERICANEXPRESS_2022_10K_0115|AMERICANEXPRESS_2022_10K_0113|AMERICANEXPRESS_2022_10K_0003|AMERICANEXPRESS_2022_10K_0027,yes,correct
FinanceBench::pageindex_combined_query_results_clean::financebench_id_01351::top_1,FinanceBench,pageindex_combined_query_results_clean,pageindex_llm,gpt-5,standard,,financebench_id_01351,financebench_id_01351,AMERICANEXPRESS_2022_10K,top_1,1,AMERICANEXPRESS_2022_10K_0016,AMERICANEXPRESS_2022_10K_0017,no,correct
FinanceBench::pageindex_combined_query_results_clean::financebench_id_01351::top_5,FinanceBench,pageindex_combined_query_results_clean,pageindex_llm,gpt-5,standard,,financebench_id_01351,financebench_id_01351,AMERICANEXPRESS_2022_10K,top_5,5,AMERICANEXPRESS_2022_10K_0016,AMERICANEXPRESS_2022_10K_0017|AMERICANEXPRESS_2022_10K_0107|AMERICANEXPRESS_2022_10K_0016|AMERICANEXPRESS_2022_10K_0028|AMERICANEXPRESS_2022_10K_0106,yes,correct
FinanceBench::pageindex_combined_query_results_clean::financebench_id_01964::top_1,FinanceBench,pageindex_combined_query_results_clean,pageindex_llm,gpt-5,standard,,financebench_id_01964,financebench_id_01964,AMERICANEXPRESS_2022_10K,top_1,1,AMERICANEXPRESS_2022_10K_0028,AMERICANEXPRESS_2022_10K_0028,yes,correct
FinanceBench::pageindex_combined_query_results_clean::financebench_id_01964::top_5,FinanceBench,pageindex_combined_query_results_clean,pageindex_llm,gpt-5,standard,,financebench_id_01964,financebench_id_01964,AMERICANEXPRESS_2022_10K,top_5,5,AMERICANEXPRESS_2022_10K_0028,AMERICANEXPRESS_2022_10K_0028|AMERICANEXPRESS_2022_10K_0071|AMERICANEXPRESS_2022_10K_0026|AMERICANEXPRESS_2022_10K_0027|AMERICANEXPRESS_2022_10K_0024,yes,correct
FinanceBench::pageindex_combined_query_results_clean::financebench_id_01981::top_1,FinanceBench,pageindex_combined_query_results_clean,pageindex_llm,gpt-5,standard,,financebench_id_01981,financebench_id_01981,AMERICANEXPRESS_2022_10K,top_1,1,AMERICANEXPRESS_2022_10K_0016,AMERICANEXPRESS_2022_10K_0016,yes,correct
FinanceBench::pageindex_combined_query_results_clean::financebench_id_01981::top_5,FinanceBench,pageindex_combined_query_results_clean,pageindex_llm,gpt-5,standard,,financebench_id_01981,financebench_id_01981,AMERICANEXPRESS_2022_10K,top_5,5,AMERICANEXPRESS_2022_10K_0016,AMERICANEXPRESS_2022_10K_0016|AMERICANEXPRESS_2022_10K_0017|AMERICANEXPRESS_2022_10K_0018|AMERICANEXPRESS_2022_10K_0015|AMERICANEXPRESS_2022_10K_0014,yes,correct
FinanceBench::pageindex_combined_query_results_clean::financebench_id_04417::top_1,FinanceBench,pageindex_combined_query_results_clean,pageindex_llm,gpt-5,standard,,financebench_id_04417,financebench_id_04417,BESTBUY_2019_10K,top_1,1,BESTBUY_2019_10K_0064,BESTBUY_2019_10K_0064,yes,correct
FinanceBench::pageindex_combined_query_results_clean::financebench_id_04417::top_5,FinanceBench,pageindex_combined_query_results_clean,pageindex_llm,gpt-5,standard,,financebench_id_04417,financebench_id_04417,BESTBUY_2019_10K,top_5,5,BESTBUY_2019_10K_0064,BESTBUY_2019_10K_0064|BESTBUY_2019_10K_0063,yes,correct
FinanceBench::pageindex_combined_query_results_clean::financebench_id_01275::top_1,FinanceBench,pageindex_combined_query_results_clean,pageindex_llm,gpt-5,standard,,financebench_id_01275,financebench_id_01275,BESTBUY_2023_10K,top_1,1,BESTBUY_2023_10K_0014,BESTBUY_2023_10K_0012,no,correct
FinanceBench::pageindex_combined_query_results_clean::financebench_id_01275::top_5,FinanceBench,pageindex_combined_query_results_clean,pageindex_llm,gpt-5,standard,,financebench_id_01275,financebench_id_01275,BESTBUY_2023_10K,top_5,5,BESTBUY_2023_10K_0014,BESTBUY_2023_10K_0014|BESTBUY_2023_10K_0012|BESTBUY_2023_10K_0011,yes,correct
FinanceBench::pageindex_combined_query_results_clean::financebench_id_00288::top_1,FinanceBench,pageindex_combined_query_results_clean,pageindex_llm,gpt-5,standard,,financebench_id_00288,financebench_id_00288,BESTBUY_2024Q2_10Q,top_1,1,BESTBUY_2024Q2_10Q_0009,BESTBUY_2024Q2_10Q_0009,yes,correct
FinanceBench::pageindex_combined_query_results_clean::financebench_id_00288::top_5,FinanceBench,pageindex_combined_query_results_clean,pageindex_llm,gpt-5,standard,,financebench_id_00288,financebench_id_00288,BESTBUY_2024Q2_10Q,top_5,5,BESTBUY_2024Q2_10Q_0009,BESTBUY_2024Q2_10Q_0009|BESTBUY_2024Q2_10Q_0002|BESTBUY_2024Q2_10Q_0000|BESTBUY_2024Q2_10Q_0001|BESTBUY_2024Q2_10Q_0010,yes,correct
FinanceBench::pageindex_combined_query_results_clean::financebench_id_01902::top_1,FinanceBench,pageindex_combined_query_results_clean,pageindex_llm,gpt-5,standard,,financebench_id_01902,financebench_id_01902,BESTBUY_2024Q2_10Q,top_1,1,BESTBUY_2024Q2_10Q_0009,BESTBUY_2024Q2_10Q_0009,yes,incorrect
FinanceBench::pageindex_combined_query_results_clean::financebench_id_01902::top_5,FinanceBench,pageindex_combined_query_results_clean,pageindex_llm,gpt-5,standard,,financebench_id_01902,financebench_id_01902,BESTBUY_2024Q2_10Q,top_5,5,BESTBUY_2024Q2_10Q_0009,BESTBUY_2024Q2_10Q_0009,yes,incorrect
FinanceBench::pageindex_combined_query_results_clean::financebench_id_04660::top_1,FinanceBench,pageindex_combined_query_results_clean,pageindex_llm,gpt-5,standard,,financebench_id_04660,financebench_id_04660,BLOCK_2016_10K,top_1,1,BLOCK_2016_10K_0058,BLOCK_2016_10K_0059,no,no_answer
FinanceBench::pageindex_combined_query_results_clean::financebench_id_03838::top_1,FinanceBench,pageindex_combined_query_results_clean,pageindex_llm,gpt-5,standard,,financebench_id_03838,financebench_id_03838,BLOCK_2020_10K,top_1,1,BLOCK_2020_10K_0071,BLOCK_2020_10K_0072,no,no_answer
FinanceBench::pageindex_combined_query_results_clean::financebench_id_03838::top_5,FinanceBench,pageindex_combined_query_results_clean,pageindex_llm,gpt-5,standard,,financebench_id_03838,financebench_id_03838,BLOCK_2020_10K,top_5,5,BLOCK_2020_10K_0071,BLOCK_2020_10K_0072|BLOCK_2020_10K_0063|BLOCK_2020_10K_0064,no,correct
FinanceBench::pageindex_combined_query_results_clean::financebench_id_07661::top_1,FinanceBench,pageindex_combined_query_results_clean,pageindex_llm,gpt-5,standard,,financebench_id_07661,financebench_id_07661,BLOCK_2020_10K,top_1,1,BLOCK_2020_10K_0074,BLOCK_2020_10K_0075,no,no_answer
FinanceBench::pageindex_combined_query_results_clean::financebench_id_07661::top_5,FinanceBench,pageindex_combined_query_results_clean,pageindex_llm,gpt-5,standard,,financebench_id_07661,financebench_id_07661,BLOCK_2020_10K,top_5,5,BLOCK_2020_10K_0074,BLOCK_2020_10K_0075|BLOCK_2020_10K_0064|BLOCK_2020_10K_0063,no,correct
FinanceBench::pageindex_combined_query_results_clean::financebench_id_10285::top_1,FinanceBench,pageindex_combined_query_results_clean,pageindex_llm,gpt-5,standard,,financebench_id_10285,financebench_id_10285,BOEING_2018_10K,top_1,1,BOEING_2018_10K_0016,BOEING_2018_10K_0015,no,no_answer
FinanceBench::pageindex_combined_query_results_clean::financebench_id_10285::top_5,FinanceBench,pageindex_combined_query_results_clean,pageindex_llm,gpt-5,standard,,financebench_id_10285,financebench_id_10285,BOEING_2018_10K,top_5,5,BOEING_2018_10K_0016,BOEING_2018_10K_0016|BOEING_2018_10K_0015|BOEING_2018_10K_0031|BOEING_2018_10K_0030|BOEING_2018_10K_0012,yes,correct
FinanceBench::pageindex_combined_query_results_clean::financebench_id_00517::top_1,FinanceBench,pageindex_combined_query_results_clean,pageindex_llm,gpt-5,standard,,financebench_id_00517,financebench_id_00517,BOEING_2022_10K,top_1,1,BOEING_2022_10K_0023,BOEING_2022_10K_0023,yes,correct
FinanceBench::pageindex_combined_query_results_clean::financebench_id_00464::top_1,FinanceBench,pageindex_combined_query_results_clean,pageindex_llm,gpt-5,standard,,financebench_id_00464,financebench_id_00464,BOEING_2022_10K,top_1,1,BOEING_2022_10K_0007,BOEING_2022_10K_0007,yes,correct
FinanceBench::pageindex_combined_query_results_clean::financebench_id_00464::top_5,FinanceBench,pageindex_combined_query_results_clean,pageindex_llm,gpt-5,standard,,financebench_id_00464,financebench_id_00464,BOEING_2022_10K,top_5,5,BOEING_2022_10K_0007,BOEING_2022_10K_0007|BOEING_2022_10K_0006|BOEING_2022_10K_0015|BOEING_2022_10K_0014|BOEING_2022_10K_0008,yes,correct
FinanceBench::pageindex_combined_query_results_clean::financebench_id_00585::top_1,FinanceBench,pageindex_combined_query_results_clean,pageindex_llm,gpt-5,standard,,financebench_id_00585,financebench_id_00585,BOEING_2022_10K,top_1,1,BOEING_2022_10K_0018,BOEING_2022_10K_0027,no,incorrect
FinanceBench::pageindex_combined_query_results_clean::financebench_id_00585::top_5,FinanceBench,pageindex_combined_query_results_clean,pageindex_llm,gpt-5,standard,,financebench_id_00585,financebench_id_00585,BOEING_2022_10K,top_5,5,BOEING_2022_10K_0018,BOEING_2022_10K_0027|BOEING_2022_10K_0018|BOEING_2022_10K_0022|BOEING_2022_10K_0026|BOEING_2022_10K_0028,yes,incorrect
FinanceBench::pageindex_combined_query_results_clean::financebench_id_09724::top_1,FinanceBench,pageindex_combined_query_results_clean,pageindex_llm,gpt-5,standard,,financebench_id_09724,financebench_id_09724,COCACOLA_2021_10K,top_1,1,COCACOLA_2021_10K_0016,COCACOLA_2021_10K_0016,yes,correct
FinanceBench::pageindex_combined_query_results_clean::financebench_id_02981::top_1,FinanceBench,pageindex_combined_query_results_clean,pageindex_llm,gpt-5,standard,,financebench_id_02981,financebench_id_02981,CORNING_2021_10K,top_1,1,CORNING_2021_10K_0140,CORNING_2021_10K_0060,no,no_answer
FinanceBench::pageindex_combined_query_results_clean::financebench_id_02981::top_5,FinanceBench,pageindex_combined_query_results_clean,pageindex_llm,gpt-5,standard,,financebench_id_02981,financebench_id_02981,CORNING_2021_10K,top_5,5,CORNING_2021_10K_0140,CORNING_2021_10K_0060|CORNING_2021_10K_0136|CORNING_2021_10K_0118,no,no_answer
FinanceBench::pageindex_combined_query_results_clean::financebench_id_01346::top_1,FinanceBench,pageindex_combined_query_results_clean,pageindex_llm,gpt-5,standard,,financebench_id_01346,financebench_id_01346,CORNING_2022_10K,top_1,1,CORNING_2022_10K_0062_intro,CORNING_2022_10K_0062_intro,yes,correct
FinanceBench::pageindex_combined_query_results_clean::financebench_id_01346::top_5,FinanceBench,pageindex_combined_query_results_clean,pageindex_llm,gpt-5,standard,,financebench_id_01346,financebench_id_01346,CORNING_2022_10K,top_5,5,CORNING_2022_10K_0062_intro,CORNING_2022_10K_0062_intro|CORNING_2022_10K_0069|CORNING_2022_10K_0068|CORNING_2022_10K_0067|CORNING_2022_10K_0066,yes,correct
FinanceBench::pageindex_combined_query_results_clean::financebench_id_04209::top_1,FinanceBench,pageindex_combined_query_results_clean,pageindex_llm,gpt-5,standard,,financebench_id_04209,financebench_id_04209,COSTCO_2021_10K,top_1,1,COSTCO_2021_10K_0013,COSTCO_2021_10K_0013,yes,correct
FinanceBench::pageindex_combined_query_results_clean::financebench_id_04209::top_5,FinanceBench,pageindex_combined_query_results_clean,pageindex_llm,gpt-5,standard,,financebench_id_04209,financebench_id_04209,COSTCO_2021_10K,top_5,5,COSTCO_2021_10K_0013,COSTCO_2021_10K_0013|COSTCO_2021_10K_0012,yes,correct
FinanceBench::pageindex_combined_query_results_clean::financebench_id_01244::top_1,FinanceBench,pageindex_combined_query_results_clean,pageindex_llm,gpt-5,standard,,financebench_id_01244,financebench_id_01244,CVSHEALTH_2022_10K,top_1,1,CVSHEALTH_2022_10K_0119,CVSHEALTH_2022_10K_0236,no,correct
FinanceBench::pageindex_combined_query_results_clean::financebench_id_01244::top_5,FinanceBench,pageindex_combined_query_results_clean,pageindex_llm,gpt-5,standard,,financebench_id_01244,financebench_id_01244,CVSHEALTH_2022_10K,top_5,5,CVSHEALTH_2022_10K_0119,CVSHEALTH_2022_10K_0236|CVSHEALTH_2022_10K_0120|CVSHEALTH_2022_10K_0235|CVSHEALTH_2022_10K_0237|CVSHEALTH_2022_10K_0238,no,correct
FinanceBench::pageindex_combined_query_results_clean::financebench_id_00822::top_1,FinanceBench,pageindex_combined_query_results_clean,pageindex_llm,gpt-5,standard,,financebench_id_00822,financebench_id_00822,FOOTLOCKER_2022_8K_dated-2022-05-20,top_1,1,FOOTLOCKER_2022_8K_dated_2022_05_20_0001,PEPSICO_2023_8K_dated_2023_05_05_0001,no,incorrect
FinanceBench::pageindex_combined_query_results_clean::financebench_id_00839::top_1,FinanceBench,pageindex_combined_query_results_clean,pageindex_llm,gpt-5,standard,,financebench_id_00839,financebench_id_00839,FOOTLOCKER_2022_8K_dated_2022-08-19,top_1,1,FOOTLOCKER_2022_8K_dated_2022_08_19_0001,FOOTLOCKER_2022_8K_dated_2022_08_19_0001,yes,no_answer
FinanceBench::pageindex_combined_query_results_clean::financebench_id_00839::top_5,FinanceBench,pageindex_combined_query_results_clean,pageindex_llm,gpt-5,standard,,financebench_id_00839,financebench_id_00839,FOOTLOCKER_2022_8K_dated_2022-08-19,top_5,5,FOOTLOCKER_2022_8K_dated_2022_08_19_0001,FOOTLOCKER_2022_8K_dated_2022_08_19_0001|FOOTLOCKER_2022_8K_dated_2022_08_19_0041_intro|FOOTLOCKER_2022_8K_dated_2022_08_19_0040,yes,correct
FinanceBench::pageindex_combined_query_results_clean::financebench_id_03471::top_1,FinanceBench,pageindex_combined_query_results_clean,pageindex_llm,gpt-5,standard,,financebench_id_03471,financebench_id_03471,GENERALMILLS_2020_10K,top_1,1,GENERALMILLS_2020_10K_0018,GENERALMILLS_2020_10K_0018,yes,correct
FinanceBench::pageindex_combined_query_results_clean::financebench_id_04854::top_5,FinanceBench,pageindex_combined_query_results_clean,pageindex_llm,gpt-5,standard,,financebench_id_04854,financebench_id_04854,GENERALMILLS_2020_10K,top_5,5,GENERALMILLS_2020_10K_0020,GENERALMILLS_2020_10K_0020|GENERALMILLS_2020_10K_0011|GENERALMILLS_2020_10K_0010|GENERALMILLS_2020_10K_0009|GENERALMILLS_2020_10K_0019,yes,correct
FinanceBench::pageindex_combined_query_results_clean::financebench_id_01484::top_1,FinanceBench,pageindex_combined_query_results_clean,pageindex_llm,gpt-5,standard,,financebench_id_01484,financebench_id_01484,JOHNSON_JOHNSON_2022Q4_EARNINGS,top_1,1,JOHNSON_JOHNSON_2022Q4_EARNINGS_0001,JOHNSON_JOHNSON_2022Q4_EARNINGS_0001,yes,correct
FinanceBench::pageindex_combined_query_results_clean::financebench_id_01484::top_5,FinanceBench,pageindex_combined_query_results_clean,pageindex_llm,gpt-5,standard,,financebench_id_01484,financebench_id_01484,JOHNSON_JOHNSON_2022Q4_EARNINGS,top_5,5,JOHNSON_JOHNSON_2022Q4_EARNINGS_0001,JOHNSON_JOHNSON_2022Q4_EARNINGS_0001|JOHNSON_JOHNSON_2022Q4_EARNINGS_0013|JOHNSON_JOHNSON_2022Q4_EARNINGS_0000|JOHNSON_JOHNSON_2022Q4_EARNINGS_0002|JOHNSON_JOHNSON_2022Q4_EARNINGS_0014,yes,correct
FinanceBench::pageindex_combined_query_results_clean::financebench_id_00956::top_1,FinanceBench,pageindex_combined_query_results_clean,pageindex_llm,gpt-5,standard,,financebench_id_00956,financebench_id_00956,JOHNSON_JOHNSON_2022_10K,top_1,1,JOHNSON_JOHNSON_2022_10K_0024,JOHNSON_JOHNSON_2022_10K_0024,yes,correct
FinanceBench::pageindex_combined_query_results_clean::financebench_id_00956::top_5,FinanceBench,pageindex_combined_query_results_clean,pageindex_llm,gpt-5,standard,,financebench_id_00956,financebench_id_00956,JOHNSON_JOHNSON_2022_10K,top_5,5,JOHNSON_JOHNSON_2022_10K_0024,JOHNSON_JOHNSON_2022_10K_0024|JOHNSON_JOHNSON_2022_10K_0076|JOHNSON_JOHNSON_2022_10K_0031|JOHNSON_JOHNSON_2022_10K_0030|JOHNSON_JOHNSON_2022_10K_0072,yes,correct
FinanceBench::pageindex_combined_query_results_clean::financebench_id_01487::top_1,FinanceBench,pageindex_combined_query_results_clean,pageindex_llm,gpt-5,standard,,financebench_id_01487,financebench_id_01487,JOHNSON_JOHNSON_2023Q2_EARNINGS,top_1,1,JOHNSON_JOHNSON_2023Q2_EARNINGS_0012,JOHNSON_JOHNSON_2023Q2_EARNINGS_0012,yes,correct
FinanceBench::pageindex_combined_query_results_clean::financebench_id_01487::top_5,FinanceBench,pageindex_combined_query_results_clean,pageindex_llm,gpt-5,standard,,financebench_id_01487,financebench_id_01487,JOHNSON_JOHNSON_2023Q2_EARNINGS,top_5,5,JOHNSON_JOHNSON_2023Q2_EARNINGS_0012,JOHNSON_JOHNSON_2023Q2_EARNINGS_0012|JOHNSON_JOHNSON_2023Q2_EARNINGS_0000|JOHNSON_JOHNSON_2023Q2_EARNINGS_0015|JOHNSON_JOHNSON_2023Q2_EARNINGS_0017|JOHNSON_JOHNSON_2023Q2_EARNINGS_0018,yes,correct
FinanceBench::pageindex_combined_query_results_clean::financebench_id_01488::top_1,FinanceBench,pageindex_combined_query_results_clean,pageindex_llm,gpt-5,standard,,financebench_id_01488,financebench_id_01488,JOHNSON_JOHNSON_2023_8K_dated-2023-08-30,top_1,1,JOHNSON_JOHNSON_2023_8K_dated_2023_08_30_0004_intro,JOHNSON_JOHNSON_2023_8K_dated_2023_08_30_0003,no,no_answer
FinanceBench::pageindex_combined_query_results_clean::financebench_id_01488::top_5,FinanceBench,pageindex_combined_query_results_clean,pageindex_llm,gpt-5,standard,,financebench_id_01488,financebench_id_01488,JOHNSON_JOHNSON_2023_8K_dated-2023-08-30,top_5,5,JOHNSON_JOHNSON_2023_8K_dated_2023_08_30_0004_intro,JOHNSON_JOHNSON_2023_8K_dated_2023_08_30_0004_intro|JOHNSON_JOHNSON_2023_8K_dated_2023_08_30_0003|JOHNSON_JOHNSON_2023_8K_dated_2023_08_30_0008|JOHNSON_JOHNSON_2023_8K_dated_2023_08_30_0001|JOHNSON_JOHNSON_2023_8K_dated_2023_08_30_0005,yes,correct
FinanceBench::pageindex_combined_query_results_clean::financebench_id_01490::top_1,FinanceBench,pageindex_combined_query_results_clean,pageindex_llm,gpt-5,standard,,financebench_id_01490,financebench_id_01490,JOHNSON_JOHNSON_2023_8K_dated-2023-08-30,top_1,1,JOHNSON_JOHNSON_2023_8K_dated_2023_08_30_0004_intro,JOHNSON_JOHNSON_2023_8K_dated_2023_08_30_0004_intro,yes,correct
FinanceBench::pageindex_combined_query_results_clean::financebench_id_01490::top_5,FinanceBench,pageindex_combined_query_results_clean,pageindex_llm,gpt-5,standard,,financebench_id_01490,financebench_id_01490,JOHNSON_JOHNSON_2023_8K_dated-2023-08-30,top_5,5,JOHNSON_JOHNSON_2023_8K_dated_2023_08_30_0004_intro,JOHNSON_JOHNSON_2023_8K_dated_2023_08_30_0004_intro|JOHNSON_JOHNSON_2023_8K_dated_2023_08_30_0003|JOHNSON_JOHNSON_2023_8K_dated_2023_08_30_0001|JOHNSON_JOHNSON_2023_8K_dated_2023_08_30_0008|JOHNSON_JOHNSON_2023_8K_dated_2023_08_30_0005,yes,correct
FinanceBench::pageindex_combined_query_results_clean::financebench_id_01491::top_1,FinanceBench,pageindex_combined_query_results_clean,pageindex_llm,gpt-5,standard,,financebench_id_01491,financebench_id_01491,JOHNSON_JOHNSON_2023_8K_dated-2023-08-30,top_1,1,JOHNSON_JOHNSON_2023_8K_dated_2023_08_30_0004_intro,JOHNSON_JOHNSON_2023_8K_dated_2023_08_30_0004_intro,yes,correct
FinanceBench::pageindex_combined_query_results_clean::financebench_id_01491::top_5,FinanceBench,pageindex_combined_query_results_clean,pageindex_llm,gpt-5,standard,,financebench_id_01491,financebench_id_01491,JOHNSON_JOHNSON_2023_8K_dated-2023-08-30,top_5,5,JOHNSON_JOHNSON_2023_8K_dated_2023_08_30_0004_intro,JOHNSON_JOHNSON_2023_8K_dated_2023_08_30_0004_intro|JOHNSON_JOHNSON_2023_8K_dated_2023_08_30_0008|JOHNSON_JOHNSON_2023_8K_dated_2023_08_30_0001|JOHNSON_JOHNSON_2023_8K_dated_2023_08_30_0003,yes,correct
FinanceBench::pageindex_combined_query_results_clean::financebench_id_00299::top_1,FinanceBench,pageindex_combined_query_results_clean,pageindex_llm,gpt-5,standard,,financebench_id_00299,financebench_id_00299,JPMORGAN_2021Q1_10Q,top_1,1,JPMORGAN_2021Q1_10Q_0024,JPMORGAN_2021Q1_10Q_0024,yes,correct
FinanceBench::pageindex_combined_query_results_clean::financebench_id_02119::top_1,FinanceBench,pageindex_combined_query_results_clean,pageindex_llm,gpt-5,standard,,financebench_id_02119,financebench_id_02119,JPMORGAN_2021Q1_10Q,top_1,1,JPMORGAN_2021Q1_10Q_0006,JPMORGAN_2021Q1_10Q_0002,no,no_answer
FinanceBench::pageindex_combined_query_results_clean::financebench_id_02049::top_1,FinanceBench,pageindex_combined_query_results_clean,pageindex_llm,gpt-5,standard,,financebench_id_02049,financebench_id_02049,JPMORGAN_2023Q2_10Q,top_1,1,JPMORGAN_2023Q2_10Q_0113,JPMORGAN_2023Q2_10Q_0113,yes,correct
FinanceBench::pageindex_combined_query_results_clean::financebench_id_02049::top_5,FinanceBench,pageindex_combined_query_results_clean,pageindex_llm,gpt-5,standard,,financebench_id_02049,financebench_id_02049,JPMORGAN_2023Q2_10Q,top_5,5,JPMORGAN_2023Q2_10Q_0113,JPMORGAN_2023Q2_10Q_0113|JPMORGAN_2023Q2_10Q_0112|JPMORGAN_2022Q2_10Q_0115|JPMORGAN_2023Q2_10Q_0114|JPMORGAN_2023Q2_10Q_0468,yes,correct
FinanceBench::pageindex_combined_query_results_clean::financebench_id_03031::top_1,FinanceBench,pageindex_combined_query_results_clean,pageindex_llm,gpt-5,standard,,financebench_id_03031,financebench_id_03031,LOCKHEEDMARTIN_2021_10K,top_1,1,LOCKHEEDMARTIN_2021_10K_0027,LOCKHEEDMARTIN_2021_10K_0027,yes,correct
FinanceBench::pageindex_combined_query_results_clean::financebench_id_03031::top_5,FinanceBench,pageindex_combined_query_results_clean,pageindex_llm,gpt-5,standard,,financebench_id_03031,financebench_id_03031,LOCKHEEDMARTIN_2021_10K,top_5,5,LOCKHEEDMARTIN_2021_10K_0027,LOCKHEEDMARTIN_2021_10K_0027|LOCKHEEDMARTIN_2021_10K_0011|LOCKHEEDMARTIN_2022_10K_0011|LOCKHEEDMARTIN_2021_10K_0026|LOCKHEEDMARTIN_2021_10K_0009,yes,correct
FinanceBench::pageindex_combined_query_results_clean::financebench_id_00382::top_1,FinanceBench,pageindex_combined_query_results_clean,pageindex_llm,gpt-5,standard,,financebench_id_00382,financebench_id_00382,MGMRESORTS_2022Q4_EARNINGS,top_1,1,MGMRESORTS_2022Q4_EARNINGS_0019,MGMRESORTS_2022_10K_0011,no,correct
FinanceBench::pageindex_combined_query_results_clean::financebench_id_01254::top_1,FinanceBench,pageindex_combined_query_results_clean,pageindex_llm,gpt-5,standard,,financebench_id_01254,financebench_id_01254,MGMRESORTS_2022_10K,top_1,1,MGMRESORTS_2022_10K_0008,MGMRESORTS_2022_10K_0009,no,correct
FinanceBench::pageindex_combined_query_results_clean::financebench_id_01254::top_5,FinanceBench,pageindex_combined_query_results_clean,pageindex_llm,gpt-5,standard,,financebench_id_01254,financebench_id_01254,MGMRESORTS_2022_10K,top_5,5,MGMRESORTS_2022_10K_0008,MGMRESORTS_2022_10K_0011|MGMRESORTS_2022_10K_0014|MGMRESORTS_2022_10K_0009|MGMRESORTS_2022_10K_0008|MGMRESORTS_2022_10K_0007,yes,correct
FinanceBench::pageindex_combined_query_results_clean::financebench_id_00407::top_1,FinanceBench,pageindex_combined_query_results_clean,pageindex_llm,gpt-5,standard,,financebench_id_00407,financebench_id_00407,MGMRESORTS_2023Q2_10Q,top_1,1,MGMRESORTS_2023Q2_10Q_0005,MGMRESORTS_2023Q2_10Q_0005,yes,correct
FinanceBench::pageindex_combined_query_results_clean::financebench_id_00407::top_5,FinanceBench,pageindex_combined_query_results_clean,pageindex_llm,gpt-5,standard,,financebench_id_00407,financebench_id_00407,MGMRESORTS_2023Q2_10Q,top_5,5,MGMRESORTS_2023Q2_10Q_0005,MGMRESORTS_2023Q2_10Q_0006|MGMRESORTS_2023Q2_10Q_0005|MGMRESORTS_2023Q2_10Q_0004|MGMRESORTS_2023Q2_10Q_0010|MGMRESORTS_2023Q2_10Q_0009,yes,correct
FinanceBench::pageindex_combined_query_results_clean::financebench_id_04700::top_1,FinanceBench,pageindex_combined_query_results_clean,pageindex_llm,gpt-5,standard,,financebench_id_04700,financebench_id_04700,MICROSOFT_2016_10K,top_1,1,MICROSOFT_2016_10K_0014_intro,MICROSOFT_2016_10K_0013,no,no_answer
FinanceBench::pageindex_combined_query_results_clean::financebench_id_04700::top_5,FinanceBench,pageindex_combined_query_results_clean,pageindex_llm,gpt-5,standard,,financebench_id_04700,financebench_id_04700,MICROSOFT_2016_10K,top_5,5,MICROSOFT_2016_10K_0014_intro,MICROSOFT_2016_10K_0014_intro|MICROSOFT_2016_10K_0013,yes,correct
FinanceBench::pageindex_combined_query_results_clean::financebench_id_03531::top_1,FinanceBench,pageindex_combined_query_results_clean,pageindex_llm,gpt-5,standard,,financebench_id_03531,financebench_id_03531,NIKE_2019_10K,top_1,1,NIKE_2019_10K_0026,NIKE_2019_10K_0026,yes,correct
FinanceBench::pageindex_combined_query_results_clean::financebench_id_03531::top_5,FinanceBench,pageindex_combined_query_results_clean,pageindex_llm,gpt-5,standard,,financebench_id_03531,financebench_id_03531,NIKE_2019_10K,top_5,5,NIKE_2019_10K_0026,NIKE_2019_10K_0026|NIKE_2019_10K_0025,yes,correct
FinanceBench::pageindex_combined_query_results_clean::financebench_id_00735::top_1,FinanceBench,pageindex_combined_query_results_clean,pageindex_llm,gpt-5,standard,,financebench_id_00735,financebench_id_00735,PEPSICO_2022_10K,top_1,1,PEPSICO_2022_10K_0058,PEPSICO_2022_10K_0058,yes,correct
FinanceBench::pageindex_combined_query_results_clean::financebench_id_01474::top_1,FinanceBench,pageindex_combined_query_results_clean,pageindex_llm,gpt-5,standard,,financebench_id_01474,financebench_id_01474,PEPSICO_2023Q1_EARNINGS,top_1,1,PEPSICO_2023Q1_EARNINGS_0000,PEPSICO_2023Q1_EARNINGS_0000,yes,correct
FinanceBench::pageindex_combined_query_results_clean::financebench_id_01474::top_5,FinanceBench,pageindex_combined_query_results_clean,pageindex_llm,gpt-5,standard,,financebench_id_01474,financebench_id_01474,PEPSICO_2023Q1_EARNINGS,top_5,5,PEPSICO_2023Q1_EARNINGS_0000,PEPSICO_2023Q1_EARNINGS_0000|PEPSICO_2023Q1_EARNINGS_0001|PEPSICO_2023Q1_EARNINGS_0002|PEPSICO_2023Q1_EARNINGS_0003,yes,correct
FinanceBench::pageindex_combined_query_results_clean::financebench_id_01476::top_1,FinanceBench,pageindex_combined_query_results_clean,pageindex_llm,gpt-5,standard,,financebench_id_01476,financebench_id_01476,PEPSICO_2023Q1_EARNINGS,top_1,1,PEPSICO_2023Q1_EARNINGS_0000,PEPSICO_2023Q1_EARNINGS_0002,no,correct
FinanceBench::pageindex_combined_query_results_clean::financebench_id_01476::top_5,FinanceBench,pageindex_combined_query_results_clean,pageindex_llm,gpt-5,standard,,financebench_id_01476,financebench_id_01476,PEPSICO_2023Q1_EARNINGS,top_5,5,PEPSICO_2023Q1_EARNINGS_0000,PEPSICO_2023Q1_EARNINGS_0000|PEPSICO_2023Q1_EARNINGS_0002|PEPSICO_2023Q1_EARNINGS_0003|PEPSICO_2023Q1_EARNINGS_0001,yes,correct
FinanceBench::pageindex_combined_query_results_clean::financebench_id_01482::top_1,FinanceBench,pageindex_combined_query_results_clean,pageindex_llm,gpt-5,standard,,financebench_id_01482,financebench_id_01482,PEPSICO_2023_8K_dated-2023-05-05,top_1,1,PEPSICO_2023_8K_dated_2023_05_05_0001,PEPSICO_2023_8K_dated_2023_05_05_0001,yes,correct
FinanceBench::pageindex_combined_query_results_clean::financebench_id_01482::top_5,FinanceBench,pageindex_combined_query_results_clean,pageindex_llm,gpt-5,standard,,financebench_id_01482,financebench_id_01482,PEPSICO_2023_8K_dated-2023-05-05,top_5,5,PEPSICO_2023_8K_dated_2023_05_05_0001,PEPSICO_2023_8K_dated_2023_05_05_0001,yes,correct
FinanceBench::pageindex_combined_query_results_clean::financebench_id_00882::top_1,FinanceBench,pageindex_combined_query_results_clean,pageindex_llm,gpt-5,standard,,financebench_id_00882,financebench_id_00882,PEPSICO_2023_8K_dated-2023-05-30,top_1,1,PEPSICO_2023_8K_dated_2023_05_30_0001,PEPSICO_2023_8K_dated_2023_05_30_0001,yes,correct
FinanceBench::pageindex_combined_query_results_clean::financebench_id_00882::top_5,FinanceBench,pageindex_combined_query_results_clean,pageindex_llm,gpt-5,standard,,financebench_id_00882,financebench_id_00882,PEPSICO_2023_8K_dated-2023-05-30,top_5,5,PEPSICO_2023_8K_dated_2023_05_30_0001,PEPSICO_2023_8K_dated_2023_05_30_0001|PEPSICO_2023_8K_dated_2023_05_30_0004|PEPSICO_2023_8K_dated_2023_05_30_0071,yes,correct
FinanceBench::pageindex_combined_query_results_clean::financebench_id_00302::top_1,FinanceBench,pageindex_combined_query_results_clean,pageindex_llm,gpt-5,standard,,financebench_id_00302,financebench_id_00302,PFIZER_2021_10K,top_1,1,PFIZER_2021_10K_0038,PFIZER_2021_10K_0039,no,no_answer
FinanceBench::pageindex_combined_query_results_clean::financebench_id_00302::top_5,FinanceBench,pageindex_combined_query_results_clean,pageindex_llm,gpt-5,standard,,financebench_id_00302,financebench_id_00302,PFIZER_2021_10K,top_5,5,PFIZER_2021_10K_0038,PFIZER_2021_10K_0113|PFIZER_2021_10K_0039|PFIZER_2021_10K_0111|PFIZER_2021_10K_0112|PFIZER_2021_10K_0165,no,correct
FinanceBench::pageindex_combined_query_results_clean::financebench_id_03882::top_1,FinanceBench,pageindex_combined_query_results_clean,pageindex_llm,gpt-5,standard,,financebench_id_03882,financebench_id_03882,AMCOR_2020_10K,top_1,1,AMCOR_2020_10K_0017,AMCOR_2020_10K_0017,yes,correct
FinanceBench::pageindex_combined_query_results_clean::financebench_id_03882::top_5,FinanceBench,pageindex_combined_query_results_clean,pageindex_llm,gpt-5,standard,,financebench_id_03882,financebench_id_03882,AMCOR_2020_10K,top_5,5,AMCOR_2020_10K_0017,AMCOR_2020_10K_0017|AMCOR_2020_10K_0016|AMCOR_2020_10K_0013,yes,correct
FinanceBench::pageindex_combined_query_results_clean::financebench_id_00394::top_1,FinanceBench,pageindex_combined_query_results_clean,pageindex_llm,gpt-5,standard,,financebench_id_00394,financebench_id_00394,JPMORGAN_2022Q2_10Q,top_1,1,JPMORGAN_2022Q2_10Q_0025,JPMORGAN_2022Q2_10Q_0025,yes,correct
FinanceBench::pageindex_combined_query_results_clean::financebench_id_00394::top_5,FinanceBench,pageindex_combined_query_results_clean,pageindex_llm,gpt-5,standard,,financebench_id_00394,financebench_id_00394,JPMORGAN_2022Q2_10Q,top_5,5,JPMORGAN_2022Q2_10Q_0025,JPMORGAN_2022Q2_10Q_0025|JPMORGAN_2022Q2_10Q_0276|JPMORGAN_2022Q2_10Q_0275|JPMORGAN_2022Q2_10Q_0035|JPMORGAN_2022Q2_10Q_0007,yes,correct
FinanceBench::pageindex_combined_query_results_clean::financebench_id_01328::top_1,FinanceBench,pageindex_combined_query_results_clean,pageindex_llm,gpt-5,standard,,financebench_id_01328,financebench_id_01328,PEPSICO_2022_10K,top_1,1,PEPSICO_2022_10K_0150,PEPSICO_2022_10K_0120,no,incorrect
FinanceBench::pageindex_combined_query_results_clean::financebench_id_01328::top_5,FinanceBench,pageindex_combined_query_results_clean,pageindex_llm,gpt-5,standard,,financebench_id_01328,financebench_id_01328,PEPSICO_2022_10K,top_5,5,PEPSICO_2022_10K_0150,PEPSICO_2022_10K_0120,no,incorrect
FinanceBench::pageindex_combined_query_results_clean::financebench_id_00601::top_1,FinanceBench,pageindex_combined_query_results_clean,pageindex_llm,gpt-5,standard,,financebench_id_00601,financebench_id_00601,ULTABEAUTY_2023Q4_EARNINGS,top_1,1,ULTABEAUTY_2023Q4_EARNINGS_0002,AMCOR_2023_10K_0010,no,incorrect
FinanceBench::pageindex_combined_query_results_clean::financebench_id_00601::top_5,FinanceBench,pageindex_combined_query_results_clean,pageindex_llm,gpt-5,standard,,financebench_id_00601,financebench_id_00601,ULTABEAUTY_2023Q4_EARNINGS,top_5,5,ULTABEAUTY_2023Q4_EARNINGS_0002,AMCOR_2023_10K_0010|AMCOR_2023_10K_0014|AMCOR_2023_10K_0019|BESTBUY_2023_10K_0012|BESTBUY_2023_10K_0011,no,incorrect
FinanceBench::pageindex_combined_query_results_clean::financebench_id_00605::top_1,FinanceBench,pageindex_combined_query_results_clean,pageindex_llm,gpt-5,standard,,financebench_id_00605,financebench_id_00605,ULTABEAUTY_2023Q4_EARNINGS,top_1,1,ULTABEAUTY_2023Q4_EARNINGS_0004,ULTABEAUTY_2023_10K_0011,no,no_answer
FinanceBench::pageindex_combined_query_results_clean::financebench_id_00605::top_5,FinanceBench,pageindex_combined_query_results_clean,pageindex_llm,gpt-5,standard,,financebench_id_00605,financebench_id_00605,ULTABEAUTY_2023Q4_EARNINGS,top_5,5,ULTABEAUTY_2023Q4_EARNINGS_0004,ULTABEAUTY_2023_10K_0011|ULTABEAUTY_2023_10K_0010,no,no_answer
FinanceBench::pageindex_combined_query_results_clean::financebench_id_00606::top_1,FinanceBench,pageindex_combined_query_results_clean,pageindex_llm,gpt-5,standard,,financebench_id_00606,financebench_id_00606,ULTABEAUTY_2023Q4_EARNINGS,top_1,1,ULTABEAUTY_2023Q4_EARNINGS_0002,ULTABEAUTY_2023_10K_0013,no,no_answer
FinanceBench::pageindex_combined_query_results_clean::financebench_id_00606::top_5,FinanceBench,pageindex_combined_query_results_clean,pageindex_llm,gpt-5,standard,,financebench_id_00606,financebench_id_00606,ULTABEAUTY_2023Q4_EARNINGS,top_5,5,ULTABEAUTY_2023Q4_EARNINGS_0002,ULTABEAUTY_2023_10K_0013|ULTABEAUTY_2023_10K_0027|ULTABEAUTY_2023_10K_0011|ULTABEAUTY_2023_10K_0012,no,no_answer
FinanceBench::pageindex_combined_query_results_clean::financebench_id_00746::top_1,FinanceBench,pageindex_combined_query_results_clean,pageindex_llm,gpt-5,standard,,financebench_id_00746,financebench_id_00746,ULTABEAUTY_2023_10K,top_1,1,ULTABEAUTY_2023_10K_0000,ULTABEAUTY_2023_10K_0000,yes,correct
FinanceBench::pageindex_combined_query_results_clean::financebench_id_00521::top_1,FinanceBench,pageindex_combined_query_results_clean,pageindex_llm,gpt-5,standard,,financebench_id_00521,financebench_id_00521,ULTABEAUTY_2023_10K,top_1,1,ULTABEAUTY_2023_10K_0027,ULTABEAUTY_2023_10K_0027,yes,no_answer
FinanceBench::pageindex_combined_query_results_clean::financebench_id_00859::top_1,FinanceBench,pageindex_combined_query_results_clean,pageindex_llm,gpt-5,standard,,financebench_id_00859,financebench_id_00859,VERIZON_2021_10K,top_1,1,VERIZON_2021_10K_0098_intro,VERIZON_2021_10K_0012,no,correct
FinanceBench::pageindex_combined_query_results_clean::financebench_id_00859::top_5,FinanceBench,pageindex_combined_query_results_clean,pageindex_llm,gpt-5,standard,,financebench_id_00859,financebench_id_00859,VERIZON_2021_10K,top_5,5,VERIZON_2021_10K_0098_intro,VERIZON_2021_10K_0098_intro|VERIZON_2021_10K_0012|VERIZON_2021_10K_0096|VERIZON_2021_10K_0097|VERIZON_2021_10K_0108,yes,correct
FinanceBench::pageindex_combined_query_results_clean::financebench_id_00566::top_1,FinanceBench,pageindex_combined_query_results_clean,pageindex_llm,gpt-5,standard,,financebench_id_00566,financebench_id_00566,VERIZON_2022_10K,top_1,1,VERIZON_2022_10K_0068_intro,VERIZON_2022_10K_0018,no,correct
FinanceBench::pageindex_combined_query_results_clean::financebench_id_00566::top_5,FinanceBench,pageindex_combined_query_results_clean,pageindex_llm,gpt-5,standard,,financebench_id_00566,financebench_id_00566,VERIZON_2022_10K,top_5,5,VERIZON_2022_10K_0068_intro,VERIZON_2022_10K_0068_intro|VERIZON_2022_10K_0018|VERIZON_2022_10K_0011|VERIZON_2022_10K_0153|VERIZON_2022_10K_0008,yes,correct
FinanceBench::pageindex_combined_query_results_clean::financebench_id_02608::top_1,FinanceBench,pageindex_combined_query_results_clean,pageindex_llm,gpt-5,standard,,financebench_id_02608,financebench_id_02608,BESTBUY_2017_10K,top_1,1,BESTBUY_2017_10K_0068,BESTBUY_2017_10K_0069,no,no_answer
FinanceBench::pageindex_combined_query_results_clean::financebench_id_00705::top_1,FinanceBench,pageindex_combined_query_results_clean,pageindex_llm,gpt-5,standard,,financebench_id_00705,financebench_id_00705,PEPSICO_2023_8K_dated-2023-05-30,top_1,1,PEPSICO_2023_8K_dated_2023_05_30_0001,PEPSICO_2023_8K_dated_2023_05_30_0001,yes,correct
FinanceBench::pageindex_combined_query_results_clean::financebench_id_00705::top_5,FinanceBench,pageindex_combined_query_results_clean,pageindex_llm,gpt-5,standard,,financebench_id_00705,financebench_id_00705,PEPSICO_2023_8K_dated-2023-05-30,top_5,5,PEPSICO_2023_8K_dated_2023_05_30_0001,PEPSICO_2023_8K_dated_2023_05_30_0001|PEPSICO_2023_8K_dated_2023_05_30_0071,yes,correct
FinanceBench::pageindex_combined_query_results_clean::financebench_id_03029::top_1,FinanceBench,pageindex_combined_query_results_clean,pageindex_llm,gpt-5,standard,,financebench_id_03029,financebench_id_03029,3M_2018_10K,top_1,1,3M_2018_10K_0031,3M_2018_10K_0031,yes,correct
FinanceBench::pageindex_combined_query_results_clean::financebench_id_03029::top_5,FinanceBench,pageindex_combined_query_results_clean,pageindex_llm,gpt-5,standard,,financebench_id_03029,financebench_id_03029,3M_2018_10K,top_5,5,3M_2018_10K_0031,3M_2018_10K_0031|3M_2018_10K_0020|3M_2018_10K_0017|3M_2018_10K_0042|3M_2018_10K_0032,yes,correct
FinanceBench::pageindex_combined_query_results_clean::financebench_id_00476::top_1,FinanceBench,pageindex_combined_query_results_clean,pageindex_llm,gpt-5,standard,,financebench_id_00476,financebench_id_00476,AMERICANEXPRESS_2022_10K,top_1,1,AMERICANEXPRESS_2022_10K_0000,AMERICANEXPRESS_2022_10K_0000,yes,no_answer
FinanceBench::pageindex_combined_query_results_clean::financebench_id_00476::top_5,FinanceBench,pageindex_combined_query_results_clean,pageindex_llm,gpt-5,standard,,financebench_id_00476,financebench_id_00476,AMERICANEXPRESS_2022_10K,top_5,5,AMERICANEXPRESS_2022_10K_0000,AMERICANEXPRESS_2022_10K_0000|AMERICANEXPRESS_2022_10K_0132,yes,correct
FinanceBench::pageindex_combined_query_results_clean::financebench_id_04980::top_1,FinanceBench,pageindex_combined_query_results_clean,pageindex_llm,gpt-5,standard,,financebench_id_04980,financebench_id_04980,PEPSICO_2021_10K,top_1,1,PEPSICO_2021_10K_0123,PEPSICO_2022_10K_0122,no,no_answer
FinanceBench::pageindex_combined_query_results_clean::financebench_id_04980::top_5,FinanceBench,pageindex_combined_query_results_clean,pageindex_llm,gpt-5,standard,,financebench_id_04980,financebench_id_04980,PEPSICO_2021_10K,top_5,5,PEPSICO_2021_10K_0123,PEPSICO_2022_10K_0122|PEPSICO_2022_10K_0121|PEPSICO_2021_10K_0136|PEPSICO_2021_10K_0064|PEPSICO_2021_10K_0140,no,no_answer
FinanceBench::hybrid_pageindex_harrier_oss_v1_0_6b_top_m_10::financebench_id_03029::top_1,FinanceBench,hybrid_pageindex_harrier_oss_v1_0_6b_top_m_10,hybrid_pageindex,microsoft/harrier-oss-v1-0.6b,node,10,financebench_id_03029,financebench_id_03029,3M_2018_10K,top_1,1,3M_2018_10K_0031,3M_2018_10K_0020,no,correct
FinanceBench::hybrid_pageindex_harrier_oss_v1_0_6b_top_m_10::financebench_id_03029::top_5,FinanceBench,hybrid_pageindex_harrier_oss_v1_0_6b_top_m_10,hybrid_pageindex,microsoft/harrier-oss-v1-0.6b,node,10,financebench_id_03029,financebench_id_03029,3M_2018_10K,top_5,5,3M_2018_10K_0031,3M_2018_10K_0020|3M_2018_10K_0032|3M_2018_10K_0042|3M_2018_10K_0040|3M_2018_10K_0053,no,correct
FinanceBench::hybrid_pageindex_harrier_oss_v1_0_6b_top_m_10::financebench_id_01865::top_1,FinanceBench,hybrid_pageindex_harrier_oss_v1_0_6b_top_m_10,hybrid_pageindex,microsoft/harrier-oss-v1-0.6b,node,10,financebench_id_01865,financebench_id_01865,3M_2022_10K,top_1,1,3M_2022_10K_0011,3M_2022_10K_0013,no,correct
FinanceBench::hybrid_pageindex_harrier_oss_v1_0_6b_top_m_10::financebench_id_01865::top_5,FinanceBench,hybrid_pageindex_harrier_oss_v1_0_6b_top_m_10,hybrid_pageindex,microsoft/harrier-oss-v1-0.6b,node,10,financebench_id_01865,financebench_id_01865,3M_2022_10K,top_5,5,3M_2022_10K_0011,3M_2022_10K_0013|3M_2022_10K_0011|3M_2022_10K_0010|3M_2022_10K_0033|3M_2022_10K_0049,yes,correct
FinanceBench::hybrid_pageindex_harrier_oss_v1_0_6b_top_m_10::financebench_id_00941::top_1,FinanceBench,hybrid_pageindex_harrier_oss_v1_0_6b_top_m_10,hybrid_pageindex,microsoft/harrier-oss-v1-0.6b,node,10,financebench_id_00941,financebench_id_00941,3M_2023Q2_10Q,top_1,1,3M_2023Q2_10Q_0000,3M_2023Q2_10Q_0000,yes,correct
FinanceBench::hybrid_pageindex_harrier_oss_v1_0_6b_top_m_10::financebench_id_00941::top_5,FinanceBench,hybrid_pageindex_harrier_oss_v1_0_6b_top_m_10,hybrid_pageindex,microsoft/harrier-oss-v1-0.6b,node,10,financebench_id_00941,financebench_id_00941,3M_2023Q2_10Q,top_5,5,3M_2023Q2_10Q_0000,3M_2023Q2_10Q_0000|3M_2023Q2_10Q_0001|3M_2023Q2_10Q_0038|3M_2023Q2_10Q_0034|3M_2023Q2_10Q_0039,yes,correct
FinanceBench::hybrid_pageindex_harrier_oss_v1_0_6b_top_m_10::financebench_id_01319::top_1,FinanceBench,hybrid_pageindex_harrier_oss_v1_0_6b_top_m_10,hybrid_pageindex,microsoft/harrier-oss-v1-0.6b,node,10,financebench_id_01319,financebench_id_01319,AES_2022_10K,top_1,1,AES_2022_10K_0171,AES_2022_10K_0171,yes,correct
FinanceBench::hybrid_pageindex_harrier_oss_v1_0_6b_top_m_10::financebench_id_01319::top_5,FinanceBench,hybrid_pageindex_harrier_oss_v1_0_6b_top_m_10,hybrid_pageindex,microsoft/harrier-oss-v1-0.6b,node,10,financebench_id_01319,financebench_id_01319,AES_2022_10K,top_5,5,AES_2022_10K_0171,AES_2022_10K_0171|AES_2022_10K_0173|AES_2022_10K_0172|AES_2022_10K_0174|AES_2022_10K_0216,yes,correct
FinanceBench::hybrid_pageindex_harrier_oss_v1_0_6b_top_m_10::financebench_id_08135::top_5,FinanceBench,hybrid_pageindex_harrier_oss_v1_0_6b_top_m_10,hybrid_pageindex,microsoft/harrier-oss-v1-0.6b,node,10,financebench_id_08135,financebench_id_08135,AMAZON_2017_10K,top_5,5,AMAZON_2017_10K_0013,AMAZON_2017_10K_0013|AMAZON_2017_10K_0010|AMAZON_2017_10K_0000|AMAZON_2017_10K_0001|AMAZON_2017_10K_0009,yes,correct
FinanceBench::hybrid_pageindex_harrier_oss_v1_0_6b_top_m_10::financebench_id_08286::top_1,FinanceBench,hybrid_pageindex_harrier_oss_v1_0_6b_top_m_10,hybrid_pageindex,microsoft/harrier-oss-v1-0.6b,node,10,financebench_id_08286,financebench_id_08286,AMAZON_2019_10K,top_1,1,AMAZON_2019_10K_0016,AMAZON_2019_10K_0016,yes,correct
FinanceBench::hybrid_pageindex_harrier_oss_v1_0_6b_top_m_10::financebench_id_08286::top_5,FinanceBench,hybrid_pageindex_harrier_oss_v1_0_6b_top_m_10,hybrid_pageindex,microsoft/harrier-oss-v1-0.6b,node,10,financebench_id_08286,financebench_id_08286,AMAZON_2019_10K,top_5,5,AMAZON_2019_10K_0016,AMAZON_2019_10K_0016|AMAZON_2019_10K_0000|AMAZON_2019_10K_0014|AMAZON_2019_10K_0002|AMAZON_2019_10K_0028,yes,correct
FinanceBench::hybrid_pageindex_harrier_oss_v1_0_6b_top_m_10::financebench_id_03882::top_1,FinanceBench,hybrid_pageindex_harrier_oss_v1_0_6b_top_m_10,hybrid_pageindex,microsoft/harrier-oss-v1-0.6b,node,10,financebench_id_03882,financebench_id_03882,AMCOR_2020_10K,top_1,1,AMCOR_2020_10K_0017,AMCOR_2023_10K_0016,no,no_answer
FinanceBench::hybrid_pageindex_harrier_oss_v1_0_6b_top_m_10::financebench_id_03882::top_5,FinanceBench,hybrid_pageindex_harrier_oss_v1_0_6b_top_m_10,hybrid_pageindex,microsoft/harrier-oss-v1-0.6b,node,10,financebench_id_03882,financebench_id_03882,AMCOR_2020_10K,top_5,5,AMCOR_2020_10K_0017,AMCOR_2023_10K_0016|AMCOR_2023_10K_0014|AMCOR_2023_10K_0017|AMCOR_2023_10K_0010|AMCOR_2023_10K_0015,no,no_answer
FinanceBench::hybrid_pageindex_harrier_oss_v1_0_6b_top_m_10::financebench_id_01935::top_1,FinanceBench,hybrid_pageindex_harrier_oss_v1_0_6b_top_m_10,hybrid_pageindex,microsoft/harrier-oss-v1-0.6b,node,10,financebench_id_01935,financebench_id_01935,AMCOR_2022_8K_dated-2022-07-01,top_1,1,AMCOR_2022_8K_dated_2022_07_01_0001,AMCOR_2022_8K_dated_2022_07_01_0000,no,no_answer
FinanceBench::hybrid_pageindex_harrier_oss_v1_0_6b_top_m_10::financebench_id_01936::top_1,FinanceBench,hybrid_pageindex_harrier_oss_v1_0_6b_top_m_10,hybrid_pageindex,microsoft/harrier-oss-v1-0.6b,node,10,financebench_id_01936,financebench_id_01936,AMCOR_2023Q2_10Q,top_1,1,AMCOR_2023Q2_10Q_0011,AMCOR_2023Q4_EARNINGS_0012,no,no_answer
FinanceBench::hybrid_pageindex_harrier_oss_v1_0_6b_top_m_10::financebench_id_01936::top_5,FinanceBench,hybrid_pageindex_harrier_oss_v1_0_6b_top_m_10,hybrid_pageindex,microsoft/harrier-oss-v1-0.6b,node,10,financebench_id_01936,financebench_id_01936,AMCOR_2023Q2_10Q,top_5,5,AMCOR_2023Q2_10Q_0011,AMCOR_2023Q4_EARNINGS_0012|AMCOR_2023Q4_EARNINGS_0004|AMCOR_2023Q4_EARNINGS_0019|AMCOR_2023Q4_EARNINGS_0005|AMCOR_2023Q4_EARNINGS_0007,no,no_answer
FinanceBench::hybrid_pageindex_harrier_oss_v1_0_6b_top_m_10::financebench_id_01928::top_1,FinanceBench,hybrid_pageindex_harrier_oss_v1_0_6b_top_m_10,hybrid_pageindex,microsoft/harrier-oss-v1-0.6b,node,10,financebench_id_01928,financebench_id_01928,AMCOR_2023Q4_EARNINGS,top_1,1,AMCOR_2023Q4_EARNINGS_0018,AMCOR_2023Q4_EARNINGS_0018,yes,correct
FinanceBench::hybrid_pageindex_harrier_oss_v1_0_6b_top_m_10::financebench_id_01928::top_5,FinanceBench,hybrid_pageindex_harrier_oss_v1_0_6b_top_m_10,hybrid_pageindex,microsoft/harrier-oss-v1-0.6b,node,10,financebench_id_01928,financebench_id_01928,AMCOR_2023Q4_EARNINGS,top_5,5,AMCOR_2023Q4_EARNINGS_0018,AMCOR_2023Q4_EARNINGS_0018|AMCOR_2023Q4_EARNINGS_0015|AMCOR_2023Q4_EARNINGS_0000|AMCOR_2023Q4_EARNINGS_0019|AMCOR_2023Q4_EARNINGS_0012,yes,correct
FinanceBench::hybrid_pageindex_harrier_oss_v1_0_6b_top_m_10::financebench_id_01930::top_1,FinanceBench,hybrid_pageindex_harrier_oss_v1_0_6b_top_m_10,hybrid_pageindex,microsoft/harrier-oss-v1-0.6b,node,10,financebench_id_01930,financebench_id_01930,AMCOR_2023Q4_EARNINGS,top_1,1,AMCOR_2023Q4_EARNINGS_0017,AMCOR_2023Q2_10Q_0013,no,no_answer
FinanceBench::hybrid_pageindex_harrier_oss_v1_0_6b_top_m_10::financebench_id_01930::top_5,FinanceBench,hybrid_pageindex_harrier_oss_v1_0_6b_top_m_10,hybrid_pageindex,microsoft/harrier-oss-v1-0.6b,node,10,financebench_id_01930,financebench_id_01930,AMCOR_2023Q4_EARNINGS,top_5,5,AMCOR_2023Q4_EARNINGS_0017,AMCOR_2023Q2_10Q_0013|AMCOR_2023Q2_10Q_0009|AMCOR_2023Q2_10Q_0000|AMCOR_2023Q2_10Q_0016|AMCOR_2023Q2_10Q_0005,no,no_answer
FinanceBench::hybrid_pageindex_harrier_oss_v1_0_6b_top_m_10::financebench_id_00799::top_1,FinanceBench,hybrid_pageindex_harrier_oss_v1_0_6b_top_m_10,hybrid_pageindex,microsoft/harrier-oss-v1-0.6b,node,10,financebench_id_00799,financebench_id_00799,AMCOR_2023_10K,top_1,1,AMCOR_2023_10K_0016,AMCOR_2023Q2_10Q_0012,no,no_answer
FinanceBench::hybrid_pageindex_harrier_oss_v1_0_6b_top_m_10::financebench_id_00799::top_5,FinanceBench,hybrid_pageindex_harrier_oss_v1_0_6b_top_m_10,hybrid_pageindex,microsoft/harrier-oss-v1-0.6b,node,10,financebench_id_00799,financebench_id_00799,AMCOR_2023_10K,top_5,5,AMCOR_2023_10K_0016,AMCOR_2023Q2_10Q_0012|AMCOR_2023Q2_10Q_0013|AMCOR_2023Q2_10Q_0000|AMCOR_2023Q2_10Q_0003|AMCOR_2023Q2_10Q_0011,no,no_answer
FinanceBench::hybrid_pageindex_harrier_oss_v1_0_6b_top_m_10::financebench_id_01079::top_1,FinanceBench,hybrid_pageindex_harrier_oss_v1_0_6b_top_m_10,hybrid_pageindex,microsoft/harrier-oss-v1-0.6b,node,10,financebench_id_01079,financebench_id_01079,AMCOR_2023_10K,top_1,1,AMCOR_2023_10K_0019,AMCOR_2023_10K_0010,no,no_answer
FinanceBench::hybrid_pageindex_harrier_oss_v1_0_6b_top_m_10::financebench_id_01079::top_5,FinanceBench,hybrid_pageindex_harrier_oss_v1_0_6b_top_m_10,hybrid_pageindex,microsoft/harrier-oss-v1-0.6b,node,10,financebench_id_01079,financebench_id_01079,AMCOR_2023_10K,top_5,5,AMCOR_2023_10K_0019,AMCOR_2023_10K_0010|AMCOR_2023_10K_0009|AMCOR_2023_10K_0017|AMCOR_2023_10K_0014|AMCOR_2023_10K_0018,no,no_answer
FinanceBench::hybrid_pageindex_harrier_oss_v1_0_6b_top_m_10::financebench_id_01148::top_1,FinanceBench,hybrid_pageindex_harrier_oss_v1_0_6b_top_m_10,hybrid_pageindex,microsoft/harrier-oss-v1-0.6b,node,10,financebench_id_01148,financebench_id_01148,AMCOR_2023_10K,top_1,1,AMCOR_2023_10K_0001,AMCOR_2023_10K_0000,no,no_answer
FinanceBench::hybrid_pageindex_harrier_oss_v1_0_6b_top_m_10::financebench_id_01148::top_5,FinanceBench,hybrid_pageindex_harrier_oss_v1_0_6b_top_m_10,hybrid_pageindex,microsoft/harrier-oss-v1-0.6b,node,10,financebench_id_01148,financebench_id_01148,AMCOR_2023_10K,top_5,5,AMCOR_2023_10K_0001,AMCOR_2023_10K_0000|AMCOR_2023_10K_0002|AMCOR_2023_10K_0010|AMCOR_2023_10K_0009|AMCOR_2023_10K_0018,no,correct
FinanceBench::hybrid_pageindex_harrier_oss_v1_0_6b_top_m_10::financebench_id_00684::top_1,FinanceBench,hybrid_pageindex_harrier_oss_v1_0_6b_top_m_10,hybrid_pageindex,microsoft/harrier-oss-v1-0.6b,node,10,financebench_id_00684,financebench_id_00684,AMCOR_2023_10K,top_1,1,AMCOR_2023_10K_0014,AMCOR_2023Q4_EARNINGS_0005,no,no_answer
FinanceBench::hybrid_pageindex_harrier_oss_v1_0_6b_top_m_10::financebench_id_00222::top_1,FinanceBench,hybrid_pageindex_harrier_oss_v1_0_6b_top_m_10,hybrid_pageindex,microsoft/harrier-oss-v1-0.6b,node,10,financebench_id_00222,financebench_id_00222,AMD_2022_10K,top_1,1,AMD_2022_10K_0014,AMD_2022_10K_0011,no,no_answer
FinanceBench::hybrid_pageindex_harrier_oss_v1_0_6b_top_m_10::financebench_id_00995::top_1,FinanceBench,hybrid_pageindex_harrier_oss_v1_0_6b_top_m_10,hybrid_pageindex,microsoft/harrier-oss-v1-0.6b,node,10,financebench_id_00995,financebench_id_00995,AMD_2022_10K,top_1,1,AMD_2022_10K_0002,AMD_2022_10K_0011,no,no_answer
FinanceBench::hybrid_pageindex_harrier_oss_v1_0_6b_top_m_10::financebench_id_01198::top_1,FinanceBench,hybrid_pageindex_harrier_oss_v1_0_6b_top_m_10,hybrid_pageindex,microsoft/harrier-oss-v1-0.6b,node,10,financebench_id_01198,financebench_id_01198,AMD_2022_10K,top_1,1,AMD_2022_10K_0012,AMD_2022_10K_0011,no,no_answer
FinanceBench::hybrid_pageindex_harrier_oss_v1_0_6b_top_m_10::financebench_id_01198::top_5,FinanceBench,hybrid_pageindex_harrier_oss_v1_0_6b_top_m_10,hybrid_pageindex,microsoft/harrier-oss-v1-0.6b,node,10,financebench_id_01198,financebench_id_01198,AMD_2022_10K,top_5,5,AMD_2022_10K_0012,AMD_2022_10K_0011|AMD_2022_10K_0012|AMD_2022_10K_0014|AMD_2022_10K_0003|AMD_2022_10K_0009,yes,correct
FinanceBench::hybrid_pageindex_harrier_oss_v1_0_6b_top_m_10::financebench_id_01279::top_5,FinanceBench,hybrid_pageindex_harrier_oss_v1_0_6b_top_m_10,hybrid_pageindex,microsoft/harrier-oss-v1-0.6b,node,10,financebench_id_01279,financebench_id_01279,AMD_2022_10K,top_5,5,AMD_2022_10K_0014,AMD_2022_10K_0012|AMD_2022_10K_0011|AMD_2022_10K_0014|AMD_2022_10K_0001|AMD_2022_10K_0000,yes,correct
FinanceBench::hybrid_pageindex_harrier_oss_v1_0_6b_top_m_10::financebench_id_00563::top_1,FinanceBench,hybrid_pageindex_harrier_oss_v1_0_6b_top_m_10,hybrid_pageindex,microsoft/harrier-oss-v1-0.6b,node,10,financebench_id_00563,financebench_id_00563,AMD_2022_10K,top_1,1,AMD_2022_10K_0012,AMD_2022_10K_0011,no,no_answer
FinanceBench::hybrid_pageindex_harrier_oss_v1_0_6b_top_m_10::financebench_id_00563::top_5,FinanceBench,hybrid_pageindex_harrier_oss_v1_0_6b_top_m_10,hybrid_pageindex,microsoft/harrier-oss-v1-0.6b,node,10,financebench_id_00563,financebench_id_00563,AMD_2022_10K,top_5,5,AMD_2022_10K_0012,AMD_2022_10K_0011|AMD_2022_10K_0012|AMD_2022_10K_0003|AMD_2022_10K_0014|AMD_2022_10K_0001,yes,correct
FinanceBench::hybrid_pageindex_harrier_oss_v1_0_6b_top_m_10::financebench_id_00757::top_1,FinanceBench,hybrid_pageindex_harrier_oss_v1_0_6b_top_m_10,hybrid_pageindex,microsoft/harrier-oss-v1-0.6b,node,10,financebench_id_00757,financebench_id_00757,AMD_2022_10K,top_1,1,AMD_2022_10K_0003,AMD_2022_10K_0011,no,no_answer
FinanceBench::hybrid_pageindex_harrier_oss_v1_0_6b_top_m_10::financebench_id_00757::top_5,FinanceBench,hybrid_pageindex_harrier_oss_v1_0_6b_top_m_10,hybrid_pageindex,microsoft/harrier-oss-v1-0.6b,node,10,financebench_id_00757,financebench_id_00757,AMD_2022_10K,top_5,5,AMD_2022_10K_0003,AMD_2022_10K_0011|AMD_2022_10K_0012|AMD_2022_10K_0003|AMD_2022_10K_0014|AMD_2022_10K_0001,yes,correct
FinanceBench::hybrid_pageindex_harrier_oss_v1_0_6b_top_m_10::financebench_id_00476::top_1,FinanceBench,hybrid_pageindex_harrier_oss_v1_0_6b_top_m_10,hybrid_pageindex,microsoft/harrier-oss-v1-0.6b,node,10,financebench_id_00476,financebench_id_00476,AMERICANEXPRESS_2022_10K,top_1,1,AMERICANEXPRESS_2022_10K_0000,AMERICANEXPRESS_2022_10K_0000,yes,correct
FinanceBench::hybrid_pageindex_harrier_oss_v1_0_6b_top_m_10::financebench_id_00476::top_5,FinanceBench,hybrid_pageindex_harrier_oss_v1_0_6b_top_m_10,hybrid_pageindex,microsoft/harrier-oss-v1-0.6b,node,10,financebench_id_00476,financebench_id_00476,AMERICANEXPRESS_2022_10K,top_5,5,AMERICANEXPRESS_2022_10K_0000,AMERICANEXPRESS_2022_10K_0000|AMERICANEXPRESS_2022_10K_0013|AMERICANEXPRESS_2022_10K_0011|AMERICANEXPRESS_2022_10K_0134_intro|AMERICANEXPRESS_2022_10K_0003,yes,no_answer
FinanceBench::hybrid_pageindex_harrier_oss_v1_0_6b_top_m_10::financebench_id_01028::top_1,FinanceBench,hybrid_pageindex_harrier_oss_v1_0_6b_top_m_10,hybrid_pageindex,microsoft/harrier-oss-v1-0.6b,node,10,financebench_id_01028,financebench_id_01028,AMERICANEXPRESS_2022_10K,top_1,1,AMERICANEXPRESS_2022_10K_0116,AMERICANEXPRESS_2022_10K_0003,no,incorrect
FinanceBench::hybrid_pageindex_harrier_oss_v1_0_6b_top_m_10::financebench_id_00723::top_1,FinanceBench,hybrid_pageindex_harrier_oss_v1_0_6b_top_m_10,hybrid_pageindex,microsoft/harrier-oss-v1-0.6b,node,10,financebench_id_00723,financebench_id_00723,AMERICANEXPRESS_2022_10K,top_1,1,AMERICANEXPRESS_2022_10K_0028,AMERICANEXPRESS_2022_10K_0019,no,no_answer
FinanceBench::hybrid_pageindex_harrier_oss_v1_0_6b_top_m_10::financebench_id_00720::top_1,FinanceBench,hybrid_pageindex_harrier_oss_v1_0_6b_top_m_10,hybrid_pageindex,microsoft/harrier-oss-v1-0.6b,node,10,financebench_id_00720,financebench_id_00720,AMERICANEXPRESS_2022_10K,top_1,1,AMERICANEXPRESS_2022_10K_0028,AMERICANEXPRESS_2022_10K_0003,no,no_answer
FinanceBench::hybrid_pageindex_harrier_oss_v1_0_6b_top_m_10::financebench_id_01351::top_1,FinanceBench,hybrid_pageindex_harrier_oss_v1_0_6b_top_m_10,hybrid_pageindex,microsoft/harrier-oss-v1-0.6b,node,10,financebench_id_01351,financebench_id_01351,AMERICANEXPRESS_2022_10K,top_1,1,AMERICANEXPRESS_2022_10K_0016,AMERICANEXPRESS_2022_10K_0000,no,no_answer
FinanceBench::hybrid_pageindex_harrier_oss_v1_0_6b_top_m_10::financebench_id_01351::top_5,FinanceBench,hybrid_pageindex_harrier_oss_v1_0_6b_top_m_10,hybrid_pageindex,microsoft/harrier-oss-v1-0.6b,node,10,financebench_id_01351,financebench_id_01351,AMERICANEXPRESS_2022_10K,top_5,5,AMERICANEXPRESS_2022_10K_0016,AMERICANEXPRESS_2022_10K_0000|AMERICANEXPRESS_2022_10K_0003|AMERICANEXPRESS_2022_10K_0134_intro|AMERICANEXPRESS_2022_10K_0017|AMERICANEXPRESS_2022_10K_0016,yes,correct
FinanceBench::hybrid_pageindex_harrier_oss_v1_0_6b_top_m_10::financebench_id_01964::top_1,FinanceBench,hybrid_pageindex_harrier_oss_v1_0_6b_top_m_10,hybrid_pageindex,microsoft/harrier-oss-v1-0.6b,node,10,financebench_id_01964,financebench_id_01964,AMERICANEXPRESS_2022_10K,top_1,1,AMERICANEXPRESS_2022_10K_0028,AMERICANEXPRESS_2022_10K_0000,no,no_answer
FinanceBench::hybrid_pageindex_harrier_oss_v1_0_6b_top_m_10::financebench_id_01981::top_1,FinanceBench,hybrid_pageindex_harrier_oss_v1_0_6b_top_m_10,hybrid_pageindex,microsoft/harrier-oss-v1-0.6b,node,10,financebench_id_01981,financebench_id_01981,AMERICANEXPRESS_2022_10K,top_1,1,AMERICANEXPRESS_2022_10K_0016,AMERICANEXPRESS_2022_10K_0003,no,no_answer
FinanceBench::hybrid_pageindex_harrier_oss_v1_0_6b_top_m_10::financebench_id_01981::top_5,FinanceBench,hybrid_pageindex_harrier_oss_v1_0_6b_top_m_10,hybrid_pageindex,microsoft/harrier-oss-v1-0.6b,node,10,financebench_id_01981,financebench_id_01981,AMERICANEXPRESS_2022_10K,top_5,5,AMERICANEXPRESS_2022_10K_0016,AMERICANEXPRESS_2022_10K_0003|AMERICANEXPRESS_2022_10K_0016|AMERICANEXPRESS_2022_10K_0017|AMERICANEXPRESS_2022_10K_0018|AMERICANEXPRESS_2022_10K_0134_intro,yes,correct
FinanceBench::hybrid_pageindex_harrier_oss_v1_0_6b_top_m_10::financebench_id_05718::top_1,FinanceBench,hybrid_pageindex_harrier_oss_v1_0_6b_top_m_10,hybrid_pageindex,microsoft/harrier-oss-v1-0.6b,node,10,financebench_id_05718,financebench_id_05718,AMERICANWATERWORKS_2020_10K,top_1,1,AMERICANWATERWORKS_2020_10K_0025,AMERICANWATERWORKS_2020_10K_0011,no,no_answer
FinanceBench::hybrid_pageindex_harrier_oss_v1_0_6b_top_m_10::financebench_id_02608::top_1,FinanceBench,hybrid_pageindex_harrier_oss_v1_0_6b_top_m_10,hybrid_pageindex,microsoft/harrier-oss-v1-0.6b,node,10,financebench_id_02608,financebench_id_02608,BESTBUY_2017_10K,top_1,1,BESTBUY_2017_10K_0068,BESTBUY_2023_10K_0014,no,no_answer
FinanceBench::hybrid_pageindex_harrier_oss_v1_0_6b_top_m_10::financebench_id_02608::top_5,FinanceBench,hybrid_pageindex_harrier_oss_v1_0_6b_top_m_10,hybrid_pageindex,microsoft/harrier-oss-v1-0.6b,node,10,financebench_id_02608,financebench_id_02608,BESTBUY_2017_10K,top_5,5,BESTBUY_2017_10K_0068,BESTBUY_2023_10K_0014|BESTBUY_2023_10K_0012|BESTBUY_2023_10K_0011|BESTBUY_2023_10K_0000|BESTBUY_2023_10K_0002,no,no_answer
FinanceBench::hybrid_pageindex_harrier_oss_v1_0_6b_top_m_10::financebench_id_04417::top_1,FinanceBench,hybrid_pageindex_harrier_oss_v1_0_6b_top_m_10,hybrid_pageindex,microsoft/harrier-oss-v1-0.6b,node,10,financebench_id_04417,financebench_id_04417,BESTBUY_2019_10K,top_1,1,BESTBUY_2019_10K_0064,BESTBUY_2023_10K_0014,no,no_answer
FinanceBench::hybrid_pageindex_harrier_oss_v1_0_6b_top_m_10::financebench_id_04417::top_5,FinanceBench,hybrid_pageindex_harrier_oss_v1_0_6b_top_m_10,hybrid_pageindex,microsoft/harrier-oss-v1-0.6b,node,10,financebench_id_04417,financebench_id_04417,BESTBUY_2019_10K,top_5,5,BESTBUY_2019_10K_0064,BESTBUY_2023_10K_0014|BESTBUY_2023_10K_0011|BESTBUY_2023_10K_0000|BESTBUY_2023_10K_0002|BESTBUY_2023_10K_0012,no,no_answer
FinanceBench::hybrid_pageindex_harrier_oss_v1_0_6b_top_m_10::financebench_id_00685::top_5,FinanceBench,hybrid_pageindex_harrier_oss_v1_0_6b_top_m_10,hybrid_pageindex,microsoft/harrier-oss-v1-0.6b,node,10,financebench_id_00685,financebench_id_00685,BESTBUY_2023_10K,top_5,5,BESTBUY_2023_10K_0014,BESTBUY_2024Q2_10Q_0009|BESTBUY_2024Q2_10Q_0001|BESTBUY_2024Q2_10Q_0016|BESTBUY_2024Q2_10Q_0000|BESTBUY_2024Q2_10Q_0017,no,no_answer
FinanceBench::hybrid_pageindex_harrier_oss_v1_0_6b_top_m_10::financebench_id_01077::top_1,FinanceBench,hybrid_pageindex_harrier_oss_v1_0_6b_top_m_10,hybrid_pageindex,microsoft/harrier-oss-v1-0.6b,node,10,financebench_id_01077,financebench_id_01077,BESTBUY_2023_10K,top_1,1,BESTBUY_2023_10K_0014,BESTBUY_2023_10K_0000,no,no_answer
FinanceBench::hybrid_pageindex_harrier_oss_v1_0_6b_top_m_10::financebench_id_01275::top_1,FinanceBench,hybrid_pageindex_harrier_oss_v1_0_6b_top_m_10,hybrid_pageindex,microsoft/harrier-oss-v1-0.6b,node,10,financebench_id_01275,financebench_id_01275,BESTBUY_2023_10K,top_1,1,BESTBUY_2023_10K_0014,BESTBUY_2023_10K_0012,no,correct
FinanceBench::hybrid_pageindex_harrier_oss_v1_0_6b_top_m_10::financebench_id_01275::top_5,FinanceBench,hybrid_pageindex_harrier_oss_v1_0_6b_top_m_10,hybrid_pageindex,microsoft/harrier-oss-v1-0.6b,node,10,financebench_id_01275,financebench_id_01275,BESTBUY_2023_10K,top_5,5,BESTBUY_2023_10K_0014,BESTBUY_2023_10K_0012|BESTBUY_2023_10K_0014|BESTBUY_2023_10K_0011|BESTBUY_2023_10K_0000|BESTBUY_2023_10K_0002,yes,correct
FinanceBench::hybrid_pageindex_harrier_oss_v1_0_6b_top_m_10::financebench_id_00288::top_1,FinanceBench,hybrid_pageindex_harrier_oss_v1_0_6b_top_m_10,hybrid_pageindex,microsoft/harrier-oss-v1-0.6b,node,10,financebench_id_00288,financebench_id_00288,BESTBUY_2024Q2_10Q,top_1,1,BESTBUY_2024Q2_10Q_0009,BESTBUY_2024Q2_10Q_0011,no,no_answer
FinanceBench::hybrid_pageindex_harrier_oss_v1_0_6b_top_m_10::financebench_id_00288::top_5,FinanceBench,hybrid_pageindex_harrier_oss_v1_0_6b_top_m_10,hybrid_pageindex,microsoft/harrier-oss-v1-0.6b,node,10,financebench_id_00288,financebench_id_00288,BESTBUY_2024Q2_10Q,top_5,5,BESTBUY_2024Q2_10Q_0009,BESTBUY_2024Q2_10Q_0011|BESTBUY_2024Q2_10Q_0010|BESTBUY_2024Q2_10Q_0009|BESTBUY_2024Q2_10Q_0015|BESTBUY_2024Q2_10Q_0016,yes,correct
FinanceBench::hybrid_pageindex_harrier_oss_v1_0_6b_top_m_10::financebench_id_00460::top_1,FinanceBench,hybrid_pageindex_harrier_oss_v1_0_6b_top_m_10,hybrid_pageindex,microsoft/harrier-oss-v1-0.6b,node,10,financebench_id_00460,financebench_id_00460,BESTBUY_2024Q2_10Q,top_1,1,BESTBUY_2024Q2_10Q_0009,BESTBUY_2024Q2_10Q_0009,yes,incorrect
FinanceBench::hybrid_pageindex_harrier_oss_v1_0_6b_top_m_10::financebench_id_01902::top_1,FinanceBench,hybrid_pageindex_harrier_oss_v1_0_6b_top_m_10,hybrid_pageindex,microsoft/harrier-oss-v1-0.6b,node,10,financebench_id_01902,financebench_id_01902,BESTBUY_2024Q2_10Q,top_1,1,BESTBUY_2024Q2_10Q_0009,BESTBUY_2023_10K_0001,no,no_answer
FinanceBench::hybrid_pageindex_harrier_oss_v1_0_6b_top_m_10::financebench_id_01902::top_5,FinanceBench,hybrid_pageindex_harrier_oss_v1_0_6b_top_m_10,hybrid_pageindex,microsoft/harrier-oss-v1-0.6b,node,10,financebench_id_01902,financebench_id_01902,BESTBUY_2024Q2_10Q,top_5,5,BESTBUY_2024Q2_10Q_0009,BESTBUY_2023_10K_0001|BESTBUY_2023_10K_0000|BESTBUY_2023_10K_0002|BESTBUY_2023_10K_0011|BESTBUY_2023_10K_0012,no,no_answer
FinanceBench::hybrid_pageindex_harrier_oss_v1_0_6b_top_m_10::financebench_id_04660::top_1,FinanceBench,hybrid_pageindex_harrier_oss_v1_0_6b_top_m_10,hybrid_pageindex,microsoft/harrier-oss-v1-0.6b,node,10,financebench_id_04660,financebench_id_04660,BLOCK_2016_10K,top_1,1,BLOCK_2016_10K_0058,BLOCK_2016_10K_0090,no,no_answer
FinanceBench::hybrid_pageindex_harrier_oss_v1_0_6b_top_m_10::financebench_id_04660::top_5,FinanceBench,hybrid_pageindex_harrier_oss_v1_0_6b_top_m_10,hybrid_pageindex,microsoft/harrier-oss-v1-0.6b,node,10,financebench_id_04660,financebench_id_04660,BLOCK_2016_10K,top_5,5,BLOCK_2016_10K_0058,BLOCK_2016_10K_0090|BLOCK_2016_10K_0091|BLOCK_2016_10K_0059|BLOCK_2016_10K_0052|BLOCK_2016_10K_0066,no,no_answer
FinanceBench::hybrid_pageindex_harrier_oss_v1_0_6b_top_m_10::financebench_id_03838::top_1,FinanceBench,hybrid_pageindex_harrier_oss_v1_0_6b_top_m_10,hybrid_pageindex,microsoft/harrier-oss-v1-0.6b,node,10,financebench_id_03838,financebench_id_03838,BLOCK_2020_10K,top_1,1,BLOCK_2020_10K_0071,BLOCK_2020_10K_0072,no,no_answer
FinanceBench::hybrid_pageindex_harrier_oss_v1_0_6b_top_m_10::financebench_id_07661::top_1,FinanceBench,hybrid_pageindex_harrier_oss_v1_0_6b_top_m_10,hybrid_pageindex,microsoft/harrier-oss-v1-0.6b,node,10,financebench_id_07661,financebench_id_07661,BLOCK_2020_10K,top_1,1,BLOCK_2020_10K_0074,BLOCK_2020_10K_0075,no,no_answer
FinanceBench::hybrid_pageindex_harrier_oss_v1_0_6b_top_m_10::financebench_id_07661::top_5,FinanceBench,hybrid_pageindex_harrier_oss_v1_0_6b_top_m_10,hybrid_pageindex,microsoft/harrier-oss-v1-0.6b,node,10,financebench_id_07661,financebench_id_07661,BLOCK_2020_10K,top_5,5,BLOCK_2020_10K_0074,BLOCK_2020_10K_0075|BLOCK_2020_10K_0072|BLOCK_2020_10K_0064|BLOCK_2020_10K_0001|BLOCK_2020_10K_0080,no,correct
FinanceBench::hybrid_pageindex_harrier_oss_v1_0_6b_top_m_10::financebench_id_10285::top_1,FinanceBench,hybrid_pageindex_harrier_oss_v1_0_6b_top_m_10,hybrid_pageindex,microsoft/harrier-oss-v1-0.6b,node,10,financebench_id_10285,financebench_id_10285,BOEING_2018_10K,top_1,1,BOEING_2018_10K_0016,BOEING_2018_10K_0016,yes,correct
FinanceBench::hybrid_pageindex_harrier_oss_v1_0_6b_top_m_10::financebench_id_10285::top_5,FinanceBench,hybrid_pageindex_harrier_oss_v1_0_6b_top_m_10,hybrid_pageindex,microsoft/harrier-oss-v1-0.6b,node,10,financebench_id_10285,financebench_id_10285,BOEING_2018_10K,top_5,5,BOEING_2018_10K_0016,BOEING_2018_10K_0016|BOEING_2018_10K_0018|BOEING_2018_10K_0015|BOEING_2018_10K_0017|BOEING_2018_10K_0010,yes,correct
FinanceBench::hybrid_pageindex_harrier_oss_v1_0_6b_top_m_10::financebench_id_00464::top_1,FinanceBench,hybrid_pageindex_harrier_oss_v1_0_6b_top_m_10,hybrid_pageindex,microsoft/harrier-oss-v1-0.6b,node,10,financebench_id_00464,financebench_id_00464,BOEING_2022_10K,top_1,1,BOEING_2022_10K_0007,BOEING_2022_10K_0014,no,no_answer
FinanceBench::hybrid_pageindex_harrier_oss_v1_0_6b_top_m_10::financebench_id_00464::top_5,FinanceBench,hybrid_pageindex_harrier_oss_v1_0_6b_top_m_10,hybrid_pageindex,microsoft/harrier-oss-v1-0.6b,node,10,financebench_id_00464,financebench_id_00464,BOEING_2022_10K,top_5,5,BOEING_2022_10K_0007,BOEING_2022_10K_0014|BOEING_2022_10K_0015|BOEING_2022_10K_0005|BOEING_2022_10K_0006|BOEING_2022_10K_0007,yes,correct
FinanceBench::hybrid_pageindex_harrier_oss_v1_0_6b_top_m_10::financebench_id_00494::top_1,FinanceBench,hybrid_pageindex_harrier_oss_v1_0_6b_top_m_10,hybrid_pageindex,microsoft/harrier-oss-v1-0.6b,node,10,financebench_id_00494,financebench_id_00494,BOEING_2022_10K,top_1,1,BOEING_2022_10K_0007,BOEING_2022_10K_0014,no,no_answer
FinanceBench::hybrid_pageindex_harrier_oss_v1_0_6b_top_m_10::financebench_id_00585::top_5,FinanceBench,hybrid_pageindex_harrier_oss_v1_0_6b_top_m_10,hybrid_pageindex,microsoft/harrier-oss-v1-0.6b,node,10,financebench_id_00585,financebench_id_00585,BOEING_2022_10K,top_5,5,BOEING_2022_10K_0018,BOEING_2022_10K_0018|BOEING_2022_10K_0022|BOEING_2022_10K_0027|BOEING_2022_10K_0000|BOEING_2022_10K_0020,yes,incorrect
FinanceBench::hybrid_pageindex_harrier_oss_v1_0_6b_top_m_10::financebench_id_09724::top_1,FinanceBench,hybrid_pageindex_harrier_oss_v1_0_6b_top_m_10,hybrid_pageindex,microsoft/harrier-oss-v1-0.6b,node,10,financebench_id_09724,financebench_id_09724,COCACOLA_2021_10K,top_1,1,COCACOLA_2021_10K_0016,COCACOLA_2021_10K_0016,yes,correct
FinanceBench::hybrid_pageindex_harrier_oss_v1_0_6b_top_m_10::financebench_id_09724::top_5,FinanceBench,hybrid_pageindex_harrier_oss_v1_0_6b_top_m_10,hybrid_pageindex,microsoft/harrier-oss-v1-0.6b,node,10,financebench_id_09724,financebench_id_09724,COCACOLA_2021_10K,top_5,5,COCACOLA_2021_10K_0016,COCACOLA_2021_10K_0016|COCACOLA_2021_10K_0013|COCACOLA_2021_10K_0098|COCACOLA_2021_10K_0017|COCACOLA_2021_10K_0026,yes,correct
FinanceBench::hybrid_pageindex_harrier_oss_v1_0_6b_top_m_10::financebench_id_01346::top_1,FinanceBench,hybrid_pageindex_harrier_oss_v1_0_6b_top_m_10,hybrid_pageindex,microsoft/harrier-oss-v1-0.6b,node,10,financebench_id_01346,financebench_id_01346,CORNING_2022_10K,top_1,1,CORNING_2022_10K_0062_intro,CORNING_2022_10K_0060,no,no_answer
FinanceBench::hybrid_pageindex_harrier_oss_v1_0_6b_top_m_10::financebench_id_01346::top_5,FinanceBench,hybrid_pageindex_harrier_oss_v1_0_6b_top_m_10,hybrid_pageindex,microsoft/harrier-oss-v1-0.6b,node,10,financebench_id_01346,financebench_id_01346,CORNING_2022_10K,top_5,5,CORNING_2022_10K_0062_intro,CORNING_2022_10K_0060|CORNING_2022_10K_0061|CORNING_2022_10K_0169|CORNING_2022_10K_0172|CORNING_2022_10K_0167,no,no_answer
FinanceBench::hybrid_pageindex_harrier_oss_v1_0_6b_top_m_10::financebench_id_00005::top_1,FinanceBench,hybrid_pageindex_harrier_oss_v1_0_6b_top_m_10,hybrid_pageindex,microsoft/harrier-oss-v1-0.6b,node,10,financebench_id_00005,financebench_id_00005,CORNING_2022_10K,top_1,1,CORNING_2022_10K_0130,CORNING_2022_10K_0089,no,no_answer
FinanceBench::hybrid_pageindex_harrier_oss_v1_0_6b_top_m_10::financebench_id_04209::top_1,FinanceBench,hybrid_pageindex_harrier_oss_v1_0_6b_top_m_10,hybrid_pageindex,microsoft/harrier-oss-v1-0.6b,node,10,financebench_id_04209,financebench_id_04209,COSTCO_2021_10K,top_1,1,COSTCO_2021_10K_0013,COSTCO_2021_10K_0013,yes,correct
FinanceBench::hybrid_pageindex_harrier_oss_v1_0_6b_top_m_10::financebench_id_04209::top_5,FinanceBench,hybrid_pageindex_harrier_oss_v1_0_6b_top_m_10,hybrid_pageindex,microsoft/harrier-oss-v1-0.6b,node,10,financebench_id_04209,financebench_id_04209,COSTCO_2021_10K,top_5,5,COSTCO_2021_10K_0013,COSTCO_2021_10K_0013|COSTCO_2021_10K_0000|COSTCO_2021_10K_0026|COSTCO_2021_10K_0001|COSTCO_2021_10K_0010,yes,correct
FinanceBench::hybrid_pageindex_harrier_oss_v1_0_6b_top_m_10::financebench_id_01244::top_1,FinanceBench,hybrid_pageindex_harrier_oss_v1_0_6b_top_m_10,hybrid_pageindex,microsoft/harrier-oss-v1-0.6b,node,10,financebench_id_01244,financebench_id_01244,CVSHEALTH_2022_10K,top_1,1,CVSHEALTH_2022_10K_0119,CVSHEALTH_2022_10K_0124_intro,no,no_answer
FinanceBench::hybrid_pageindex_harrier_oss_v1_0_6b_top_m_10::financebench_id_01244::top_5,FinanceBench,hybrid_pageindex_harrier_oss_v1_0_6b_top_m_10,hybrid_pageindex,microsoft/harrier-oss-v1-0.6b,node,10,financebench_id_01244,financebench_id_01244,CVSHEALTH_2022_10K,top_5,5,CVSHEALTH_2022_10K_0119,CVSHEALTH_2022_10K_0124_intro|CVSHEALTH_2022_10K_0120|CVSHEALTH_2022_10K_0119|CVSHEALTH_2022_10K_0121|CVSHEALTH_2022_10K_0000,yes,correct
FinanceBench::hybrid_pageindex_harrier_oss_v1_0_6b_top_m_10::financebench_id_00822::top_1,FinanceBench,hybrid_pageindex_harrier_oss_v1_0_6b_top_m_10,hybrid_pageindex,microsoft/harrier-oss-v1-0.6b,node,10,financebench_id_00822,financebench_id_00822,FOOTLOCKER_2022_8K_dated-2022-05-20,top_1,1,FOOTLOCKER_2022_8K_dated_2022_05_20_0001,PEPSICO_2023_8K_dated_2023_05_05_0001,no,incorrect
FinanceBench::hybrid_pageindex_harrier_oss_v1_0_6b_top_m_10::financebench_id_00822::top_5,FinanceBench,hybrid_pageindex_harrier_oss_v1_0_6b_top_m_10,hybrid_pageindex,microsoft/harrier-oss-v1-0.6b,node,10,financebench_id_00822,financebench_id_00822,FOOTLOCKER_2022_8K_dated-2022-05-20,top_5,5,FOOTLOCKER_2022_8K_dated_2022_05_20_0001,PEPSICO_2023_8K_dated_2023_05_05_0001|PEPSICO_2023_8K_dated_2023_05_05_0002|PEPSICO_2023_8K_dated_2023_05_05_0000,no,incorrect
FinanceBench::hybrid_pageindex_harrier_oss_v1_0_6b_top_m_10::financebench_id_00839::top_1,FinanceBench,hybrid_pageindex_harrier_oss_v1_0_6b_top_m_10,hybrid_pageindex,microsoft/harrier-oss-v1-0.6b,node,10,financebench_id_00839,financebench_id_00839,FOOTLOCKER_2022_8K_dated_2022-08-19,top_1,1,FOOTLOCKER_2022_8K_dated_2022_08_19_0001,FOOTLOCKER_2022_8K_dated_2022_08_19_0025,no,no_answer
FinanceBench::hybrid_pageindex_harrier_oss_v1_0_6b_top_m_10::financebench_id_00839::top_5,FinanceBench,hybrid_pageindex_harrier_oss_v1_0_6b_top_m_10,hybrid_pageindex,microsoft/harrier-oss-v1-0.6b,node,10,financebench_id_00839,financebench_id_00839,FOOTLOCKER_2022_8K_dated_2022-08-19,top_5,5,FOOTLOCKER_2022_8K_dated_2022_08_19_0001,FOOTLOCKER_2022_8K_dated_2022_08_19_0025|FOOTLOCKER_2022_8K_dated_2022_08_19_0001|FOOTLOCKER_2022_8K_dated_2022_08_19_0026|FOOTLOCKER_2022_8K_dated_2022_08_19_0041_intro|FOOTLOCKER_2022_8K_dated_2022_08_19_0007,yes,correct
FinanceBench::hybrid_pageindex_harrier_oss_v1_0_6b_top_m_10::financebench_id_03471::top_1,FinanceBench,hybrid_pageindex_harrier_oss_v1_0_6b_top_m_10,hybrid_pageindex,microsoft/harrier-oss-v1-0.6b,node,10,financebench_id_03471,financebench_id_03471,GENERALMILLS_2020_10K,top_1,1,GENERALMILLS_2020_10K_0018,GENERALMILLS_2020_10K_0020,no,no_answer
FinanceBench::hybrid_pageindex_harrier_oss_v1_0_6b_top_m_10::financebench_id_03471::top_5,FinanceBench,hybrid_pageindex_harrier_oss_v1_0_6b_top_m_10,hybrid_pageindex,microsoft/harrier-oss-v1-0.6b,node,10,financebench_id_03471,financebench_id_03471,GENERALMILLS_2020_10K,top_5,5,GENERALMILLS_2020_10K_0018,GENERALMILLS_2020_10K_0020|GENERALMILLS_2020_10K_0017|GENERALMILLS_2020_10K_0024|GENERALMILLS_2020_10K_0023|GENERALMILLS_2020_10K_0026,no,no_answer
FinanceBench::hybrid_pageindex_harrier_oss_v1_0_6b_top_m_10::financebench_id_04854::top_1,FinanceBench,hybrid_pageindex_harrier_oss_v1_0_6b_top_m_10,hybrid_pageindex,microsoft/harrier-oss-v1-0.6b,node,10,financebench_id_04854,financebench_id_04854,GENERALMILLS_2020_10K,top_1,1,GENERALMILLS_2020_10K_0020,GENERALMILLS_2020_10K_0020,yes,correct
FinanceBench::hybrid_pageindex_harrier_oss_v1_0_6b_top_m_10::financebench_id_04854::top_5,FinanceBench,hybrid_pageindex_harrier_oss_v1_0_6b_top_m_10,hybrid_pageindex,microsoft/harrier-oss-v1-0.6b,node,10,financebench_id_04854,financebench_id_04854,GENERALMILLS_2020_10K,top_5,5,GENERALMILLS_2020_10K_0020,GENERALMILLS_2020_10K_0020|GENERALMILLS_2020_10K_0017|GENERALMILLS_2020_10K_0086|GENERALMILLS_2020_10K_0016|GENERALMILLS_2020_10K_0103,yes,correct
FinanceBench::hybrid_pageindex_harrier_oss_v1_0_6b_top_m_10::financebench_id_01484::top_1,FinanceBench,hybrid_pageindex_harrier_oss_v1_0_6b_top_m_10,hybrid_pageindex,microsoft/harrier-oss-v1-0.6b,node,10,financebench_id_01484,financebench_id_01484,JOHNSON_JOHNSON_2022Q4_EARNINGS,top_1,1,JOHNSON_JOHNSON_2022Q4_EARNINGS_0001,JOHNSON_JOHNSON_2023Q2_EARNINGS_0015,no,no_answer
FinanceBench::hybrid_pageindex_harrier_oss_v1_0_6b_top_m_10::financebench_id_01484::top_5,FinanceBench,hybrid_pageindex_harrier_oss_v1_0_6b_top_m_10,hybrid_pageindex,microsoft/harrier-oss-v1-0.6b,node,10,financebench_id_01484,financebench_id_01484,JOHNSON_JOHNSON_2022Q4_EARNINGS,top_5,5,JOHNSON_JOHNSON_2022Q4_EARNINGS_0001,JOHNSON_JOHNSON_2023Q2_EARNINGS_0015|JOHNSON_JOHNSON_2023Q2_EARNINGS_0012|JOHNSON_JOHNSON_2023Q2_EARNINGS_0000|JOHNSON_JOHNSON_2023Q2_EARNINGS_0013|JOHNSON_JOHNSON_2023Q2_EARNINGS_0008,no,no_answer
FinanceBench::hybrid_pageindex_harrier_oss_v1_0_6b_top_m_10::financebench_id_00956::top_1,FinanceBench,hybrid_pageindex_harrier_oss_v1_0_6b_top_m_10,hybrid_pageindex,microsoft/harrier-oss-v1-0.6b,node,10,financebench_id_00956,financebench_id_00956,JOHNSON_JOHNSON_2022_10K,top_1,1,JOHNSON_JOHNSON_2022_10K_0024,JOHNSON_JOHNSON_2022_10K_0024,yes,correct
FinanceBench::hybrid_pageindex_harrier_oss_v1_0_6b_top_m_10::financebench_id_01487::top_1,FinanceBench,hybrid_pageindex_harrier_oss_v1_0_6b_top_m_10,hybrid_pageindex,microsoft/harrier-oss-v1-0.6b,node,10,financebench_id_01487,financebench_id_01487,JOHNSON_JOHNSON_2023Q2_EARNINGS,top_1,1,JOHNSON_JOHNSON_2023Q2_EARNINGS_0012,JOHNSON_JOHNSON_2023Q2_EARNINGS_0015,no,no_answer
FinanceBench::hybrid_pageindex_harrier_oss_v1_0_6b_top_m_10::financebench_id_01487::top_5,FinanceBench,hybrid_pageindex_harrier_oss_v1_0_6b_top_m_10,hybrid_pageindex,microsoft/harrier-oss-v1-0.6b,node,10,financebench_id_01487,financebench_id_01487,JOHNSON_JOHNSON_2023Q2_EARNINGS,top_5,5,JOHNSON_JOHNSON_2023Q2_EARNINGS_0012,JOHNSON_JOHNSON_2023Q2_EARNINGS_0015|JOHNSON_JOHNSON_2023Q2_EARNINGS_0016|JOHNSON_JOHNSON_2023Q2_EARNINGS_0012|JOHNSON_JOHNSON_2023Q2_EARNINGS_0000|JOHNSON_JOHNSON_2023Q2_EARNINGS_0018,yes,correct
FinanceBench::hybrid_pageindex_harrier_oss_v1_0_6b_top_m_10::financebench_id_01488::top_1,FinanceBench,hybrid_pageindex_harrier_oss_v1_0_6b_top_m_10,hybrid_pageindex,microsoft/harrier-oss-v1-0.6b,node,10,financebench_id_01488,financebench_id_01488,JOHNSON_JOHNSON_2023_8K_dated-2023-08-30,top_1,1,JOHNSON_JOHNSON_2023_8K_dated_2023_08_30_0004_intro,JOHNSON_JOHNSON_2023_8K_dated_2023_08_30_0000,no,no_answer
FinanceBench::hybrid_pageindex_harrier_oss_v1_0_6b_top_m_10::financebench_id_01488::top_5,FinanceBench,hybrid_pageindex_harrier_oss_v1_0_6b_top_m_10,hybrid_pageindex,microsoft/harrier-oss-v1-0.6b,node,10,financebench_id_01488,financebench_id_01488,JOHNSON_JOHNSON_2023_8K_dated-2023-08-30,top_5,5,JOHNSON_JOHNSON_2023_8K_dated_2023_08_30_0004_intro,JOHNSON_JOHNSON_2023_8K_dated_2023_08_30_0000|JOHNSON_JOHNSON_2023_8K_dated_2023_08_30_0002|JOHNSON_JOHNSON_2023_8K_dated_2023_08_30_0003|JOHNSON_JOHNSON_2023_8K_dated_2023_08_30_0001|JOHNSON_JOHNSON_2023_8K_dated_2023_08_30_0008,no,no_answer
FinanceBench::hybrid_pageindex_harrier_oss_v1_0_6b_top_m_10::financebench_id_01490::top_1,FinanceBench,hybrid_pageindex_harrier_oss_v1_0_6b_top_m_10,hybrid_pageindex,microsoft/harrier-oss-v1-0.6b,node,10,financebench_id_01490,financebench_id_01490,JOHNSON_JOHNSON_2023_8K_dated-2023-08-30,top_1,1,JOHNSON_JOHNSON_2023_8K_dated_2023_08_30_0004_intro,JOHNSON_JOHNSON_2023_8K_dated_2023_08_30_0003,no,no_answer
FinanceBench::hybrid_pageindex_harrier_oss_v1_0_6b_top_m_10::financebench_id_01490::top_5,FinanceBench,hybrid_pageindex_harrier_oss_v1_0_6b_top_m_10,hybrid_pageindex,microsoft/harrier-oss-v1-0.6b,node,10,financebench_id_01490,financebench_id_01490,JOHNSON_JOHNSON_2023_8K_dated-2023-08-30,top_5,5,JOHNSON_JOHNSON_2023_8K_dated_2023_08_30_0004_intro,JOHNSON_JOHNSON_2023_8K_dated_2023_08_30_0003|JOHNSON_JOHNSON_2023_8K_dated_2023_08_30_0008|JOHNSON_JOHNSON_2023_8K_dated_2023_08_30_0001|JOHNSON_JOHNSON_2023_8K_dated_2023_08_30_0002|JOHNSON_JOHNSON_2023_8K_dated_2023_08_30_0004_intro,yes,correct
FinanceBench::hybrid_pageindex_harrier_oss_v1_0_6b_top_m_10::financebench_id_01491::top_1,FinanceBench,hybrid_pageindex_harrier_oss_v1_0_6b_top_m_10,hybrid_pageindex,microsoft/harrier-oss-v1-0.6b,node,10,financebench_id_01491,financebench_id_01491,JOHNSON_JOHNSON_2023_8K_dated-2023-08-30,top_1,1,JOHNSON_JOHNSON_2023_8K_dated_2023_08_30_0004_intro,JOHNSON_JOHNSON_2023_8K_dated_2023_08_30_0002,no,no_answer
FinanceBench::hybrid_pageindex_harrier_oss_v1_0_6b_top_m_10::financebench_id_01491::top_5,FinanceBench,hybrid_pageindex_harrier_oss_v1_0_6b_top_m_10,hybrid_pageindex,microsoft/harrier-oss-v1-0.6b,node,10,financebench_id_01491,financebench_id_01491,JOHNSON_JOHNSON_2023_8K_dated-2023-08-30,top_5,5,JOHNSON_JOHNSON_2023_8K_dated_2023_08_30_0004_intro,JOHNSON_JOHNSON_2023_8K_dated_2023_08_30_0002|JOHNSON_JOHNSON_2023_8K_dated_2023_08_30_0001|JOHNSON_JOHNSON_2023_8K_dated_2023_08_30_0003|JOHNSON_JOHNSON_2023_8K_dated_2023_08_30_0008|JOHNSON_JOHNSON_2023_8K_dated_2023_08_30_0004_intro,yes,correct
FinanceBench::hybrid_pageindex_harrier_oss_v1_0_6b_top_m_10::financebench_id_00299::top_1,FinanceBench,hybrid_pageindex_harrier_oss_v1_0_6b_top_m_10,hybrid_pageindex,microsoft/harrier-oss-v1-0.6b,node,10,financebench_id_00299,financebench_id_00299,JPMORGAN_2021Q1_10Q,top_1,1,JPMORGAN_2021Q1_10Q_0024,JPMORGAN_2021Q1_10Q_0040,no,no_answer
FinanceBench::hybrid_pageindex_harrier_oss_v1_0_6b_top_m_10::financebench_id_02119::top_1,FinanceBench,hybrid_pageindex_harrier_oss_v1_0_6b_top_m_10,hybrid_pageindex,microsoft/harrier-oss-v1-0.6b,node,10,financebench_id_02119,financebench_id_02119,JPMORGAN_2021Q1_10Q,top_1,1,JPMORGAN_2021Q1_10Q_0006,JPMORGAN_2021Q1_10Q_0046,no,no_answer
FinanceBench::hybrid_pageindex_harrier_oss_v1_0_6b_top_m_10::financebench_id_00394::top_1,FinanceBench,hybrid_pageindex_harrier_oss_v1_0_6b_top_m_10,hybrid_pageindex,microsoft/harrier-oss-v1-0.6b,node,10,financebench_id_00394,financebench_id_00394,JPMORGAN_2022Q2_10Q,top_1,1,JPMORGAN_2022Q2_10Q_0025,JPMORGAN_2023Q2_10Q_0052,no,no_answer
FinanceBench::hybrid_pageindex_harrier_oss_v1_0_6b_top_m_10::financebench_id_00206::top_1,FinanceBench,hybrid_pageindex_harrier_oss_v1_0_6b_top_m_10,hybrid_pageindex,microsoft/harrier-oss-v1-0.6b,node,10,financebench_id_00206,financebench_id_00206,JPMORGAN_2022_10K,top_1,1,JPMORGAN_2022_10K_0002,JPMORGAN_2021Q1_10Q_0021,no,no_answer
FinanceBench::hybrid_pageindex_harrier_oss_v1_0_6b_top_m_10::financebench_id_02049::top_1,FinanceBench,hybrid_pageindex_harrier_oss_v1_0_6b_top_m_10,hybrid_pageindex,microsoft/harrier-oss-v1-0.6b,node,10,financebench_id_02049,financebench_id_02049,JPMORGAN_2023Q2_10Q,top_1,1,JPMORGAN_2023Q2_10Q_0113,JPMORGAN_2023Q2_10Q_0015,no,no_answer
FinanceBench::hybrid_pageindex_harrier_oss_v1_0_6b_top_m_10::financebench_id_02049::top_5,FinanceBench,hybrid_pageindex_harrier_oss_v1_0_6b_top_m_10,hybrid_pageindex,microsoft/harrier-oss-v1-0.6b,node,10,financebench_id_02049,financebench_id_02049,JPMORGAN_2023Q2_10Q,top_5,5,JPMORGAN_2023Q2_10Q_0113,JPMORGAN_2023Q2_10Q_0015|JPMORGAN_2023Q2_10Q_0005|JPMORGAN_2023Q2_10Q_0012|JPMORGAN_2023Q2_10Q_0284|JPMORGAN_2023Q2_10Q_0132,no,no_answer
FinanceBench::hybrid_pageindex_harrier_oss_v1_0_6b_top_m_10::financebench_id_03031::top_1,FinanceBench,hybrid_pageindex_harrier_oss_v1_0_6b_top_m_10,hybrid_pageindex,microsoft/harrier-oss-v1-0.6b,node,10,financebench_id_03031,financebench_id_03031,LOCKHEEDMARTIN_2021_10K,top_1,1,LOCKHEEDMARTIN_2021_10K_0027,LOCKHEEDMARTIN_2022_10K_0057,no,no_answer
FinanceBench::hybrid_pageindex_harrier_oss_v1_0_6b_top_m_10::financebench_id_03031::top_5,FinanceBench,hybrid_pageindex_harrier_oss_v1_0_6b_top_m_10,hybrid_pageindex,microsoft/harrier-oss-v1-0.6b,node,10,financebench_id_03031,financebench_id_03031,LOCKHEEDMARTIN_2021_10K,top_5,5,LOCKHEEDMARTIN_2021_10K_0027,LOCKHEEDMARTIN_2022_10K_0057|LOCKHEEDMARTIN_2022_10K_0061|LOCKHEEDMARTIN_2022_10K_0058|LOCKHEEDMARTIN_2022_10K_0056|LOCKHEEDMARTIN_2022_10K_0038,no,no_answer
FinanceBench::hybrid_pageindex_harrier_oss_v1_0_6b_top_m_10::financebench_id_03718::top_1,FinanceBench,hybrid_pageindex_harrier_oss_v1_0_6b_top_m_10,hybrid_pageindex,microsoft/harrier-oss-v1-0.6b,node,10,financebench_id_03718,financebench_id_03718,LOCKHEEDMARTIN_2022_10K,top_1,1,LOCKHEEDMARTIN_2022_10K_0020,LOCKHEEDMARTIN_2022_10K_0026,no,no_answer
FinanceBench::hybrid_pageindex_harrier_oss_v1_0_6b_top_m_10::financebench_id_04171::top_1,FinanceBench,hybrid_pageindex_harrier_oss_v1_0_6b_top_m_10,hybrid_pageindex,microsoft/harrier-oss-v1-0.6b,node,10,financebench_id_04171,financebench_id_04171,MGMRESORTS_2018_10K,top_1,1,MGMRESORTS_2018_10K_0013,MGMRESORTS_2018_10K_0014,no,no_answer
FinanceBench::hybrid_pageindex_harrier_oss_v1_0_6b_top_m_10::financebench_id_00382::top_1,FinanceBench,hybrid_pageindex_harrier_oss_v1_0_6b_top_m_10,hybrid_pageindex,microsoft/harrier-oss-v1-0.6b,node,10,financebench_id_00382,financebench_id_00382,MGMRESORTS_2022Q4_EARNINGS,top_1,1,MGMRESORTS_2022Q4_EARNINGS_0019,MGMRESORTS_2022Q4_EARNINGS_0010,no,no_answer
FinanceBench::hybrid_pageindex_harrier_oss_v1_0_6b_top_m_10::financebench_id_00382::top_5,FinanceBench,hybrid_pageindex_harrier_oss_v1_0_6b_top_m_10,hybrid_pageindex,microsoft/harrier-oss-v1-0.6b,node,10,financebench_id_00382,financebench_id_00382,MGMRESORTS_2022Q4_EARNINGS,top_5,5,MGMRESORTS_2022Q4_EARNINGS_0019,MGMRESORTS_2022Q4_EARNINGS_0010|MGMRESORTS_2022Q4_EARNINGS_0011|MGMRESORTS_2022Q4_EARNINGS_0005|MGMRESORTS_2022Q4_EARNINGS_0003|MGMRESORTS_2022Q4_EARNINGS_0004,no,no_answer
FinanceBench::hybrid_pageindex_harrier_oss_v1_0_6b_top_m_10::financebench_id_01911::top_1,FinanceBench,hybrid_pageindex_harrier_oss_v1_0_6b_top_m_10,hybrid_pageindex,microsoft/harrier-oss-v1-0.6b,node,10,financebench_id_01911,financebench_id_01911,MGMRESORTS_2022Q4_EARNINGS,top_1,1,MGMRESORTS_2022Q4_EARNINGS_0019,MGMRESORTS_2022Q4_EARNINGS_0011,no,no_answer
FinanceBench::hybrid_pageindex_harrier_oss_v1_0_6b_top_m_10::financebench_id_01911::top_5,FinanceBench,hybrid_pageindex_harrier_oss_v1_0_6b_top_m_10,hybrid_pageindex,microsoft/harrier-oss-v1-0.6b,node,10,financebench_id_01911,financebench_id_01911,MGMRESORTS_2022Q4_EARNINGS,top_5,5,MGMRESORTS_2022Q4_EARNINGS_0019,MGMRESORTS_2022Q4_EARNINGS_0011|MGMRESORTS_2022Q4_EARNINGS_0010|MGMRESORTS_2022Q4_EARNINGS_0005|MGMRESORTS_2022Q4_EARNINGS_0003|MGMRESORTS_2022Q4_EARNINGS_0012,no,no_answer
FinanceBench::hybrid_pageindex_harrier_oss_v1_0_6b_top_m_10::financebench_id_01254::top_1,FinanceBench,hybrid_pageindex_harrier_oss_v1_0_6b_top_m_10,hybrid_pageindex,microsoft/harrier-oss-v1-0.6b,node,10,financebench_id_01254,financebench_id_01254,MGMRESORTS_2022_10K,top_1,1,MGMRESORTS_2022_10K_0008,MGMRESORTS_2022Q4_EARNINGS_0006,no,no_answer
FinanceBench::hybrid_pageindex_harrier_oss_v1_0_6b_top_m_10::financebench_id_01254::top_5,FinanceBench,hybrid_pageindex_harrier_oss_v1_0_6b_top_m_10,hybrid_pageindex,microsoft/harrier-oss-v1-0.6b,node,10,financebench_id_01254,financebench_id_01254,MGMRESORTS_2022_10K,top_5,5,MGMRESORTS_2022_10K_0008,MGMRESORTS_2022Q4_EARNINGS_0006|MGMRESORTS_2022Q4_EARNINGS_0008|MGMRESORTS_2022Q4_EARNINGS_0019|MGMRESORTS_2022Q4_EARNINGS_0003|MGMRESORTS_2022Q4_EARNINGS_0005,no,no_answer
FinanceBench::hybrid_pageindex_harrier_oss_v1_0_6b_top_m_10::financebench_id_00407::top_1,FinanceBench,hybrid_pageindex_harrier_oss_v1_0_6b_top_m_10,hybrid_pageindex,microsoft/harrier-oss-v1-0.6b,node,10,financebench_id_00407,financebench_id_00407,MGMRESORTS_2023Q2_10Q,top_1,1,MGMRESORTS_2023Q2_10Q_0005,MGMRESORTS_2023Q2_10Q_0006,no,correct
FinanceBench::hybrid_pageindex_harrier_oss_v1_0_6b_top_m_10::financebench_id_00407::top_5,FinanceBench,hybrid_pageindex_harrier_oss_v1_0_6b_top_m_10,hybrid_pageindex,microsoft/harrier-oss-v1-0.6b,node,10,financebench_id_00407,financebench_id_00407,MGMRESORTS_2023Q2_10Q,top_5,5,MGMRESORTS_2023Q2_10Q_0005,MGMRESORTS_2023Q2_10Q_0006|MGMRESORTS_2023Q2_10Q_0000|MGMRESORTS_2023Q2_10Q_0002|MGMRESORTS_2023Q2_10Q_0001|MGMRESORTS_2023Q2_10Q_0004,no,correct
FinanceBench::hybrid_pageindex_harrier_oss_v1_0_6b_top_m_10::financebench_id_04700::top_1,FinanceBench,hybrid_pageindex_harrier_oss_v1_0_6b_top_m_10,hybrid_pageindex,microsoft/harrier-oss-v1-0.6b,node,10,financebench_id_04700,financebench_id_04700,MICROSOFT_2016_10K,top_1,1,MICROSOFT_2016_10K_0014_intro,MICROSOFT_2023_10K_0014,no,no_answer
FinanceBench::hybrid_pageindex_harrier_oss_v1_0_6b_top_m_10::financebench_id_04700::top_5,FinanceBench,hybrid_pageindex_harrier_oss_v1_0_6b_top_m_10,hybrid_pageindex,microsoft/harrier-oss-v1-0.6b,node,10,financebench_id_04700,financebench_id_04700,MICROSOFT_2016_10K,top_5,5,MICROSOFT_2016_10K_0014_intro,MICROSOFT_2023_10K_0014|MICROSOFT_2023_10K_0012|MICROSOFT_2023_10K_0000|MICROSOFT_2023_10K_0011|MICROSOFT_2023_10K_0009,no,no_answer
FinanceBench::hybrid_pageindex_harrier_oss_v1_0_6b_top_m_10::financebench_id_00552::top_1,FinanceBench,hybrid_pageindex_harrier_oss_v1_0_6b_top_m_10,hybrid_pageindex,microsoft/harrier-oss-v1-0.6b,node,10,financebench_id_00552,financebench_id_00552,MICROSOFT_2023_10K,top_1,1,MICROSOFT_2023_10K_0014,MICROSOFT_2023_10K_0014,yes,correct
FinanceBench::hybrid_pageindex_harrier_oss_v1_0_6b_top_m_10::financebench_id_03282::top_1,FinanceBench,hybrid_pageindex_harrier_oss_v1_0_6b_top_m_10,hybrid_pageindex,microsoft/harrier-oss-v1-0.6b,node,10,financebench_id_03282,financebench_id_03282,NETFLIX_2017_10K,top_1,1,NETFLIX_2017_10K_0024,NETFLIX_2017_10K_0024,yes,correct
FinanceBench::hybrid_pageindex_harrier_oss_v1_0_6b_top_m_10::financebench_id_04302::top_1,FinanceBench,hybrid_pageindex_harrier_oss_v1_0_6b_top_m_10,hybrid_pageindex,microsoft/harrier-oss-v1-0.6b,node,10,financebench_id_04302,financebench_id_04302,NIKE_2018_10K,top_1,1,NIKE_2018_10K_0026,NIKE_2018_10K_0023,no,correct
FinanceBench::hybrid_pageindex_harrier_oss_v1_0_6b_top_m_10::financebench_id_03531::top_1,FinanceBench,hybrid_pageindex_harrier_oss_v1_0_6b_top_m_10,hybrid_pageindex,microsoft/harrier-oss-v1-0.6b,node,10,financebench_id_03531,financebench_id_03531,NIKE_2019_10K,top_1,1,NIKE_2019_10K_0026,NIKE_2023_10K_0026,no,no_answer
FinanceBench::hybrid_pageindex_harrier_oss_v1_0_6b_top_m_10::financebench_id_03531::top_5,FinanceBench,hybrid_pageindex_harrier_oss_v1_0_6b_top_m_10,hybrid_pageindex,microsoft/harrier-oss-v1-0.6b,node,10,financebench_id_03531,financebench_id_03531,NIKE_2019_10K,top_5,5,NIKE_2019_10K_0026,NIKE_2023_10K_0026|NIKE_2023_10K_0024|NIKE_2023_10K_0000|NIKE_2023_10K_0020|NIKE_2023_10K_0021,no,no_answer
FinanceBench::hybrid_pageindex_harrier_oss_v1_0_6b_top_m_10::financebench_id_01163::top_1,FinanceBench,hybrid_pageindex_harrier_oss_v1_0_6b_top_m_10,hybrid_pageindex,microsoft/harrier-oss-v1-0.6b,node,10,financebench_id_01163,financebench_id_01163,NIKE_2023_10K,top_1,1,NIKE_2023_10K_0026,NIKE_2023_10K_0024,no,correct
FinanceBench::hybrid_pageindex_harrier_oss_v1_0_6b_top_m_10::financebench_id_01163::top_5,FinanceBench,hybrid_pageindex_harrier_oss_v1_0_6b_top_m_10,hybrid_pageindex,microsoft/harrier-oss-v1-0.6b,node,10,financebench_id_01163,financebench_id_01163,NIKE_2023_10K,top_5,5,NIKE_2023_10K_0026,NIKE_2023_10K_0024|NIKE_2023_10K_0000|NIKE_2023_10K_0009|NIKE_2023_10K_0026|NIKE_2023_10K_0006,yes,correct
FinanceBench::hybrid_pageindex_harrier_oss_v1_0_6b_top_m_10::financebench_id_04980::top_1,FinanceBench,hybrid_pageindex_harrier_oss_v1_0_6b_top_m_10,hybrid_pageindex,microsoft/harrier-oss-v1-0.6b,node,10,financebench_id_04980,financebench_id_04980,PEPSICO_2021_10K,top_1,1,PEPSICO_2021_10K_0123,PEPSICO_2021_10K_0136,no,no_answer
FinanceBench::hybrid_pageindex_harrier_oss_v1_0_6b_top_m_10::financebench_id_00735::top_1,FinanceBench,hybrid_pageindex_harrier_oss_v1_0_6b_top_m_10,hybrid_pageindex,microsoft/harrier-oss-v1-0.6b,node,10,financebench_id_00735,financebench_id_00735,PEPSICO_2022_10K,top_1,1,PEPSICO_2022_10K_0058,PEPSICO_2021_10K_0061,no,correct
FinanceBench::hybrid_pageindex_harrier_oss_v1_0_6b_top_m_10::financebench_id_00735::top_5,FinanceBench,hybrid_pageindex_harrier_oss_v1_0_6b_top_m_10,hybrid_pageindex,microsoft/harrier-oss-v1-0.6b,node,10,financebench_id_00735,financebench_id_00735,PEPSICO_2022_10K,top_5,5,PEPSICO_2022_10K_0058,PEPSICO_2021_10K_0061|PEPSICO_2021_10K_0019|PEPSICO_2021_10K_0018|PEPSICO_2021_10K_0059|PEPSICO_2021_10K_0000,no,no_answer
FinanceBench::hybrid_pageindex_harrier_oss_v1_0_6b_top_m_10::financebench_id_01328::top_1,FinanceBench,hybrid_pageindex_harrier_oss_v1_0_6b_top_m_10,hybrid_pageindex,microsoft/harrier-oss-v1-0.6b,node,10,financebench_id_01328,financebench_id_01328,PEPSICO_2022_10K,top_1,1,PEPSICO_2022_10K_0150,PEPSICO_2023Q1_EARNINGS_0010,no,no_answer
FinanceBench::hybrid_pageindex_harrier_oss_v1_0_6b_top_m_10::financebench_id_01328::top_5,FinanceBench,hybrid_pageindex_harrier_oss_v1_0_6b_top_m_10,hybrid_pageindex,microsoft/harrier-oss-v1-0.6b,node,10,financebench_id_01328,financebench_id_01328,PEPSICO_2022_10K,top_5,5,PEPSICO_2022_10K_0150,PEPSICO_2023Q1_EARNINGS_0010|PEPSICO_2023Q1_EARNINGS_0002|PEPSICO_2023Q1_EARNINGS_0004|PEPSICO_2023Q1_EARNINGS_0003|PEPSICO_2023Q1_EARNINGS_0011,no,no_answer
FinanceBench::hybrid_pageindex_harrier_oss_v1_0_6b_top_m_10::financebench_id_01474::top_1,FinanceBench,hybrid_pageindex_harrier_oss_v1_0_6b_top_m_10,hybrid_pageindex,microsoft/harrier-oss-v1-0.6b,node,10,financebench_id_01474,financebench_id_01474,PEPSICO_2023Q1_EARNINGS,top_1,1,PEPSICO_2023Q1_EARNINGS_0000,PEPSICO_2023Q1_EARNINGS_0002,no,no_answer
FinanceBench::hybrid_pageindex_harrier_oss_v1_0_6b_top_m_10::financebench_id_01474::top_5,FinanceBench,hybrid_pageindex_harrier_oss_v1_0_6b_top_m_10,hybrid_pageindex,microsoft/harrier-oss-v1-0.6b,node,10,financebench_id_01474,financebench_id_01474,PEPSICO_2023Q1_EARNINGS,top_5,5,PEPSICO_2023Q1_EARNINGS_0000,PEPSICO_2023Q1_EARNINGS_0002|PEPSICO_2023Q1_EARNINGS_0003|PEPSICO_2023Q1_EARNINGS_0000|PEPSICO_2023Q1_EARNINGS_0012|PEPSICO_2023Q1_EARNINGS_0009,yes,correct
FinanceBench::hybrid_pageindex_harrier_oss_v1_0_6b_top_m_10::financebench_id_01476::top_1,FinanceBench,hybrid_pageindex_harrier_oss_v1_0_6b_top_m_10,hybrid_pageindex,microsoft/harrier-oss-v1-0.6b,node,10,financebench_id_01476,financebench_id_01476,PEPSICO_2023Q1_EARNINGS,top_1,1,PEPSICO_2023Q1_EARNINGS_0000,PEPSICO_2023Q1_EARNINGS_0002,no,correct
FinanceBench::hybrid_pageindex_harrier_oss_v1_0_6b_top_m_10::financebench_id_01476::top_5,FinanceBench,hybrid_pageindex_harrier_oss_v1_0_6b_top_m_10,hybrid_pageindex,microsoft/harrier-oss-v1-0.6b,node,10,financebench_id_01476,financebench_id_01476,PEPSICO_2023Q1_EARNINGS,top_5,5,PEPSICO_2023Q1_EARNINGS_0000,PEPSICO_2023Q1_EARNINGS_0002|PEPSICO_2023Q1_EARNINGS_0003|PEPSICO_2023Q1_EARNINGS_0000|PEPSICO_2023Q1_EARNINGS_0009|PEPSICO_2023Q1_EARNINGS_0001,yes,correct
FinanceBench::hybrid_pageindex_harrier_oss_v1_0_6b_top_m_10::financebench_id_01482::top_1,FinanceBench,hybrid_pageindex_harrier_oss_v1_0_6b_top_m_10,hybrid_pageindex,microsoft/harrier-oss-v1-0.6b,node,10,financebench_id_01482,financebench_id_01482,PEPSICO_2023_8K_dated-2023-05-05,top_1,1,PEPSICO_2023_8K_dated_2023_05_05_0001,PEPSICO_2023_8K_dated_2023_05_05_0001,yes,correct
FinanceBench::hybrid_pageindex_harrier_oss_v1_0_6b_top_m_10::financebench_id_01482::top_5,FinanceBench,hybrid_pageindex_harrier_oss_v1_0_6b_top_m_10,hybrid_pageindex,microsoft/harrier-oss-v1-0.6b,node,10,financebench_id_01482,financebench_id_01482,PEPSICO_2023_8K_dated-2023-05-05,top_5,5,PEPSICO_2023_8K_dated_2023_05_05_0001,PEPSICO_2023_8K_dated_2023_05_05_0001|PEPSICO_2023_8K_dated_2023_05_05_0000|PEPSICO_2023_8K_dated_2023_05_05_0002,yes,correct
FinanceBench::hybrid_pageindex_harrier_oss_v1_0_6b_top_m_10::financebench_id_00705::top_1,FinanceBench,hybrid_pageindex_harrier_oss_v1_0_6b_top_m_10,hybrid_pageindex,microsoft/harrier-oss-v1-0.6b,node,10,financebench_id_00705,financebench_id_00705,PEPSICO_2023_8K_dated-2023-05-30,top_1,1,PEPSICO_2023_8K_dated_2023_05_30_0001,PEPSICO_2023_8K_dated_2023_05_30_0001,yes,correct
FinanceBench::hybrid_pageindex_harrier_oss_v1_0_6b_top_m_10::financebench_id_00705::top_5,FinanceBench,hybrid_pageindex_harrier_oss_v1_0_6b_top_m_10,hybrid_pageindex,microsoft/harrier-oss-v1-0.6b,node,10,financebench_id_00705,financebench_id_00705,PEPSICO_2023_8K_dated-2023-05-30,top_5,5,PEPSICO_2023_8K_dated_2023_05_30_0001,PEPSICO_2023_8K_dated_2023_05_30_0001|PEPSICO_2023_8K_dated_2023_05_30_0071|PEPSICO_2023_8K_dated_2023_05_30_0005|PEPSICO_2023_8K_dated_2023_05_30_0004|PEPSICO_2023_8K_dated_2023_05_30_0002,yes,correct
FinanceBench::hybrid_pageindex_harrier_oss_v1_0_6b_top_m_10::financebench_id_00882::top_1,FinanceBench,hybrid_pageindex_harrier_oss_v1_0_6b_top_m_10,hybrid_pageindex,microsoft/harrier-oss-v1-0.6b,node,10,financebench_id_00882,financebench_id_00882,PEPSICO_2023_8K_dated-2023-05-30,top_1,1,PEPSICO_2023_8K_dated_2023_05_30_0001,PEPSICO_2023_8K_dated_2023_05_30_0001,yes,correct
FinanceBench::hybrid_pageindex_harrier_oss_v1_0_6b_top_m_10::financebench_id_00882::top_5,FinanceBench,hybrid_pageindex_harrier_oss_v1_0_6b_top_m_10,hybrid_pageindex,microsoft/harrier-oss-v1-0.6b,node,10,financebench_id_00882,financebench_id_00882,PEPSICO_2023_8K_dated-2023-05-30,top_5,5,PEPSICO_2023_8K_dated_2023_05_30_0001,PEPSICO_2023_8K_dated_2023_05_30_0001|PEPSICO_2023_8K_dated_2023_05_30_0005|PEPSICO_2023_8K_dated_2023_05_30_0071|PEPSICO_2023_8K_dated_2023_05_30_0004|PEPSICO_2023_8K_dated_2023_05_30_0002,yes,correct
FinanceBench::hybrid_pageindex_harrier_oss_v1_0_6b_top_m_10::financebench_id_00302::top_1,FinanceBench,hybrid_pageindex_harrier_oss_v1_0_6b_top_m_10,hybrid_pageindex,microsoft/harrier-oss-v1-0.6b,node,10,financebench_id_00302,financebench_id_00302,PFIZER_2021_10K,top_1,1,PFIZER_2021_10K_0038,PFIZER_2021_10K_0026,no,no_answer
FinanceBench::hybrid_pageindex_harrier_oss_v1_0_6b_top_m_10::financebench_id_00302::top_5,FinanceBench,hybrid_pageindex_harrier_oss_v1_0_6b_top_m_10,hybrid_pageindex,microsoft/harrier-oss-v1-0.6b,node,10,financebench_id_00302,financebench_id_00302,PFIZER_2021_10K,top_5,5,PFIZER_2021_10K_0038,PFIZER_2021_10K_0026|PFIZER_2021_10K_0000|PFIZER_2021_10K_0155|PFIZER_2021_10K_0025|PFIZER_2021_10K_0003,no,no_answer
FinanceBench::hybrid_pageindex_harrier_oss_v1_0_6b_top_m_10::financebench_id_00702::top_1,FinanceBench,hybrid_pageindex_harrier_oss_v1_0_6b_top_m_10,hybrid_pageindex,microsoft/harrier-oss-v1-0.6b,node,10,financebench_id_00702,financebench_id_00702,PFIZER_2021_10K,top_1,1,PFIZER_2021_10K_0036,PFIZER_2021_10K_0154,no,no_answer
FinanceBench::hybrid_pageindex_harrier_oss_v1_0_6b_top_m_10::financebench_id_00601::top_1,FinanceBench,hybrid_pageindex_harrier_oss_v1_0_6b_top_m_10,hybrid_pageindex,microsoft/harrier-oss-v1-0.6b,node,10,financebench_id_00601,financebench_id_00601,ULTABEAUTY_2023Q4_EARNINGS,top_1,1,ULTABEAUTY_2023Q4_EARNINGS_0002,AMCOR_2023Q4_EARNINGS_0017,no,no_answer
FinanceBench::hybrid_pageindex_harrier_oss_v1_0_6b_top_m_10::financebench_id_00601::top_5,FinanceBench,hybrid_pageindex_harrier_oss_v1_0_6b_top_m_10,hybrid_pageindex,microsoft/harrier-oss-v1-0.6b,node,10,financebench_id_00601,financebench_id_00601,ULTABEAUTY_2023Q4_EARNINGS,top_5,5,ULTABEAUTY_2023Q4_EARNINGS_0002,AMCOR_2023Q4_EARNINGS_0017|AMCOR_2023Q4_EARNINGS_0016|AMCOR_2023Q4_EARNINGS_0010|AMCOR_2023Q4_EARNINGS_0005|AMCOR_2023Q4_EARNINGS_0009,no,no_answer
FinanceBench::hybrid_pageindex_harrier_oss_v1_0_6b_top_m_10::financebench_id_00605::top_1,FinanceBench,hybrid_pageindex_harrier_oss_v1_0_6b_top_m_10,hybrid_pageindex,microsoft/harrier-oss-v1-0.6b,node,10,financebench_id_00605,financebench_id_00605,ULTABEAUTY_2023Q4_EARNINGS,top_1,1,ULTABEAUTY_2023Q4_EARNINGS_0004,ULTABEAUTY_2023Q4_EARNINGS_0009,no,no_answer
FinanceBench::hybrid_pageindex_harrier_oss_v1_0_6b_top_m_10::financebench_id_00605::top_5,FinanceBench,hybrid_pageindex_harrier_oss_v1_0_6b_top_m_10,hybrid_pageindex,microsoft/harrier-oss-v1-0.6b,node,10,financebench_id_00605,financebench_id_00605,ULTABEAUTY_2023Q4_EARNINGS,top_5,5,ULTABEAUTY_2023Q4_EARNINGS_0004,ULTABEAUTY_2023Q4_EARNINGS_0009|ULTABEAUTY_2023Q4_EARNINGS_0001|ULTABEAUTY_2023Q4_EARNINGS_0000_intro|ULTABEAUTY_2023Q4_EARNINGS_0007|ULTABEAUTY_2023Q4_EARNINGS_0002,no,no_answer
FinanceBench::hybrid_pageindex_harrier_oss_v1_0_6b_top_m_10::financebench_id_00606::top_1,FinanceBench,hybrid_pageindex_harrier_oss_v1_0_6b_top_m_10,hybrid_pageindex,microsoft/harrier-oss-v1-0.6b,node,10,financebench_id_00606,financebench_id_00606,ULTABEAUTY_2023Q4_EARNINGS,top_1,1,ULTABEAUTY_2023Q4_EARNINGS_0002,ULTABEAUTY_2023Q4_EARNINGS_0000_intro,no,no_answer
FinanceBench::hybrid_pageindex_harrier_oss_v1_0_6b_top_m_10::financebench_id_00606::top_5,FinanceBench,hybrid_pageindex_harrier_oss_v1_0_6b_top_m_10,hybrid_pageindex,microsoft/harrier-oss-v1-0.6b,node,10,financebench_id_00606,financebench_id_00606,ULTABEAUTY_2023Q4_EARNINGS,top_5,5,ULTABEAUTY_2023Q4_EARNINGS_0002,ULTABEAUTY_2023Q4_EARNINGS_0000_intro|ULTABEAUTY_2023Q4_EARNINGS_0001|ULTABEAUTY_2023Q4_EARNINGS_0010|ULTABEAUTY_2023Q4_EARNINGS_0009|ULTABEAUTY_2023Q4_EARNINGS_0002,yes,no_answer
FinanceBench::hybrid_pageindex_harrier_oss_v1_0_6b_top_m_10::financebench_id_00746::top_1,FinanceBench,hybrid_pageindex_harrier_oss_v1_0_6b_top_m_10,hybrid_pageindex,microsoft/harrier-oss-v1-0.6b,node,10,financebench_id_00746,financebench_id_00746,ULTABEAUTY_2023_10K,top_1,1,ULTABEAUTY_2023_10K_0000,ULTABEAUTY_2023_10K_0011,no,no_answer
FinanceBench::hybrid_pageindex_harrier_oss_v1_0_6b_top_m_10::financebench_id_00746::top_5,FinanceBench,hybrid_pageindex_harrier_oss_v1_0_6b_top_m_10,hybrid_pageindex,microsoft/harrier-oss-v1-0.6b,node,10,financebench_id_00746,financebench_id_00746,ULTABEAUTY_2023_10K,top_5,5,ULTABEAUTY_2023_10K_0000,ULTABEAUTY_2023_10K_0011|ULTABEAUTY_2023_10K_0000|ULTABEAUTY_2023_10K_0013|ULTABEAUTY_2023_10K_0027|ULTABEAUTY_2023_10K_0028,yes,correct
FinanceBench::hybrid_pageindex_harrier_oss_v1_0_6b_top_m_10::financebench_id_00521::top_1,FinanceBench,hybrid_pageindex_harrier_oss_v1_0_6b_top_m_10,hybrid_pageindex,microsoft/harrier-oss-v1-0.6b,node,10,financebench_id_00521,financebench_id_00521,ULTABEAUTY_2023_10K,top_1,1,ULTABEAUTY_2023_10K_0027,ULTABEAUTY_2023_10K_0003,no,no_answer
FinanceBench::hybrid_pageindex_harrier_oss_v1_0_6b_top_m_10::financebench_id_00521::top_5,FinanceBench,hybrid_pageindex_harrier_oss_v1_0_6b_top_m_10,hybrid_pageindex,microsoft/harrier-oss-v1-0.6b,node,10,financebench_id_00521,financebench_id_00521,ULTABEAUTY_2023_10K,top_5,5,ULTABEAUTY_2023_10K_0027,ULTABEAUTY_2023_10K_0003|ULTABEAUTY_2023_10K_0013|ULTABEAUTY_2023_10K_0002|ULTABEAUTY_2023_10K_0011|ULTABEAUTY_2023_10K_0012,no,no_answer
FinanceBench::hybrid_pageindex_harrier_oss_v1_0_6b_top_m_10::financebench_id_00859::top_1,FinanceBench,hybrid_pageindex_harrier_oss_v1_0_6b_top_m_10,hybrid_pageindex,microsoft/harrier-oss-v1-0.6b,node,10,financebench_id_00859,financebench_id_00859,VERIZON_2021_10K,top_1,1,VERIZON_2021_10K_0098_intro,VERIZON_2021_10K_0008,no,no_answer
FinanceBench::hybrid_pageindex_harrier_oss_v1_0_6b_top_m_10::financebench_id_00859::top_5,FinanceBench,hybrid_pageindex_harrier_oss_v1_0_6b_top_m_10,hybrid_pageindex,microsoft/harrier-oss-v1-0.6b,node,10,financebench_id_00859,financebench_id_00859,VERIZON_2021_10K,top_5,5,VERIZON_2021_10K_0098_intro,VERIZON_2021_10K_0008|VERIZON_2021_10K_0011|VERIZON_2021_10K_0012|VERIZON_2021_10K_0010|VERIZON_2021_10K_0147,no,correct
FinanceBench::hybrid_pageindex_harrier_oss_v1_0_6b_top_m_10::financebench_id_00216::top_1,FinanceBench,hybrid_pageindex_harrier_oss_v1_0_6b_top_m_10,hybrid_pageindex,microsoft/harrier-oss-v1-0.6b,node,10,financebench_id_00216,financebench_id_00216,VERIZON_2022_10K,top_1,1,VERIZON_2022_10K_0018,VERIZON_2022_10K_0010,no,no_answer
FinanceBench::hybrid_pageindex_harrier_oss_v1_0_6b_top_m_10::financebench_id_00216::top_5,FinanceBench,hybrid_pageindex_harrier_oss_v1_0_6b_top_m_10,hybrid_pageindex,microsoft/harrier-oss-v1-0.6b,node,10,financebench_id_00216,financebench_id_00216,VERIZON_2022_10K,top_5,5,VERIZON_2022_10K_0018,VERIZON_2022_10K_0010|VERIZON_2022_10K_0012|VERIZON_2022_10K_0000|VERIZON_2022_10K_0005|VERIZON_2022_10K_0006,no,no_answer
FinanceBench::hybrid_pageindex_harrier_oss_v1_0_6b_top_m_10::financebench_id_00566::top_1,FinanceBench,hybrid_pageindex_harrier_oss_v1_0_6b_top_m_10,hybrid_pageindex,microsoft/harrier-oss-v1-0.6b,node,10,financebench_id_00566,financebench_id_00566,VERIZON_2022_10K,top_1,1,VERIZON_2022_10K_0068_intro,VERIZON_2022_10K_0010,no,no_answer
FinanceBench::hybrid_pageindex_linq_embed_mistral_top_m_10::financebench_id_03029::top_1,FinanceBench,hybrid_pageindex_linq_embed_mistral_top_m_10,hybrid_pageindex,Linq-AI-Research/Linq-Embed-Mistral,node,10,financebench_id_03029,financebench_id_03029,3M_2018_10K,top_1,1,3M_2018_10K_0031,3M_2018_10K_0032,no,no_answer
FinanceBench::hybrid_pageindex_linq_embed_mistral_top_m_10::financebench_id_03029::top_5,FinanceBench,hybrid_pageindex_linq_embed_mistral_top_m_10,hybrid_pageindex,Linq-AI-Research/Linq-Embed-Mistral,node,10,financebench_id_03029,financebench_id_03029,3M_2018_10K,top_5,5,3M_2018_10K_0031,3M_2018_10K_0032|3M_2018_10K_0041|3M_2018_10K_0019|3M_2018_10K_0042|3M_2018_10K_0011,no,no_answer
FinanceBench::hybrid_pageindex_linq_embed_mistral_top_m_10::financebench_id_01865::top_1,FinanceBench,hybrid_pageindex_linq_embed_mistral_top_m_10,hybrid_pageindex,Linq-AI-Research/Linq-Embed-Mistral,node,10,financebench_id_01865,financebench_id_01865,3M_2022_10K,top_1,1,3M_2022_10K_0011,3M_2022_10K_0013,no,correct
FinanceBench::hybrid_pageindex_linq_embed_mistral_top_m_10::financebench_id_01865::top_5,FinanceBench,hybrid_pageindex_linq_embed_mistral_top_m_10,hybrid_pageindex,Linq-AI-Research/Linq-Embed-Mistral,node,10,financebench_id_01865,financebench_id_01865,3M_2022_10K,top_5,5,3M_2022_10K_0011,3M_2022_10K_0013|3M_2022_10K_0012|3M_2022_10K_0033|3M_2022_10K_0011|3M_2022_10K_0035,yes,correct
FinanceBench::hybrid_pageindex_linq_embed_mistral_top_m_10::financebench_id_00941::top_1,FinanceBench,hybrid_pageindex_linq_embed_mistral_top_m_10,hybrid_pageindex,Linq-AI-Research/Linq-Embed-Mistral,node,10,financebench_id_00941,financebench_id_00941,3M_2023Q2_10Q,top_1,1,3M_2023Q2_10Q_0000,JPMORGAN_2023Q2_10Q_0477,no,no_answer
FinanceBench::hybrid_pageindex_linq_embed_mistral_top_m_10::financebench_id_00941::top_5,FinanceBench,hybrid_pageindex_linq_embed_mistral_top_m_10,hybrid_pageindex,Linq-AI-Research/Linq-Embed-Mistral,node,10,financebench_id_00941,financebench_id_00941,3M_2023Q2_10Q,top_5,5,3M_2023Q2_10Q_0000,JPMORGAN_2023Q2_10Q_0477|JPMORGAN_2023Q2_10Q_0468|JPMORGAN_2023Q2_10Q_0474|JPMORGAN_2023Q2_10Q_0473|JPMORGAN_2023Q2_10Q_0475,no,no_answer
FinanceBench::hybrid_pageindex_linq_embed_mistral_top_m_10::financebench_id_07507::top_1,FinanceBench,hybrid_pageindex_linq_embed_mistral_top_m_10,hybrid_pageindex,Linq-AI-Research/Linq-Embed-Mistral,node,10,financebench_id_07507,financebench_id_07507,ADOBE_2016_10K,top_1,1,ADOBE_2016_10K_0014_intro,ADOBE_2016_10K_0009,no,no_answer
FinanceBench::hybrid_pageindex_linq_embed_mistral_top_m_10::financebench_id_07507::top_5,FinanceBench,hybrid_pageindex_linq_embed_mistral_top_m_10,hybrid_pageindex,Linq-AI-Research/Linq-Embed-Mistral,node,10,financebench_id_07507,financebench_id_07507,ADOBE_2016_10K,top_5,5,ADOBE_2016_10K_0014_intro,ADOBE_2016_10K_0009|ADOBE_2016_10K_0008|ADOBE_2016_10K_0011|ADOBE_2016_10K_0000|ADOBE_2016_10K_0001,no,correct
FinanceBench::hybrid_pageindex_linq_embed_mistral_top_m_10::financebench_id_00438::top_1,FinanceBench,hybrid_pageindex_linq_embed_mistral_top_m_10,hybrid_pageindex,Linq-AI-Research/Linq-Embed-Mistral,node,10,financebench_id_00438,financebench_id_00438,ADOBE_2022_10K,top_1,1,ADOBE_2022_10K_0013,ADOBE_2022_10K_0002,no,no_answer
FinanceBench::hybrid_pageindex_linq_embed_mistral_top_m_10::financebench_id_00591::top_1,FinanceBench,hybrid_pageindex_linq_embed_mistral_top_m_10,hybrid_pageindex,Linq-AI-Research/Linq-Embed-Mistral,node,10,financebench_id_00591,financebench_id_00591,ADOBE_2022_10K,top_1,1,ADOBE_2022_10K_0013,ADOBE_2022_10K_0011,no,no_answer
FinanceBench::hybrid_pageindex_linq_embed_mistral_top_m_10::financebench_id_00591::top_5,FinanceBench,hybrid_pageindex_linq_embed_mistral_top_m_10,hybrid_pageindex,Linq-AI-Research/Linq-Embed-Mistral,node,10,financebench_id_00591,financebench_id_00591,ADOBE_2022_10K,top_5,5,ADOBE_2022_10K_0013,ADOBE_2022_10K_0011|ADOBE_2022_10K_0013|ADOBE_2022_10K_0000|ADOBE_2022_10K_0008|ADOBE_2022_10K_0025,yes,no_answer
FinanceBench::hybrid_pageindex_linq_embed_mistral_top_m_10::financebench_id_01319::top_1,FinanceBench,hybrid_pageindex_linq_embed_mistral_top_m_10,hybrid_pageindex,Linq-AI-Research/Linq-Embed-Mistral,node,10,financebench_id_01319,financebench_id_01319,AES_2022_10K,top_1,1,AES_2022_10K_0171,AES_2022_10K_0171,yes,correct
FinanceBench::hybrid_pageindex_linq_embed_mistral_top_m_10::financebench_id_01319::top_5,FinanceBench,hybrid_pageindex_linq_embed_mistral_top_m_10,hybrid_pageindex,Linq-AI-Research/Linq-Embed-Mistral,node,10,financebench_id_01319,financebench_id_01319,AES_2022_10K,top_5,5,AES_2022_10K_0171,AES_2022_10K_0171|AES_2022_10K_0202|AES_2022_10K_0203|AES_2022_10K_0196|AES_2022_10K_0172,yes,correct
FinanceBench::hybrid_pageindex_linq_embed_mistral_top_m_10::financebench_id_08135::top_1,FinanceBench,hybrid_pageindex_linq_embed_mistral_top_m_10,hybrid_pageindex,Linq-AI-Research/Linq-Embed-Mistral,node,10,financebench_id_08135,financebench_id_08135,AMAZON_2017_10K,top_1,1,AMAZON_2017_10K_0013,AMAZON_2017_10K_0009,no,no_answer
FinanceBench::hybrid_pageindex_linq_embed_mistral_top_m_10::financebench_id_08286::top_1,FinanceBench,hybrid_pageindex_linq_embed_mistral_top_m_10,hybrid_pageindex,Linq-AI-Research/Linq-Embed-Mistral,node,10,financebench_id_08286,financebench_id_08286,AMAZON_2019_10K,top_1,1,AMAZON_2019_10K_0016,AMAZON_2019_10K_0016,yes,correct
FinanceBench::hybrid_pageindex_linq_embed_mistral_top_m_10::financebench_id_08286::top_5,FinanceBench,hybrid_pageindex_linq_embed_mistral_top_m_10,hybrid_pageindex,Linq-AI-Research/Linq-Embed-Mistral,node,10,financebench_id_08286,financebench_id_08286,AMAZON_2019_10K,top_5,5,AMAZON_2019_10K_0016,AMAZON_2019_10K_0016|AMAZON_2019_10K_0002|AMAZON_2019_10K_0000|AMAZON_2019_10K_0025|AMAZON_2019_10K_0012,yes,correct
FinanceBench::hybrid_pageindex_linq_embed_mistral_top_m_10::financebench_id_03882::top_1,FinanceBench,hybrid_pageindex_linq_embed_mistral_top_m_10,hybrid_pageindex,Linq-AI-Research/Linq-Embed-Mistral,node,10,financebench_id_03882,financebench_id_03882,AMCOR_2020_10K,top_1,1,AMCOR_2020_10K_0017,AMCOR_2020_10K_0010,no,no_answer
FinanceBench::hybrid_pageindex_linq_embed_mistral_top_m_10::financebench_id_03882::top_5,FinanceBench,hybrid_pageindex_linq_embed_mistral_top_m_10,hybrid_pageindex,Linq-AI-Research/Linq-Embed-Mistral,node,10,financebench_id_03882,financebench_id_03882,AMCOR_2020_10K,top_5,5,AMCOR_2020_10K_0017,AMCOR_2020_10K_0010|AMCOR_2020_10K_0017|AMCOR_2020_10K_0015|AMCOR_2020_10K_0014|AMCOR_2020_10K_0000,yes,correct
FinanceBench::hybrid_pageindex_linq_embed_mistral_top_m_10::financebench_id_01935::top_1,FinanceBench,hybrid_pageindex_linq_embed_mistral_top_m_10,hybrid_pageindex,Linq-AI-Research/Linq-Embed-Mistral,node,10,financebench_id_01935,financebench_id_01935,AMCOR_2022_8K_dated-2022-07-01,top_1,1,AMCOR_2022_8K_dated_2022_07_01_0001,AMCOR_2022_8K_dated_2022_07_01_0000,no,no_answer
FinanceBench::hybrid_pageindex_linq_embed_mistral_top_m_10::financebench_id_01936::top_1,FinanceBench,hybrid_pageindex_linq_embed_mistral_top_m_10,hybrid_pageindex,Linq-AI-Research/Linq-Embed-Mistral,node,10,financebench_id_01936,financebench_id_01936,AMCOR_2023Q2_10Q,top_1,1,AMCOR_2023Q2_10Q_0011,AMCOR_2023Q2_10Q_0005,no,no_answer
FinanceBench::hybrid_pageindex_linq_embed_mistral_top_m_10::financebench_id_01936::top_5,FinanceBench,hybrid_pageindex_linq_embed_mistral_top_m_10,hybrid_pageindex,Linq-AI-Research/Linq-Embed-Mistral,node,10,financebench_id_01936,financebench_id_01936,AMCOR_2023Q2_10Q,top_5,5,AMCOR_2023Q2_10Q_0011,AMCOR_2023Q2_10Q_0005|AMCOR_2023Q2_10Q_0011|AMCOR_2023Q2_10Q_0012|AMCOR_2023Q2_10Q_0003|AMCOR_2023Q2_10Q_0015,yes,correct
FinanceBench::hybrid_pageindex_linq_embed_mistral_top_m_10::financebench_id_01928::top_1,FinanceBench,hybrid_pageindex_linq_embed_mistral_top_m_10,hybrid_pageindex,Linq-AI-Research/Linq-Embed-Mistral,node,10,financebench_id_01928,financebench_id_01928,AMCOR_2023Q4_EARNINGS,top_1,1,AMCOR_2023Q4_EARNINGS_0018,AMCOR_2023Q4_EARNINGS_0018,yes,correct
FinanceBench::hybrid_pageindex_linq_embed_mistral_top_m_10::financebench_id_01928::top_5,FinanceBench,hybrid_pageindex_linq_embed_mistral_top_m_10,hybrid_pageindex,Linq-AI-Research/Linq-Embed-Mistral,node,10,financebench_id_01928,financebench_id_01928,AMCOR_2023Q4_EARNINGS,top_5,5,AMCOR_2023Q4_EARNINGS_0018,AMCOR_2023Q4_EARNINGS_0018|AMCOR_2023Q4_EARNINGS_0000|AMCOR_2023Q4_EARNINGS_0019|AMCOR_2023Q4_EARNINGS_0012|AMCOR_2023Q4_EARNINGS_0004,yes,correct
FinanceBench::hybrid_pageindex_linq_embed_mistral_top_m_10::financebench_id_01930::top_1,FinanceBench,hybrid_pageindex_linq_embed_mistral_top_m_10,hybrid_pageindex,Linq-AI-Research/Linq-Embed-Mistral,node,10,financebench_id_01930,financebench_id_01930,AMCOR_2023Q4_EARNINGS,top_1,1,AMCOR_2023Q4_EARNINGS_0017,AMCOR_2023Q4_EARNINGS_0005,no,no_answer
FinanceBench::hybrid_pageindex_linq_embed_mistral_top_m_10::financebench_id_00799::top_1,FinanceBench,hybrid_pageindex_linq_embed_mistral_top_m_10,hybrid_pageindex,Linq-AI-Research/Linq-Embed-Mistral,node,10,financebench_id_00799,financebench_id_00799,AMCOR_2023_10K,top_1,1,AMCOR_2023_10K_0016,AMCOR_2023Q2_10Q_0005,no,no_answer
FinanceBench::hybrid_pageindex_linq_embed_mistral_top_m_10::financebench_id_00799::top_5,FinanceBench,hybrid_pageindex_linq_embed_mistral_top_m_10,hybrid_pageindex,Linq-AI-Research/Linq-Embed-Mistral,node,10,financebench_id_00799,financebench_id_00799,AMCOR_2023_10K,top_5,5,AMCOR_2023_10K_0016,AMCOR_2023Q2_10Q_0005|AMCOR_2023Q2_10Q_0012|AMCOR_2023Q2_10Q_0013|AMCOR_2023Q2_10Q_0004|AMCOR_2023Q2_10Q_0015,no,no_answer
FinanceBench::hybrid_pageindex_linq_embed_mistral_top_m_10::financebench_id_01079::top_1,FinanceBench,hybrid_pageindex_linq_embed_mistral_top_m_10,hybrid_pageindex,Linq-AI-Research/Linq-Embed-Mistral,node,10,financebench_id_01079,financebench_id_01079,AMCOR_2023_10K,top_1,1,AMCOR_2023_10K_0019,AMCOR_2020_10K_0010,no,no_answer
FinanceBench::hybrid_pageindex_linq_embed_mistral_top_m_10::financebench_id_01079::top_5,FinanceBench,hybrid_pageindex_linq_embed_mistral_top_m_10,hybrid_pageindex,Linq-AI-Research/Linq-Embed-Mistral,node,10,financebench_id_01079,financebench_id_01079,AMCOR_2023_10K,top_5,5,AMCOR_2023_10K_0019,AMCOR_2020_10K_0010|AMCOR_2020_10K_0000|AMCOR_2020_10K_0002|AMCOR_2020_10K_0011|AMCOR_2020_10K_0001,no,no_answer
FinanceBench::hybrid_pageindex_linq_embed_mistral_top_m_10::financebench_id_01148::top_1,FinanceBench,hybrid_pageindex_linq_embed_mistral_top_m_10,hybrid_pageindex,Linq-AI-Research/Linq-Embed-Mistral,node,10,financebench_id_01148,financebench_id_01148,AMCOR_2023_10K,top_1,1,AMCOR_2023_10K_0001,AMCOR_2020_10K_0002,no,correct
FinanceBench::hybrid_pageindex_linq_embed_mistral_top_m_10::financebench_id_01148::top_5,FinanceBench,hybrid_pageindex_linq_embed_mistral_top_m_10,hybrid_pageindex,Linq-AI-Research/Linq-Embed-Mistral,node,10,financebench_id_01148,financebench_id_01148,AMCOR_2023_10K,top_5,5,AMCOR_2023_10K_0001,AMCOR_2020_10K_0002|AMCOR_2020_10K_0021|AMCOR_2020_10K_0001|AMCOR_2020_10K_0000|AMCOR_2020_10K_0103,no,correct
FinanceBench::hybrid_pageindex_linq_embed_mistral_top_m_10::financebench_id_00684::top_1,FinanceBench,hybrid_pageindex_linq_embed_mistral_top_m_10,hybrid_pageindex,Linq-AI-Research/Linq-Embed-Mistral,node,10,financebench_id_00684,financebench_id_00684,AMCOR_2023_10K,top_1,1,AMCOR_2023_10K_0014,AMCOR_2023_10K_0002,no,no_answer
FinanceBench::hybrid_pageindex_linq_embed_mistral_top_m_10::financebench_id_00222::top_1,FinanceBench,hybrid_pageindex_linq_embed_mistral_top_m_10,hybrid_pageindex,Linq-AI-Research/Linq-Embed-Mistral,node,10,financebench_id_00222,financebench_id_00222,AMD_2022_10K,top_1,1,AMD_2022_10K_0014,AMD_2022_10K_0011,no,no_answer
FinanceBench::hybrid_pageindex_linq_embed_mistral_top_m_10::financebench_id_00222::top_5,FinanceBench,hybrid_pageindex_linq_embed_mistral_top_m_10,hybrid_pageindex,Linq-AI-Research/Linq-Embed-Mistral,node,10,financebench_id_00222,financebench_id_00222,AMD_2022_10K,top_5,5,AMD_2022_10K_0014,AMD_2022_10K_0011|AMD_2022_10K_0012|AMD_2022_10K_0008|AMD_2022_10K_0003|AMD_2022_10K_0010,no,no_answer
FinanceBench::hybrid_pageindex_linq_embed_mistral_top_m_10::financebench_id_01198::top_1,FinanceBench,hybrid_pageindex_linq_embed_mistral_top_m_10,hybrid_pageindex,Linq-AI-Research/Linq-Embed-Mistral,node,10,financebench_id_01198,financebench_id_01198,AMD_2022_10K,top_1,1,AMD_2022_10K_0012,AMD_2022_10K_0011,no,no_answer
FinanceBench::hybrid_pageindex_linq_embed_mistral_top_m_10::financebench_id_00917::top_1,FinanceBench,hybrid_pageindex_linq_embed_mistral_top_m_10,hybrid_pageindex,Linq-AI-Research/Linq-Embed-Mistral,node,10,financebench_id_00917,financebench_id_00917,AMD_2022_10K,top_1,1,AMD_2022_10K_0012,AMD_2022_10K_0011,no,no_answer
FinanceBench::hybrid_pageindex_linq_embed_mistral_top_m_10::financebench_id_01279::top_1,FinanceBench,hybrid_pageindex_linq_embed_mistral_top_m_10,hybrid_pageindex,Linq-AI-Research/Linq-Embed-Mistral,node,10,financebench_id_01279,financebench_id_01279,AMD_2022_10K,top_1,1,AMD_2022_10K_0014,AMD_2022_10K_0012,no,correct
FinanceBench::hybrid_pageindex_linq_embed_mistral_top_m_10::financebench_id_00563::top_1,FinanceBench,hybrid_pageindex_linq_embed_mistral_top_m_10,hybrid_pageindex,Linq-AI-Research/Linq-Embed-Mistral,node,10,financebench_id_00563,financebench_id_00563,AMD_2022_10K,top_1,1,AMD_2022_10K_0012,AMD_2022_10K_0011,no,no_answer
FinanceBench::hybrid_pageindex_linq_embed_mistral_top_m_10::financebench_id_00563::top_5,FinanceBench,hybrid_pageindex_linq_embed_mistral_top_m_10,hybrid_pageindex,Linq-AI-Research/Linq-Embed-Mistral,node,10,financebench_id_00563,financebench_id_00563,AMD_2022_10K,top_5,5,AMD_2022_10K_0012,AMD_2022_10K_0011|AMD_2022_10K_0003|AMD_2022_10K_0012|AMD_2022_10K_0001|AMD_2022_10K_0018,yes,correct
FinanceBench::hybrid_pageindex_linq_embed_mistral_top_m_10::financebench_id_00476::top_1,FinanceBench,hybrid_pageindex_linq_embed_mistral_top_m_10,hybrid_pageindex,Linq-AI-Research/Linq-Embed-Mistral,node,10,financebench_id_00476,financebench_id_00476,AMERICANEXPRESS_2022_10K,top_1,1,AMERICANEXPRESS_2022_10K_0000,AMERICANEXPRESS_2022_10K_0013,no,no_answer
FinanceBench::hybrid_pageindex_linq_embed_mistral_top_m_10::financebench_id_00476::top_5,FinanceBench,hybrid_pageindex_linq_embed_mistral_top_m_10,hybrid_pageindex,Linq-AI-Research/Linq-Embed-Mistral,node,10,financebench_id_00476,financebench_id_00476,AMERICANEXPRESS_2022_10K,top_5,5,AMERICANEXPRESS_2022_10K_0000,AMERICANEXPRESS_2022_10K_0013|AMERICANEXPRESS_2022_10K_0011|AMERICANEXPRESS_2022_10K_0012|AMERICANEXPRESS_2022_10K_0000|AMERICANEXPRESS_2022_10K_0134_intro,yes,correct
FinanceBench::hybrid_pageindex_linq_embed_mistral_top_m_10::financebench_id_00723::top_1,FinanceBench,hybrid_pageindex_linq_embed_mistral_top_m_10,hybrid_pageindex,Linq-AI-Research/Linq-Embed-Mistral,node,10,financebench_id_00723,financebench_id_00723,AMERICANEXPRESS_2022_10K,top_1,1,AMERICANEXPRESS_2022_10K_0028,AMERICANEXPRESS_2022_10K_0003,no,no_answer
FinanceBench::hybrid_pageindex_linq_embed_mistral_top_m_10::financebench_id_01351::top_1,FinanceBench,hybrid_pageindex_linq_embed_mistral_top_m_10,hybrid_pageindex,Linq-AI-Research/Linq-Embed-Mistral,node,10,financebench_id_01351,financebench_id_01351,AMERICANEXPRESS_2022_10K,top_1,1,AMERICANEXPRESS_2022_10K_0016,AMERICANEXPRESS_2022_10K_0000,no,no_answer
FinanceBench::hybrid_pageindex_linq_embed_mistral_top_m_10::financebench_id_01351::top_5,FinanceBench,hybrid_pageindex_linq_embed_mistral_top_m_10,hybrid_pageindex,Linq-AI-Research/Linq-Embed-Mistral,node,10,financebench_id_01351,financebench_id_01351,AMERICANEXPRESS_2022_10K,top_5,5,AMERICANEXPRESS_2022_10K_0016,AMERICANEXPRESS_2022_10K_0000|AMERICANEXPRESS_2022_10K_0017|AMERICANEXPRESS_2022_10K_0134_intro|AMERICANEXPRESS_2022_10K_0202|AMERICANEXPRESS_2022_10K_0026,no,correct
FinanceBench::hybrid_pageindex_linq_embed_mistral_top_m_10::financebench_id_01964::top_1,FinanceBench,hybrid_pageindex_linq_embed_mistral_top_m_10,hybrid_pageindex,Linq-AI-Research/Linq-Embed-Mistral,node,10,financebench_id_01964,financebench_id_01964,AMERICANEXPRESS_2022_10K,top_1,1,AMERICANEXPRESS_2022_10K_0028,AMERICANEXPRESS_2022_10K_0019,no,no_answer
FinanceBench::hybrid_pageindex_linq_embed_mistral_top_m_10::financebench_id_01981::top_1,FinanceBench,hybrid_pageindex_linq_embed_mistral_top_m_10,hybrid_pageindex,Linq-AI-Research/Linq-Embed-Mistral,node,10,financebench_id_01981,financebench_id_01981,AMERICANEXPRESS_2022_10K,top_1,1,AMERICANEXPRESS_2022_10K_0016,AMERICANEXPRESS_2022_10K_0019,no,no_answer
FinanceBench::hybrid_pageindex_linq_embed_mistral_top_m_10::financebench_id_01981::top_5,FinanceBench,hybrid_pageindex_linq_embed_mistral_top_m_10,hybrid_pageindex,Linq-AI-Research/Linq-Embed-Mistral,node,10,financebench_id_01981,financebench_id_01981,AMERICANEXPRESS_2022_10K,top_5,5,AMERICANEXPRESS_2022_10K_0016,AMERICANEXPRESS_2022_10K_0019|AMERICANEXPRESS_2022_10K_0017|AMERICANEXPRESS_2022_10K_0018|AMERICANEXPRESS_2022_10K_0003|AMERICANEXPRESS_2022_10K_0022,no,correct
FinanceBench::hybrid_pageindex_linq_embed_mistral_top_m_10::financebench_id_04417::top_1,FinanceBench,hybrid_pageindex_linq_embed_mistral_top_m_10,hybrid_pageindex,Linq-AI-Research/Linq-Embed-Mistral,node,10,financebench_id_04417,financebench_id_04417,BESTBUY_2019_10K,top_1,1,BESTBUY_2019_10K_0064,BESTBUY_2019_10K_0011,no,no_answer
FinanceBench::hybrid_pageindex_linq_embed_mistral_top_m_10::financebench_id_04417::top_5,FinanceBench,hybrid_pageindex_linq_embed_mistral_top_m_10,hybrid_pageindex,Linq-AI-Research/Linq-Embed-Mistral,node,10,financebench_id_04417,financebench_id_04417,BESTBUY_2019_10K,top_5,5,BESTBUY_2019_10K_0064,BESTBUY_2019_10K_0011|BESTBUY_2019_10K_0176|BESTBUY_2019_10K_0013|BESTBUY_2019_10K_0010|BESTBUY_2019_10K_0009,no,no_answer
FinanceBench::hybrid_pageindex_linq_embed_mistral_top_m_10::financebench_id_01077::top_1,FinanceBench,hybrid_pageindex_linq_embed_mistral_top_m_10,hybrid_pageindex,Linq-AI-Research/Linq-Embed-Mistral,node,10,financebench_id_01077,financebench_id_01077,BESTBUY_2023_10K,top_1,1,BESTBUY_2023_10K_0014,BESTBUY_2023_10K_0011,no,no_answer
FinanceBench::hybrid_pageindex_linq_embed_mistral_top_m_10::financebench_id_01077::top_5,FinanceBench,hybrid_pageindex_linq_embed_mistral_top_m_10,hybrid_pageindex,Linq-AI-Research/Linq-Embed-Mistral,node,10,financebench_id_01077,financebench_id_01077,BESTBUY_2023_10K,top_5,5,BESTBUY_2023_10K_0014,BESTBUY_2023_10K_0011|BESTBUY_2023_10K_0001|BESTBUY_2023_10K_0000|BESTBUY_2023_10K_0028|BESTBUY_2023_10K_0002,no,no_answer
FinanceBench::hybrid_pageindex_linq_embed_mistral_top_m_10::financebench_id_01275::top_1,FinanceBench,hybrid_pageindex_linq_embed_mistral_top_m_10,hybrid_pageindex,Linq-AI-Research/Linq-Embed-Mistral,node,10,financebench_id_01275,financebench_id_01275,BESTBUY_2023_10K,top_1,1,BESTBUY_2023_10K_0014,BESTBUY_2023_10K_0012,no,correct
FinanceBench::hybrid_pageindex_linq_embed_mistral_top_m_10::financebench_id_01275::top_5,FinanceBench,hybrid_pageindex_linq_embed_mistral_top_m_10,hybrid_pageindex,Linq-AI-Research/Linq-Embed-Mistral,node,10,financebench_id_01275,financebench_id_01275,BESTBUY_2023_10K,top_5,5,BESTBUY_2023_10K_0014,BESTBUY_2023_10K_0012|BESTBUY_2023_10K_0011|BESTBUY_2023_10K_0014|BESTBUY_2023_10K_0001|BESTBUY_2023_10K_0000,yes,correct
FinanceBench::hybrid_pageindex_linq_embed_mistral_top_m_10::financebench_id_00288::top_1,FinanceBench,hybrid_pageindex_linq_embed_mistral_top_m_10,hybrid_pageindex,Linq-AI-Research/Linq-Embed-Mistral,node,10,financebench_id_00288,financebench_id_00288,BESTBUY_2024Q2_10Q,top_1,1,BESTBUY_2024Q2_10Q_0009,JPMORGAN_2023Q2_10Q_0138,no,no_answer
FinanceBench::hybrid_pageindex_linq_embed_mistral_top_m_10::financebench_id_00288::top_5,FinanceBench,hybrid_pageindex_linq_embed_mistral_top_m_10,hybrid_pageindex,Linq-AI-Research/Linq-Embed-Mistral,node,10,financebench_id_00288,financebench_id_00288,BESTBUY_2024Q2_10Q,top_5,5,BESTBUY_2024Q2_10Q_0009,JPMORGAN_2023Q2_10Q_0138|JPMORGAN_2023Q2_10Q_0475|JPMORGAN_2023Q2_10Q_0283|JPMORGAN_2023Q2_10Q_0474|JPMORGAN_2023Q2_10Q_0473,no,no_answer
FinanceBench::hybrid_pageindex_linq_embed_mistral_top_m_10::financebench_id_00460::top_5,FinanceBench,hybrid_pageindex_linq_embed_mistral_top_m_10,hybrid_pageindex,Linq-AI-Research/Linq-Embed-Mistral,node,10,financebench_id_00460,financebench_id_00460,BESTBUY_2024Q2_10Q,top_5,5,BESTBUY_2024Q2_10Q_0009,BESTBUY_2024Q2_10Q_0009|BESTBUY_2024Q2_10Q_0016|BESTBUY_2024Q2_10Q_0000|BESTBUY_2024Q2_10Q_0001|BESTBUY_2024Q2_10Q_0017,yes,incorrect
FinanceBench::hybrid_pageindex_linq_embed_mistral_top_m_10::financebench_id_01902::top_1,FinanceBench,hybrid_pageindex_linq_embed_mistral_top_m_10,hybrid_pageindex,Linq-AI-Research/Linq-Embed-Mistral,node,10,financebench_id_01902,financebench_id_01902,BESTBUY_2024Q2_10Q,top_1,1,BESTBUY_2024Q2_10Q_0009,BESTBUY_2024Q2_10Q_0009,yes,incorrect
FinanceBench::hybrid_pageindex_linq_embed_mistral_top_m_10::financebench_id_01902::top_5,FinanceBench,hybrid_pageindex_linq_embed_mistral_top_m_10,hybrid_pageindex,Linq-AI-Research/Linq-Embed-Mistral,node,10,financebench_id_01902,financebench_id_01902,BESTBUY_2024Q2_10Q,top_5,5,BESTBUY_2024Q2_10Q_0009,BESTBUY_2024Q2_10Q_0009|BESTBUY_2024Q2_10Q_0016|BESTBUY_2024Q2_10Q_0000|BESTBUY_2024Q2_10Q_0001|BESTBUY_2024Q2_10Q_0017,yes,incorrect
FinanceBench::hybrid_pageindex_linq_embed_mistral_top_m_10::financebench_id_04660::top_1,FinanceBench,hybrid_pageindex_linq_embed_mistral_top_m_10,hybrid_pageindex,Linq-AI-Research/Linq-Embed-Mistral,node,10,financebench_id_04660,financebench_id_04660,BLOCK_2016_10K,top_1,1,BLOCK_2016_10K_0058,BLOCK_2016_10K_0059,no,no_answer
FinanceBench::hybrid_pageindex_linq_embed_mistral_top_m_10::financebench_id_04660::top_5,FinanceBench,hybrid_pageindex_linq_embed_mistral_top_m_10,hybrid_pageindex,Linq-AI-Research/Linq-Embed-Mistral,node,10,financebench_id_04660,financebench_id_04660,BLOCK_2016_10K,top_5,5,BLOCK_2016_10K_0058,BLOCK_2016_10K_0059|BLOCK_2016_10K_0089|BLOCK_2016_10K_0090|BLOCK_2016_10K_0088|BLOCK_2016_10K_0087,no,no_answer
FinanceBench::hybrid_pageindex_linq_embed_mistral_top_m_10::financebench_id_03838::top_1,FinanceBench,hybrid_pageindex_linq_embed_mistral_top_m_10,hybrid_pageindex,Linq-AI-Research/Linq-Embed-Mistral,node,10,financebench_id_03838,financebench_id_03838,BLOCK_2020_10K,top_1,1,BLOCK_2020_10K_0071,BLOCK_2020_10K_0072,no,no_answer
FinanceBench::hybrid_pageindex_linq_embed_mistral_top_m_10::financebench_id_07661::top_1,FinanceBench,hybrid_pageindex_linq_embed_mistral_top_m_10,hybrid_pageindex,Linq-AI-Research/Linq-Embed-Mistral,node,10,financebench_id_07661,financebench_id_07661,BLOCK_2020_10K,top_1,1,BLOCK_2020_10K_0074,BLOCK_2020_10K_0075,no,no_answer
FinanceBench::hybrid_pageindex_linq_embed_mistral_top_m_10::financebench_id_07661::top_5,FinanceBench,hybrid_pageindex_linq_embed_mistral_top_m_10,hybrid_pageindex,Linq-AI-Research/Linq-Embed-Mistral,node,10,financebench_id_07661,financebench_id_07661,BLOCK_2020_10K,top_5,5,BLOCK_2020_10K_0074,BLOCK_2020_10K_0075|BLOCK_2020_10K_0094|BLOCK_2020_10K_0117|BLOCK_2020_10K_0072|BLOCK_2020_10K_0001,no,no_answer
FinanceBench::hybrid_pageindex_linq_embed_mistral_top_m_10::financebench_id_10285::top_1,FinanceBench,hybrid_pageindex_linq_embed_mistral_top_m_10,hybrid_pageindex,Linq-AI-Research/Linq-Embed-Mistral,node,10,financebench_id_10285,financebench_id_10285,BOEING_2018_10K,top_1,1,BOEING_2018_10K_0016,BOEING_2018_10K_0031,no,correct
FinanceBench::hybrid_pageindex_linq_embed_mistral_top_m_10::financebench_id_10285::top_5,FinanceBench,hybrid_pageindex_linq_embed_mistral_top_m_10,hybrid_pageindex,Linq-AI-Research/Linq-Embed-Mistral,node,10,financebench_id_10285,financebench_id_10285,BOEING_2018_10K,top_5,5,BOEING_2018_10K_0016,BOEING_2018_10K_0031|BOEING_2018_10K_0016|BOEING_2018_10K_0039|BOEING_2018_10K_0018|BOEING_2018_10K_0014,yes,correct
FinanceBench::hybrid_pageindex_linq_embed_mistral_top_m_10::financebench_id_00517::top_1,FinanceBench,hybrid_pageindex_linq_embed_mistral_top_m_10,hybrid_pageindex,Linq-AI-Research/Linq-Embed-Mistral,node,10,financebench_id_00517,financebench_id_00517,BOEING_2022_10K,top_1,1,BOEING_2022_10K_0023,BOEING_2022_10K_0005,no,no_answer
FinanceBench::hybrid_pageindex_linq_embed_mistral_top_m_10::financebench_id_00464::top_1,FinanceBench,hybrid_pageindex_linq_embed_mistral_top_m_10,hybrid_pageindex,Linq-AI-Research/Linq-Embed-Mistral,node,10,financebench_id_00464,financebench_id_00464,BOEING_2022_10K,top_1,1,BOEING_2022_10K_0007,BOEING_2018_10K_0002,no,no_answer
FinanceBench::hybrid_pageindex_linq_embed_mistral_top_m_10::financebench_id_00464::top_5,FinanceBench,hybrid_pageindex_linq_embed_mistral_top_m_10,hybrid_pageindex,Linq-AI-Research/Linq-Embed-Mistral,node,10,financebench_id_00464,financebench_id_00464,BOEING_2022_10K,top_5,5,BOEING_2022_10K_0007,BOEING_2018_10K_0002|BOEING_2018_10K_0000|BOEING_2018_10K_0001|BOEING_2018_10K_0020|BOEING_2018_10K_0021,no,no_answer
FinanceBench::hybrid_pageindex_linq_embed_mistral_top_m_10::financebench_id_00585::top_1,FinanceBench,hybrid_pageindex_linq_embed_mistral_top_m_10,hybrid_pageindex,Linq-AI-Research/Linq-Embed-Mistral,node,10,financebench_id_00585,financebench_id_00585,BOEING_2022_10K,top_1,1,BOEING_2022_10K_0018,BOEING_2022_10K_0027,no,incorrect
FinanceBench::hybrid_pageindex_linq_embed_mistral_top_m_10::financebench_id_00585::top_5,FinanceBench,hybrid_pageindex_linq_embed_mistral_top_m_10,hybrid_pageindex,Linq-AI-Research/Linq-Embed-Mistral,node,10,financebench_id_00585,financebench_id_00585,BOEING_2022_10K,top_5,5,BOEING_2022_10K_0018,BOEING_2022_10K_0027|BOEING_2022_10K_0028|BOEING_2022_10K_0018|BOEING_2022_10K_0025|BOEING_2022_10K_0019,yes,incorrect
FinanceBench::hybrid_pageindex_linq_embed_mistral_top_m_10::financebench_id_09724::top_5,FinanceBench,hybrid_pageindex_linq_embed_mistral_top_m_10,hybrid_pageindex,Linq-AI-Research/Linq-Embed-Mistral,node,10,financebench_id_09724,financebench_id_09724,COCACOLA_2021_10K,top_5,5,COCACOLA_2021_10K_0016,COCACOLA_2021_10K_0016|COCACOLA_2021_10K_0029|COCACOLA_2021_10K_0031|COCACOLA_2021_10K_0030|COCACOLA_2021_10K_0120,yes,correct
FinanceBench::hybrid_pageindex_linq_embed_mistral_top_m_10::financebench_id_02981::top_1,FinanceBench,hybrid_pageindex_linq_embed_mistral_top_m_10,hybrid_pageindex,Linq-AI-Research/Linq-Embed-Mistral,node,10,financebench_id_02981,financebench_id_02981,CORNING_2021_10K,top_1,1,CORNING_2021_10K_0140,CORNING_2022_10K_0062_intro,no,no_answer
FinanceBench::hybrid_pageindex_linq_embed_mistral_top_m_10::financebench_id_02981::top_5,FinanceBench,hybrid_pageindex_linq_embed_mistral_top_m_10,hybrid_pageindex,Linq-AI-Research/Linq-Embed-Mistral,node,10,financebench_id_02981,financebench_id_02981,CORNING_2021_10K,top_5,5,CORNING_2021_10K_0140,CORNING_2022_10K_0062_intro|CORNING_2022_10K_0064|CORNING_2022_10K_0060|CORNING_2022_10K_0063|CORNING_2022_10K_0070,no,no_answer
FinanceBench::hybrid_pageindex_linq_embed_mistral_top_m_10::financebench_id_01346::top_1,FinanceBench,hybrid_pageindex_linq_embed_mistral_top_m_10,hybrid_pageindex,Linq-AI-Research/Linq-Embed-Mistral,node,10,financebench_id_01346,financebench_id_01346,CORNING_2022_10K,top_1,1,CORNING_2022_10K_0062_intro,CORNING_2022_10K_0060,no,no_answer
FinanceBench::hybrid_pageindex_linq_embed_mistral_top_m_10::financebench_id_04209::top_1,FinanceBench,hybrid_pageindex_linq_embed_mistral_top_m_10,hybrid_pageindex,Linq-AI-Research/Linq-Embed-Mistral,node,10,financebench_id_04209,financebench_id_04209,COSTCO_2021_10K,top_1,1,COSTCO_2021_10K_0013,COSTCO_2021_10K_0013,yes,correct
FinanceBench::hybrid_pageindex_linq_embed_mistral_top_m_10::financebench_id_04209::top_5,FinanceBench,hybrid_pageindex_linq_embed_mistral_top_m_10,hybrid_pageindex,Linq-AI-Research/Linq-Embed-Mistral,node,10,financebench_id_04209,financebench_id_04209,COSTCO_2021_10K,top_5,5,COSTCO_2021_10K_0013,COSTCO_2021_10K_0013|COSTCO_2021_10K_0000|COSTCO_2021_10K_0001|COSTCO_2021_10K_0009|COSTCO_2021_10K_0010,yes,correct
FinanceBench::hybrid_pageindex_linq_embed_mistral_top_m_10::financebench_id_01244::top_1,FinanceBench,hybrid_pageindex_linq_embed_mistral_top_m_10,hybrid_pageindex,Linq-AI-Research/Linq-Embed-Mistral,node,10,financebench_id_01244,financebench_id_01244,CVSHEALTH_2022_10K,top_1,1,CVSHEALTH_2022_10K_0119,CVSHEALTH_2022_10K_0120,no,correct
FinanceBench::hybrid_pageindex_linq_embed_mistral_top_m_10::financebench_id_01244::top_5,FinanceBench,hybrid_pageindex_linq_embed_mistral_top_m_10,hybrid_pageindex,Linq-AI-Research/Linq-Embed-Mistral,node,10,financebench_id_01244,financebench_id_01244,CVSHEALTH_2022_10K,top_5,5,CVSHEALTH_2022_10K_0119,CVSHEALTH_2022_10K_0120|CVSHEALTH_2022_10K_0118|CVSHEALTH_2022_10K_0119|CVSHEALTH_2022_10K_0238|CVSHEALTH_2022_10K_0124_intro,yes,correct
FinanceBench::hybrid_pageindex_linq_embed_mistral_top_m_10::financebench_id_00839::top_1,FinanceBench,hybrid_pageindex_linq_embed_mistral_top_m_10,hybrid_pageindex,Linq-AI-Research/Linq-Embed-Mistral,node,10,financebench_id_00839,financebench_id_00839,FOOTLOCKER_2022_8K_dated_2022-08-19,top_1,1,FOOTLOCKER_2022_8K_dated_2022_08_19_0001,FOOTLOCKER_2022_8K_dated_2022_08_19_0041_intro,no,correct
FinanceBench::hybrid_pageindex_linq_embed_mistral_top_m_10::financebench_id_03471::top_1,FinanceBench,hybrid_pageindex_linq_embed_mistral_top_m_10,hybrid_pageindex,Linq-AI-Research/Linq-Embed-Mistral,node,10,financebench_id_03471,financebench_id_03471,GENERALMILLS_2020_10K,top_1,1,GENERALMILLS_2020_10K_0018,GENERALMILLS_2020_10K_0026,no,no_answer
FinanceBench::hybrid_pageindex_linq_embed_mistral_top_m_10::financebench_id_03471::top_5,FinanceBench,hybrid_pageindex_linq_embed_mistral_top_m_10,hybrid_pageindex,Linq-AI-Research/Linq-Embed-Mistral,node,10,financebench_id_03471,financebench_id_03471,GENERALMILLS_2020_10K,top_5,5,GENERALMILLS_2020_10K_0018,GENERALMILLS_2020_10K_0026|GENERALMILLS_2020_10K_0018|GENERALMILLS_2020_10K_0020|GENERALMILLS_2020_10K_0017|GENERALMILLS_2020_10K_0019,yes,correct
FinanceBench::hybrid_pageindex_linq_embed_mistral_top_m_10::financebench_id_04854::top_1,FinanceBench,hybrid_pageindex_linq_embed_mistral_top_m_10,hybrid_pageindex,Linq-AI-Research/Linq-Embed-Mistral,node,10,financebench_id_04854,financebench_id_04854,GENERALMILLS_2020_10K,top_1,1,GENERALMILLS_2020_10K_0020,GENERALMILLS_2020_10K_0020,yes,correct
FinanceBench::hybrid_pageindex_linq_embed_mistral_top_m_10::financebench_id_01484::top_1,FinanceBench,hybrid_pageindex_linq_embed_mistral_top_m_10,hybrid_pageindex,Linq-AI-Research/Linq-Embed-Mistral,node,10,financebench_id_01484,financebench_id_01484,JOHNSON_JOHNSON_2022Q4_EARNINGS,top_1,1,JOHNSON_JOHNSON_2022Q4_EARNINGS_0001,JOHNSON_JOHNSON_2023Q2_EARNINGS_0001,no,no_answer
FinanceBench::hybrid_pageindex_linq_embed_mistral_top_m_10::financebench_id_01484::top_5,FinanceBench,hybrid_pageindex_linq_embed_mistral_top_m_10,hybrid_pageindex,Linq-AI-Research/Linq-Embed-Mistral,node,10,financebench_id_01484,financebench_id_01484,JOHNSON_JOHNSON_2022Q4_EARNINGS,top_5,5,JOHNSON_JOHNSON_2022Q4_EARNINGS_0001,JOHNSON_JOHNSON_2023Q2_EARNINGS_0001|JOHNSON_JOHNSON_2023Q2_EARNINGS_0014|JOHNSON_JOHNSON_2023Q2_EARNINGS_0015|JOHNSON_JOHNSON_2023Q2_EARNINGS_0002|JOHNSON_JOHNSON_2023Q2_EARNINGS_0013,no,no_answer
FinanceBench::hybrid_pageindex_linq_embed_mistral_top_m_10::financebench_id_00956::top_1,FinanceBench,hybrid_pageindex_linq_embed_mistral_top_m_10,hybrid_pageindex,Linq-AI-Research/Linq-Embed-Mistral,node,10,financebench_id_00956,financebench_id_00956,JOHNSON_JOHNSON_2022_10K,top_1,1,JOHNSON_JOHNSON_2022_10K_0024,JOHNSON_JOHNSON_2023Q2_EARNINGS_0000,no,no_answer
FinanceBench::hybrid_pageindex_linq_embed_mistral_top_m_10::financebench_id_00956::top_5,FinanceBench,hybrid_pageindex_linq_embed_mistral_top_m_10,hybrid_pageindex,Linq-AI-Research/Linq-Embed-Mistral,node,10,financebench_id_00956,financebench_id_00956,JOHNSON_JOHNSON_2022_10K,top_5,5,JOHNSON_JOHNSON_2022_10K_0024,JOHNSON_JOHNSON_2023Q2_EARNINGS_0000|JOHNSON_JOHNSON_2023Q2_EARNINGS_0009|JOHNSON_JOHNSON_2023Q2_EARNINGS_0004|JOHNSON_JOHNSON_2023Q2_EARNINGS_0008|JOHNSON_JOHNSON_2023Q2_EARNINGS_0005,no,no_answer
FinanceBench::hybrid_pageindex_linq_embed_mistral_top_m_10::financebench_id_00669::top_1,FinanceBench,hybrid_pageindex_linq_embed_mistral_top_m_10,hybrid_pageindex,Linq-AI-Research/Linq-Embed-Mistral,node,10,financebench_id_00669,financebench_id_00669,JOHNSON_JOHNSON_2022_10K,top_1,1,JOHNSON_JOHNSON_2022_10K_0024,JOHNSON_JOHNSON_2023Q2_EARNINGS_0011,no,no_answer
FinanceBench::hybrid_pageindex_linq_embed_mistral_top_m_10::financebench_id_00669::top_5,FinanceBench,hybrid_pageindex_linq_embed_mistral_top_m_10,hybrid_pageindex,Linq-AI-Research/Linq-Embed-Mistral,node,10,financebench_id_00669,financebench_id_00669,JOHNSON_JOHNSON_2022_10K,top_5,5,JOHNSON_JOHNSON_2022_10K_0024,JOHNSON_JOHNSON_2023Q2_EARNINGS_0011|JOHNSON_JOHNSON_2023Q2_EARNINGS_0009|JOHNSON_JOHNSON_2023Q2_EARNINGS_0016|JOHNSON_JOHNSON_2023Q2_EARNINGS_0010|JOHNSON_JOHNSON_2023Q2_EARNINGS_0000,no,no_answer
FinanceBench::hybrid_pageindex_linq_embed_mistral_top_m_10::financebench_id_01487::top_5,FinanceBench,hybrid_pageindex_linq_embed_mistral_top_m_10,hybrid_pageindex,Linq-AI-Research/Linq-Embed-Mistral,node,10,financebench_id_01487,financebench_id_01487,JOHNSON_JOHNSON_2023Q2_EARNINGS,top_5,5,JOHNSON_JOHNSON_2023Q2_EARNINGS_0012,JOHNSON_JOHNSON_2023Q2_EARNINGS_0000|JOHNSON_JOHNSON_2023Q2_EARNINGS_0015|JOHNSON_JOHNSON_2023Q2_EARNINGS_0001|JOHNSON_JOHNSON_2023Q2_EARNINGS_0003_intro|JOHNSON_JOHNSON_2023Q2_EARNINGS_0002,no,correct
FinanceBench::hybrid_pageindex_linq_embed_mistral_top_m_10::financebench_id_01488::top_1,FinanceBench,hybrid_pageindex_linq_embed_mistral_top_m_10,hybrid_pageindex,Linq-AI-Research/Linq-Embed-Mistral,node,10,financebench_id_01488,financebench_id_01488,JOHNSON_JOHNSON_2023_8K_dated-2023-08-30,top_1,1,JOHNSON_JOHNSON_2023_8K_dated_2023_08_30_0004_intro,JOHNSON_JOHNSON_2023_8K_dated_2023_08_30_0001,no,no_answer
FinanceBench::hybrid_pageindex_linq_embed_mistral_top_m_10::financebench_id_01488::top_5,FinanceBench,hybrid_pageindex_linq_embed_mistral_top_m_10,hybrid_pageindex,Linq-AI-Research/Linq-Embed-Mistral,node,10,financebench_id_01488,financebench_id_01488,JOHNSON_JOHNSON_2023_8K_dated-2023-08-30,top_5,5,JOHNSON_JOHNSON_2023_8K_dated_2023_08_30_0004_intro,JOHNSON_JOHNSON_2023_8K_dated_2023_08_30_0001|JOHNSON_JOHNSON_2023_8K_dated_2023_08_30_0004_intro|JOHNSON_JOHNSON_2023_8K_dated_2023_08_30_0007|JOHNSON_JOHNSON_2023_8K_dated_2023_08_30_0003|JOHNSON_JOHNSON_2023_8K_dated_2023_08_30_0000,yes,correct
FinanceBench::hybrid_pageindex_linq_embed_mistral_top_m_10::financebench_id_01490::top_1,FinanceBench,hybrid_pageindex_linq_embed_mistral_top_m_10,hybrid_pageindex,Linq-AI-Research/Linq-Embed-Mistral,node,10,financebench_id_01490,financebench_id_01490,JOHNSON_JOHNSON_2023_8K_dated-2023-08-30,top_1,1,JOHNSON_JOHNSON_2023_8K_dated_2023_08_30_0004_intro,JOHNSON_JOHNSON_2023_8K_dated_2023_08_30_0003,no,no_answer
FinanceBench::hybrid_pageindex_linq_embed_mistral_top_m_10::financebench_id_01490::top_5,FinanceBench,hybrid_pageindex_linq_embed_mistral_top_m_10,hybrid_pageindex,Linq-AI-Research/Linq-Embed-Mistral,node,10,financebench_id_01490,financebench_id_01490,JOHNSON_JOHNSON_2023_8K_dated-2023-08-30,top_5,5,JOHNSON_JOHNSON_2023_8K_dated_2023_08_30_0004_intro,JOHNSON_JOHNSON_2023_8K_dated_2023_08_30_0003|JOHNSON_JOHNSON_2023_8K_dated_2023_08_30_0004_intro|JOHNSON_JOHNSON_2023_8K_dated_2023_08_30_0001|JOHNSON_JOHNSON_2023_8K_dated_2023_08_30_0008|JOHNSON_JOHNSON_2023_8K_dated_2023_08_30_0002,yes,correct
FinanceBench::hybrid_pageindex_linq_embed_mistral_top_m_10::financebench_id_01491::top_1,FinanceBench,hybrid_pageindex_linq_embed_mistral_top_m_10,hybrid_pageindex,Linq-AI-Research/Linq-Embed-Mistral,node,10,financebench_id_01491,financebench_id_01491,JOHNSON_JOHNSON_2023_8K_dated-2023-08-30,top_1,1,JOHNSON_JOHNSON_2023_8K_dated_2023_08_30_0004_intro,JOHNSON_JOHNSON_2023_8K_dated_2023_08_30_0001,no,no_answer
FinanceBench::hybrid_pageindex_linq_embed_mistral_top_m_10::financebench_id_01491::top_5,FinanceBench,hybrid_pageindex_linq_embed_mistral_top_m_10,hybrid_pageindex,Linq-AI-Research/Linq-Embed-Mistral,node,10,financebench_id_01491,financebench_id_01491,JOHNSON_JOHNSON_2023_8K_dated-2023-08-30,top_5,5,JOHNSON_JOHNSON_2023_8K_dated_2023_08_30_0004_intro,JOHNSON_JOHNSON_2023_8K_dated_2023_08_30_0001|JOHNSON_JOHNSON_2023_8K_dated_2023_08_30_0004_intro|JOHNSON_JOHNSON_2023_8K_dated_2023_08_30_0003|JOHNSON_JOHNSON_2023_8K_dated_2023_08_30_0002|JOHNSON_JOHNSON_2023_8K_dated_2023_08_30_0008,yes,correct
FinanceBench::hybrid_pageindex_linq_embed_mistral_top_m_10::financebench_id_00299::top_1,FinanceBench,hybrid_pageindex_linq_embed_mistral_top_m_10,hybrid_pageindex,Linq-AI-Research/Linq-Embed-Mistral,node,10,financebench_id_00299,financebench_id_00299,JPMORGAN_2021Q1_10Q,top_1,1,JPMORGAN_2021Q1_10Q_0024,JPMORGAN_2021Q1_10Q_0050,no,no_answer
FinanceBench::hybrid_pageindex_linq_embed_mistral_top_m_10::financebench_id_00299::top_5,FinanceBench,hybrid_pageindex_linq_embed_mistral_top_m_10,hybrid_pageindex,Linq-AI-Research/Linq-Embed-Mistral,node,10,financebench_id_00299,financebench_id_00299,JPMORGAN_2021Q1_10Q,top_5,5,JPMORGAN_2021Q1_10Q_0024,JPMORGAN_2021Q1_10Q_0050|JPMORGAN_2021Q1_10Q_0013|JPMORGAN_2021Q1_10Q_0049|JPMORGAN_2021Q1_10Q_0043|JPMORGAN_2021Q1_10Q_0007,no,no_answer
FinanceBench::hybrid_pageindex_linq_embed_mistral_top_m_10::financebench_id_02119::top_1,FinanceBench,hybrid_pageindex_linq_embed_mistral_top_m_10,hybrid_pageindex,Linq-AI-Research/Linq-Embed-Mistral,node,10,financebench_id_02119,financebench_id_02119,JPMORGAN_2021Q1_10Q,top_1,1,JPMORGAN_2021Q1_10Q_0006,JPMORGAN_2021Q1_10Q_0428,no,no_answer
FinanceBench::hybrid_pageindex_linq_embed_mistral_top_m_10::financebench_id_00394::top_1,FinanceBench,hybrid_pageindex_linq_embed_mistral_top_m_10,hybrid_pageindex,Linq-AI-Research/Linq-Embed-Mistral,node,10,financebench_id_00394,financebench_id_00394,JPMORGAN_2022Q2_10Q,top_1,1,JPMORGAN_2022Q2_10Q_0025,JPMORGAN_2023Q2_10Q_0007,no,no_answer
FinanceBench::hybrid_pageindex_linq_embed_mistral_top_m_10::financebench_id_00394::top_5,FinanceBench,hybrid_pageindex_linq_embed_mistral_top_m_10,hybrid_pageindex,Linq-AI-Research/Linq-Embed-Mistral,node,10,financebench_id_00394,financebench_id_00394,JPMORGAN_2022Q2_10Q,top_5,5,JPMORGAN_2022Q2_10Q_0025,JPMORGAN_2023Q2_10Q_0007|JPMORGAN_2023Q2_10Q_0045|JPMORGAN_2023Q2_10Q_0015|JPMORGAN_2023Q2_10Q_0035_intro|JPMORGAN_2023Q2_10Q_0052,no,no_answer
FinanceBench::hybrid_pageindex_linq_embed_mistral_top_m_10::financebench_id_00206::top_1,FinanceBench,hybrid_pageindex_linq_embed_mistral_top_m_10,hybrid_pageindex,Linq-AI-Research/Linq-Embed-Mistral,node,10,financebench_id_00206,financebench_id_00206,JPMORGAN_2022_10K,top_1,1,JPMORGAN_2022_10K_0002,JPMORGAN_2022_10K_0739_intro,no,no_answer
FinanceBench::hybrid_pageindex_linq_embed_mistral_top_m_10::financebench_id_02049::top_1,FinanceBench,hybrid_pageindex_linq_embed_mistral_top_m_10,hybrid_pageindex,Linq-AI-Research/Linq-Embed-Mistral,node,10,financebench_id_02049,financebench_id_02049,JPMORGAN_2023Q2_10Q,top_1,1,JPMORGAN_2023Q2_10Q_0113,JPMORGAN_2023Q2_10Q_0009,no,no_answer
FinanceBench::hybrid_pageindex_linq_embed_mistral_top_m_10::financebench_id_02049::top_5,FinanceBench,hybrid_pageindex_linq_embed_mistral_top_m_10,hybrid_pageindex,Linq-AI-Research/Linq-Embed-Mistral,node,10,financebench_id_02049,financebench_id_02049,JPMORGAN_2023Q2_10Q,top_5,5,JPMORGAN_2023Q2_10Q_0113,JPMORGAN_2023Q2_10Q_0009|JPMORGAN_2023Q2_10Q_0468|JPMORGAN_2023Q2_10Q_0004_intro|JPMORGAN_2023Q2_10Q_0283|JPMORGAN_2023Q2_10Q_0005,no,no_answer
FinanceBench::hybrid_pageindex_linq_embed_mistral_top_m_10::financebench_id_03031::top_1,FinanceBench,hybrid_pageindex_linq_embed_mistral_top_m_10,hybrid_pageindex,Linq-AI-Research/Linq-Embed-Mistral,node,10,financebench_id_03031,financebench_id_03031,LOCKHEEDMARTIN_2021_10K,top_1,1,LOCKHEEDMARTIN_2021_10K_0027,LOCKHEEDMARTIN_2021_10K_0027,yes,correct
FinanceBench::hybrid_pageindex_linq_embed_mistral_top_m_10::financebench_id_03031::top_5,FinanceBench,hybrid_pageindex_linq_embed_mistral_top_m_10,hybrid_pageindex,Linq-AI-Research/Linq-Embed-Mistral,node,10,financebench_id_03031,financebench_id_03031,LOCKHEEDMARTIN_2021_10K,top_5,5,LOCKHEEDMARTIN_2021_10K_0027,LOCKHEEDMARTIN_2021_10K_0027|LOCKHEEDMARTIN_2021_10K_0041|LOCKHEEDMARTIN_2021_10K_0045|LOCKHEEDMARTIN_2021_10K_0047|LOCKHEEDMARTIN_2021_10K_0049,yes,correct
FinanceBench::hybrid_pageindex_linq_embed_mistral_top_m_10::financebench_id_03718::top_1,FinanceBench,hybrid_pageindex_linq_embed_mistral_top_m_10,hybrid_pageindex,Linq-AI-Research/Linq-Embed-Mistral,node,10,financebench_id_03718,financebench_id_03718,LOCKHEEDMARTIN_2022_10K,top_1,1,LOCKHEEDMARTIN_2022_10K_0020,LOCKHEEDMARTIN_2021_10K_0025,no,no_answer
FinanceBench::hybrid_pageindex_linq_embed_mistral_top_m_10::financebench_id_03718::top_5,FinanceBench,hybrid_pageindex_linq_embed_mistral_top_m_10,hybrid_pageindex,Linq-AI-Research/Linq-Embed-Mistral,node,10,financebench_id_03718,financebench_id_03718,LOCKHEEDMARTIN_2022_10K,top_5,5,LOCKHEEDMARTIN_2022_10K_0020,LOCKHEEDMARTIN_2021_10K_0025|LOCKHEEDMARTIN_2021_10K_0034|LOCKHEEDMARTIN_2021_10K_0026|LOCKHEEDMARTIN_2021_10K_0035|LOCKHEEDMARTIN_2021_10K_0032,no,no_answer
FinanceBench::hybrid_pageindex_linq_embed_mistral_top_m_10::financebench_id_00382::top_1,FinanceBench,hybrid_pageindex_linq_embed_mistral_top_m_10,hybrid_pageindex,Linq-AI-Research/Linq-Embed-Mistral,node,10,financebench_id_00382,financebench_id_00382,MGMRESORTS_2022Q4_EARNINGS,top_1,1,MGMRESORTS_2022Q4_EARNINGS_0019,MGMRESORTS_2022Q4_EARNINGS_0004,no,no_answer
FinanceBench::hybrid_pageindex_linq_embed_mistral_top_m_10::financebench_id_00382::top_5,FinanceBench,hybrid_pageindex_linq_embed_mistral_top_m_10,hybrid_pageindex,Linq-AI-Research/Linq-Embed-Mistral,node,10,financebench_id_00382,financebench_id_00382,MGMRESORTS_2022Q4_EARNINGS,top_5,5,MGMRESORTS_2022Q4_EARNINGS_0019,MGMRESORTS_2022Q4_EARNINGS_0004|MGMRESORTS_2022Q4_EARNINGS_0010|MGMRESORTS_2022Q4_EARNINGS_0012|MGMRESORTS_2022Q4_EARNINGS_0003|MGMRESORTS_2022Q4_EARNINGS_0000_intro,no,no_answer
FinanceBench::hybrid_pageindex_linq_embed_mistral_top_m_10::financebench_id_01911::top_1,FinanceBench,hybrid_pageindex_linq_embed_mistral_top_m_10,hybrid_pageindex,Linq-AI-Research/Linq-Embed-Mistral,node,10,financebench_id_01911,financebench_id_01911,MGMRESORTS_2022Q4_EARNINGS,top_1,1,MGMRESORTS_2022Q4_EARNINGS_0019,MGMRESORTS_2022Q4_EARNINGS_0006,no,no_answer
FinanceBench::hybrid_pageindex_linq_embed_mistral_top_m_10::financebench_id_01911::top_5,FinanceBench,hybrid_pageindex_linq_embed_mistral_top_m_10,hybrid_pageindex,Linq-AI-Research/Linq-Embed-Mistral,node,10,financebench_id_01911,financebench_id_01911,MGMRESORTS_2022Q4_EARNINGS,top_5,5,MGMRESORTS_2022Q4_EARNINGS_0019,MGMRESORTS_2022Q4_EARNINGS_0006|MGMRESORTS_2022Q4_EARNINGS_0011|MGMRESORTS_2022Q4_EARNINGS_0010|MGMRESORTS_2022Q4_EARNINGS_0012|MGMRESORTS_2022Q4_EARNINGS_0018,no,no_answer
FinanceBench::hybrid_pageindex_linq_embed_mistral_top_m_10::financebench_id_01254::top_1,FinanceBench,hybrid_pageindex_linq_embed_mistral_top_m_10,hybrid_pageindex,Linq-AI-Research/Linq-Embed-Mistral,node,10,financebench_id_01254,financebench_id_01254,MGMRESORTS_2022_10K,top_1,1,MGMRESORTS_2022_10K_0008,MGMRESORTS_2022Q4_EARNINGS_0017,no,no_answer
FinanceBench::hybrid_pageindex_linq_embed_mistral_top_m_10::financebench_id_01254::top_5,FinanceBench,hybrid_pageindex_linq_embed_mistral_top_m_10,hybrid_pageindex,Linq-AI-Research/Linq-Embed-Mistral,node,10,financebench_id_01254,financebench_id_01254,MGMRESORTS_2022_10K,top_5,5,MGMRESORTS_2022_10K_0008,MGMRESORTS_2022Q4_EARNINGS_0017|MGMRESORTS_2022Q4_EARNINGS_0014|MGMRESORTS_2022Q4_EARNINGS_0015|MGMRESORTS_2022Q4_EARNINGS_0019|MGMRESORTS_2022Q4_EARNINGS_0000_intro,no,no_answer
FinanceBench::hybrid_pageindex_linq_embed_mistral_top_m_10::financebench_id_00407::top_1,FinanceBench,hybrid_pageindex_linq_embed_mistral_top_m_10,hybrid_pageindex,Linq-AI-Research/Linq-Embed-Mistral,node,10,financebench_id_00407,financebench_id_00407,MGMRESORTS_2023Q2_10Q,top_1,1,MGMRESORTS_2023Q2_10Q_0005,MGMRESORTS_2023Q2_10Q_0006,no,correct
FinanceBench::hybrid_pageindex_linq_embed_mistral_top_m_10::financebench_id_00407::top_5,FinanceBench,hybrid_pageindex_linq_embed_mistral_top_m_10,hybrid_pageindex,Linq-AI-Research/Linq-Embed-Mistral,node,10,financebench_id_00407,financebench_id_00407,MGMRESORTS_2023Q2_10Q,top_5,5,MGMRESORTS_2023Q2_10Q_0005,MGMRESORTS_2023Q2_10Q_0006|MGMRESORTS_2023Q2_10Q_0005|MGMRESORTS_2023Q2_10Q_0004|MGMRESORTS_2023Q2_10Q_0000|MGMRESORTS_2023Q2_10Q_0007,yes,correct
FinanceBench::hybrid_pageindex_linq_embed_mistral_top_m_10::financebench_id_04700::top_1,FinanceBench,hybrid_pageindex_linq_embed_mistral_top_m_10,hybrid_pageindex,Linq-AI-Research/Linq-Embed-Mistral,node,10,financebench_id_04700,financebench_id_04700,MICROSOFT_2016_10K,top_1,1,MICROSOFT_2016_10K_0014_intro,MICROSOFT_2016_10K_0011,no,correct
FinanceBench::hybrid_pageindex_linq_embed_mistral_top_m_10::financebench_id_00552::top_1,FinanceBench,hybrid_pageindex_linq_embed_mistral_top_m_10,hybrid_pageindex,Linq-AI-Research/Linq-Embed-Mistral,node,10,financebench_id_00552,financebench_id_00552,MICROSOFT_2023_10K,top_1,1,MICROSOFT_2023_10K_0014,MICROSOFT_2023_10K_0014,yes,correct
FinanceBench::hybrid_pageindex_linq_embed_mistral_top_m_10::financebench_id_00552::top_5,FinanceBench,hybrid_pageindex_linq_embed_mistral_top_m_10,hybrid_pageindex,Linq-AI-Research/Linq-Embed-Mistral,node,10,financebench_id_00552,financebench_id_00552,MICROSOFT_2023_10K,top_5,5,MICROSOFT_2023_10K_0014,MICROSOFT_2023_10K_0014|MICROSOFT_2023_10K_0012|MICROSOFT_2023_10K_0011|MICROSOFT_2023_10K_0000|MICROSOFT_2023_10K_0030,yes,correct
FinanceBench::hybrid_pageindex_linq_embed_mistral_top_m_10::financebench_id_03282::top_1,FinanceBench,hybrid_pageindex_linq_embed_mistral_top_m_10,hybrid_pageindex,Linq-AI-Research/Linq-Embed-Mistral,node,10,financebench_id_03282,financebench_id_03282,NETFLIX_2017_10K,top_1,1,NETFLIX_2017_10K_0024,NETFLIX_2017_10K_0010,no,no_answer
FinanceBench::hybrid_pageindex_linq_embed_mistral_top_m_10::financebench_id_04302::top_5,FinanceBench,hybrid_pageindex_linq_embed_mistral_top_m_10,hybrid_pageindex,Linq-AI-Research/Linq-Embed-Mistral,node,10,financebench_id_04302,financebench_id_04302,NIKE_2018_10K,top_5,5,NIKE_2018_10K_0026,NIKE_2018_10K_0023|NIKE_2018_10K_0022|NIKE_2018_10K_0004|NIKE_2018_10K_0003|NIKE_2018_10K_0028,no,correct
FinanceBench::hybrid_pageindex_linq_embed_mistral_top_m_10::financebench_id_03531::top_1,FinanceBench,hybrid_pageindex_linq_embed_mistral_top_m_10,hybrid_pageindex,Linq-AI-Research/Linq-Embed-Mistral,node,10,financebench_id_03531,financebench_id_03531,NIKE_2019_10K,top_1,1,NIKE_2019_10K_0026,NIKE_2019_10K_0022,no,no_answer
FinanceBench::hybrid_pageindex_linq_embed_mistral_top_m_10::financebench_id_03531::top_5,FinanceBench,hybrid_pageindex_linq_embed_mistral_top_m_10,hybrid_pageindex,Linq-AI-Research/Linq-Embed-Mistral,node,10,financebench_id_03531,financebench_id_03531,NIKE_2019_10K,top_5,5,NIKE_2019_10K_0026,NIKE_2019_10K_0022|NIKE_2019_10K_0026|NIKE_2019_10K_0037|NIKE_2019_10K_0024|NIKE_2019_10K_0023,yes,correct
FinanceBench::hybrid_pageindex_linq_embed_mistral_top_m_10::financebench_id_01163::top_1,FinanceBench,hybrid_pageindex_linq_embed_mistral_top_m_10,hybrid_pageindex,Linq-AI-Research/Linq-Embed-Mistral,node,10,financebench_id_01163,financebench_id_01163,NIKE_2023_10K,top_1,1,NIKE_2023_10K_0026,NIKE_2023_10K_0024,no,correct
FinanceBench::hybrid_pageindex_linq_embed_mistral_top_m_10::financebench_id_01163::top_5,FinanceBench,hybrid_pageindex_linq_embed_mistral_top_m_10,hybrid_pageindex,Linq-AI-Research/Linq-Embed-Mistral,node,10,financebench_id_01163,financebench_id_01163,NIKE_2023_10K,top_5,5,NIKE_2023_10K_0026,NIKE_2023_10K_0024|NIKE_2023_10K_0009|NIKE_2023_10K_0010|NIKE_2023_10K_0026|NIKE_2023_10K_0006,yes,correct
FinanceBench::hybrid_pageindex_linq_embed_mistral_top_m_10::financebench_id_00080::top_1,FinanceBench,hybrid_pageindex_linq_embed_mistral_top_m_10,hybrid_pageindex,Linq-AI-Research/Linq-Embed-Mistral,node,10,financebench_id_00080,financebench_id_00080,PAYPAL_2022_10K,top_1,1,PAYPAL_2022_10K_0034,PAYPAL_2022_10K_0002,no,no_answer
FinanceBench::hybrid_pageindex_linq_embed_mistral_top_m_10::financebench_id_04980::top_1,FinanceBench,hybrid_pageindex_linq_embed_mistral_top_m_10,hybrid_pageindex,Linq-AI-Research/Linq-Embed-Mistral,node,10,financebench_id_04980,financebench_id_04980,PEPSICO_2021_10K,top_1,1,PEPSICO_2021_10K_0123,PEPSICO_2021_10K_0106_intro,no,no_answer
FinanceBench::hybrid_pageindex_linq_embed_mistral_top_m_10::financebench_id_04980::top_5,FinanceBench,hybrid_pageindex_linq_embed_mistral_top_m_10,hybrid_pageindex,Linq-AI-Research/Linq-Embed-Mistral,node,10,financebench_id_04980,financebench_id_04980,PEPSICO_2021_10K,top_5,5,PEPSICO_2021_10K_0123,PEPSICO_2021_10K_0106_intro|PEPSICO_2021_10K_0097|PEPSICO_2021_10K_0098|PEPSICO_2021_10K_0150|PEPSICO_2021_10K_0105,no,no_answer
FinanceBench::hybrid_pageindex_linq_embed_mistral_top_m_10::financebench_id_00735::top_5,FinanceBench,hybrid_pageindex_linq_embed_mistral_top_m_10,hybrid_pageindex,Linq-AI-Research/Linq-Embed-Mistral,node,10,financebench_id_00735,financebench_id_00735,PEPSICO_2022_10K,top_5,5,PEPSICO_2022_10K_0058,PEPSICO_2021_10K_0061|PEPSICO_2021_10K_0144|PEPSICO_2021_10K_0059|PEPSICO_2021_10K_0000|PEPSICO_2021_10K_0152,no,no_answer
FinanceBench::hybrid_pageindex_linq_embed_mistral_top_m_10::financebench_id_01328::top_1,FinanceBench,hybrid_pageindex_linq_embed_mistral_top_m_10,hybrid_pageindex,Linq-AI-Research/Linq-Embed-Mistral,node,10,financebench_id_01328,financebench_id_01328,PEPSICO_2022_10K,top_1,1,PEPSICO_2022_10K_0150,PEPSICO_2021_10K_0099_intro,no,no_answer
FinanceBench::hybrid_pageindex_linq_embed_mistral_top_m_10::financebench_id_01328::top_5,FinanceBench,hybrid_pageindex_linq_embed_mistral_top_m_10,hybrid_pageindex,Linq-AI-Research/Linq-Embed-Mistral,node,10,financebench_id_01328,financebench_id_01328,PEPSICO_2022_10K,top_5,5,PEPSICO_2022_10K_0150,PEPSICO_2021_10K_0099_intro|PEPSICO_2021_10K_0132|PEPSICO_2021_10K_0149|PEPSICO_2021_10K_0146|PEPSICO_2021_10K_0150,no,no_answer
FinanceBench::hybrid_pageindex_linq_embed_mistral_top_m_10::financebench_id_01474::top_1,FinanceBench,hybrid_pageindex_linq_embed_mistral_top_m_10,hybrid_pageindex,Linq-AI-Research/Linq-Embed-Mistral,node,10,financebench_id_01474,financebench_id_01474,PEPSICO_2023Q1_EARNINGS,top_1,1,PEPSICO_2023Q1_EARNINGS_0000,PEPSICO_2023Q1_EARNINGS_0000,yes,correct
FinanceBench::hybrid_pageindex_linq_embed_mistral_top_m_10::financebench_id_01474::top_5,FinanceBench,hybrid_pageindex_linq_embed_mistral_top_m_10,hybrid_pageindex,Linq-AI-Research/Linq-Embed-Mistral,node,10,financebench_id_01474,financebench_id_01474,PEPSICO_2023Q1_EARNINGS,top_5,5,PEPSICO_2023Q1_EARNINGS_0000,PEPSICO_2023Q1_EARNINGS_0000|PEPSICO_2023Q1_EARNINGS_0002|PEPSICO_2023Q1_EARNINGS_0003|PEPSICO_2023Q1_EARNINGS_0001|PEPSICO_2023Q1_EARNINGS_0006,yes,correct
FinanceBench::hybrid_pageindex_linq_embed_mistral_top_m_10::financebench_id_01476::top_1,FinanceBench,hybrid_pageindex_linq_embed_mistral_top_m_10,hybrid_pageindex,Linq-AI-Research/Linq-Embed-Mistral,node,10,financebench_id_01476,financebench_id_01476,PEPSICO_2023Q1_EARNINGS,top_1,1,PEPSICO_2023Q1_EARNINGS_0000,PEPSICO_2023Q1_EARNINGS_0002,no,correct
FinanceBench::hybrid_pageindex_linq_embed_mistral_top_m_10::financebench_id_01476::top_5,FinanceBench,hybrid_pageindex_linq_embed_mistral_top_m_10,hybrid_pageindex,Linq-AI-Research/Linq-Embed-Mistral,node,10,financebench_id_01476,financebench_id_01476,PEPSICO_2023Q1_EARNINGS,top_5,5,PEPSICO_2023Q1_EARNINGS_0000,PEPSICO_2023Q1_EARNINGS_0002|PEPSICO_2023Q1_EARNINGS_0000|PEPSICO_2023Q1_EARNINGS_0003|PEPSICO_2023Q1_EARNINGS_0009|PEPSICO_2023Q1_EARNINGS_0008,yes,correct
FinanceBench::hybrid_pageindex_linq_embed_mistral_top_m_10::financebench_id_01482::top_1,FinanceBench,hybrid_pageindex_linq_embed_mistral_top_m_10,hybrid_pageindex,Linq-AI-Research/Linq-Embed-Mistral,node,10,financebench_id_01482,financebench_id_01482,PEPSICO_2023_8K_dated-2023-05-05,top_1,1,PEPSICO_2023_8K_dated_2023_05_05_0001,PEPSICO_2023_8K_dated_2023_05_05_0001,yes,correct
FinanceBench::hybrid_pageindex_linq_embed_mistral_top_m_10::financebench_id_01482::top_5,FinanceBench,hybrid_pageindex_linq_embed_mistral_top_m_10,hybrid_pageindex,Linq-AI-Research/Linq-Embed-Mistral,node,10,financebench_id_01482,financebench_id_01482,PEPSICO_2023_8K_dated-2023-05-05,top_5,5,PEPSICO_2023_8K_dated_2023_05_05_0001,PEPSICO_2023_8K_dated_2023_05_05_0001|PEPSICO_2023_8K_dated_2023_05_05_0000|PEPSICO_2023_8K_dated_2023_05_05_0002,yes,correct
FinanceBench::hybrid_pageindex_linq_embed_mistral_top_m_10::financebench_id_00705::top_1,FinanceBench,hybrid_pageindex_linq_embed_mistral_top_m_10,hybrid_pageindex,Linq-AI-Research/Linq-Embed-Mistral,node,10,financebench_id_00705,financebench_id_00705,PEPSICO_2023_8K_dated-2023-05-30,top_1,1,PEPSICO_2023_8K_dated_2023_05_30_0001,PEPSICO_2023_8K_dated_2023_05_30_0001,yes,correct
FinanceBench::hybrid_pageindex_linq_embed_mistral_top_m_10::financebench_id_00705::top_5,FinanceBench,hybrid_pageindex_linq_embed_mistral_top_m_10,hybrid_pageindex,Linq-AI-Research/Linq-Embed-Mistral,node,10,financebench_id_00705,financebench_id_00705,PEPSICO_2023_8K_dated-2023-05-30,top_5,5,PEPSICO_2023_8K_dated_2023_05_30_0001,PEPSICO_2023_8K_dated_2023_05_30_0001|PEPSICO_2023_8K_dated_2023_05_30_0002|PEPSICO_2023_8K_dated_2023_05_30_0071|PEPSICO_2023_8K_dated_2023_05_30_0151|PEPSICO_2023_8K_dated_2023_05_30_0152,yes,correct
FinanceBench::hybrid_pageindex_linq_embed_mistral_top_m_10::financebench_id_00882::top_5,FinanceBench,hybrid_pageindex_linq_embed_mistral_top_m_10,hybrid_pageindex,Linq-AI-Research/Linq-Embed-Mistral,node,10,financebench_id_00882,financebench_id_00882,PEPSICO_2023_8K_dated-2023-05-30,top_5,5,PEPSICO_2023_8K_dated_2023_05_30_0001,PEPSICO_2023_8K_dated_2023_05_30_0001|PEPSICO_2023_8K_dated_2023_05_30_0002|PEPSICO_2023_8K_dated_2023_05_30_0071|PEPSICO_2023_8K_dated_2023_05_30_0152|PEPSICO_2023_8K_dated_2023_05_30_0006,yes,correct
FinanceBench::hybrid_pageindex_linq_embed_mistral_top_m_10::financebench_id_00302::top_1,FinanceBench,hybrid_pageindex_linq_embed_mistral_top_m_10,hybrid_pageindex,Linq-AI-Research/Linq-Embed-Mistral,node,10,financebench_id_00302,financebench_id_00302,PFIZER_2021_10K,top_1,1,PFIZER_2021_10K_0038,PFIZER_2021_10K_0025,no,no_answer
FinanceBench::hybrid_pageindex_linq_embed_mistral_top_m_10::financebench_id_00302::top_5,FinanceBench,hybrid_pageindex_linq_embed_mistral_top_m_10,hybrid_pageindex,Linq-AI-Research/Linq-Embed-Mistral,node,10,financebench_id_00302,financebench_id_00302,PFIZER_2021_10K,top_5,5,PFIZER_2021_10K_0038,PFIZER_2021_10K_0025|PFIZER_2021_10K_0039|PFIZER_2021_10K_0118|PFIZER_2021_10K_0037|PFIZER_2021_10K_0024,no,no_answer
FinanceBench::hybrid_pageindex_linq_embed_mistral_top_m_10::financebench_id_00702::top_1,FinanceBench,hybrid_pageindex_linq_embed_mistral_top_m_10,hybrid_pageindex,Linq-AI-Research/Linq-Embed-Mistral,node,10,financebench_id_00702,financebench_id_00702,PFIZER_2021_10K,top_1,1,PFIZER_2021_10K_0036,PFIZER_2021_10K_0155,no,no_answer
FinanceBench::hybrid_pageindex_linq_embed_mistral_top_m_10::financebench_id_00601::top_1,FinanceBench,hybrid_pageindex_linq_embed_mistral_top_m_10,hybrid_pageindex,Linq-AI-Research/Linq-Embed-Mistral,node,10,financebench_id_00601,financebench_id_00601,ULTABEAUTY_2023Q4_EARNINGS,top_1,1,ULTABEAUTY_2023Q4_EARNINGS_0002,MGMRESORTS_2023Q2_10Q_0008,no,no_answer
FinanceBench::hybrid_pageindex_linq_embed_mistral_top_m_10::financebench_id_00601::top_5,FinanceBench,hybrid_pageindex_linq_embed_mistral_top_m_10,hybrid_pageindex,Linq-AI-Research/Linq-Embed-Mistral,node,10,financebench_id_00601,financebench_id_00601,ULTABEAUTY_2023Q4_EARNINGS,top_5,5,ULTABEAUTY_2023Q4_EARNINGS_0002,MGMRESORTS_2023Q2_10Q_0008|MGMRESORTS_2023Q2_10Q_0006|MGMRESORTS_2023Q2_10Q_0015|MGMRESORTS_2023Q2_10Q_0012|MGMRESORTS_2023Q2_10Q_0005,no,no_answer
FinanceBench::hybrid_pageindex_linq_embed_mistral_top_m_10::financebench_id_00603::top_1,FinanceBench,hybrid_pageindex_linq_embed_mistral_top_m_10,hybrid_pageindex,Linq-AI-Research/Linq-Embed-Mistral,node,10,financebench_id_00603,financebench_id_00603,ULTABEAUTY_2023Q4_EARNINGS,top_1,1,ULTABEAUTY_2023Q4_EARNINGS_0003,ULTABEAUTY_2023_10K_0027,no,no_answer
FinanceBench::hybrid_pageindex_linq_embed_mistral_top_m_10::financebench_id_00605::top_1,FinanceBench,hybrid_pageindex_linq_embed_mistral_top_m_10,hybrid_pageindex,Linq-AI-Research/Linq-Embed-Mistral,node,10,financebench_id_00605,financebench_id_00605,ULTABEAUTY_2023Q4_EARNINGS,top_1,1,ULTABEAUTY_2023Q4_EARNINGS_0004,ULTABEAUTY_2023Q4_EARNINGS_0001,no,no_answer
FinanceBench::hybrid_pageindex_linq_embed_mistral_top_m_10::financebench_id_00605::top_5,FinanceBench,hybrid_pageindex_linq_embed_mistral_top_m_10,hybrid_pageindex,Linq-AI-Research/Linq-Embed-Mistral,node,10,financebench_id_00605,financebench_id_00605,ULTABEAUTY_2023Q4_EARNINGS,top_5,5,ULTABEAUTY_2023Q4_EARNINGS_0004,ULTABEAUTY_2023Q4_EARNINGS_0001|ULTABEAUTY_2023Q4_EARNINGS_0009|ULTABEAUTY_2023Q4_EARNINGS_0010|ULTABEAUTY_2023Q4_EARNINGS_0000_intro|ULTABEAUTY_2023Q4_EARNINGS_0007,no,no_answer
FinanceBench::hybrid_pageindex_linq_embed_mistral_top_m_10::financebench_id_00606::top_1,FinanceBench,hybrid_pageindex_linq_embed_mistral_top_m_10,hybrid_pageindex,Linq-AI-Research/Linq-Embed-Mistral,node,10,financebench_id_00606,financebench_id_00606,ULTABEAUTY_2023Q4_EARNINGS,top_1,1,ULTABEAUTY_2023Q4_EARNINGS_0002,ULTABEAUTY_2023Q4_EARNINGS_0010,no,no_answer
FinanceBench::hybrid_pageindex_linq_embed_mistral_top_m_10::financebench_id_00606::top_5,FinanceBench,hybrid_pageindex_linq_embed_mistral_top_m_10,hybrid_pageindex,Linq-AI-Research/Linq-Embed-Mistral,node,10,financebench_id_00606,financebench_id_00606,ULTABEAUTY_2023Q4_EARNINGS,top_5,5,ULTABEAUTY_2023Q4_EARNINGS_0002,ULTABEAUTY_2023Q4_EARNINGS_0010|ULTABEAUTY_2023Q4_EARNINGS_0001|ULTABEAUTY_2023Q4_EARNINGS_0000_intro|ULTABEAUTY_2023Q4_EARNINGS_0009|ULTABEAUTY_2023Q4_EARNINGS_0008,no,no_answer
FinanceBench::hybrid_pageindex_linq_embed_mistral_top_m_10::financebench_id_00746::top_1,FinanceBench,hybrid_pageindex_linq_embed_mistral_top_m_10,hybrid_pageindex,Linq-AI-Research/Linq-Embed-Mistral,node,10,financebench_id_00746,financebench_id_00746,ULTABEAUTY_2023_10K,top_1,1,ULTABEAUTY_2023_10K_0000,ULTABEAUTY_2023_10K_0011,no,no_answer
FinanceBench::hybrid_pageindex_linq_embed_mistral_top_m_10::financebench_id_00746::top_5,FinanceBench,hybrid_pageindex_linq_embed_mistral_top_m_10,hybrid_pageindex,Linq-AI-Research/Linq-Embed-Mistral,node,10,financebench_id_00746,financebench_id_00746,ULTABEAUTY_2023_10K,top_5,5,ULTABEAUTY_2023_10K_0000,ULTABEAUTY_2023_10K_0011|ULTABEAUTY_2023_10K_0029|ULTABEAUTY_2023_10K_0009|ULTABEAUTY_2023_10K_0010|ULTABEAUTY_2023_10K_0028,no,no_answer
FinanceBench::hybrid_pageindex_linq_embed_mistral_top_m_10::financebench_id_00521::top_1,FinanceBench,hybrid_pageindex_linq_embed_mistral_top_m_10,hybrid_pageindex,Linq-AI-Research/Linq-Embed-Mistral,node,10,financebench_id_00521,financebench_id_00521,ULTABEAUTY_2023_10K,top_1,1,ULTABEAUTY_2023_10K_0027,ULTABEAUTY_2023_10K_0003,no,no_answer
FinanceBench::hybrid_pageindex_linq_embed_mistral_top_m_10::financebench_id_00521::top_5,FinanceBench,hybrid_pageindex_linq_embed_mistral_top_m_10,hybrid_pageindex,Linq-AI-Research/Linq-Embed-Mistral,node,10,financebench_id_00521,financebench_id_00521,ULTABEAUTY_2023_10K,top_5,5,ULTABEAUTY_2023_10K_0027,ULTABEAUTY_2023_10K_0003|ULTABEAUTY_2023_10K_0002|ULTABEAUTY_2023_10K_0011|ULTABEAUTY_2023_10K_0027|ULTABEAUTY_2023_10K_0013,yes,no_answer
FinanceBench::hybrid_pageindex_linq_embed_mistral_top_m_10::financebench_id_00859::top_1,FinanceBench,hybrid_pageindex_linq_embed_mistral_top_m_10,hybrid_pageindex,Linq-AI-Research/Linq-Embed-Mistral,node,10,financebench_id_00859,financebench_id_00859,VERIZON_2021_10K,top_1,1,VERIZON_2021_10K_0098_intro,VERIZON_2021_10K_0012,no,correct
FinanceBench::hybrid_pageindex_linq_embed_mistral_top_m_10::financebench_id_00859::top_5,FinanceBench,hybrid_pageindex_linq_embed_mistral_top_m_10,hybrid_pageindex,Linq-AI-Research/Linq-Embed-Mistral,node,10,financebench_id_00859,financebench_id_00859,VERIZON_2021_10K,top_5,5,VERIZON_2021_10K_0098_intro,VERIZON_2021_10K_0012|VERIZON_2021_10K_0146|VERIZON_2021_10K_0154|VERIZON_2021_10K_0157|VERIZON_2021_10K_0147,no,correct
FinanceBench::hybrid_pageindex_linq_embed_mistral_top_m_10::financebench_id_00216::top_1,FinanceBench,hybrid_pageindex_linq_embed_mistral_top_m_10,hybrid_pageindex,Linq-AI-Research/Linq-Embed-Mistral,node,10,financebench_id_00216,financebench_id_00216,VERIZON_2022_10K,top_1,1,VERIZON_2022_10K_0018,VERIZON_2022_10K_0012,no,no_answer
FinanceBench::hybrid_pageindex_linq_embed_mistral_top_m_10::financebench_id_00216::top_5,FinanceBench,hybrid_pageindex_linq_embed_mistral_top_m_10,hybrid_pageindex,Linq-AI-Research/Linq-Embed-Mistral,node,10,financebench_id_00216,financebench_id_00216,VERIZON_2022_10K,top_5,5,VERIZON_2022_10K_0018,VERIZON_2022_10K_0012|VERIZON_2022_10K_0008|VERIZON_2022_10K_0004|VERIZON_2022_10K_0010|VERIZON_2022_10K_0153,no,no_answer
FinanceBench::hybrid_pageindex_linq_embed_mistral_top_m_10::financebench_id_00566::top_1,FinanceBench,hybrid_pageindex_linq_embed_mistral_top_m_10,hybrid_pageindex,Linq-AI-Research/Linq-Embed-Mistral,node,10,financebench_id_00566,financebench_id_00566,VERIZON_2022_10K,top_1,1,VERIZON_2022_10K_0068_intro,VERIZON_2022_10K_0004,no,no_answer
FinanceBench::hybrid_pageindex_linq_embed_mistral_top_m_10::financebench_id_00566::top_5,FinanceBench,hybrid_pageindex_linq_embed_mistral_top_m_10,hybrid_pageindex,Linq-AI-Research/Linq-Embed-Mistral,node,10,financebench_id_00566,financebench_id_00566,VERIZON_2022_10K,top_5,5,VERIZON_2022_10K_0068_intro,VERIZON_2022_10K_0004|VERIZON_2022_10K_0153|VERIZON_2022_10K_0012|VERIZON_2022_10K_0154|VERIZON_2022_10K_0006,no,no_answer
FinanceBench::hybrid_pageindex_chunk_rerank_harrier_oss_v1_0_6b_top_m_10::financebench_id_03029::top_1,FinanceBench,hybrid_pageindex_chunk_rerank_harrier_oss_v1_0_6b_top_m_10,hybrid_pageindex_chunk_rerank,microsoft/harrier-oss-v1-0.6b,chunk_rerank,10,financebench_id_03029,financebench_id_03029,3M_2018_10K,top_1,1,3M_2018_10K_0031,3M_2018_10K_0020,no,correct
FinanceBench::hybrid_pageindex_chunk_rerank_harrier_oss_v1_0_6b_top_m_10::financebench_id_03029::top_5,FinanceBench,hybrid_pageindex_chunk_rerank_harrier_oss_v1_0_6b_top_m_10,hybrid_pageindex_chunk_rerank,microsoft/harrier-oss-v1-0.6b,chunk_rerank,10,financebench_id_03029,financebench_id_03029,3M_2018_10K,top_5,5,3M_2018_10K_0031,3M_2018_10K_0020|3M_2018_10K_0042|3M_2018_10K_0002|3M_2018_10K_0030|3M_2018_10K_0029,no,correct
FinanceBench::hybrid_pageindex_chunk_rerank_harrier_oss_v1_0_6b_top_m_10::financebench_id_01865::top_1,FinanceBench,hybrid_pageindex_chunk_rerank_harrier_oss_v1_0_6b_top_m_10,hybrid_pageindex_chunk_rerank,microsoft/harrier-oss-v1-0.6b,chunk_rerank,10,financebench_id_01865,financebench_id_01865,3M_2022_10K,top_1,1,3M_2022_10K_0011,3M_2022_10K_0011,yes,correct
FinanceBench::hybrid_pageindex_chunk_rerank_harrier_oss_v1_0_6b_top_m_10::financebench_id_01865::top_5,FinanceBench,hybrid_pageindex_chunk_rerank_harrier_oss_v1_0_6b_top_m_10,hybrid_pageindex_chunk_rerank,microsoft/harrier-oss-v1-0.6b,chunk_rerank,10,financebench_id_01865,financebench_id_01865,3M_2022_10K,top_5,5,3M_2022_10K_0011,3M_2022_10K_0011|3M_2022_10K_0013|3M_2022_10K_0033|3M_2022_10K_0049|3M_2022_10K_0012,yes,correct
FinanceBench::hybrid_pageindex_chunk_rerank_harrier_oss_v1_0_6b_top_m_10::financebench_id_00941::top_1,FinanceBench,hybrid_pageindex_chunk_rerank_harrier_oss_v1_0_6b_top_m_10,hybrid_pageindex_chunk_rerank,microsoft/harrier-oss-v1-0.6b,chunk_rerank,10,financebench_id_00941,financebench_id_00941,3M_2023Q2_10Q,top_1,1,3M_2023Q2_10Q_0000,3M_2023Q2_10Q_0000,yes,correct
FinanceBench::hybrid_pageindex_chunk_rerank_harrier_oss_v1_0_6b_top_m_10::financebench_id_00941::top_5,FinanceBench,hybrid_pageindex_chunk_rerank_harrier_oss_v1_0_6b_top_m_10,hybrid_pageindex_chunk_rerank,microsoft/harrier-oss-v1-0.6b,chunk_rerank,10,financebench_id_00941,financebench_id_00941,3M_2023Q2_10Q,top_5,5,3M_2023Q2_10Q_0000,3M_2023Q2_10Q_0000|3M_2023Q2_10Q_0028|3M_2023Q2_10Q_0001|3M_2023Q2_10Q_0039|3M_2023Q2_10Q_0020,yes,correct
FinanceBench::hybrid_pageindex_chunk_rerank_harrier_oss_v1_0_6b_top_m_10::financebench_id_07507::top_1,FinanceBench,hybrid_pageindex_chunk_rerank_harrier_oss_v1_0_6b_top_m_10,hybrid_pageindex_chunk_rerank,microsoft/harrier-oss-v1-0.6b,chunk_rerank,10,financebench_id_07507,financebench_id_07507,ADOBE_2016_10K,top_1,1,ADOBE_2016_10K_0014_intro,ADOBE_2016_10K_0000,no,no_answer
FinanceBench::hybrid_pageindex_chunk_rerank_harrier_oss_v1_0_6b_top_m_10::financebench_id_07507::top_5,FinanceBench,hybrid_pageindex_chunk_rerank_harrier_oss_v1_0_6b_top_m_10,hybrid_pageindex_chunk_rerank,microsoft/harrier-oss-v1-0.6b,chunk_rerank,10,financebench_id_07507,financebench_id_07507,ADOBE_2016_10K,top_5,5,ADOBE_2016_10K_0014_intro,ADOBE_2016_10K_0000|ADOBE_2016_10K_0011|ADOBE_2016_10K_0001|ADOBE_2016_10K_0002|ADOBE_2016_10K_0003,no,correct
FinanceBench::hybrid_pageindex_chunk_rerank_harrier_oss_v1_0_6b_top_m_10::financebench_id_00591::top_1,FinanceBench,hybrid_pageindex_chunk_rerank_harrier_oss_v1_0_6b_top_m_10,hybrid_pageindex_chunk_rerank,microsoft/harrier-oss-v1-0.6b,chunk_rerank,10,financebench_id_00591,financebench_id_00591,ADOBE_2022_10K,top_1,1,ADOBE_2022_10K_0013,ADOBE_2022_10K_0011,no,no_answer
FinanceBench::hybrid_pageindex_chunk_rerank_harrier_oss_v1_0_6b_top_m_10::financebench_id_01319::top_1,FinanceBench,hybrid_pageindex_chunk_rerank_harrier_oss_v1_0_6b_top_m_10,hybrid_pageindex_chunk_rerank,microsoft/harrier-oss-v1-0.6b,chunk_rerank,10,financebench_id_01319,financebench_id_01319,AES_2022_10K,top_1,1,AES_2022_10K_0171,AES_2022_10K_0171,yes,correct
FinanceBench::hybrid_pageindex_chunk_rerank_harrier_oss_v1_0_6b_top_m_10::financebench_id_01319::top_5,FinanceBench,hybrid_pageindex_chunk_rerank_harrier_oss_v1_0_6b_top_m_10,hybrid_pageindex_chunk_rerank,microsoft/harrier-oss-v1-0.6b,chunk_rerank,10,financebench_id_01319,financebench_id_01319,AES_2022_10K,top_5,5,AES_2022_10K_0171,AES_2022_10K_0171|AES_2022_10K_0203|AES_2022_10K_0000|AES_2022_10K_0170|AES_2022_10K_0173,yes,correct
FinanceBench::hybrid_pageindex_chunk_rerank_harrier_oss_v1_0_6b_top_m_10::financebench_id_08135::top_1,FinanceBench,hybrid_pageindex_chunk_rerank_harrier_oss_v1_0_6b_top_m_10,hybrid_pageindex_chunk_rerank,microsoft/harrier-oss-v1-0.6b,chunk_rerank,10,financebench_id_08135,financebench_id_08135,AMAZON_2017_10K,top_1,1,AMAZON_2017_10K_0013,AMAZON_2017_10K_0011,no,correct
FinanceBench::hybrid_pageindex_chunk_rerank_harrier_oss_v1_0_6b_top_m_10::financebench_id_08286::top_1,FinanceBench,hybrid_pageindex_chunk_rerank_harrier_oss_v1_0_6b_top_m_10,hybrid_pageindex_chunk_rerank,microsoft/harrier-oss-v1-0.6b,chunk_rerank,10,financebench_id_08286,financebench_id_08286,AMAZON_2019_10K,top_1,1,AMAZON_2019_10K_0016,AMAZON_2019_10K_0002,no,no_answer
FinanceBench::hybrid_pageindex_chunk_rerank_harrier_oss_v1_0_6b_top_m_10::financebench_id_08286::top_5,FinanceBench,hybrid_pageindex_chunk_rerank_harrier_oss_v1_0_6b_top_m_10,hybrid_pageindex_chunk_rerank,microsoft/harrier-oss-v1-0.6b,chunk_rerank,10,financebench_id_08286,financebench_id_08286,AMAZON_2019_10K,top_5,5,AMAZON_2019_10K_0016,AMAZON_2019_10K_0002|AMAZON_2019_10K_0016|AMAZON_2019_10K_0014|AMAZON_2019_10K_0029|AMAZON_2019_10K_0000,yes,correct
FinanceBench::hybrid_pageindex_chunk_rerank_harrier_oss_v1_0_6b_top_m_10::financebench_id_03882::top_1,FinanceBench,hybrid_pageindex_chunk_rerank_harrier_oss_v1_0_6b_top_m_10,hybrid_pageindex_chunk_rerank,microsoft/harrier-oss-v1-0.6b,chunk_rerank,10,financebench_id_03882,financebench_id_03882,AMCOR_2020_10K,top_1,1,AMCOR_2020_10K_0017,AMCOR_2023_10K_0019,no,no_answer
FinanceBench::hybrid_pageindex_chunk_rerank_harrier_oss_v1_0_6b_top_m_10::financebench_id_03882::top_5,FinanceBench,hybrid_pageindex_chunk_rerank_harrier_oss_v1_0_6b_top_m_10,hybrid_pageindex_chunk_rerank,microsoft/harrier-oss-v1-0.6b,chunk_rerank,10,financebench_id_03882,financebench_id_03882,AMCOR_2020_10K,top_5,5,AMCOR_2020_10K_0017,AMCOR_2023_10K_0019|AMCOR_2023_10K_0010|AMCOR_2023_10K_0014|AMCOR_2023_10K_0016|AMCOR_2023_10K_0000,no,no_answer
FinanceBench::hybrid_pageindex_chunk_rerank_harrier_oss_v1_0_6b_top_m_10::financebench_id_01935::top_1,FinanceBench,hybrid_pageindex_chunk_rerank_harrier_oss_v1_0_6b_top_m_10,hybrid_pageindex_chunk_rerank,microsoft/harrier-oss-v1-0.6b,chunk_rerank,10,financebench_id_01935,financebench_id_01935,AMCOR_2022_8K_dated-2022-07-01,top_1,1,AMCOR_2022_8K_dated_2022_07_01_0001,AMCOR_2022_8K_dated_2022_07_01_0000,no,no_answer
FinanceBench::hybrid_pageindex_chunk_rerank_harrier_oss_v1_0_6b_top_m_10::financebench_id_01928::top_1,FinanceBench,hybrid_pageindex_chunk_rerank_harrier_oss_v1_0_6b_top_m_10,hybrid_pageindex_chunk_rerank,microsoft/harrier-oss-v1-0.6b,chunk_rerank,10,financebench_id_01928,financebench_id_01928,AMCOR_2023Q4_EARNINGS,top_1,1,AMCOR_2023Q4_EARNINGS_0018,AMCOR_2023Q4_EARNINGS_0018,yes,correct
FinanceBench::hybrid_pageindex_chunk_rerank_harrier_oss_v1_0_6b_top_m_10::financebench_id_01928::top_5,FinanceBench,hybrid_pageindex_chunk_rerank_harrier_oss_v1_0_6b_top_m_10,hybrid_pageindex_chunk_rerank,microsoft/harrier-oss-v1-0.6b,chunk_rerank,10,financebench_id_01928,financebench_id_01928,AMCOR_2023Q4_EARNINGS,top_5,5,AMCOR_2023Q4_EARNINGS_0018,AMCOR_2023Q4_EARNINGS_0018|AMCOR_2023Q4_EARNINGS_0019|AMCOR_2023Q4_EARNINGS_0000|AMCOR_2023Q4_EARNINGS_0015|AMCOR_2023Q4_EARNINGS_0005,yes,correct
FinanceBench::hybrid_pageindex_chunk_rerank_harrier_oss_v1_0_6b_top_m_10::financebench_id_01930::top_1,FinanceBench,hybrid_pageindex_chunk_rerank_harrier_oss_v1_0_6b_top_m_10,hybrid_pageindex_chunk_rerank,microsoft/harrier-oss-v1-0.6b,chunk_rerank,10,financebench_id_01930,financebench_id_01930,AMCOR_2023Q4_EARNINGS,top_1,1,AMCOR_2023Q4_EARNINGS_0017,AMCOR_2023Q2_10Q_0016,no,no_answer
FinanceBench::hybrid_pageindex_chunk_rerank_harrier_oss_v1_0_6b_top_m_10::financebench_id_01930::top_5,FinanceBench,hybrid_pageindex_chunk_rerank_harrier_oss_v1_0_6b_top_m_10,hybrid_pageindex_chunk_rerank,microsoft/harrier-oss-v1-0.6b,chunk_rerank,10,financebench_id_01930,financebench_id_01930,AMCOR_2023Q4_EARNINGS,top_5,5,AMCOR_2023Q4_EARNINGS_0017,AMCOR_2023Q2_10Q_0016|AMCOR_2023Q2_10Q_0013|AMCOR_2023Q2_10Q_0011|AMCOR_2023Q2_10Q_0000|AMCOR_2023Q2_10Q_0005,no,no_answer
FinanceBench::hybrid_pageindex_chunk_rerank_harrier_oss_v1_0_6b_top_m_10::financebench_id_00799::top_1,FinanceBench,hybrid_pageindex_chunk_rerank_harrier_oss_v1_0_6b_top_m_10,hybrid_pageindex_chunk_rerank,microsoft/harrier-oss-v1-0.6b,chunk_rerank,10,financebench_id_00799,financebench_id_00799,AMCOR_2023_10K,top_1,1,AMCOR_2023_10K_0016,AMCOR_2023Q2_10Q_0000,no,no_answer
FinanceBench::hybrid_pageindex_chunk_rerank_harrier_oss_v1_0_6b_top_m_10::financebench_id_00799::top_5,FinanceBench,hybrid_pageindex_chunk_rerank_harrier_oss_v1_0_6b_top_m_10,hybrid_pageindex_chunk_rerank,microsoft/harrier-oss-v1-0.6b,chunk_rerank,10,financebench_id_00799,financebench_id_00799,AMCOR_2023_10K,top_5,5,AMCOR_2023_10K_0016,AMCOR_2023Q2_10Q_0000|AMCOR_2023Q2_10Q_0003|AMCOR_2023Q2_10Q_0011|AMCOR_2023Q2_10Q_0016|AMCOR_2023Q2_10Q_0012,no,no_answer
FinanceBench::hybrid_pageindex_chunk_rerank_harrier_oss_v1_0_6b_top_m_10::financebench_id_01079::top_1,FinanceBench,hybrid_pageindex_chunk_rerank_harrier_oss_v1_0_6b_top_m_10,hybrid_pageindex_chunk_rerank,microsoft/harrier-oss-v1-0.6b,chunk_rerank,10,financebench_id_01079,financebench_id_01079,AMCOR_2023_10K,top_1,1,AMCOR_2023_10K_0019,AMCOR_2023_10K_0034,no,no_answer
FinanceBench::hybrid_pageindex_chunk_rerank_harrier_oss_v1_0_6b_top_m_10::financebench_id_01079::top_5,FinanceBench,hybrid_pageindex_chunk_rerank_harrier_oss_v1_0_6b_top_m_10,hybrid_pageindex_chunk_rerank,microsoft/harrier-oss-v1-0.6b,chunk_rerank,10,financebench_id_01079,financebench_id_01079,AMCOR_2023_10K,top_5,5,AMCOR_2023_10K_0019,AMCOR_2023_10K_0034|AMCOR_2023_10K_0010|AMCOR_2023_10K_0000|AMCOR_2023_10K_0019|AMCOR_2023_10K_0009,yes,no_answer
FinanceBench::hybrid_pageindex_chunk_rerank_harrier_oss_v1_0_6b_top_m_10::financebench_id_01148::top_1,FinanceBench,hybrid_pageindex_chunk_rerank_harrier_oss_v1_0_6b_top_m_10,hybrid_pageindex_chunk_rerank,microsoft/harrier-oss-v1-0.6b,chunk_rerank,10,financebench_id_01148,financebench_id_01148,AMCOR_2023_10K,top_1,1,AMCOR_2023_10K_0001,AMCOR_2023_10K_0002,no,correct
FinanceBench::hybrid_pageindex_chunk_rerank_harrier_oss_v1_0_6b_top_m_10::financebench_id_01148::top_5,FinanceBench,hybrid_pageindex_chunk_rerank_harrier_oss_v1_0_6b_top_m_10,hybrid_pageindex_chunk_rerank,microsoft/harrier-oss-v1-0.6b,chunk_rerank,10,financebench_id_01148,financebench_id_01148,AMCOR_2023_10K,top_5,5,AMCOR_2023_10K_0001,AMCOR_2023_10K_0002|AMCOR_2023_10K_0000|AMCOR_2023_10K_0019|AMCOR_2023_10K_0034|AMCOR_2023_10K_0010,no,correct
FinanceBench::hybrid_pageindex_chunk_rerank_harrier_oss_v1_0_6b_top_m_10::financebench_id_00222::top_1,FinanceBench,hybrid_pageindex_chunk_rerank_harrier_oss_v1_0_6b_top_m_10,hybrid_pageindex_chunk_rerank,microsoft/harrier-oss-v1-0.6b,chunk_rerank,10,financebench_id_00222,financebench_id_00222,AMD_2022_10K,top_1,1,AMD_2022_10K_0014,AMD_2022_10K_0012,no,no_answer
FinanceBench::hybrid_pageindex_chunk_rerank_harrier_oss_v1_0_6b_top_m_10::financebench_id_01198::top_1,FinanceBench,hybrid_pageindex_chunk_rerank_harrier_oss_v1_0_6b_top_m_10,hybrid_pageindex_chunk_rerank,microsoft/harrier-oss-v1-0.6b,chunk_rerank,10,financebench_id_01198,financebench_id_01198,AMD_2022_10K,top_1,1,AMD_2022_10K_0012,AMD_2022_10K_0012,yes,correct
FinanceBench::hybrid_pageindex_chunk_rerank_harrier_oss_v1_0_6b_top_m_10::financebench_id_01198::top_5,FinanceBench,hybrid_pageindex_chunk_rerank_harrier_oss_v1_0_6b_top_m_10,hybrid_pageindex_chunk_rerank,microsoft/harrier-oss-v1-0.6b,chunk_rerank,10,financebench_id_01198,financebench_id_01198,AMD_2022_10K,top_5,5,AMD_2022_10K_0012,AMD_2022_10K_0012|AMD_2022_10K_0003|AMD_2022_10K_0014|AMD_2022_10K_0002|AMD_2022_10K_0028,yes,correct
FinanceBench::hybrid_pageindex_chunk_rerank_harrier_oss_v1_0_6b_top_m_10::financebench_id_00563::top_1,FinanceBench,hybrid_pageindex_chunk_rerank_harrier_oss_v1_0_6b_top_m_10,hybrid_pageindex_chunk_rerank,microsoft/harrier-oss-v1-0.6b,chunk_rerank,10,financebench_id_00563,financebench_id_00563,AMD_2022_10K,top_1,1,AMD_2022_10K_0012,AMD_2022_10K_0012,yes,correct
FinanceBench::hybrid_pageindex_chunk_rerank_harrier_oss_v1_0_6b_top_m_10::financebench_id_00563::top_5,FinanceBench,hybrid_pageindex_chunk_rerank_harrier_oss_v1_0_6b_top_m_10,hybrid_pageindex_chunk_rerank,microsoft/harrier-oss-v1-0.6b,chunk_rerank,10,financebench_id_00563,financebench_id_00563,AMD_2022_10K,top_5,5,AMD_2022_10K_0012,AMD_2022_10K_0012|AMD_2022_10K_0003|AMD_2022_10K_0002|AMD_2022_10K_0025|AMD_2022_10K_0014,yes,correct
FinanceBench::hybrid_pageindex_chunk_rerank_harrier_oss_v1_0_6b_top_m_10::financebench_id_00757::top_1,FinanceBench,hybrid_pageindex_chunk_rerank_harrier_oss_v1_0_6b_top_m_10,hybrid_pageindex_chunk_rerank,microsoft/harrier-oss-v1-0.6b,chunk_rerank,10,financebench_id_00757,financebench_id_00757,AMD_2022_10K,top_1,1,AMD_2022_10K_0003,AMD_2022_10K_0012,no,no_answer
FinanceBench::hybrid_pageindex_chunk_rerank_harrier_oss_v1_0_6b_top_m_10::financebench_id_00476::top_5,FinanceBench,hybrid_pageindex_chunk_rerank_harrier_oss_v1_0_6b_top_m_10,hybrid_pageindex_chunk_rerank,microsoft/harrier-oss-v1-0.6b,chunk_rerank,10,financebench_id_00476,financebench_id_00476,AMERICANEXPRESS_2022_10K,top_5,5,AMERICANEXPRESS_2022_10K_0000,AMERICANEXPRESS_2022_10K_0000|AMERICANEXPRESS_2022_10K_0134_intro|AMERICANEXPRESS_2022_10K_0003|AMERICANEXPRESS_2022_10K_0013|AMERICANEXPRESS_2022_10K_0019,yes,correct
FinanceBench::hybrid_pageindex_chunk_rerank_harrier_oss_v1_0_6b_top_m_10::financebench_id_01351::top_1,FinanceBench,hybrid_pageindex_chunk_rerank_harrier_oss_v1_0_6b_top_m_10,hybrid_pageindex_chunk_rerank,microsoft/harrier-oss-v1-0.6b,chunk_rerank,10,financebench_id_01351,financebench_id_01351,AMERICANEXPRESS_2022_10K,top_1,1,AMERICANEXPRESS_2022_10K_0016,AMERICANEXPRESS_2022_10K_0016,yes,correct
FinanceBench::hybrid_pageindex_chunk_rerank_harrier_oss_v1_0_6b_top_m_10::financebench_id_01351::top_5,FinanceBench,hybrid_pageindex_chunk_rerank_harrier_oss_v1_0_6b_top_m_10,hybrid_pageindex_chunk_rerank,microsoft/harrier-oss-v1-0.6b,chunk_rerank,10,financebench_id_01351,financebench_id_01351,AMERICANEXPRESS_2022_10K,top_5,5,AMERICANEXPRESS_2022_10K_0016,AMERICANEXPRESS_2022_10K_0016|AMERICANEXPRESS_2022_10K_0000|AMERICANEXPRESS_2022_10K_0134_intro|AMERICANEXPRESS_2022_10K_0003|AMERICANEXPRESS_2022_10K_0017,yes,correct
FinanceBench::hybrid_pageindex_chunk_rerank_harrier_oss_v1_0_6b_top_m_10::financebench_id_01964::top_1,FinanceBench,hybrid_pageindex_chunk_rerank_harrier_oss_v1_0_6b_top_m_10,hybrid_pageindex_chunk_rerank,microsoft/harrier-oss-v1-0.6b,chunk_rerank,10,financebench_id_01964,financebench_id_01964,AMERICANEXPRESS_2022_10K,top_1,1,AMERICANEXPRESS_2022_10K_0028,AMERICANEXPRESS_2022_10K_0003,no,no_answer
FinanceBench::hybrid_pageindex_chunk_rerank_harrier_oss_v1_0_6b_top_m_10::financebench_id_01964::top_5,FinanceBench,hybrid_pageindex_chunk_rerank_harrier_oss_v1_0_6b_top_m_10,hybrid_pageindex_chunk_rerank,microsoft/harrier-oss-v1-0.6b,chunk_rerank,10,financebench_id_01964,financebench_id_01964,AMERICANEXPRESS_2022_10K,top_5,5,AMERICANEXPRESS_2022_10K_0028,AMERICANEXPRESS_2022_10K_0003|AMERICANEXPRESS_2022_10K_0016|AMERICANEXPRESS_2022_10K_0134_intro|AMERICANEXPRESS_2022_10K_0019|AMERICANEXPRESS_2022_10K_0026,no,correct
FinanceBench::hybrid_pageindex_chunk_rerank_harrier_oss_v1_0_6b_top_m_10::financebench_id_01981::top_1,FinanceBench,hybrid_pageindex_chunk_rerank_harrier_oss_v1_0_6b_top_m_10,hybrid_pageindex_chunk_rerank,microsoft/harrier-oss-v1-0.6b,chunk_rerank,10,financebench_id_01981,financebench_id_01981,AMERICANEXPRESS_2022_10K,top_1,1,AMERICANEXPRESS_2022_10K_0016,AMERICANEXPRESS_2022_10K_0003,no,no_answer
FinanceBench::hybrid_pageindex_chunk_rerank_harrier_oss_v1_0_6b_top_m_10::financebench_id_01981::top_5,FinanceBench,hybrid_pageindex_chunk_rerank_harrier_oss_v1_0_6b_top_m_10,hybrid_pageindex_chunk_rerank,microsoft/harrier-oss-v1-0.6b,chunk_rerank,10,financebench_id_01981,financebench_id_01981,AMERICANEXPRESS_2022_10K,top_5,5,AMERICANEXPRESS_2022_10K_0016,AMERICANEXPRESS_2022_10K_0003|AMERICANEXPRESS_2022_10K_0016|AMERICANEXPRESS_2022_10K_0134_intro|AMERICANEXPRESS_2022_10K_0017|AMERICANEXPRESS_2022_10K_0000,yes,correct
FinanceBench::hybrid_pageindex_chunk_rerank_harrier_oss_v1_0_6b_top_m_10::financebench_id_05718::top_1,FinanceBench,hybrid_pageindex_chunk_rerank_harrier_oss_v1_0_6b_top_m_10,hybrid_pageindex_chunk_rerank,microsoft/harrier-oss-v1-0.6b,chunk_rerank,10,financebench_id_05718,financebench_id_05718,AMERICANWATERWORKS_2020_10K,top_1,1,AMERICANWATERWORKS_2020_10K_0025,AMERICANWATERWORKS_2020_10K_0009,no,no_answer
FinanceBench::hybrid_pageindex_chunk_rerank_harrier_oss_v1_0_6b_top_m_10::financebench_id_02608::top_1,FinanceBench,hybrid_pageindex_chunk_rerank_harrier_oss_v1_0_6b_top_m_10,hybrid_pageindex_chunk_rerank,microsoft/harrier-oss-v1-0.6b,chunk_rerank,10,financebench_id_02608,financebench_id_02608,BESTBUY_2017_10K,top_1,1,BESTBUY_2017_10K_0068,BESTBUY_2023_10K_0012,no,no_answer
FinanceBench::hybrid_pageindex_chunk_rerank_harrier_oss_v1_0_6b_top_m_10::financebench_id_02608::top_5,FinanceBench,hybrid_pageindex_chunk_rerank_harrier_oss_v1_0_6b_top_m_10,hybrid_pageindex_chunk_rerank,microsoft/harrier-oss-v1-0.6b,chunk_rerank,10,financebench_id_02608,financebench_id_02608,BESTBUY_2017_10K,top_5,5,BESTBUY_2017_10K_0068,BESTBUY_2023_10K_0012|BESTBUY_2023_10K_0002|BESTBUY_2023_10K_0001|BESTBUY_2023_10K_0028|BESTBUY_2023_10K_0000,no,no_answer
FinanceBench::hybrid_pageindex_chunk_rerank_harrier_oss_v1_0_6b_top_m_10::financebench_id_04417::top_1,FinanceBench,hybrid_pageindex_chunk_rerank_harrier_oss_v1_0_6b_top_m_10,hybrid_pageindex_chunk_rerank,microsoft/harrier-oss-v1-0.6b,chunk_rerank,10,financebench_id_04417,financebench_id_04417,BESTBUY_2019_10K,top_1,1,BESTBUY_2019_10K_0064,BESTBUY_2023_10K_0012,no,no_answer
FinanceBench::hybrid_pageindex_chunk_rerank_harrier_oss_v1_0_6b_top_m_10::financebench_id_04417::top_5,FinanceBench,hybrid_pageindex_chunk_rerank_harrier_oss_v1_0_6b_top_m_10,hybrid_pageindex_chunk_rerank,microsoft/harrier-oss-v1-0.6b,chunk_rerank,10,financebench_id_04417,financebench_id_04417,BESTBUY_2019_10K,top_5,5,BESTBUY_2019_10K_0064,BESTBUY_2023_10K_0012|BESTBUY_2023_10K_0002|BESTBUY_2023_10K_0001|BESTBUY_2023_10K_0028|BESTBUY_2023_10K_0014,no,no_answer
FinanceBench::hybrid_pageindex_chunk_rerank_harrier_oss_v1_0_6b_top_m_10::financebench_id_01077::top_1,FinanceBench,hybrid_pageindex_chunk_rerank_harrier_oss_v1_0_6b_top_m_10,hybrid_pageindex_chunk_rerank,microsoft/harrier-oss-v1-0.6b,chunk_rerank,10,financebench_id_01077,financebench_id_01077,BESTBUY_2023_10K,top_1,1,BESTBUY_2023_10K_0014,BESTBUY_2023_10K_0002,no,no_answer
FinanceBench::hybrid_pageindex_chunk_rerank_harrier_oss_v1_0_6b_top_m_10::financebench_id_01077::top_5,FinanceBench,hybrid_pageindex_chunk_rerank_harrier_oss_v1_0_6b_top_m_10,hybrid_pageindex_chunk_rerank,microsoft/harrier-oss-v1-0.6b,chunk_rerank,10,financebench_id_01077,financebench_id_01077,BESTBUY_2023_10K,top_5,5,BESTBUY_2023_10K_0014,BESTBUY_2023_10K_0002|BESTBUY_2023_10K_0001|BESTBUY_2023_10K_0012|BESTBUY_2023_10K_0028|BESTBUY_2023_10K_0000,no,no_answer
FinanceBench::hybrid_pageindex_chunk_rerank_harrier_oss_v1_0_6b_top_m_10::financebench_id_01275::top_1,FinanceBench,hybrid_pageindex_chunk_rerank_harrier_oss_v1_0_6b_top_m_10,hybrid_pageindex_chunk_rerank,microsoft/harrier-oss-v1-0.6b,chunk_rerank,10,financebench_id_01275,financebench_id_01275,BESTBUY_2023_10K,top_1,1,BESTBUY_2023_10K_0014,BESTBUY_2023_10K_0012,no,correct
FinanceBench::hybrid_pageindex_chunk_rerank_harrier_oss_v1_0_6b_top_m_10::financebench_id_01275::top_5,FinanceBench,hybrid_pageindex_chunk_rerank_harrier_oss_v1_0_6b_top_m_10,hybrid_pageindex_chunk_rerank,microsoft/harrier-oss-v1-0.6b,chunk_rerank,10,financebench_id_01275,financebench_id_01275,BESTBUY_2023_10K,top_5,5,BESTBUY_2023_10K_0014,BESTBUY_2023_10K_0012|BESTBUY_2023_10K_0002|BESTBUY_2023_10K_0001|BESTBUY_2023_10K_0028|BESTBUY_2023_10K_0000,no,correct
FinanceBench::hybrid_pageindex_chunk_rerank_harrier_oss_v1_0_6b_top_m_10::financebench_id_00288::top_5,FinanceBench,hybrid_pageindex_chunk_rerank_harrier_oss_v1_0_6b_top_m_10,hybrid_pageindex_chunk_rerank,microsoft/harrier-oss-v1-0.6b,chunk_rerank,10,financebench_id_00288,financebench_id_00288,BESTBUY_2024Q2_10Q,top_5,5,BESTBUY_2024Q2_10Q_0009,BESTBUY_2024Q2_10Q_0002|BESTBUY_2024Q2_10Q_0010|BESTBUY_2024Q2_10Q_0001|BESTBUY_2024Q2_10Q_0009|BESTBUY_2024Q2_10Q_0000,yes,correct
FinanceBench::hybrid_pageindex_chunk_rerank_harrier_oss_v1_0_6b_top_m_10::financebench_id_00460::top_1,FinanceBench,hybrid_pageindex_chunk_rerank_harrier_oss_v1_0_6b_top_m_10,hybrid_pageindex_chunk_rerank,microsoft/harrier-oss-v1-0.6b,chunk_rerank,10,financebench_id_00460,financebench_id_00460,BESTBUY_2024Q2_10Q,top_1,1,BESTBUY_2024Q2_10Q_0009,BESTBUY_2024Q2_10Q_0009,yes,incorrect
FinanceBench::hybrid_pageindex_chunk_rerank_harrier_oss_v1_0_6b_top_m_10::financebench_id_01902::top_1,FinanceBench,hybrid_pageindex_chunk_rerank_harrier_oss_v1_0_6b_top_m_10,hybrid_pageindex_chunk_rerank,microsoft/harrier-oss-v1-0.6b,chunk_rerank,10,financebench_id_01902,financebench_id_01902,BESTBUY_2024Q2_10Q,top_1,1,BESTBUY_2024Q2_10Q_0009,BESTBUY_2023_10K_0012,no,no_answer
FinanceBench::hybrid_pageindex_chunk_rerank_harrier_oss_v1_0_6b_top_m_10::financebench_id_01902::top_5,FinanceBench,hybrid_pageindex_chunk_rerank_harrier_oss_v1_0_6b_top_m_10,hybrid_pageindex_chunk_rerank,microsoft/harrier-oss-v1-0.6b,chunk_rerank,10,financebench_id_01902,financebench_id_01902,BESTBUY_2024Q2_10Q,top_5,5,BESTBUY_2024Q2_10Q_0009,BESTBUY_2023_10K_0012|BESTBUY_2023_10K_0002|BESTBUY_2023_10K_0001|BESTBUY_2023_10K_0003|BESTBUY_2023_10K_0010,no,no_answer
FinanceBench::hybrid_pageindex_chunk_rerank_harrier_oss_v1_0_6b_top_m_10::financebench_id_04660::top_1,FinanceBench,hybrid_pageindex_chunk_rerank_harrier_oss_v1_0_6b_top_m_10,hybrid_pageindex_chunk_rerank,microsoft/harrier-oss-v1-0.6b,chunk_rerank,10,financebench_id_04660,financebench_id_04660,BLOCK_2016_10K,top_1,1,BLOCK_2016_10K_0058,BLOCK_2016_10K_0062,no,no_answer
FinanceBench::hybrid_pageindex_chunk_rerank_harrier_oss_v1_0_6b_top_m_10::financebench_id_04660::top_5,FinanceBench,hybrid_pageindex_chunk_rerank_harrier_oss_v1_0_6b_top_m_10,hybrid_pageindex_chunk_rerank,microsoft/harrier-oss-v1-0.6b,chunk_rerank,10,financebench_id_04660,financebench_id_04660,BLOCK_2016_10K,top_5,5,BLOCK_2016_10K_0058,BLOCK_2016_10K_0062|BLOCK_2016_10K_0059|BLOCK_2016_10K_0090|BLOCK_2016_10K_0060|BLOCK_2016_10K_0068,no,no_answer
FinanceBench::hybrid_pageindex_chunk_rerank_harrier_oss_v1_0_6b_top_m_10::financebench_id_07661::top_1,FinanceBench,hybrid_pageindex_chunk_rerank_harrier_oss_v1_0_6b_top_m_10,hybrid_pageindex_chunk_rerank,microsoft/harrier-oss-v1-0.6b,chunk_rerank,10,financebench_id_07661,financebench_id_07661,BLOCK_2020_10K,top_1,1,BLOCK_2020_10K_0074,BLOCK_2020_10K_0002,no,no_answer
FinanceBench::hybrid_pageindex_chunk_rerank_harrier_oss_v1_0_6b_top_m_10::financebench_id_10285::top_1,FinanceBench,hybrid_pageindex_chunk_rerank_harrier_oss_v1_0_6b_top_m_10,hybrid_pageindex_chunk_rerank,microsoft/harrier-oss-v1-0.6b,chunk_rerank,10,financebench_id_10285,financebench_id_10285,BOEING_2018_10K,top_1,1,BOEING_2018_10K_0016,BOEING_2018_10K_0016,yes,correct
FinanceBench::hybrid_pageindex_chunk_rerank_harrier_oss_v1_0_6b_top_m_10::financebench_id_10285::top_5,FinanceBench,hybrid_pageindex_chunk_rerank_harrier_oss_v1_0_6b_top_m_10,hybrid_pageindex_chunk_rerank,microsoft/harrier-oss-v1-0.6b,chunk_rerank,10,financebench_id_10285,financebench_id_10285,BOEING_2018_10K,top_5,5,BOEING_2018_10K_0016,BOEING_2018_10K_0016|BOEING_2018_10K_0014|BOEING_2018_10K_0020|BOEING_2018_10K_0017|BOEING_2018_10K_0031,yes,correct
FinanceBench::hybrid_pageindex_chunk_rerank_harrier_oss_v1_0_6b_top_m_10::financebench_id_00517::top_1,FinanceBench,hybrid_pageindex_chunk_rerank_harrier_oss_v1_0_6b_top_m_10,hybrid_pageindex_chunk_rerank,microsoft/harrier-oss-v1-0.6b,chunk_rerank,10,financebench_id_00517,financebench_id_00517,BOEING_2022_10K,top_1,1,BOEING_2022_10K_0023,BOEING_2022_10K_0005,no,no_answer
FinanceBench::hybrid_pageindex_chunk_rerank_harrier_oss_v1_0_6b_top_m_10::financebench_id_00517::top_5,FinanceBench,hybrid_pageindex_chunk_rerank_harrier_oss_v1_0_6b_top_m_10,hybrid_pageindex_chunk_rerank,microsoft/harrier-oss-v1-0.6b,chunk_rerank,10,financebench_id_00517,financebench_id_00517,BOEING_2022_10K,top_5,5,BOEING_2022_10K_0023,BOEING_2022_10K_0005|BOEING_2022_10K_0006|BOEING_2022_10K_0023|BOEING_2022_10K_0045|BOEING_2022_10K_0015,yes,correct
FinanceBench::hybrid_pageindex_chunk_rerank_harrier_oss_v1_0_6b_top_m_10::financebench_id_00464::top_1,FinanceBench,hybrid_pageindex_chunk_rerank_harrier_oss_v1_0_6b_top_m_10,hybrid_pageindex_chunk_rerank,microsoft/harrier-oss-v1-0.6b,chunk_rerank,10,financebench_id_00464,financebench_id_00464,BOEING_2022_10K,top_1,1,BOEING_2022_10K_0007,BOEING_2022_10K_0007,yes,correct
FinanceBench::hybrid_pageindex_chunk_rerank_harrier_oss_v1_0_6b_top_m_10::financebench_id_00464::top_5,FinanceBench,hybrid_pageindex_chunk_rerank_harrier_oss_v1_0_6b_top_m_10,hybrid_pageindex_chunk_rerank,microsoft/harrier-oss-v1-0.6b,chunk_rerank,10,financebench_id_00464,financebench_id_00464,BOEING_2022_10K,top_5,5,BOEING_2022_10K_0007,BOEING_2022_10K_0007|BOEING_2022_10K_0015|BOEING_2022_10K_0005|BOEING_2022_10K_0006|BOEING_2022_10K_0023,yes,correct
FinanceBench::hybrid_pageindex_chunk_rerank_harrier_oss_v1_0_6b_top_m_10::financebench_id_00585::top_1,FinanceBench,hybrid_pageindex_chunk_rerank_harrier_oss_v1_0_6b_top_m_10,hybrid_pageindex_chunk_rerank,microsoft/harrier-oss-v1-0.6b,chunk_rerank,10,financebench_id_00585,financebench_id_00585,BOEING_2022_10K,top_1,1,BOEING_2022_10K_0018,BOEING_2022_10K_0015,no,incorrect
FinanceBench::hybrid_pageindex_chunk_rerank_harrier_oss_v1_0_6b_top_m_10::financebench_id_00585::top_5,FinanceBench,hybrid_pageindex_chunk_rerank_harrier_oss_v1_0_6b_top_m_10,hybrid_pageindex_chunk_rerank,microsoft/harrier-oss-v1-0.6b,chunk_rerank,10,financebench_id_00585,financebench_id_00585,BOEING_2022_10K,top_5,5,BOEING_2022_10K_0018,BOEING_2022_10K_0015|BOEING_2022_10K_0018|BOEING_2022_10K_0027|BOEING_2022_10K_0023|BOEING_2022_10K_0000,yes,incorrect
FinanceBench::hybrid_pageindex_chunk_rerank_harrier_oss_v1_0_6b_top_m_10::financebench_id_09724::top_1,FinanceBench,hybrid_pageindex_chunk_rerank_harrier_oss_v1_0_6b_top_m_10,hybrid_pageindex_chunk_rerank,microsoft/harrier-oss-v1-0.6b,chunk_rerank,10,financebench_id_09724,financebench_id_09724,COCACOLA_2021_10K,top_1,1,COCACOLA_2021_10K_0016,COCACOLA_2021_10K_0016,yes,correct
FinanceBench::hybrid_pageindex_chunk_rerank_harrier_oss_v1_0_6b_top_m_10::financebench_id_02981::top_1,FinanceBench,hybrid_pageindex_chunk_rerank_harrier_oss_v1_0_6b_top_m_10,hybrid_pageindex_chunk_rerank,microsoft/harrier-oss-v1-0.6b,chunk_rerank,10,financebench_id_02981,financebench_id_02981,CORNING_2021_10K,top_1,1,CORNING_2021_10K_0140,CORNING_2021_10K_0061_intro,no,incorrect
FinanceBench::hybrid_pageindex_chunk_rerank_harrier_oss_v1_0_6b_top_m_10::financebench_id_01346::top_1,FinanceBench,hybrid_pageindex_chunk_rerank_harrier_oss_v1_0_6b_top_m_10,hybrid_pageindex_chunk_rerank,microsoft/harrier-oss-v1-0.6b,chunk_rerank,10,financebench_id_01346,financebench_id_01346,CORNING_2022_10K,top_1,1,CORNING_2022_10K_0062_intro,CORNING_2022_10K_0162,no,incorrect
FinanceBench::hybrid_pageindex_chunk_rerank_harrier_oss_v1_0_6b_top_m_10::financebench_id_01346::top_5,FinanceBench,hybrid_pageindex_chunk_rerank_harrier_oss_v1_0_6b_top_m_10,hybrid_pageindex_chunk_rerank,microsoft/harrier-oss-v1-0.6b,chunk_rerank,10,financebench_id_01346,financebench_id_01346,CORNING_2022_10K,top_5,5,CORNING_2022_10K_0062_intro,CORNING_2022_10K_0162|CORNING_2022_10K_0060|CORNING_2022_10K_0000|CORNING_2022_10K_0130|CORNING_2022_10K_0171,no,incorrect
FinanceBench::hybrid_pageindex_chunk_rerank_harrier_oss_v1_0_6b_top_m_10::financebench_id_00005::top_1,FinanceBench,hybrid_pageindex_chunk_rerank_harrier_oss_v1_0_6b_top_m_10,hybrid_pageindex_chunk_rerank,microsoft/harrier-oss-v1-0.6b,chunk_rerank,10,financebench_id_00005,financebench_id_00005,CORNING_2022_10K,top_1,1,CORNING_2022_10K_0130,CORNING_2022_10K_0060,no,no_answer
FinanceBench::hybrid_pageindex_chunk_rerank_harrier_oss_v1_0_6b_top_m_10::financebench_id_04209::top_1,FinanceBench,hybrid_pageindex_chunk_rerank_harrier_oss_v1_0_6b_top_m_10,hybrid_pageindex_chunk_rerank,microsoft/harrier-oss-v1-0.6b,chunk_rerank,10,financebench_id_04209,financebench_id_04209,COSTCO_2021_10K,top_1,1,COSTCO_2021_10K_0013,COSTCO_2021_10K_0001,no,no_answer
FinanceBench::hybrid_pageindex_chunk_rerank_harrier_oss_v1_0_6b_top_m_10::financebench_id_04209::top_5,FinanceBench,hybrid_pageindex_chunk_rerank_harrier_oss_v1_0_6b_top_m_10,hybrid_pageindex_chunk_rerank,microsoft/harrier-oss-v1-0.6b,chunk_rerank,10,financebench_id_04209,financebench_id_04209,COSTCO_2021_10K,top_5,5,COSTCO_2021_10K_0013,COSTCO_2021_10K_0001|COSTCO_2021_10K_0002|COSTCO_2021_10K_0000|COSTCO_2021_10K_0013|COSTCO_2021_10K_0026,yes,correct
FinanceBench::hybrid_pageindex_chunk_rerank_harrier_oss_v1_0_6b_top_m_10::financebench_id_01244::top_1,FinanceBench,hybrid_pageindex_chunk_rerank_harrier_oss_v1_0_6b_top_m_10,hybrid_pageindex_chunk_rerank,microsoft/harrier-oss-v1-0.6b,chunk_rerank,10,financebench_id_01244,financebench_id_01244,CVSHEALTH_2022_10K,top_1,1,CVSHEALTH_2022_10K_0119,CVSHEALTH_2022_10K_0120,no,correct
FinanceBench::hybrid_pageindex_chunk_rerank_harrier_oss_v1_0_6b_top_m_10::financebench_id_00839::top_1,FinanceBench,hybrid_pageindex_chunk_rerank_harrier_oss_v1_0_6b_top_m_10,hybrid_pageindex_chunk_rerank,microsoft/harrier-oss-v1-0.6b,chunk_rerank,10,financebench_id_00839,financebench_id_00839,FOOTLOCKER_2022_8K_dated_2022-08-19,top_1,1,FOOTLOCKER_2022_8K_dated_2022_08_19_0001,FOOTLOCKER_2022_8K_dated_2022_08_19_0041_intro,no,incorrect
FinanceBench::hybrid_pageindex_chunk_rerank_harrier_oss_v1_0_6b_top_m_10::financebench_id_00839::top_5,FinanceBench,hybrid_pageindex_chunk_rerank_harrier_oss_v1_0_6b_top_m_10,hybrid_pageindex_chunk_rerank,microsoft/harrier-oss-v1-0.6b,chunk_rerank,10,financebench_id_00839,financebench_id_00839,FOOTLOCKER_2022_8K_dated_2022-08-19,top_5,5,FOOTLOCKER_2022_8K_dated_2022_08_19_0001,FOOTLOCKER_2022_8K_dated_2022_08_19_0041_intro|FOOTLOCKER_2022_8K_dated_2022_08_19_0005_intro|FOOTLOCKER_2022_8K_dated_2022_08_19_0001|FOOTLOCKER_2022_8K_dated_2022_08_19_0007|FOOTLOCKER_2022_8K_dated_2022_08_19_0023_intro,yes,correct
FinanceBench::hybrid_pageindex_chunk_rerank_harrier_oss_v1_0_6b_top_m_10::financebench_id_03471::top_1,FinanceBench,hybrid_pageindex_chunk_rerank_harrier_oss_v1_0_6b_top_m_10,hybrid_pageindex_chunk_rerank,microsoft/harrier-oss-v1-0.6b,chunk_rerank,10,financebench_id_03471,financebench_id_03471,GENERALMILLS_2020_10K,top_1,1,GENERALMILLS_2020_10K_0018,GENERALMILLS_2020_10K_0010,no,no_answer
FinanceBench::hybrid_pageindex_chunk_rerank_harrier_oss_v1_0_6b_top_m_10::financebench_id_03471::top_5,FinanceBench,hybrid_pageindex_chunk_rerank_harrier_oss_v1_0_6b_top_m_10,hybrid_pageindex_chunk_rerank,microsoft/harrier-oss-v1-0.6b,chunk_rerank,10,financebench_id_03471,financebench_id_03471,GENERALMILLS_2020_10K,top_5,5,GENERALMILLS_2020_10K_0018,GENERALMILLS_2020_10K_0010|GENERALMILLS_2020_10K_0023|GENERALMILLS_2020_10K_0018|GENERALMILLS_2020_10K_0020|GENERALMILLS_2020_10K_0000,yes,correct
FinanceBench::hybrid_pageindex_chunk_rerank_harrier_oss_v1_0_6b_top_m_10::financebench_id_01484::top_1,FinanceBench,hybrid_pageindex_chunk_rerank_harrier_oss_v1_0_6b_top_m_10,hybrid_pageindex_chunk_rerank,microsoft/harrier-oss-v1-0.6b,chunk_rerank,10,financebench_id_01484,financebench_id_01484,JOHNSON_JOHNSON_2022Q4_EARNINGS,top_1,1,JOHNSON_JOHNSON_2022Q4_EARNINGS_0001,JOHNSON_JOHNSON_2023Q2_EARNINGS_0012,no,no_answer
FinanceBench::hybrid_pageindex_chunk_rerank_harrier_oss_v1_0_6b_top_m_10::financebench_id_01484::top_5,FinanceBench,hybrid_pageindex_chunk_rerank_harrier_oss_v1_0_6b_top_m_10,hybrid_pageindex_chunk_rerank,microsoft/harrier-oss-v1-0.6b,chunk_rerank,10,financebench_id_01484,financebench_id_01484,JOHNSON_JOHNSON_2022Q4_EARNINGS,top_5,5,JOHNSON_JOHNSON_2022Q4_EARNINGS_0001,JOHNSON_JOHNSON_2023Q2_EARNINGS_0012|JOHNSON_JOHNSON_2023Q2_EARNINGS_0001|JOHNSON_JOHNSON_2023Q2_EARNINGS_0015|JOHNSON_JOHNSON_2023Q2_EARNINGS_0014|JOHNSON_JOHNSON_2023Q2_EARNINGS_0008,no,no_answer
FinanceBench::hybrid_pageindex_chunk_rerank_harrier_oss_v1_0_6b_top_m_10::financebench_id_00956::top_1,FinanceBench,hybrid_pageindex_chunk_rerank_harrier_oss_v1_0_6b_top_m_10,hybrid_pageindex_chunk_rerank,microsoft/harrier-oss-v1-0.6b,chunk_rerank,10,financebench_id_00956,financebench_id_00956,JOHNSON_JOHNSON_2022_10K,top_1,1,JOHNSON_JOHNSON_2022_10K_0024,JOHNSON_JOHNSON_2022_10K_0024,yes,correct
FinanceBench::hybrid_pageindex_chunk_rerank_harrier_oss_v1_0_6b_top_m_10::financebench_id_00956::top_5,FinanceBench,hybrid_pageindex_chunk_rerank_harrier_oss_v1_0_6b_top_m_10,hybrid_pageindex_chunk_rerank,microsoft/harrier-oss-v1-0.6b,chunk_rerank,10,financebench_id_00956,financebench_id_00956,JOHNSON_JOHNSON_2022_10K,top_5,5,JOHNSON_JOHNSON_2022_10K_0024,JOHNSON_JOHNSON_2022_10K_0024|JOHNSON_JOHNSON_2022_10K_0000|JOHNSON_JOHNSON_2022_10K_0014|JOHNSON_JOHNSON_2022_10K_0003|JOHNSON_JOHNSON_2022_10K_0002,yes,correct
FinanceBench::hybrid_pageindex_chunk_rerank_harrier_oss_v1_0_6b_top_m_10::financebench_id_01487::top_5,FinanceBench,hybrid_pageindex_chunk_rerank_harrier_oss_v1_0_6b_top_m_10,hybrid_pageindex_chunk_rerank,microsoft/harrier-oss-v1-0.6b,chunk_rerank,10,financebench_id_01487,financebench_id_01487,JOHNSON_JOHNSON_2023Q2_EARNINGS,top_5,5,JOHNSON_JOHNSON_2023Q2_EARNINGS_0012,JOHNSON_JOHNSON_2023Q2_EARNINGS_0000|JOHNSON_JOHNSON_2023Q2_EARNINGS_0008|JOHNSON_JOHNSON_2023Q2_EARNINGS_0015|JOHNSON_JOHNSON_2023Q2_EARNINGS_0012|JOHNSON_JOHNSON_2023Q2_EARNINGS_0001,yes,correct
FinanceBench::hybrid_pageindex_chunk_rerank_harrier_oss_v1_0_6b_top_m_10::financebench_id_01488::top_1,FinanceBench,hybrid_pageindex_chunk_rerank_harrier_oss_v1_0_6b_top_m_10,hybrid_pageindex_chunk_rerank,microsoft/harrier-oss-v1-0.6b,chunk_rerank,10,financebench_id_01488,financebench_id_01488,JOHNSON_JOHNSON_2023_8K_dated-2023-08-30,top_1,1,JOHNSON_JOHNSON_2023_8K_dated_2023_08_30_0004_intro,JOHNSON_JOHNSON_2023_8K_dated_2023_08_30_0000,no,no_answer
FinanceBench::hybrid_pageindex_chunk_rerank_harrier_oss_v1_0_6b_top_m_10::financebench_id_01490::top_1,FinanceBench,hybrid_pageindex_chunk_rerank_harrier_oss_v1_0_6b_top_m_10,hybrid_pageindex_chunk_rerank,microsoft/harrier-oss-v1-0.6b,chunk_rerank,10,financebench_id_01490,financebench_id_01490,JOHNSON_JOHNSON_2023_8K_dated-2023-08-30,top_1,1,JOHNSON_JOHNSON_2023_8K_dated_2023_08_30_0004_intro,JOHNSON_JOHNSON_2023_8K_dated_2023_08_30_0004_intro,yes,correct
FinanceBench::hybrid_pageindex_chunk_rerank_harrier_oss_v1_0_6b_top_m_10::financebench_id_01490::top_5,FinanceBench,hybrid_pageindex_chunk_rerank_harrier_oss_v1_0_6b_top_m_10,hybrid_pageindex_chunk_rerank,microsoft/harrier-oss-v1-0.6b,chunk_rerank,10,financebench_id_01490,financebench_id_01490,JOHNSON_JOHNSON_2023_8K_dated-2023-08-30,top_5,5,JOHNSON_JOHNSON_2023_8K_dated_2023_08_30_0004_intro,JOHNSON_JOHNSON_2023_8K_dated_2023_08_30_0004_intro|JOHNSON_JOHNSON_2023_8K_dated_2023_08_30_0001|JOHNSON_JOHNSON_2023_8K_dated_2023_08_30_0020|JOHNSON_JOHNSON_2023_8K_dated_2023_08_30_0008|JOHNSON_JOHNSON_2023_8K_dated_2023_08_30_0000,yes,correct
FinanceBench::hybrid_pageindex_chunk_rerank_harrier_oss_v1_0_6b_top_m_10::financebench_id_01491::top_1,FinanceBench,hybrid_pageindex_chunk_rerank_harrier_oss_v1_0_6b_top_m_10,hybrid_pageindex_chunk_rerank,microsoft/harrier-oss-v1-0.6b,chunk_rerank,10,financebench_id_01491,financebench_id_01491,JOHNSON_JOHNSON_2023_8K_dated-2023-08-30,top_1,1,JOHNSON_JOHNSON_2023_8K_dated_2023_08_30_0004_intro,JOHNSON_JOHNSON_2023_8K_dated_2023_08_30_0001,no,no_answer
FinanceBench::hybrid_pageindex_chunk_rerank_harrier_oss_v1_0_6b_top_m_10::financebench_id_01491::top_5,FinanceBench,hybrid_pageindex_chunk_rerank_harrier_oss_v1_0_6b_top_m_10,hybrid_pageindex_chunk_rerank,microsoft/harrier-oss-v1-0.6b,chunk_rerank,10,financebench_id_01491,financebench_id_01491,JOHNSON_JOHNSON_2023_8K_dated-2023-08-30,top_5,5,JOHNSON_JOHNSON_2023_8K_dated_2023_08_30_0004_intro,JOHNSON_JOHNSON_2023_8K_dated_2023_08_30_0001|JOHNSON_JOHNSON_2023_8K_dated_2023_08_30_0004_intro|JOHNSON_JOHNSON_2023_8K_dated_2023_08_30_0008|JOHNSON_JOHNSON_2023_8K_dated_2023_08_30_0000|JOHNSON_JOHNSON_2023_8K_dated_2023_08_30_0020,yes,correct
FinanceBench::hybrid_pageindex_chunk_rerank_harrier_oss_v1_0_6b_top_m_10::financebench_id_00299::top_1,FinanceBench,hybrid_pageindex_chunk_rerank_harrier_oss_v1_0_6b_top_m_10,hybrid_pageindex_chunk_rerank,microsoft/harrier-oss-v1-0.6b,chunk_rerank,10,financebench_id_00299,financebench_id_00299,JPMORGAN_2021Q1_10Q,top_1,1,JPMORGAN_2021Q1_10Q_0024,JPMORGAN_2021Q1_10Q_0005,no,no_answer
FinanceBench::hybrid_pageindex_chunk_rerank_harrier_oss_v1_0_6b_top_m_10::financebench_id_00299::top_5,FinanceBench,hybrid_pageindex_chunk_rerank_harrier_oss_v1_0_6b_top_m_10,hybrid_pageindex_chunk_rerank,microsoft/harrier-oss-v1-0.6b,chunk_rerank,10,financebench_id_00299,financebench_id_00299,JPMORGAN_2021Q1_10Q,top_5,5,JPMORGAN_2021Q1_10Q_0024,JPMORGAN_2021Q1_10Q_0005|JPMORGAN_2021Q1_10Q_0130|JPMORGAN_2021Q1_10Q_0003|JPMORGAN_2021Q1_10Q_0007|JPMORGAN_2021Q1_10Q_0043,no,no_answer
FinanceBench::hybrid_pageindex_chunk_rerank_harrier_oss_v1_0_6b_top_m_10::financebench_id_02119::top_1,FinanceBench,hybrid_pageindex_chunk_rerank_harrier_oss_v1_0_6b_top_m_10,hybrid_pageindex_chunk_rerank,microsoft/harrier-oss-v1-0.6b,chunk_rerank,10,financebench_id_02119,financebench_id_02119,JPMORGAN_2021Q1_10Q,top_1,1,JPMORGAN_2021Q1_10Q_0006,JPMORGAN_2021Q1_10Q_0005,no,no_answer
FinanceBench::hybrid_pageindex_chunk_rerank_harrier_oss_v1_0_6b_top_m_10::financebench_id_00394::top_1,FinanceBench,hybrid_pageindex_chunk_rerank_harrier_oss_v1_0_6b_top_m_10,hybrid_pageindex_chunk_rerank,microsoft/harrier-oss-v1-0.6b,chunk_rerank,10,financebench_id_00394,financebench_id_00394,JPMORGAN_2022Q2_10Q,top_1,1,JPMORGAN_2022Q2_10Q_0025,JPMORGAN_2023Q2_10Q_0005,no,no_answer
FinanceBench::hybrid_pageindex_chunk_rerank_harrier_oss_v1_0_6b_top_m_10::financebench_id_00394::top_5,FinanceBench,hybrid_pageindex_chunk_rerank_harrier_oss_v1_0_6b_top_m_10,hybrid_pageindex_chunk_rerank,microsoft/harrier-oss-v1-0.6b,chunk_rerank,10,financebench_id_00394,financebench_id_00394,JPMORGAN_2022Q2_10Q,top_5,5,JPMORGAN_2022Q2_10Q_0025,JPMORGAN_2023Q2_10Q_0005|JPMORGAN_2023Q2_10Q_0007|JPMORGAN_2023Q2_10Q_0003|JPMORGAN_2023Q2_10Q_0134|JPMORGAN_2023Q2_10Q_0039_intro,no,no_answer
FinanceBench::hybrid_pageindex_chunk_rerank_harrier_oss_v1_0_6b_top_m_10::financebench_id_00206::top_1,FinanceBench,hybrid_pageindex_chunk_rerank_harrier_oss_v1_0_6b_top_m_10,hybrid_pageindex_chunk_rerank,microsoft/harrier-oss-v1-0.6b,chunk_rerank,10,financebench_id_00206,financebench_id_00206,JPMORGAN_2022_10K,top_1,1,JPMORGAN_2022_10K_0002,JPMORGAN_2021Q1_10Q_0012_intro,no,no_answer
FinanceBench::hybrid_pageindex_chunk_rerank_harrier_oss_v1_0_6b_top_m_10::financebench_id_02049::top_1,FinanceBench,hybrid_pageindex_chunk_rerank_harrier_oss_v1_0_6b_top_m_10,hybrid_pageindex_chunk_rerank,microsoft/harrier-oss-v1-0.6b,chunk_rerank,10,financebench_id_02049,financebench_id_02049,JPMORGAN_2023Q2_10Q,top_1,1,JPMORGAN_2023Q2_10Q_0113,JPMORGAN_2023Q2_10Q_0005,no,no_answer
FinanceBench::hybrid_pageindex_chunk_rerank_harrier_oss_v1_0_6b_top_m_10::financebench_id_02049::top_5,FinanceBench,hybrid_pageindex_chunk_rerank_harrier_oss_v1_0_6b_top_m_10,hybrid_pageindex_chunk_rerank,microsoft/harrier-oss-v1-0.6b,chunk_rerank,10,financebench_id_02049,financebench_id_02049,JPMORGAN_2023Q2_10Q,top_5,5,JPMORGAN_2023Q2_10Q_0113,JPMORGAN_2023Q2_10Q_0005|JPMORGAN_2023Q2_10Q_0009|JPMORGAN_2023Q2_10Q_0001_intro|JPMORGAN_2023Q2_10Q_0003|JPMORGAN_2023Q2_10Q_0004_intro,no,no_answer
FinanceBench::hybrid_pageindex_chunk_rerank_harrier_oss_v1_0_6b_top_m_10::financebench_id_03031::top_1,FinanceBench,hybrid_pageindex_chunk_rerank_harrier_oss_v1_0_6b_top_m_10,hybrid_pageindex_chunk_rerank,microsoft/harrier-oss-v1-0.6b,chunk_rerank,10,financebench_id_03031,financebench_id_03031,LOCKHEEDMARTIN_2021_10K,top_1,1,LOCKHEEDMARTIN_2021_10K_0027,LOCKHEEDMARTIN_2022_10K_0012,no,no_answer
FinanceBench::hybrid_pageindex_chunk_rerank_harrier_oss_v1_0_6b_top_m_10::financebench_id_03031::top_5,FinanceBench,hybrid_pageindex_chunk_rerank_harrier_oss_v1_0_6b_top_m_10,hybrid_pageindex_chunk_rerank,microsoft/harrier-oss-v1-0.6b,chunk_rerank,10,financebench_id_03031,financebench_id_03031,LOCKHEEDMARTIN_2021_10K,top_5,5,LOCKHEEDMARTIN_2021_10K_0027,LOCKHEEDMARTIN_2022_10K_0012|LOCKHEEDMARTIN_2022_10K_0000|LOCKHEEDMARTIN_2022_10K_0105|LOCKHEEDMARTIN_2022_10K_0056|LOCKHEEDMARTIN_2022_10K_0057,no,no_answer
FinanceBench::hybrid_pageindex_chunk_rerank_harrier_oss_v1_0_6b_top_m_10::financebench_id_03718::top_1,FinanceBench,hybrid_pageindex_chunk_rerank_harrier_oss_v1_0_6b_top_m_10,hybrid_pageindex_chunk_rerank,microsoft/harrier-oss-v1-0.6b,chunk_rerank,10,financebench_id_03718,financebench_id_03718,LOCKHEEDMARTIN_2022_10K,top_1,1,LOCKHEEDMARTIN_2022_10K_0020,LOCKHEEDMARTIN_2022_10K_0012,no,correct
FinanceBench::hybrid_pageindex_chunk_rerank_harrier_oss_v1_0_6b_top_m_10::financebench_id_04171::top_1,FinanceBench,hybrid_pageindex_chunk_rerank_harrier_oss_v1_0_6b_top_m_10,hybrid_pageindex_chunk_rerank,microsoft/harrier-oss-v1-0.6b,chunk_rerank,10,financebench_id_04171,financebench_id_04171,MGMRESORTS_2018_10K,top_1,1,MGMRESORTS_2018_10K_0013,MGMRESORTS_2018_10K_0014,no,no_answer
FinanceBench::hybrid_pageindex_chunk_rerank_harrier_oss_v1_0_6b_top_m_10::financebench_id_04171::top_5,FinanceBench,hybrid_pageindex_chunk_rerank_harrier_oss_v1_0_6b_top_m_10,hybrid_pageindex_chunk_rerank,microsoft/harrier-oss-v1-0.6b,chunk_rerank,10,financebench_id_04171,financebench_id_04171,MGMRESORTS_2018_10K,top_5,5,MGMRESORTS_2018_10K_0013,MGMRESORTS_2018_10K_0014|MGMRESORTS_2018_10K_0120|MGMRESORTS_2018_10K_0002|MGMRESORTS_2018_10K_0121|MGMRESORTS_2018_10K_0010,no,no_answer
FinanceBench::hybrid_pageindex_chunk_rerank_harrier_oss_v1_0_6b_top_m_10::financebench_id_00382::top_1,FinanceBench,hybrid_pageindex_chunk_rerank_harrier_oss_v1_0_6b_top_m_10,hybrid_pageindex_chunk_rerank,microsoft/harrier-oss-v1-0.6b,chunk_rerank,10,financebench_id_00382,financebench_id_00382,MGMRESORTS_2022Q4_EARNINGS,top_1,1,MGMRESORTS_2022Q4_EARNINGS_0019,MGMRESORTS_2022Q4_EARNINGS_0000_intro,no,no_answer
FinanceBench::hybrid_pageindex_chunk_rerank_harrier_oss_v1_0_6b_top_m_10::financebench_id_00382::top_5,FinanceBench,hybrid_pageindex_chunk_rerank_harrier_oss_v1_0_6b_top_m_10,hybrid_pageindex_chunk_rerank,microsoft/harrier-oss-v1-0.6b,chunk_rerank,10,financebench_id_00382,financebench_id_00382,MGMRESORTS_2022Q4_EARNINGS,top_5,5,MGMRESORTS_2022Q4_EARNINGS_0019,MGMRESORTS_2022Q4_EARNINGS_0000_intro|MGMRESORTS_2022Q4_EARNINGS_0011|MGMRESORTS_2022Q4_EARNINGS_0019|MGMRESORTS_2022Q4_EARNINGS_0005|MGMRESORTS_2022Q4_EARNINGS_0018,yes,correct
FinanceBench::hybrid_pageindex_chunk_rerank_harrier_oss_v1_0_6b_top_m_10::financebench_id_01911::top_1,FinanceBench,hybrid_pageindex_chunk_rerank_harrier_oss_v1_0_6b_top_m_10,hybrid_pageindex_chunk_rerank,microsoft/harrier-oss-v1-0.6b,chunk_rerank,10,financebench_id_01911,financebench_id_01911,MGMRESORTS_2022Q4_EARNINGS,top_1,1,MGMRESORTS_2022Q4_EARNINGS_0019,MGMRESORTS_2022Q4_EARNINGS_0011,no,no_answer
FinanceBench::hybrid_pageindex_chunk_rerank_harrier_oss_v1_0_6b_top_m_10::financebench_id_01254::top_1,FinanceBench,hybrid_pageindex_chunk_rerank_harrier_oss_v1_0_6b_top_m_10,hybrid_pageindex_chunk_rerank,microsoft/harrier-oss-v1-0.6b,chunk_rerank,10,financebench_id_01254,financebench_id_01254,MGMRESORTS_2022_10K,top_1,1,MGMRESORTS_2022_10K_0008,MGMRESORTS_2022Q4_EARNINGS_0000_intro,no,no_answer
FinanceBench::hybrid_pageindex_chunk_rerank_harrier_oss_v1_0_6b_top_m_10::financebench_id_01254::top_5,FinanceBench,hybrid_pageindex_chunk_rerank_harrier_oss_v1_0_6b_top_m_10,hybrid_pageindex_chunk_rerank,microsoft/harrier-oss-v1-0.6b,chunk_rerank,10,financebench_id_01254,financebench_id_01254,MGMRESORTS_2022_10K,top_5,5,MGMRESORTS_2022_10K_0008,MGMRESORTS_2022Q4_EARNINGS_0000_intro|MGMRESORTS_2022Q4_EARNINGS_0017|MGMRESORTS_2022Q4_EARNINGS_0019|MGMRESORTS_2022Q4_EARNINGS_0018|MGMRESORTS_2022Q4_EARNINGS_0008,no,no_answer
FinanceBench::hybrid_pageindex_chunk_rerank_harrier_oss_v1_0_6b_top_m_10::financebench_id_00407::top_1,FinanceBench,hybrid_pageindex_chunk_rerank_harrier_oss_v1_0_6b_top_m_10,hybrid_pageindex_chunk_rerank,microsoft/harrier-oss-v1-0.6b,chunk_rerank,10,financebench_id_00407,financebench_id_00407,MGMRESORTS_2023Q2_10Q,top_1,1,MGMRESORTS_2023Q2_10Q_0005,MGMRESORTS_2023Q2_10Q_0006,no,correct
FinanceBench::hybrid_pageindex_chunk_rerank_harrier_oss_v1_0_6b_top_m_10::financebench_id_00407::top_5,FinanceBench,hybrid_pageindex_chunk_rerank_harrier_oss_v1_0_6b_top_m_10,hybrid_pageindex_chunk_rerank,microsoft/harrier-oss-v1-0.6b,chunk_rerank,10,financebench_id_00407,financebench_id_00407,MGMRESORTS_2023Q2_10Q,top_5,5,MGMRESORTS_2023Q2_10Q_0005,MGMRESORTS_2023Q2_10Q_0006|MGMRESORTS_2023Q2_10Q_0002|MGMRESORTS_2023Q2_10Q_0001|MGMRESORTS_2023Q2_10Q_0019|MGMRESORTS_2023Q2_10Q_0004,no,correct
FinanceBench::hybrid_pageindex_chunk_rerank_harrier_oss_v1_0_6b_top_m_10::financebench_id_04700::top_1,FinanceBench,hybrid_pageindex_chunk_rerank_harrier_oss_v1_0_6b_top_m_10,hybrid_pageindex_chunk_rerank,microsoft/harrier-oss-v1-0.6b,chunk_rerank,10,financebench_id_04700,financebench_id_04700,MICROSOFT_2016_10K,top_1,1,MICROSOFT_2016_10K_0014_intro,MICROSOFT_2023_10K_0014,no,no_answer
FinanceBench::hybrid_pageindex_chunk_rerank_harrier_oss_v1_0_6b_top_m_10::financebench_id_04700::top_5,FinanceBench,hybrid_pageindex_chunk_rerank_harrier_oss_v1_0_6b_top_m_10,hybrid_pageindex_chunk_rerank,microsoft/harrier-oss-v1-0.6b,chunk_rerank,10,financebench_id_04700,financebench_id_04700,MICROSOFT_2016_10K,top_5,5,MICROSOFT_2016_10K_0014_intro,MICROSOFT_2023_10K_0014|MICROSOFT_2023_10K_0012|MICROSOFT_2023_10K_0000|MICROSOFT_2023_10K_0030|MICROSOFT_2023_10K_0010,no,no_answer
FinanceBench::hybrid_pageindex_chunk_rerank_harrier_oss_v1_0_6b_top_m_10::financebench_id_00552::top_1,FinanceBench,hybrid_pageindex_chunk_rerank_harrier_oss_v1_0_6b_top_m_10,hybrid_pageindex_chunk_rerank,microsoft/harrier-oss-v1-0.6b,chunk_rerank,10,financebench_id_00552,financebench_id_00552,MICROSOFT_2023_10K,top_1,1,MICROSOFT_2023_10K_0014,MICROSOFT_2023_10K_0014,yes,correct
FinanceBench::hybrid_pageindex_chunk_rerank_harrier_oss_v1_0_6b_top_m_10::financebench_id_03531::top_1,FinanceBench,hybrid_pageindex_chunk_rerank_harrier_oss_v1_0_6b_top_m_10,hybrid_pageindex_chunk_rerank,microsoft/harrier-oss-v1-0.6b,chunk_rerank,10,financebench_id_03531,financebench_id_03531,NIKE_2019_10K,top_1,1,NIKE_2019_10K_0026,NIKE_2023_10K_0024,no,no_answer
FinanceBench::hybrid_pageindex_chunk_rerank_harrier_oss_v1_0_6b_top_m_10::financebench_id_03531::top_5,FinanceBench,hybrid_pageindex_chunk_rerank_harrier_oss_v1_0_6b_top_m_10,hybrid_pageindex_chunk_rerank,microsoft/harrier-oss-v1-0.6b,chunk_rerank,10,financebench_id_03531,financebench_id_03531,NIKE_2019_10K,top_5,5,NIKE_2019_10K_0026,NIKE_2023_10K_0024|NIKE_2023_10K_0021|NIKE_2023_10K_0000|NIKE_2023_10K_0026|NIKE_2023_10K_0037,no,no_answer
FinanceBench::hybrid_pageindex_chunk_rerank_harrier_oss_v1_0_6b_top_m_10::financebench_id_01163::top_5,FinanceBench,hybrid_pageindex_chunk_rerank_harrier_oss_v1_0_6b_top_m_10,hybrid_pageindex_chunk_rerank,microsoft/harrier-oss-v1-0.6b,chunk_rerank,10,financebench_id_01163,financebench_id_01163,NIKE_2023_10K,top_5,5,NIKE_2023_10K_0026,NIKE_2023_10K_0024|NIKE_2023_10K_0016|NIKE_2023_10K_0006|NIKE_2023_10K_0026|NIKE_2023_10K_0007,yes,correct
FinanceBench::hybrid_pageindex_chunk_rerank_harrier_oss_v1_0_6b_top_m_10::financebench_id_00080::top_1,FinanceBench,hybrid_pageindex_chunk_rerank_harrier_oss_v1_0_6b_top_m_10,hybrid_pageindex_chunk_rerank,microsoft/harrier-oss-v1-0.6b,chunk_rerank,10,financebench_id_00080,financebench_id_00080,PAYPAL_2022_10K,top_1,1,PAYPAL_2022_10K_0034,PAYPAL_2022_10K_0002,no,no_answer
FinanceBench::hybrid_pageindex_chunk_rerank_harrier_oss_v1_0_6b_top_m_10::financebench_id_04980::top_1,FinanceBench,hybrid_pageindex_chunk_rerank_harrier_oss_v1_0_6b_top_m_10,hybrid_pageindex_chunk_rerank,microsoft/harrier-oss-v1-0.6b,chunk_rerank,10,financebench_id_04980,financebench_id_04980,PEPSICO_2021_10K,top_1,1,PEPSICO_2021_10K_0123,PEPSICO_2021_10K_0109,no,no_answer
FinanceBench::hybrid_pageindex_chunk_rerank_harrier_oss_v1_0_6b_top_m_10::financebench_id_00735::top_1,FinanceBench,hybrid_pageindex_chunk_rerank_harrier_oss_v1_0_6b_top_m_10,hybrid_pageindex_chunk_rerank,microsoft/harrier-oss-v1-0.6b,chunk_rerank,10,financebench_id_00735,financebench_id_00735,PEPSICO_2022_10K,top_1,1,PEPSICO_2022_10K_0058,PEPSICO_2021_10K_0000,no,no_answer
FinanceBench::hybrid_pageindex_chunk_rerank_harrier_oss_v1_0_6b_top_m_10::financebench_id_00735::top_5,FinanceBench,hybrid_pageindex_chunk_rerank_harrier_oss_v1_0_6b_top_m_10,hybrid_pageindex_chunk_rerank,microsoft/harrier-oss-v1-0.6b,chunk_rerank,10,financebench_id_00735,financebench_id_00735,PEPSICO_2022_10K,top_5,5,PEPSICO_2022_10K_0058,PEPSICO_2021_10K_0000|PEPSICO_2021_10K_0067|PEPSICO_2021_10K_0341|PEPSICO_2021_10K_0153|PEPSICO_2021_10K_0025,no,no_answer
FinanceBench::hybrid_pageindex_chunk_rerank_harrier_oss_v1_0_6b_top_m_10::financebench_id_01328::top_1,FinanceBench,hybrid_pageindex_chunk_rerank_harrier_oss_v1_0_6b_top_m_10,hybrid_pageindex_chunk_rerank,microsoft/harrier-oss-v1-0.6b,chunk_rerank,10,financebench_id_01328,financebench_id_01328,PEPSICO_2022_10K,top_1,1,PEPSICO_2022_10K_0150,PEPSICO_2023Q1_EARNINGS_0004,no,no_answer
FinanceBench::hybrid_pageindex_chunk_rerank_harrier_oss_v1_0_6b_top_m_10::financebench_id_01474::top_1,FinanceBench,hybrid_pageindex_chunk_rerank_harrier_oss_v1_0_6b_top_m_10,hybrid_pageindex_chunk_rerank,microsoft/harrier-oss-v1-0.6b,chunk_rerank,10,financebench_id_01474,financebench_id_01474,PEPSICO_2023Q1_EARNINGS,top_1,1,PEPSICO_2023Q1_EARNINGS_0000,PEPSICO_2023Q1_EARNINGS_0000,yes,correct
FinanceBench::hybrid_pageindex_chunk_rerank_harrier_oss_v1_0_6b_top_m_10::financebench_id_01474::top_5,FinanceBench,hybrid_pageindex_chunk_rerank_harrier_oss_v1_0_6b_top_m_10,hybrid_pageindex_chunk_rerank,microsoft/harrier-oss-v1-0.6b,chunk_rerank,10,financebench_id_01474,financebench_id_01474,PEPSICO_2023Q1_EARNINGS,top_5,5,PEPSICO_2023Q1_EARNINGS_0000,PEPSICO_2023Q1_EARNINGS_0000|PEPSICO_2023Q1_EARNINGS_0012|PEPSICO_2023Q1_EARNINGS_0002|PEPSICO_2023Q1_EARNINGS_0009|PEPSICO_2023Q1_EARNINGS_0003,yes,correct
FinanceBench::hybrid_pageindex_chunk_rerank_harrier_oss_v1_0_6b_top_m_10::financebench_id_01476::top_1,FinanceBench,hybrid_pageindex_chunk_rerank_harrier_oss_v1_0_6b_top_m_10,hybrid_pageindex_chunk_rerank,microsoft/harrier-oss-v1-0.6b,chunk_rerank,10,financebench_id_01476,financebench_id_01476,PEPSICO_2023Q1_EARNINGS,top_1,1,PEPSICO_2023Q1_EARNINGS_0000,PEPSICO_2023Q1_EARNINGS_0000,yes,correct
FinanceBench::hybrid_pageindex_chunk_rerank_harrier_oss_v1_0_6b_top_m_10::financebench_id_01476::top_5,FinanceBench,hybrid_pageindex_chunk_rerank_harrier_oss_v1_0_6b_top_m_10,hybrid_pageindex_chunk_rerank,microsoft/harrier-oss-v1-0.6b,chunk_rerank,10,financebench_id_01476,financebench_id_01476,PEPSICO_2023Q1_EARNINGS,top_5,5,PEPSICO_2023Q1_EARNINGS_0000,PEPSICO_2023Q1_EARNINGS_0000|PEPSICO_2023Q1_EARNINGS_0002|PEPSICO_2023Q1_EARNINGS_0009|PEPSICO_2023Q1_EARNINGS_0006|PEPSICO_2023Q1_EARNINGS_0001,yes,correct
FinanceBench::hybrid_pageindex_chunk_rerank_harrier_oss_v1_0_6b_top_m_10::financebench_id_01482::top_1,FinanceBench,hybrid_pageindex_chunk_rerank_harrier_oss_v1_0_6b_top_m_10,hybrid_pageindex_chunk_rerank,microsoft/harrier-oss-v1-0.6b,chunk_rerank,10,financebench_id_01482,financebench_id_01482,PEPSICO_2023_8K_dated-2023-05-05,top_1,1,PEPSICO_2023_8K_dated_2023_05_05_0001,PEPSICO_2023_8K_dated_2023_05_05_0001,yes,correct
FinanceBench::hybrid_pageindex_chunk_rerank_harrier_oss_v1_0_6b_top_m_10::financebench_id_01482::top_5,FinanceBench,hybrid_pageindex_chunk_rerank_harrier_oss_v1_0_6b_top_m_10,hybrid_pageindex_chunk_rerank,microsoft/harrier-oss-v1-0.6b,chunk_rerank,10,financebench_id_01482,financebench_id_01482,PEPSICO_2023_8K_dated-2023-05-05,top_5,5,PEPSICO_2023_8K_dated_2023_05_05_0001,PEPSICO_2023_8K_dated_2023_05_05_0001|PEPSICO_2023_8K_dated_2023_05_05_0000|PEPSICO_2023_8K_dated_2023_05_05_0002,yes,correct
FinanceBench::hybrid_pageindex_chunk_rerank_harrier_oss_v1_0_6b_top_m_10::financebench_id_00705::top_1,FinanceBench,hybrid_pageindex_chunk_rerank_harrier_oss_v1_0_6b_top_m_10,hybrid_pageindex_chunk_rerank,microsoft/harrier-oss-v1-0.6b,chunk_rerank,10,financebench_id_00705,financebench_id_00705,PEPSICO_2023_8K_dated-2023-05-30,top_1,1,PEPSICO_2023_8K_dated_2023_05_30_0001,PEPSICO_2023_8K_dated_2023_05_30_0001,yes,correct
FinanceBench::hybrid_pageindex_chunk_rerank_harrier_oss_v1_0_6b_top_m_10::financebench_id_00705::top_5,FinanceBench,hybrid_pageindex_chunk_rerank_harrier_oss_v1_0_6b_top_m_10,hybrid_pageindex_chunk_rerank,microsoft/harrier-oss-v1-0.6b,chunk_rerank,10,financebench_id_00705,financebench_id_00705,PEPSICO_2023_8K_dated-2023-05-30,top_5,5,PEPSICO_2023_8K_dated_2023_05_30_0001,PEPSICO_2023_8K_dated_2023_05_30_0001|PEPSICO_2023_8K_dated_2023_05_30_0071|PEPSICO_2023_8K_dated_2023_05_30_0004|PEPSICO_2023_8K_dated_2023_05_30_0153|PEPSICO_2023_8K_dated_2023_05_30_0152,yes,correct
FinanceBench::hybrid_pageindex_chunk_rerank_harrier_oss_v1_0_6b_top_m_10::financebench_id_00302::top_1,FinanceBench,hybrid_pageindex_chunk_rerank_harrier_oss_v1_0_6b_top_m_10,hybrid_pageindex_chunk_rerank,microsoft/harrier-oss-v1-0.6b,chunk_rerank,10,financebench_id_00302,financebench_id_00302,PFIZER_2021_10K,top_1,1,PFIZER_2021_10K_0038,PFIZER_2021_10K_0026,no,no_answer
FinanceBench::hybrid_pageindex_chunk_rerank_harrier_oss_v1_0_6b_top_m_10::financebench_id_00302::top_5,FinanceBench,hybrid_pageindex_chunk_rerank_harrier_oss_v1_0_6b_top_m_10,hybrid_pageindex_chunk_rerank,microsoft/harrier-oss-v1-0.6b,chunk_rerank,10,financebench_id_00302,financebench_id_00302,PFIZER_2021_10K,top_5,5,PFIZER_2021_10K_0038,PFIZER_2021_10K_0026|PFIZER_2021_10K_0025|PFIZER_2021_10K_0000|PFIZER_2021_10K_0006|PFIZER_2021_10K_0003,no,no_answer
FinanceBench::hybrid_pageindex_chunk_rerank_harrier_oss_v1_0_6b_top_m_10::financebench_id_00702::top_5,FinanceBench,hybrid_pageindex_chunk_rerank_harrier_oss_v1_0_6b_top_m_10,hybrid_pageindex_chunk_rerank,microsoft/harrier-oss-v1-0.6b,chunk_rerank,10,financebench_id_00702,financebench_id_00702,PFIZER_2021_10K,top_5,5,PFIZER_2021_10K_0036,PFIZER_2021_10K_0026|PFIZER_2021_10K_0149|PFIZER_2021_10K_0147|PFIZER_2021_10K_0150|PFIZER_2021_10K_0044,no,correct
FinanceBench::hybrid_pageindex_chunk_rerank_harrier_oss_v1_0_6b_top_m_10::financebench_id_00601::top_1,FinanceBench,hybrid_pageindex_chunk_rerank_harrier_oss_v1_0_6b_top_m_10,hybrid_pageindex_chunk_rerank,microsoft/harrier-oss-v1-0.6b,chunk_rerank,10,financebench_id_00601,financebench_id_00601,ULTABEAUTY_2023Q4_EARNINGS,top_1,1,ULTABEAUTY_2023Q4_EARNINGS_0002,AMCOR_2023Q4_EARNINGS_0005,no,no_answer
FinanceBench::hybrid_pageindex_chunk_rerank_harrier_oss_v1_0_6b_top_m_10::financebench_id_00601::top_5,FinanceBench,hybrid_pageindex_chunk_rerank_harrier_oss_v1_0_6b_top_m_10,hybrid_pageindex_chunk_rerank,microsoft/harrier-oss-v1-0.6b,chunk_rerank,10,financebench_id_00601,financebench_id_00601,ULTABEAUTY_2023Q4_EARNINGS,top_5,5,ULTABEAUTY_2023Q4_EARNINGS_0002,AMCOR_2023Q4_EARNINGS_0005|AMCOR_2023Q4_EARNINGS_0008|AMCOR_2023Q4_EARNINGS_0007|AMCOR_2023Q4_EARNINGS_0009|AMCOR_2023Q4_EARNINGS_0011,no,no_answer
FinanceBench::hybrid_pageindex_chunk_rerank_harrier_oss_v1_0_6b_top_m_10::financebench_id_00603::top_1,FinanceBench,hybrid_pageindex_chunk_rerank_harrier_oss_v1_0_6b_top_m_10,hybrid_pageindex_chunk_rerank,microsoft/harrier-oss-v1-0.6b,chunk_rerank,10,financebench_id_00603,financebench_id_00603,ULTABEAUTY_2023Q4_EARNINGS,top_1,1,ULTABEAUTY_2023Q4_EARNINGS_0003,ULTABEAUTY_2023_10K_0003,no,no_answer
FinanceBench::hybrid_pageindex_chunk_rerank_harrier_oss_v1_0_6b_top_m_10::financebench_id_00605::top_1,FinanceBench,hybrid_pageindex_chunk_rerank_harrier_oss_v1_0_6b_top_m_10,hybrid_pageindex_chunk_rerank,microsoft/harrier-oss-v1-0.6b,chunk_rerank,10,financebench_id_00605,financebench_id_00605,ULTABEAUTY_2023Q4_EARNINGS,top_1,1,ULTABEAUTY_2023Q4_EARNINGS_0004,ULTABEAUTY_2023Q4_EARNINGS_0000_intro,no,no_answer
FinanceBench::hybrid_pageindex_chunk_rerank_harrier_oss_v1_0_6b_top_m_10::financebench_id_00605::top_5,FinanceBench,hybrid_pageindex_chunk_rerank_harrier_oss_v1_0_6b_top_m_10,hybrid_pageindex_chunk_rerank,microsoft/harrier-oss-v1-0.6b,chunk_rerank,10,financebench_id_00605,financebench_id_00605,ULTABEAUTY_2023Q4_EARNINGS,top_5,5,ULTABEAUTY_2023Q4_EARNINGS_0004,ULTABEAUTY_2023Q4_EARNINGS_0000_intro|ULTABEAUTY_2023Q4_EARNINGS_0010|ULTABEAUTY_2023Q4_EARNINGS_0004|ULTABEAUTY_2023Q4_EARNINGS_0001|ULTABEAUTY_2023Q4_EARNINGS_0002,yes,no_answer
FinanceBench::hybrid_pageindex_chunk_rerank_harrier_oss_v1_0_6b_top_m_10::financebench_id_00606::top_1,FinanceBench,hybrid_pageindex_chunk_rerank_harrier_oss_v1_0_6b_top_m_10,hybrid_pageindex_chunk_rerank,microsoft/harrier-oss-v1-0.6b,chunk_rerank,10,financebench_id_00606,financebench_id_00606,ULTABEAUTY_2023Q4_EARNINGS,top_1,1,ULTABEAUTY_2023Q4_EARNINGS_0002,ULTABEAUTY_2023Q4_EARNINGS_0000_intro,no,no_answer
FinanceBench::hybrid_pageindex_chunk_rerank_harrier_oss_v1_0_6b_top_m_10::financebench_id_00606::top_5,FinanceBench,hybrid_pageindex_chunk_rerank_harrier_oss_v1_0_6b_top_m_10,hybrid_pageindex_chunk_rerank,microsoft/harrier-oss-v1-0.6b,chunk_rerank,10,financebench_id_00606,financebench_id_00606,ULTABEAUTY_2023Q4_EARNINGS,top_5,5,ULTABEAUTY_2023Q4_EARNINGS_0002,ULTABEAUTY_2023Q4_EARNINGS_0000_intro|ULTABEAUTY_2023Q4_EARNINGS_0010|ULTABEAUTY_2023Q4_EARNINGS_0002|ULTABEAUTY_2023Q4_EARNINGS_0001|ULTABEAUTY_2023Q4_EARNINGS_0009,yes,no_answer
FinanceBench::hybrid_pageindex_chunk_rerank_harrier_oss_v1_0_6b_top_m_10::financebench_id_00746::top_1,FinanceBench,hybrid_pageindex_chunk_rerank_harrier_oss_v1_0_6b_top_m_10,hybrid_pageindex_chunk_rerank,microsoft/harrier-oss-v1-0.6b,chunk_rerank,10,financebench_id_00746,financebench_id_00746,ULTABEAUTY_2023_10K,top_1,1,ULTABEAUTY_2023_10K_0000,ULTABEAUTY_2023_10K_0003,no,no_answer
FinanceBench::hybrid_pageindex_chunk_rerank_harrier_oss_v1_0_6b_top_m_10::financebench_id_00746::top_5,FinanceBench,hybrid_pageindex_chunk_rerank_harrier_oss_v1_0_6b_top_m_10,hybrid_pageindex_chunk_rerank,microsoft/harrier-oss-v1-0.6b,chunk_rerank,10,financebench_id_00746,financebench_id_00746,ULTABEAUTY_2023_10K,top_5,5,ULTABEAUTY_2023_10K_0000,ULTABEAUTY_2023_10K_0003|ULTABEAUTY_2023_10K_0000|ULTABEAUTY_2023_10K_0002|ULTABEAUTY_2023_10K_0011|ULTABEAUTY_2023_10K_0013,yes,correct
FinanceBench::hybrid_pageindex_chunk_rerank_harrier_oss_v1_0_6b_top_m_10::financebench_id_00521::top_1,FinanceBench,hybrid_pageindex_chunk_rerank_harrier_oss_v1_0_6b_top_m_10,hybrid_pageindex_chunk_rerank,microsoft/harrier-oss-v1-0.6b,chunk_rerank,10,financebench_id_00521,financebench_id_00521,ULTABEAUTY_2023_10K,top_1,1,ULTABEAUTY_2023_10K_0027,ULTABEAUTY_2023_10K_0003,no,no_answer
FinanceBench::hybrid_pageindex_chunk_rerank_harrier_oss_v1_0_6b_top_m_10::financebench_id_00859::top_1,FinanceBench,hybrid_pageindex_chunk_rerank_harrier_oss_v1_0_6b_top_m_10,hybrid_pageindex_chunk_rerank,microsoft/harrier-oss-v1-0.6b,chunk_rerank,10,financebench_id_00859,financebench_id_00859,VERIZON_2021_10K,top_1,1,VERIZON_2021_10K_0098_intro,VERIZON_2021_10K_0012,no,correct
FinanceBench::hybrid_pageindex_chunk_rerank_harrier_oss_v1_0_6b_top_m_10::financebench_id_00859::top_5,FinanceBench,hybrid_pageindex_chunk_rerank_harrier_oss_v1_0_6b_top_m_10,hybrid_pageindex_chunk_rerank,microsoft/harrier-oss-v1-0.6b,chunk_rerank,10,financebench_id_00859,financebench_id_00859,VERIZON_2021_10K,top_5,5,VERIZON_2021_10K_0098_intro,VERIZON_2021_10K_0012|VERIZON_2021_10K_0011|VERIZON_2021_10K_0147|VERIZON_2021_10K_0000|VERIZON_2021_10K_0146,no,correct
FinanceBench::hybrid_pageindex_chunk_rerank_harrier_oss_v1_0_6b_top_m_10::financebench_id_04784::top_5,FinanceBench,hybrid_pageindex_chunk_rerank_harrier_oss_v1_0_6b_top_m_10,hybrid_pageindex_chunk_rerank,microsoft/harrier-oss-v1-0.6b,chunk_rerank,10,financebench_id_04784,financebench_id_04784,WALMART_2019_10K,top_5,5,WALMART_2019_10K_0013,WALMART_2019_10K_0010|WALMART_2019_10K_0011|WALMART_2019_10K_0002|WALMART_2019_10K_0000|WALMART_2019_10K_0001,no,correct
FinanceBench::hybrid_pageindex_chunk_rerank_linq_embed_mistral_top_m_10::financebench_id_03029::top_1,FinanceBench,hybrid_pageindex_chunk_rerank_linq_embed_mistral_top_m_10,hybrid_pageindex_chunk_rerank,Linq-AI-Research/Linq-Embed-Mistral,chunk_rerank,10,financebench_id_03029,financebench_id_03029,3M_2018_10K,top_1,1,3M_2018_10K_0031,3M_2018_10K_0042,no,no_answer
FinanceBench::hybrid_pageindex_chunk_rerank_linq_embed_mistral_top_m_10::financebench_id_03029::top_5,FinanceBench,hybrid_pageindex_chunk_rerank_linq_embed_mistral_top_m_10,hybrid_pageindex_chunk_rerank,Linq-AI-Research/Linq-Embed-Mistral,chunk_rerank,10,financebench_id_03029,financebench_id_03029,3M_2018_10K,top_5,5,3M_2018_10K_0031,3M_2018_10K_0042|3M_2018_10K_0010|3M_2018_10K_0032|3M_2018_10K_0020|3M_2018_10K_0028,no,correct
FinanceBench::hybrid_pageindex_chunk_rerank_linq_embed_mistral_top_m_10::financebench_id_01865::top_1,FinanceBench,hybrid_pageindex_chunk_rerank_linq_embed_mistral_top_m_10,hybrid_pageindex_chunk_rerank,Linq-AI-Research/Linq-Embed-Mistral,chunk_rerank,10,financebench_id_01865,financebench_id_01865,3M_2022_10K,top_1,1,3M_2022_10K_0011,3M_2022_10K_0013,no,correct
FinanceBench::hybrid_pageindex_chunk_rerank_linq_embed_mistral_top_m_10::financebench_id_00807::top_1,FinanceBench,hybrid_pageindex_chunk_rerank_linq_embed_mistral_top_m_10,hybrid_pageindex_chunk_rerank,Linq-AI-Research/Linq-Embed-Mistral,chunk_rerank,10,financebench_id_00807,financebench_id_00807,3M_2023Q2_10Q,top_1,1,3M_2023Q2_10Q_0006,3M_2023Q2_10Q_0028,no,no_answer
FinanceBench::hybrid_pageindex_chunk_rerank_linq_embed_mistral_top_m_10::financebench_id_00941::top_1,FinanceBench,hybrid_pageindex_chunk_rerank_linq_embed_mistral_top_m_10,hybrid_pageindex_chunk_rerank,Linq-AI-Research/Linq-Embed-Mistral,chunk_rerank,10,financebench_id_00941,financebench_id_00941,3M_2023Q2_10Q,top_1,1,3M_2023Q2_10Q_0000,JPMORGAN_2023Q2_10Q_0473,no,no_answer
FinanceBench::hybrid_pageindex_chunk_rerank_linq_embed_mistral_top_m_10::financebench_id_00941::top_5,FinanceBench,hybrid_pageindex_chunk_rerank_linq_embed_mistral_top_m_10,hybrid_pageindex_chunk_rerank,Linq-AI-Research/Linq-Embed-Mistral,chunk_rerank,10,financebench_id_00941,financebench_id_00941,3M_2023Q2_10Q,top_5,5,3M_2023Q2_10Q_0000,JPMORGAN_2023Q2_10Q_0473|JPMORGAN_2023Q2_10Q_0000|JPMORGAN_2023Q2_10Q_0474|JPMORGAN_2023Q2_10Q_0476|JPMORGAN_2023Q2_10Q_0477,no,no_answer
FinanceBench::hybrid_pageindex_chunk_rerank_linq_embed_mistral_top_m_10::financebench_id_07507::top_1,FinanceBench,hybrid_pageindex_chunk_rerank_linq_embed_mistral_top_m_10,hybrid_pageindex_chunk_rerank,Linq-AI-Research/Linq-Embed-Mistral,chunk_rerank,10,financebench_id_07507,financebench_id_07507,ADOBE_2016_10K,top_1,1,ADOBE_2016_10K_0014_intro,ADOBE_2016_10K_0000,no,no_answer
FinanceBench::hybrid_pageindex_chunk_rerank_linq_embed_mistral_top_m_10::financebench_id_00438::top_1,FinanceBench,hybrid_pageindex_chunk_rerank_linq_embed_mistral_top_m_10,hybrid_pageindex_chunk_rerank,Linq-AI-Research/Linq-Embed-Mistral,chunk_rerank,10,financebench_id_00438,financebench_id_00438,ADOBE_2022_10K,top_1,1,ADOBE_2022_10K_0013,ADOBE_2022_10K_0000,no,no_answer
FinanceBench::hybrid_pageindex_chunk_rerank_linq_embed_mistral_top_m_10::financebench_id_00591::top_1,FinanceBench,hybrid_pageindex_chunk_rerank_linq_embed_mistral_top_m_10,hybrid_pageindex_chunk_rerank,Linq-AI-Research/Linq-Embed-Mistral,chunk_rerank,10,financebench_id_00591,financebench_id_00591,ADOBE_2022_10K,top_1,1,ADOBE_2022_10K_0013,ADOBE_2022_10K_0011,no,no_answer
FinanceBench::hybrid_pageindex_chunk_rerank_linq_embed_mistral_top_m_10::financebench_id_01319::top_1,FinanceBench,hybrid_pageindex_chunk_rerank_linq_embed_mistral_top_m_10,hybrid_pageindex_chunk_rerank,Linq-AI-Research/Linq-Embed-Mistral,chunk_rerank,10,financebench_id_01319,financebench_id_01319,AES_2022_10K,top_1,1,AES_2022_10K_0171,AES_2022_10K_0171,yes,correct
FinanceBench::hybrid_pageindex_chunk_rerank_linq_embed_mistral_top_m_10::financebench_id_01319::top_5,FinanceBench,hybrid_pageindex_chunk_rerank_linq_embed_mistral_top_m_10,hybrid_pageindex_chunk_rerank,Linq-AI-Research/Linq-Embed-Mistral,chunk_rerank,10,financebench_id_01319,financebench_id_01319,AES_2022_10K,top_5,5,AES_2022_10K_0171,AES_2022_10K_0171|AES_2022_10K_0202|AES_2022_10K_0203|AES_2022_10K_0195|AES_2022_10K_0196,yes,correct
FinanceBench::hybrid_pageindex_chunk_rerank_linq_embed_mistral_top_m_10::financebench_id_08135::top_5,FinanceBench,hybrid_pageindex_chunk_rerank_linq_embed_mistral_top_m_10,hybrid_pageindex_chunk_rerank,Linq-AI-Research/Linq-Embed-Mistral,chunk_rerank,10,financebench_id_08135,financebench_id_08135,AMAZON_2017_10K,top_5,5,AMAZON_2017_10K_0013,AMAZON_2017_10K_0010|AMAZON_2017_10K_0000|AMAZON_2017_10K_0026|AMAZON_2017_10K_0008|AMAZON_2017_10K_0013,yes,correct
FinanceBench::hybrid_pageindex_chunk_rerank_linq_embed_mistral_top_m_10::financebench_id_08286::top_1,FinanceBench,hybrid_pageindex_chunk_rerank_linq_embed_mistral_top_m_10,hybrid_pageindex_chunk_rerank,Linq-AI-Research/Linq-Embed-Mistral,chunk_rerank,10,financebench_id_08286,financebench_id_08286,AMAZON_2019_10K,top_1,1,AMAZON_2019_10K_0016,AMAZON_2019_10K_0002,no,no_answer
FinanceBench::hybrid_pageindex_chunk_rerank_linq_embed_mistral_top_m_10::financebench_id_08286::top_5,FinanceBench,hybrid_pageindex_chunk_rerank_linq_embed_mistral_top_m_10,hybrid_pageindex_chunk_rerank,Linq-AI-Research/Linq-Embed-Mistral,chunk_rerank,10,financebench_id_08286,financebench_id_08286,AMAZON_2019_10K,top_5,5,AMAZON_2019_10K_0016,AMAZON_2019_10K_0002|AMAZON_2019_10K_0000|AMAZON_2019_10K_0013|AMAZON_2019_10K_0016|AMAZON_2019_10K_0011,yes,correct
FinanceBench::hybrid_pageindex_chunk_rerank_linq_embed_mistral_top_m_10::financebench_id_03882::top_1,FinanceBench,hybrid_pageindex_chunk_rerank_linq_embed_mistral_top_m_10,hybrid_pageindex_chunk_rerank,Linq-AI-Research/Linq-Embed-Mistral,chunk_rerank,10,financebench_id_03882,financebench_id_03882,AMCOR_2020_10K,top_1,1,AMCOR_2020_10K_0017,AMCOR_2020_10K_0010,no,no_answer
FinanceBench::hybrid_pageindex_chunk_rerank_linq_embed_mistral_top_m_10::financebench_id_03882::top_5,FinanceBench,hybrid_pageindex_chunk_rerank_linq_embed_mistral_top_m_10,hybrid_pageindex_chunk_rerank,Linq-AI-Research/Linq-Embed-Mistral,chunk_rerank,10,financebench_id_03882,financebench_id_03882,AMCOR_2020_10K,top_5,5,AMCOR_2020_10K_0017,AMCOR_2020_10K_0010|AMCOR_2020_10K_0015|AMCOR_2020_10K_0017|AMCOR_2020_10K_0016|AMCOR_2020_10K_0002,yes,correct
FinanceBench::hybrid_pageindex_chunk_rerank_linq_embed_mistral_top_m_10::financebench_id_01935::top_1,FinanceBench,hybrid_pageindex_chunk_rerank_linq_embed_mistral_top_m_10,hybrid_pageindex_chunk_rerank,Linq-AI-Research/Linq-Embed-Mistral,chunk_rerank,10,financebench_id_01935,financebench_id_01935,AMCOR_2022_8K_dated-2022-07-01,top_1,1,AMCOR_2022_8K_dated_2022_07_01_0001,AMCOR_2022_8K_dated_2022_07_01_0003,no,no_answer
FinanceBench::hybrid_pageindex_chunk_rerank_linq_embed_mistral_top_m_10::financebench_id_01936::top_1,FinanceBench,hybrid_pageindex_chunk_rerank_linq_embed_mistral_top_m_10,hybrid_pageindex_chunk_rerank,Linq-AI-Research/Linq-Embed-Mistral,chunk_rerank,10,financebench_id_01936,financebench_id_01936,AMCOR_2023Q2_10Q,top_1,1,AMCOR_2023Q2_10Q_0011,AMCOR_2023Q2_10Q_0003,no,no_answer
FinanceBench::hybrid_pageindex_chunk_rerank_linq_embed_mistral_top_m_10::financebench_id_01928::top_1,FinanceBench,hybrid_pageindex_chunk_rerank_linq_embed_mistral_top_m_10,hybrid_pageindex_chunk_rerank,Linq-AI-Research/Linq-Embed-Mistral,chunk_rerank,10,financebench_id_01928,financebench_id_01928,AMCOR_2023Q4_EARNINGS,top_1,1,AMCOR_2023Q4_EARNINGS_0018,AMCOR_2023Q4_EARNINGS_0000,no,correct
FinanceBench::hybrid_pageindex_chunk_rerank_linq_embed_mistral_top_m_10::financebench_id_01928::top_5,FinanceBench,hybrid_pageindex_chunk_rerank_linq_embed_mistral_top_m_10,hybrid_pageindex_chunk_rerank,Linq-AI-Research/Linq-Embed-Mistral,chunk_rerank,10,financebench_id_01928,financebench_id_01928,AMCOR_2023Q4_EARNINGS,top_5,5,AMCOR_2023Q4_EARNINGS_0018,AMCOR_2023Q4_EARNINGS_0000|AMCOR_2023Q4_EARNINGS_0011|AMCOR_2023Q4_EARNINGS_0015|AMCOR_2023Q4_EARNINGS_0018|AMCOR_2023Q4_EARNINGS_0003,yes,correct
FinanceBench::hybrid_pageindex_chunk_rerank_linq_embed_mistral_top_m_10::financebench_id_01930::top_5,FinanceBench,hybrid_pageindex_chunk_rerank_linq_embed_mistral_top_m_10,hybrid_pageindex_chunk_rerank,Linq-AI-Research/Linq-Embed-Mistral,chunk_rerank,10,financebench_id_01930,financebench_id_01930,AMCOR_2023Q4_EARNINGS,top_5,5,AMCOR_2023Q4_EARNINGS_0017,AMCOR_2023Q4_EARNINGS_0004|AMCOR_2023Q4_EARNINGS_0005|AMCOR_2023Q4_EARNINGS_0000|AMCOR_2023Q4_EARNINGS_0003|AMCOR_2023Q4_EARNINGS_0015,no,correct
FinanceBench::hybrid_pageindex_chunk_rerank_linq_embed_mistral_top_m_10::financebench_id_00799::top_1,FinanceBench,hybrid_pageindex_chunk_rerank_linq_embed_mistral_top_m_10,hybrid_pageindex_chunk_rerank,Linq-AI-Research/Linq-Embed-Mistral,chunk_rerank,10,financebench_id_00799,financebench_id_00799,AMCOR_2023_10K,top_1,1,AMCOR_2023_10K_0016,AMCOR_2023Q2_10Q_0011,no,no_answer
FinanceBench::hybrid_pageindex_chunk_rerank_linq_embed_mistral_top_m_10::financebench_id_01079::top_1,FinanceBench,hybrid_pageindex_chunk_rerank_linq_embed_mistral_top_m_10,hybrid_pageindex_chunk_rerank,Linq-AI-Research/Linq-Embed-Mistral,chunk_rerank,10,financebench_id_01079,financebench_id_01079,AMCOR_2023_10K,top_1,1,AMCOR_2023_10K_0019,AMCOR_2020_10K_0001,no,no_answer
FinanceBench::hybrid_pageindex_chunk_rerank_linq_embed_mistral_top_m_10::financebench_id_01079::top_5,FinanceBench,hybrid_pageindex_chunk_rerank_linq_embed_mistral_top_m_10,hybrid_pageindex_chunk_rerank,Linq-AI-Research/Linq-Embed-Mistral,chunk_rerank,10,financebench_id_01079,financebench_id_01079,AMCOR_2023_10K,top_5,5,AMCOR_2023_10K_0019,AMCOR_2020_10K_0001|AMCOR_2020_10K_0000|AMCOR_2020_10K_0002|AMCOR_2020_10K_0052|AMCOR_2020_10K_0010,no,no_answer
FinanceBench::hybrid_pageindex_chunk_rerank_linq_embed_mistral_top_m_10::financebench_id_01148::top_1,FinanceBench,hybrid_pageindex_chunk_rerank_linq_embed_mistral_top_m_10,hybrid_pageindex_chunk_rerank,Linq-AI-Research/Linq-Embed-Mistral,chunk_rerank,10,financebench_id_01148,financebench_id_01148,AMCOR_2023_10K,top_1,1,AMCOR_2023_10K_0001,AMCOR_2020_10K_0001,no,correct
FinanceBench::hybrid_pageindex_chunk_rerank_linq_embed_mistral_top_m_10::financebench_id_01148::top_5,FinanceBench,hybrid_pageindex_chunk_rerank_linq_embed_mistral_top_m_10,hybrid_pageindex_chunk_rerank,Linq-AI-Research/Linq-Embed-Mistral,chunk_rerank,10,financebench_id_01148,financebench_id_01148,AMCOR_2023_10K,top_5,5,AMCOR_2023_10K_0001,AMCOR_2020_10K_0001|AMCOR_2020_10K_0000|AMCOR_2020_10K_0021|AMCOR_2020_10K_0002|AMCOR_2020_10K_0009,no,correct
FinanceBench::hybrid_pageindex_chunk_rerank_linq_embed_mistral_top_m_10::financebench_id_00684::top_1,FinanceBench,hybrid_pageindex_chunk_rerank_linq_embed_mistral_top_m_10,hybrid_pageindex_chunk_rerank,Linq-AI-Research/Linq-Embed-Mistral,chunk_rerank,10,financebench_id_00684,financebench_id_00684,AMCOR_2023_10K,top_1,1,AMCOR_2023_10K_0014,AMCOR_2023_10K_0001,no,no_answer
FinanceBench::hybrid_pageindex_chunk_rerank_linq_embed_mistral_top_m_10::financebench_id_01198::top_1,FinanceBench,hybrid_pageindex_chunk_rerank_linq_embed_mistral_top_m_10,hybrid_pageindex_chunk_rerank,Linq-AI-Research/Linq-Embed-Mistral,chunk_rerank,10,financebench_id_01198,financebench_id_01198,AMD_2022_10K,top_1,1,AMD_2022_10K_0012,AMD_2022_10K_0002,no,no_answer
FinanceBench::hybrid_pageindex_chunk_rerank_linq_embed_mistral_top_m_10::financebench_id_00917::top_1,FinanceBench,hybrid_pageindex_chunk_rerank_linq_embed_mistral_top_m_10,hybrid_pageindex_chunk_rerank,Linq-AI-Research/Linq-Embed-Mistral,chunk_rerank,10,financebench_id_00917,financebench_id_00917,AMD_2022_10K,top_1,1,AMD_2022_10K_0012,AMD_2022_10K_0002,no,no_answer
FinanceBench::hybrid_pageindex_chunk_rerank_linq_embed_mistral_top_m_10::financebench_id_00563::top_1,FinanceBench,hybrid_pageindex_chunk_rerank_linq_embed_mistral_top_m_10,hybrid_pageindex_chunk_rerank,Linq-AI-Research/Linq-Embed-Mistral,chunk_rerank,10,financebench_id_00563,financebench_id_00563,AMD_2022_10K,top_1,1,AMD_2022_10K_0012,AMD_2022_10K_0002,no,no_answer
FinanceBench::hybrid_pageindex_chunk_rerank_linq_embed_mistral_top_m_10::financebench_id_00563::top_5,FinanceBench,hybrid_pageindex_chunk_rerank_linq_embed_mistral_top_m_10,hybrid_pageindex_chunk_rerank,Linq-AI-Research/Linq-Embed-Mistral,chunk_rerank,10,financebench_id_00563,financebench_id_00563,AMD_2022_10K,top_5,5,AMD_2022_10K_0012,AMD_2022_10K_0002|AMD_2022_10K_0012|AMD_2022_10K_0003|AMD_2022_10K_0014|AMD_2022_10K_0010,yes,correct
FinanceBench::hybrid_pageindex_chunk_rerank_linq_embed_mistral_top_m_10::financebench_id_00757::top_1,FinanceBench,hybrid_pageindex_chunk_rerank_linq_embed_mistral_top_m_10,hybrid_pageindex_chunk_rerank,Linq-AI-Research/Linq-Embed-Mistral,chunk_rerank,10,financebench_id_00757,financebench_id_00757,AMD_2022_10K,top_1,1,AMD_2022_10K_0003,AMD_2022_10K_0003,yes,correct
FinanceBench::hybrid_pageindex_chunk_rerank_linq_embed_mistral_top_m_10::financebench_id_00476::top_1,FinanceBench,hybrid_pageindex_chunk_rerank_linq_embed_mistral_top_m_10,hybrid_pageindex_chunk_rerank,Linq-AI-Research/Linq-Embed-Mistral,chunk_rerank,10,financebench_id_00476,financebench_id_00476,AMERICANEXPRESS_2022_10K,top_1,1,AMERICANEXPRESS_2022_10K_0000,AMERICANEXPRESS_2022_10K_0000,yes,no_answer
FinanceBench::hybrid_pageindex_chunk_rerank_linq_embed_mistral_top_m_10::financebench_id_00476::top_5,FinanceBench,hybrid_pageindex_chunk_rerank_linq_embed_mistral_top_m_10,hybrid_pageindex_chunk_rerank,Linq-AI-Research/Linq-Embed-Mistral,chunk_rerank,10,financebench_id_00476,financebench_id_00476,AMERICANEXPRESS_2022_10K,top_5,5,AMERICANEXPRESS_2022_10K_0000,AMERICANEXPRESS_2022_10K_0000|AMERICANEXPRESS_2022_10K_0013|AMERICANEXPRESS_2022_10K_0132|AMERICANEXPRESS_2022_10K_0202|AMERICANEXPRESS_2022_10K_0001,yes,no_answer
FinanceBench::hybrid_pageindex_chunk_rerank_linq_embed_mistral_top_m_10::financebench_id_00723::top_1,FinanceBench,hybrid_pageindex_chunk_rerank_linq_embed_mistral_top_m_10,hybrid_pageindex_chunk_rerank,Linq-AI-Research/Linq-Embed-Mistral,chunk_rerank,10,financebench_id_00723,financebench_id_00723,AMERICANEXPRESS_2022_10K,top_1,1,AMERICANEXPRESS_2022_10K_0028,AMERICANEXPRESS_2022_10K_0000,no,no_answer
FinanceBench::hybrid_pageindex_chunk_rerank_linq_embed_mistral_top_m_10::financebench_id_01351::top_1,FinanceBench,hybrid_pageindex_chunk_rerank_linq_embed_mistral_top_m_10,hybrid_pageindex_chunk_rerank,Linq-AI-Research/Linq-Embed-Mistral,chunk_rerank,10,financebench_id_01351,financebench_id_01351,AMERICANEXPRESS_2022_10K,top_1,1,AMERICANEXPRESS_2022_10K_0016,AMERICANEXPRESS_2022_10K_0000,no,no_answer
FinanceBench::hybrid_pageindex_chunk_rerank_linq_embed_mistral_top_m_10::financebench_id_01351::top_5,FinanceBench,hybrid_pageindex_chunk_rerank_linq_embed_mistral_top_m_10,hybrid_pageindex_chunk_rerank,Linq-AI-Research/Linq-Embed-Mistral,chunk_rerank,10,financebench_id_01351,financebench_id_01351,AMERICANEXPRESS_2022_10K,top_5,5,AMERICANEXPRESS_2022_10K_0016,AMERICANEXPRESS_2022_10K_0000|AMERICANEXPRESS_2022_10K_0019|AMERICANEXPRESS_2022_10K_0017|AMERICANEXPRESS_2022_10K_0013|AMERICANEXPRESS_2022_10K_0018,no,correct
FinanceBench::hybrid_pageindex_chunk_rerank_linq_embed_mistral_top_m_10::financebench_id_01964::top_1,FinanceBench,hybrid_pageindex_chunk_rerank_linq_embed_mistral_top_m_10,hybrid_pageindex_chunk_rerank,Linq-AI-Research/Linq-Embed-Mistral,chunk_rerank,10,financebench_id_01964,financebench_id_01964,AMERICANEXPRESS_2022_10K,top_1,1,AMERICANEXPRESS_2022_10K_0028,AMERICANEXPRESS_2022_10K_0026,no,no_answer
FinanceBench::hybrid_pageindex_chunk_rerank_linq_embed_mistral_top_m_10::financebench_id_01964::top_5,FinanceBench,hybrid_pageindex_chunk_rerank_linq_embed_mistral_top_m_10,hybrid_pageindex_chunk_rerank,Linq-AI-Research/Linq-Embed-Mistral,chunk_rerank,10,financebench_id_01964,financebench_id_01964,AMERICANEXPRESS_2022_10K,top_5,5,AMERICANEXPRESS_2022_10K_0028,AMERICANEXPRESS_2022_10K_0026|AMERICANEXPRESS_2022_10K_0019|AMERICANEXPRESS_2022_10K_0000|AMERICANEXPRESS_2022_10K_0021|AMERICANEXPRESS_2022_10K_0007,no,correct
FinanceBench::hybrid_pageindex_chunk_rerank_linq_embed_mistral_top_m_10::financebench_id_01981::top_1,FinanceBench,hybrid_pageindex_chunk_rerank_linq_embed_mistral_top_m_10,hybrid_pageindex_chunk_rerank,Linq-AI-Research/Linq-Embed-Mistral,chunk_rerank,10,financebench_id_01981,financebench_id_01981,AMERICANEXPRESS_2022_10K,top_1,1,AMERICANEXPRESS_2022_10K_0016,AMERICANEXPRESS_2022_10K_0017,no,correct
FinanceBench::hybrid_pageindex_chunk_rerank_linq_embed_mistral_top_m_10::financebench_id_01981::top_5,FinanceBench,hybrid_pageindex_chunk_rerank_linq_embed_mistral_top_m_10,hybrid_pageindex_chunk_rerank,Linq-AI-Research/Linq-Embed-Mistral,chunk_rerank,10,financebench_id_01981,financebench_id_01981,AMERICANEXPRESS_2022_10K,top_5,5,AMERICANEXPRESS_2022_10K_0016,AMERICANEXPRESS_2022_10K_0017|AMERICANEXPRESS_2022_10K_0019|AMERICANEXPRESS_2022_10K_0026|AMERICANEXPRESS_2022_10K_0013|AMERICANEXPRESS_2022_10K_0000,no,no_answer
FinanceBench::hybrid_pageindex_chunk_rerank_linq_embed_mistral_top_m_10::financebench_id_04417::top_1,FinanceBench,hybrid_pageindex_chunk_rerank_linq_embed_mistral_top_m_10,hybrid_pageindex_chunk_rerank,Linq-AI-Research/Linq-Embed-Mistral,chunk_rerank,10,financebench_id_04417,financebench_id_04417,BESTBUY_2019_10K,top_1,1,BESTBUY_2019_10K_0064,BESTBUY_2019_10K_0011,no,no_answer
FinanceBench::hybrid_pageindex_chunk_rerank_linq_embed_mistral_top_m_10::financebench_id_04417::top_5,FinanceBench,hybrid_pageindex_chunk_rerank_linq_embed_mistral_top_m_10,hybrid_pageindex_chunk_rerank,Linq-AI-Research/Linq-Embed-Mistral,chunk_rerank,10,financebench_id_04417,financebench_id_04417,BESTBUY_2019_10K,top_5,5,BESTBUY_2019_10K_0064,BESTBUY_2019_10K_0011|BESTBUY_2019_10K_0009|BESTBUY_2019_10K_0010|BESTBUY_2019_10K_0175|BESTBUY_2019_10K_0013,no,no_answer
FinanceBench::hybrid_pageindex_chunk_rerank_linq_embed_mistral_top_m_10::financebench_id_01077::top_1,FinanceBench,hybrid_pageindex_chunk_rerank_linq_embed_mistral_top_m_10,hybrid_pageindex_chunk_rerank,Linq-AI-Research/Linq-Embed-Mistral,chunk_rerank,10,financebench_id_01077,financebench_id_01077,BESTBUY_2023_10K,top_1,1,BESTBUY_2023_10K_0014,BESTBUY_2023_10K_0000,no,no_answer
FinanceBench::hybrid_pageindex_chunk_rerank_linq_embed_mistral_top_m_10::financebench_id_01077::top_5,FinanceBench,hybrid_pageindex_chunk_rerank_linq_embed_mistral_top_m_10,hybrid_pageindex_chunk_rerank,Linq-AI-Research/Linq-Embed-Mistral,chunk_rerank,10,financebench_id_01077,financebench_id_01077,BESTBUY_2023_10K,top_5,5,BESTBUY_2023_10K_0014,BESTBUY_2023_10K_0000|BESTBUY_2023_10K_0001|BESTBUY_2023_10K_0010|BESTBUY_2023_10K_0008|BESTBUY_2023_10K_0028,no,no_answer
FinanceBench::hybrid_pageindex_chunk_rerank_linq_embed_mistral_top_m_10::financebench_id_01275::top_1,FinanceBench,hybrid_pageindex_chunk_rerank_linq_embed_mistral_top_m_10,hybrid_pageindex_chunk_rerank,Linq-AI-Research/Linq-Embed-Mistral,chunk_rerank,10,financebench_id_01275,financebench_id_01275,BESTBUY_2023_10K,top_1,1,BESTBUY_2023_10K_0014,BESTBUY_2023_10K_0000,no,no_answer
FinanceBench::hybrid_pageindex_chunk_rerank_linq_embed_mistral_top_m_10::financebench_id_01275::top_5,FinanceBench,hybrid_pageindex_chunk_rerank_linq_embed_mistral_top_m_10,hybrid_pageindex_chunk_rerank,Linq-AI-Research/Linq-Embed-Mistral,chunk_rerank,10,financebench_id_01275,financebench_id_01275,BESTBUY_2023_10K,top_5,5,BESTBUY_2023_10K_0014,BESTBUY_2023_10K_0000|BESTBUY_2023_10K_0010|BESTBUY_2023_10K_0001|BESTBUY_2023_10K_0002|BESTBUY_2023_10K_0014,yes,correct
FinanceBench::hybrid_pageindex_chunk_rerank_linq_embed_mistral_top_m_10::financebench_id_00288::top_1,FinanceBench,hybrid_pageindex_chunk_rerank_linq_embed_mistral_top_m_10,hybrid_pageindex_chunk_rerank,Linq-AI-Research/Linq-Embed-Mistral,chunk_rerank,10,financebench_id_00288,financebench_id_00288,BESTBUY_2024Q2_10Q,top_1,1,BESTBUY_2024Q2_10Q_0009,JPMORGAN_2023Q2_10Q_0138,no,no_answer
FinanceBench::hybrid_pageindex_chunk_rerank_linq_embed_mistral_top_m_10::financebench_id_00288::top_5,FinanceBench,hybrid_pageindex_chunk_rerank_linq_embed_mistral_top_m_10,hybrid_pageindex_chunk_rerank,Linq-AI-Research/Linq-Embed-Mistral,chunk_rerank,10,financebench_id_00288,financebench_id_00288,BESTBUY_2024Q2_10Q,top_5,5,BESTBUY_2024Q2_10Q_0009,JPMORGAN_2023Q2_10Q_0138|JPMORGAN_2023Q2_10Q_0139|JPMORGAN_2023Q2_10Q_0473|JPMORGAN_2023Q2_10Q_0137|JPMORGAN_2023Q2_10Q_0283,no,no_answer
FinanceBench::hybrid_pageindex_chunk_rerank_linq_embed_mistral_top_m_10::financebench_id_00460::top_1,FinanceBench,hybrid_pageindex_chunk_rerank_linq_embed_mistral_top_m_10,hybrid_pageindex_chunk_rerank,Linq-AI-Research/Linq-Embed-Mistral,chunk_rerank,10,financebench_id_00460,financebench_id_00460,BESTBUY_2024Q2_10Q,top_1,1,BESTBUY_2024Q2_10Q_0009,BESTBUY_2024Q2_10Q_0000,no,no_answer
FinanceBench::hybrid_pageindex_chunk_rerank_linq_embed_mistral_top_m_10::financebench_id_00460::top_5,FinanceBench,hybrid_pageindex_chunk_rerank_linq_embed_mistral_top_m_10,hybrid_pageindex_chunk_rerank,Linq-AI-Research/Linq-Embed-Mistral,chunk_rerank,10,financebench_id_00460,financebench_id_00460,BESTBUY_2024Q2_10Q,top_5,5,BESTBUY_2024Q2_10Q_0009,BESTBUY_2024Q2_10Q_0000|BESTBUY_2024Q2_10Q_0016|BESTBUY_2024Q2_10Q_0009|BESTBUY_2024Q2_10Q_0002|BESTBUY_2024Q2_10Q_0017,yes,incorrect
FinanceBench::hybrid_pageindex_chunk_rerank_linq_embed_mistral_top_m_10::financebench_id_01902::top_1,FinanceBench,hybrid_pageindex_chunk_rerank_linq_embed_mistral_top_m_10,hybrid_pageindex_chunk_rerank,Linq-AI-Research/Linq-Embed-Mistral,chunk_rerank,10,financebench_id_01902,financebench_id_01902,BESTBUY_2024Q2_10Q,top_1,1,BESTBUY_2024Q2_10Q_0009,BESTBUY_2024Q2_10Q_0016,no,no_answer
FinanceBench::hybrid_pageindex_chunk_rerank_linq_embed_mistral_top_m_10::financebench_id_01902::top_5,FinanceBench,hybrid_pageindex_chunk_rerank_linq_embed_mistral_top_m_10,hybrid_pageindex_chunk_rerank,Linq-AI-Research/Linq-Embed-Mistral,chunk_rerank,10,financebench_id_01902,financebench_id_01902,BESTBUY_2024Q2_10Q,top_5,5,BESTBUY_2024Q2_10Q_0009,BESTBUY_2024Q2_10Q_0016|BESTBUY_2024Q2_10Q_0002|BESTBUY_2024Q2_10Q_0000|BESTBUY_2024Q2_10Q_0009|BESTBUY_2024Q2_10Q_0017,yes,incorrect
FinanceBench::hybrid_pageindex_chunk_rerank_linq_embed_mistral_top_m_10::financebench_id_04660::top_1,FinanceBench,hybrid_pageindex_chunk_rerank_linq_embed_mistral_top_m_10,hybrid_pageindex_chunk_rerank,Linq-AI-Research/Linq-Embed-Mistral,chunk_rerank,10,financebench_id_04660,financebench_id_04660,BLOCK_2016_10K,top_1,1,BLOCK_2016_10K_0058,BLOCK_2016_10K_0062,no,no_answer
FinanceBench::hybrid_pageindex_chunk_rerank_linq_embed_mistral_top_m_10::financebench_id_04660::top_5,FinanceBench,hybrid_pageindex_chunk_rerank_linq_embed_mistral_top_m_10,hybrid_pageindex_chunk_rerank,Linq-AI-Research/Linq-Embed-Mistral,chunk_rerank,10,financebench_id_04660,financebench_id_04660,BLOCK_2016_10K,top_5,5,BLOCK_2016_10K_0058,BLOCK_2016_10K_0062|BLOCK_2016_10K_0063|BLOCK_2016_10K_0090|BLOCK_2016_10K_0059|BLOCK_2016_10K_0087,no,no_answer
FinanceBench::hybrid_pageindex_chunk_rerank_linq_embed_mistral_top_m_10::financebench_id_03838::top_1,FinanceBench,hybrid_pageindex_chunk_rerank_linq_embed_mistral_top_m_10,hybrid_pageindex_chunk_rerank,Linq-AI-Research/Linq-Embed-Mistral,chunk_rerank,10,financebench_id_03838,financebench_id_03838,BLOCK_2020_10K,top_1,1,BLOCK_2020_10K_0071,BLOCK_2020_10K_0010,no,no_answer
FinanceBench::hybrid_pageindex_chunk_rerank_linq_embed_mistral_top_m_10::financebench_id_07661::top_1,FinanceBench,hybrid_pageindex_chunk_rerank_linq_embed_mistral_top_m_10,hybrid_pageindex_chunk_rerank,Linq-AI-Research/Linq-Embed-Mistral,chunk_rerank,10,financebench_id_07661,financebench_id_07661,BLOCK_2020_10K,top_1,1,BLOCK_2020_10K_0074,BLOCK_2020_10K_0075,no,no_answer
FinanceBench::hybrid_pageindex_chunk_rerank_linq_embed_mistral_top_m_10::financebench_id_07661::top_5,FinanceBench,hybrid_pageindex_chunk_rerank_linq_embed_mistral_top_m_10,hybrid_pageindex_chunk_rerank,Linq-AI-Research/Linq-Embed-Mistral,chunk_rerank,10,financebench_id_07661,financebench_id_07661,BLOCK_2020_10K,top_5,5,BLOCK_2020_10K_0074,BLOCK_2020_10K_0075|BLOCK_2020_10K_0064|BLOCK_2020_10K_0074|BLOCK_2020_10K_0072|BLOCK_2020_10K_0001,yes,correct
FinanceBench::hybrid_pageindex_chunk_rerank_linq_embed_mistral_top_m_10::financebench_id_10285::top_1,FinanceBench,hybrid_pageindex_chunk_rerank_linq_embed_mistral_top_m_10,hybrid_pageindex_chunk_rerank,Linq-AI-Research/Linq-Embed-Mistral,chunk_rerank,10,financebench_id_10285,financebench_id_10285,BOEING_2018_10K,top_1,1,BOEING_2018_10K_0016,BOEING_2018_10K_0016,yes,correct
FinanceBench::hybrid_pageindex_chunk_rerank_linq_embed_mistral_top_m_10::financebench_id_10285::top_5,FinanceBench,hybrid_pageindex_chunk_rerank_linq_embed_mistral_top_m_10,hybrid_pageindex_chunk_rerank,Linq-AI-Research/Linq-Embed-Mistral,chunk_rerank,10,financebench_id_10285,financebench_id_10285,BOEING_2018_10K,top_5,5,BOEING_2018_10K_0016,BOEING_2018_10K_0016|BOEING_2018_10K_0018|BOEING_2018_10K_0020|BOEING_2018_10K_0017|BOEING_2018_10K_0014,yes,correct
FinanceBench::hybrid_pageindex_chunk_rerank_linq_embed_mistral_top_m_10::financebench_id_00678::top_1,FinanceBench,hybrid_pageindex_chunk_rerank_linq_embed_mistral_top_m_10,hybrid_pageindex_chunk_rerank,Linq-AI-Research/Linq-Embed-Mistral,chunk_rerank,10,financebench_id_00678,financebench_id_00678,BOEING_2022_10K,top_1,1,BOEING_2022_10K_0018,BOEING_2022_10K_0023,no,no_answer
FinanceBench::hybrid_pageindex_chunk_rerank_linq_embed_mistral_top_m_10::financebench_id_00464::top_1,FinanceBench,hybrid_pageindex_chunk_rerank_linq_embed_mistral_top_m_10,hybrid_pageindex_chunk_rerank,Linq-AI-Research/Linq-Embed-Mistral,chunk_rerank,10,financebench_id_00464,financebench_id_00464,BOEING_2022_10K,top_1,1,BOEING_2022_10K_0007,BOEING_2018_10K_0002,no,no_answer
FinanceBench::hybrid_pageindex_chunk_rerank_linq_embed_mistral_top_m_10::financebench_id_00464::top_5,FinanceBench,hybrid_pageindex_chunk_rerank_linq_embed_mistral_top_m_10,hybrid_pageindex_chunk_rerank,Linq-AI-Research/Linq-Embed-Mistral,chunk_rerank,10,financebench_id_00464,financebench_id_00464,BOEING_2022_10K,top_5,5,BOEING_2022_10K_0007,BOEING_2018_10K_0002|BOEING_2018_10K_0003|BOEING_2018_10K_0020|BOEING_2018_10K_0043|BOEING_2018_10K_0011,no,correct
FinanceBench::hybrid_pageindex_chunk_rerank_linq_embed_mistral_top_m_10::financebench_id_00494::top_1,FinanceBench,hybrid_pageindex_chunk_rerank_linq_embed_mistral_top_m_10,hybrid_pageindex_chunk_rerank,Linq-AI-Research/Linq-Embed-Mistral,chunk_rerank,10,financebench_id_00494,financebench_id_00494,BOEING_2022_10K,top_1,1,BOEING_2022_10K_0007,BOEING_2022_10K_0023,no,no_answer
FinanceBench::hybrid_pageindex_chunk_rerank_linq_embed_mistral_top_m_10::financebench_id_00585::top_5,FinanceBench,hybrid_pageindex_chunk_rerank_linq_embed_mistral_top_m_10,hybrid_pageindex_chunk_rerank,Linq-AI-Research/Linq-Embed-Mistral,chunk_rerank,10,financebench_id_00585,financebench_id_00585,BOEING_2022_10K,top_5,5,BOEING_2022_10K_0018,BOEING_2022_10K_0027|BOEING_2022_10K_0023|BOEING_2022_10K_0002|BOEING_2022_10K_0004|BOEING_2022_10K_0018,yes,incorrect
FinanceBench::hybrid_pageindex_chunk_rerank_linq_embed_mistral_top_m_10::financebench_id_09724::top_1,FinanceBench,hybrid_pageindex_chunk_rerank_linq_embed_mistral_top_m_10,hybrid_pageindex_chunk_rerank,Linq-AI-Research/Linq-Embed-Mistral,chunk_rerank,10,financebench_id_09724,financebench_id_09724,COCACOLA_2021_10K,top_1,1,COCACOLA_2021_10K_0016,COCACOLA_2021_10K_0016,yes,correct
FinanceBench::hybrid_pageindex_chunk_rerank_linq_embed_mistral_top_m_10::financebench_id_02981::top_1,FinanceBench,hybrid_pageindex_chunk_rerank_linq_embed_mistral_top_m_10,hybrid_pageindex_chunk_rerank,Linq-AI-Research/Linq-Embed-Mistral,chunk_rerank,10,financebench_id_02981,financebench_id_02981,CORNING_2021_10K,top_1,1,CORNING_2021_10K_0140,CORNING_2022_10K_0062_intro,no,no_answer
FinanceBench::hybrid_pageindex_chunk_rerank_linq_embed_mistral_top_m_10::financebench_id_02981::top_5,FinanceBench,hybrid_pageindex_chunk_rerank_linq_embed_mistral_top_m_10,hybrid_pageindex_chunk_rerank,Linq-AI-Research/Linq-Embed-Mistral,chunk_rerank,10,financebench_id_02981,financebench_id_02981,CORNING_2021_10K,top_5,5,CORNING_2021_10K_0140,CORNING_2022_10K_0062_intro|CORNING_2022_10K_0064|CORNING_2022_10K_0070|CORNING_2022_10K_0060|CORNING_2022_10K_0084,no,no_answer
FinanceBench::hybrid_pageindex_chunk_rerank_linq_embed_mistral_top_m_10::financebench_id_01346::top_1,FinanceBench,hybrid_pageindex_chunk_rerank_linq_embed_mistral_top_m_10,hybrid_pageindex_chunk_rerank,Linq-AI-Research/Linq-Embed-Mistral,chunk_rerank,10,financebench_id_01346,financebench_id_01346,CORNING_2022_10K,top_1,1,CORNING_2022_10K_0062_intro,CORNING_2022_10K_0162,no,incorrect
FinanceBench::hybrid_pageindex_chunk_rerank_linq_embed_mistral_top_m_10::financebench_id_01346::top_5,FinanceBench,hybrid_pageindex_chunk_rerank_linq_embed_mistral_top_m_10,hybrid_pageindex_chunk_rerank,Linq-AI-Research/Linq-Embed-Mistral,chunk_rerank,10,financebench_id_01346,financebench_id_01346,CORNING_2022_10K,top_5,5,CORNING_2022_10K_0062_intro,CORNING_2022_10K_0162|CORNING_2022_10K_0060|CORNING_2022_10K_0172|CORNING_2022_10K_0171|CORNING_2022_10K_0169,no,incorrect
FinanceBench::hybrid_pageindex_chunk_rerank_linq_embed_mistral_top_m_10::financebench_id_04209::top_1,FinanceBench,hybrid_pageindex_chunk_rerank_linq_embed_mistral_top_m_10,hybrid_pageindex_chunk_rerank,Linq-AI-Research/Linq-Embed-Mistral,chunk_rerank,10,financebench_id_04209,financebench_id_04209,COSTCO_2021_10K,top_1,1,COSTCO_2021_10K_0013,COSTCO_2021_10K_0009,no,no_answer
FinanceBench::hybrid_pageindex_chunk_rerank_linq_embed_mistral_top_m_10::financebench_id_04209::top_5,FinanceBench,hybrid_pageindex_chunk_rerank_linq_embed_mistral_top_m_10,hybrid_pageindex_chunk_rerank,Linq-AI-Research/Linq-Embed-Mistral,chunk_rerank,10,financebench_id_04209,financebench_id_04209,COSTCO_2021_10K,top_5,5,COSTCO_2021_10K_0013,COSTCO_2021_10K_0009|COSTCO_2021_10K_0013|COSTCO_2021_10K_0011|COSTCO_2021_10K_0001|COSTCO_2021_10K_0000,yes,correct
FinanceBench::hybrid_pageindex_chunk_rerank_linq_embed_mistral_top_m_10::financebench_id_01244::top_1,FinanceBench,hybrid_pageindex_chunk_rerank_linq_embed_mistral_top_m_10,hybrid_pageindex_chunk_rerank,Linq-AI-Research/Linq-Embed-Mistral,chunk_rerank,10,financebench_id_01244,financebench_id_01244,CVSHEALTH_2022_10K,top_1,1,CVSHEALTH_2022_10K_0119,CVSHEALTH_2022_10K_0236,no,correct
FinanceBench::hybrid_pageindex_chunk_rerank_linq_embed_mistral_top_m_10::financebench_id_01244::top_5,FinanceBench,hybrid_pageindex_chunk_rerank_linq_embed_mistral_top_m_10,hybrid_pageindex_chunk_rerank,Linq-AI-Research/Linq-Embed-Mistral,chunk_rerank,10,financebench_id_01244,financebench_id_01244,CVSHEALTH_2022_10K,top_5,5,CVSHEALTH_2022_10K_0119,CVSHEALTH_2022_10K_0236|CVSHEALTH_2022_10K_0119|CVSHEALTH_2022_10K_0120|CVSHEALTH_2022_10K_0118|CVSHEALTH_2022_10K_0240,yes,correct
FinanceBench::hybrid_pageindex_chunk_rerank_linq_embed_mistral_top_m_10::financebench_id_00839::top_1,FinanceBench,hybrid_pageindex_chunk_rerank_linq_embed_mistral_top_m_10,hybrid_pageindex_chunk_rerank,Linq-AI-Research/Linq-Embed-Mistral,chunk_rerank,10,financebench_id_00839,financebench_id_00839,FOOTLOCKER_2022_8K_dated_2022-08-19,top_1,1,FOOTLOCKER_2022_8K_dated_2022_08_19_0001,FOOTLOCKER_2022_8K_dated_2022_08_19_0041_intro,no,correct
FinanceBench::hybrid_pageindex_chunk_rerank_linq_embed_mistral_top_m_10::financebench_id_00839::top_5,FinanceBench,hybrid_pageindex_chunk_rerank_linq_embed_mistral_top_m_10,hybrid_pageindex_chunk_rerank,Linq-AI-Research/Linq-Embed-Mistral,chunk_rerank,10,financebench_id_00839,financebench_id_00839,FOOTLOCKER_2022_8K_dated_2022-08-19,top_5,5,FOOTLOCKER_2022_8K_dated_2022_08_19_0001,FOOTLOCKER_2022_8K_dated_2022_08_19_0041_intro|FOOTLOCKER_2022_8K_dated_2022_08_19_0001|FOOTLOCKER_2022_8K_dated_2022_08_19_0003|FOOTLOCKER_2022_8K_dated_2022_08_19_0000|FOOTLOCKER_2022_8K_dated_2022_08_19_0025,yes,correct
FinanceBench::hybrid_pageindex_chunk_rerank_linq_embed_mistral_top_m_10::financebench_id_03471::top_1,FinanceBench,hybrid_pageindex_chunk_rerank_linq_embed_mistral_top_m_10,hybrid_pageindex_chunk_rerank,Linq-AI-Research/Linq-Embed-Mistral,chunk_rerank,10,financebench_id_03471,financebench_id_03471,GENERALMILLS_2020_10K,top_1,1,GENERALMILLS_2020_10K_0018,GENERALMILLS_2020_10K_0018,yes,correct
FinanceBench::hybrid_pageindex_chunk_rerank_linq_embed_mistral_top_m_10::financebench_id_03471::top_5,FinanceBench,hybrid_pageindex_chunk_rerank_linq_embed_mistral_top_m_10,hybrid_pageindex_chunk_rerank,Linq-AI-Research/Linq-Embed-Mistral,chunk_rerank,10,financebench_id_03471,financebench_id_03471,GENERALMILLS_2020_10K,top_5,5,GENERALMILLS_2020_10K_0018,GENERALMILLS_2020_10K_0018|GENERALMILLS_2020_10K_0020|GENERALMILLS_2020_10K_0015|GENERALMILLS_2020_10K_0023|GENERALMILLS_2020_10K_0016,yes,correct
FinanceBench::hybrid_pageindex_chunk_rerank_linq_embed_mistral_top_m_10::financebench_id_04854::top_1,FinanceBench,hybrid_pageindex_chunk_rerank_linq_embed_mistral_top_m_10,hybrid_pageindex_chunk_rerank,Linq-AI-Research/Linq-Embed-Mistral,chunk_rerank,10,financebench_id_04854,financebench_id_04854,GENERALMILLS_2020_10K,top_1,1,GENERALMILLS_2020_10K_0020,GENERALMILLS_2020_10K_0020,yes,correct
FinanceBench::hybrid_pageindex_chunk_rerank_linq_embed_mistral_top_m_10::financebench_id_04854::top_5,FinanceBench,hybrid_pageindex_chunk_rerank_linq_embed_mistral_top_m_10,hybrid_pageindex_chunk_rerank,Linq-AI-Research/Linq-Embed-Mistral,chunk_rerank,10,financebench_id_04854,financebench_id_04854,GENERALMILLS_2020_10K,top_5,5,GENERALMILLS_2020_10K_0020,GENERALMILLS_2020_10K_0020|GENERALMILLS_2020_10K_0016|GENERALMILLS_2020_10K_0017|GENERALMILLS_2020_10K_0018|GENERALMILLS_2020_10K_0023,yes,correct
FinanceBench::hybrid_pageindex_chunk_rerank_linq_embed_mistral_top_m_10::financebench_id_01484::top_1,FinanceBench,hybrid_pageindex_chunk_rerank_linq_embed_mistral_top_m_10,hybrid_pageindex_chunk_rerank,Linq-AI-Research/Linq-Embed-Mistral,chunk_rerank,10,financebench_id_01484,financebench_id_01484,JOHNSON_JOHNSON_2022Q4_EARNINGS,top_1,1,JOHNSON_JOHNSON_2022Q4_EARNINGS_0001,JOHNSON_JOHNSON_2023Q2_EARNINGS_0001,no,no_answer
FinanceBench::hybrid_pageindex_chunk_rerank_linq_embed_mistral_top_m_10::financebench_id_01484::top_5,FinanceBench,hybrid_pageindex_chunk_rerank_linq_embed_mistral_top_m_10,hybrid_pageindex_chunk_rerank,Linq-AI-Research/Linq-Embed-Mistral,chunk_rerank,10,financebench_id_01484,financebench_id_01484,JOHNSON_JOHNSON_2022Q4_EARNINGS,top_5,5,JOHNSON_JOHNSON_2022Q4_EARNINGS_0001,JOHNSON_JOHNSON_2023Q2_EARNINGS_0001|JOHNSON_JOHNSON_2023Q2_EARNINGS_0014|JOHNSON_JOHNSON_2023Q2_EARNINGS_0002|JOHNSON_JOHNSON_2023Q2_EARNINGS_0008|JOHNSON_JOHNSON_2023Q2_EARNINGS_0004,no,no_answer
FinanceBench::hybrid_pageindex_chunk_rerank_linq_embed_mistral_top_m_10::financebench_id_00956::top_1,FinanceBench,hybrid_pageindex_chunk_rerank_linq_embed_mistral_top_m_10,hybrid_pageindex_chunk_rerank,Linq-AI-Research/Linq-Embed-Mistral,chunk_rerank,10,financebench_id_00956,financebench_id_00956,JOHNSON_JOHNSON_2022_10K,top_1,1,JOHNSON_JOHNSON_2022_10K_0024,JOHNSON_JOHNSON_2023Q2_EARNINGS_0008,no,no_answer
FinanceBench::hybrid_pageindex_chunk_rerank_linq_embed_mistral_top_m_10::financebench_id_00956::top_5,FinanceBench,hybrid_pageindex_chunk_rerank_linq_embed_mistral_top_m_10,hybrid_pageindex_chunk_rerank,Linq-AI-Research/Linq-Embed-Mistral,chunk_rerank,10,financebench_id_00956,financebench_id_00956,JOHNSON_JOHNSON_2022_10K,top_5,5,JOHNSON_JOHNSON_2022_10K_0024,JOHNSON_JOHNSON_2023Q2_EARNINGS_0008|JOHNSON_JOHNSON_2023Q2_EARNINGS_0011|JOHNSON_JOHNSON_2023Q2_EARNINGS_0004|JOHNSON_JOHNSON_2023Q2_EARNINGS_0014|JOHNSON_JOHNSON_2023Q2_EARNINGS_0000,no,no_answer
FinanceBench::hybrid_pageindex_chunk_rerank_linq_embed_mistral_top_m_10::financebench_id_00669::top_1,FinanceBench,hybrid_pageindex_chunk_rerank_linq_embed_mistral_top_m_10,hybrid_pageindex_chunk_rerank,Linq-AI-Research/Linq-Embed-Mistral,chunk_rerank,10,financebench_id_00669,financebench_id_00669,JOHNSON_JOHNSON_2022_10K,top_1,1,JOHNSON_JOHNSON_2022_10K_0024,JOHNSON_JOHNSON_2023Q2_EARNINGS_0008,no,no_answer
FinanceBench::hybrid_pageindex_chunk_rerank_linq_embed_mistral_top_m_10::financebench_id_00669::top_5,FinanceBench,hybrid_pageindex_chunk_rerank_linq_embed_mistral_top_m_10,hybrid_pageindex_chunk_rerank,Linq-AI-Research/Linq-Embed-Mistral,chunk_rerank,10,financebench_id_00669,financebench_id_00669,JOHNSON_JOHNSON_2022_10K,top_5,5,JOHNSON_JOHNSON_2022_10K_0024,JOHNSON_JOHNSON_2023Q2_EARNINGS_0008|JOHNSON_JOHNSON_2023Q2_EARNINGS_0011|JOHNSON_JOHNSON_2023Q2_EARNINGS_0017|JOHNSON_JOHNSON_2023Q2_EARNINGS_0014|JOHNSON_JOHNSON_2023Q2_EARNINGS_0000,no,no_answer
FinanceBench::hybrid_pageindex_chunk_rerank_linq_embed_mistral_top_m_10::financebench_id_01487::top_1,FinanceBench,hybrid_pageindex_chunk_rerank_linq_embed_mistral_top_m_10,hybrid_pageindex_chunk_rerank,Linq-AI-Research/Linq-Embed-Mistral,chunk_rerank,10,financebench_id_01487,financebench_id_01487,JOHNSON_JOHNSON_2023Q2_EARNINGS,top_1,1,JOHNSON_JOHNSON_2023Q2_EARNINGS_0012,JOHNSON_JOHNSON_2023Q2_EARNINGS_0000,no,correct
FinanceBench::hybrid_pageindex_chunk_rerank_linq_embed_mistral_top_m_10::financebench_id_01487::top_5,FinanceBench,hybrid_pageindex_chunk_rerank_linq_embed_mistral_top_m_10,hybrid_pageindex_chunk_rerank,Linq-AI-Research/Linq-Embed-Mistral,chunk_rerank,10,financebench_id_01487,financebench_id_01487,JOHNSON_JOHNSON_2023Q2_EARNINGS,top_5,5,JOHNSON_JOHNSON_2023Q2_EARNINGS_0012,JOHNSON_JOHNSON_2023Q2_EARNINGS_0000|JOHNSON_JOHNSON_2023Q2_EARNINGS_0001|JOHNSON_JOHNSON_2023Q2_EARNINGS_0002|JOHNSON_JOHNSON_2023Q2_EARNINGS_0003_intro|JOHNSON_JOHNSON_2023Q2_EARNINGS_0015,no,correct
FinanceBench::hybrid_pageindex_chunk_rerank_linq_embed_mistral_top_m_10::financebench_id_01488::top_1,FinanceBench,hybrid_pageindex_chunk_rerank_linq_embed_mistral_top_m_10,hybrid_pageindex_chunk_rerank,Linq-AI-Research/Linq-Embed-Mistral,chunk_rerank,10,financebench_id_01488,financebench_id_01488,JOHNSON_JOHNSON_2023_8K_dated-2023-08-30,top_1,1,JOHNSON_JOHNSON_2023_8K_dated_2023_08_30_0004_intro,JOHNSON_JOHNSON_2023_8K_dated_2023_08_30_0001,no,no_answer
FinanceBench::hybrid_pageindex_chunk_rerank_linq_embed_mistral_top_m_10::financebench_id_01488::top_5,FinanceBench,hybrid_pageindex_chunk_rerank_linq_embed_mistral_top_m_10,hybrid_pageindex_chunk_rerank,Linq-AI-Research/Linq-Embed-Mistral,chunk_rerank,10,financebench_id_01488,financebench_id_01488,JOHNSON_JOHNSON_2023_8K_dated-2023-08-30,top_5,5,JOHNSON_JOHNSON_2023_8K_dated_2023_08_30_0004_intro,JOHNSON_JOHNSON_2023_8K_dated_2023_08_30_0001|JOHNSON_JOHNSON_2023_8K_dated_2023_08_30_0004_intro|JOHNSON_JOHNSON_2023_8K_dated_2023_08_30_0008|JOHNSON_JOHNSON_2023_8K_dated_2023_08_30_0009|JOHNSON_JOHNSON_2023_8K_dated_2023_08_30_0000,yes,correct
FinanceBench::hybrid_pageindex_chunk_rerank_linq_embed_mistral_top_m_10::financebench_id_01490::top_1,FinanceBench,hybrid_pageindex_chunk_rerank_linq_embed_mistral_top_m_10,hybrid_pageindex_chunk_rerank,Linq-AI-Research/Linq-Embed-Mistral,chunk_rerank,10,financebench_id_01490,financebench_id_01490,JOHNSON_JOHNSON_2023_8K_dated-2023-08-30,top_1,1,JOHNSON_JOHNSON_2023_8K_dated_2023_08_30_0004_intro,JOHNSON_JOHNSON_2023_8K_dated_2023_08_30_0001,no,no_answer
FinanceBench::hybrid_pageindex_chunk_rerank_linq_embed_mistral_top_m_10::financebench_id_01490::top_5,FinanceBench,hybrid_pageindex_chunk_rerank_linq_embed_mistral_top_m_10,hybrid_pageindex_chunk_rerank,Linq-AI-Research/Linq-Embed-Mistral,chunk_rerank,10,financebench_id_01490,financebench_id_01490,JOHNSON_JOHNSON_2023_8K_dated-2023-08-30,top_5,5,JOHNSON_JOHNSON_2023_8K_dated_2023_08_30_0004_intro,JOHNSON_JOHNSON_2023_8K_dated_2023_08_30_0001|JOHNSON_JOHNSON_2023_8K_dated_2023_08_30_0008|JOHNSON_JOHNSON_2023_8K_dated_2023_08_30_0004_intro|JOHNSON_JOHNSON_2023_8K_dated_2023_08_30_0009|JOHNSON_JOHNSON_2023_8K_dated_2023_08_30_0012,yes,correct
FinanceBench::hybrid_pageindex_chunk_rerank_linq_embed_mistral_top_m_10::financebench_id_01491::top_1,FinanceBench,hybrid_pageindex_chunk_rerank_linq_embed_mistral_top_m_10,hybrid_pageindex_chunk_rerank,Linq-AI-Research/Linq-Embed-Mistral,chunk_rerank,10,financebench_id_01491,financebench_id_01491,JOHNSON_JOHNSON_2023_8K_dated-2023-08-30,top_1,1,JOHNSON_JOHNSON_2023_8K_dated_2023_08_30_0004_intro,JOHNSON_JOHNSON_2023_8K_dated_2023_08_30_0001,no,no_answer
FinanceBench::hybrid_pageindex_chunk_rerank_linq_embed_mistral_top_m_10::financebench_id_01491::top_5,FinanceBench,hybrid_pageindex_chunk_rerank_linq_embed_mistral_top_m_10,hybrid_pageindex_chunk_rerank,Linq-AI-Research/Linq-Embed-Mistral,chunk_rerank,10,financebench_id_01491,financebench_id_01491,JOHNSON_JOHNSON_2023_8K_dated-2023-08-30,top_5,5,JOHNSON_JOHNSON_2023_8K_dated_2023_08_30_0004_intro,JOHNSON_JOHNSON_2023_8K_dated_2023_08_30_0001|JOHNSON_JOHNSON_2023_8K_dated_2023_08_30_0004_intro|JOHNSON_JOHNSON_2023_8K_dated_2023_08_30_0008|JOHNSON_JOHNSON_2023_8K_dated_2023_08_30_0000|JOHNSON_JOHNSON_2023_8K_dated_2023_08_30_0009,yes,correct
FinanceBench::hybrid_pageindex_chunk_rerank_linq_embed_mistral_top_m_10::financebench_id_00299::top_1,FinanceBench,hybrid_pageindex_chunk_rerank_linq_embed_mistral_top_m_10,hybrid_pageindex_chunk_rerank,Linq-AI-Research/Linq-Embed-Mistral,chunk_rerank,10,financebench_id_00299,financebench_id_00299,JPMORGAN_2021Q1_10Q,top_1,1,JPMORGAN_2021Q1_10Q_0024,JPMORGAN_2021Q1_10Q_0005,no,no_answer
FinanceBench::hybrid_pageindex_chunk_rerank_linq_embed_mistral_top_m_10::financebench_id_00299::top_5,FinanceBench,hybrid_pageindex_chunk_rerank_linq_embed_mistral_top_m_10,hybrid_pageindex_chunk_rerank,Linq-AI-Research/Linq-Embed-Mistral,chunk_rerank,10,financebench_id_00299,financebench_id_00299,JPMORGAN_2021Q1_10Q,top_5,5,JPMORGAN_2021Q1_10Q_0024,JPMORGAN_2021Q1_10Q_0005|JPMORGAN_2021Q1_10Q_0130|JPMORGAN_2021Q1_10Q_0024|JPMORGAN_2021Q1_10Q_0023|JPMORGAN_2021Q1_10Q_0003,yes,incorrect
FinanceBench::hybrid_pageindex_chunk_rerank_linq_embed_mistral_top_m_10::financebench_id_02119::top_1,FinanceBench,hybrid_pageindex_chunk_rerank_linq_embed_mistral_top_m_10,hybrid_pageindex_chunk_rerank,Linq-AI-Research/Linq-Embed-Mistral,chunk_rerank,10,financebench_id_02119,financebench_id_02119,JPMORGAN_2021Q1_10Q,top_1,1,JPMORGAN_2021Q1_10Q_0006,JPMORGAN_2021Q1_10Q_0119,no,no_answer
FinanceBench::hybrid_pageindex_chunk_rerank_linq_embed_mistral_top_m_10::financebench_id_00394::top_1,FinanceBench,hybrid_pageindex_chunk_rerank_linq_embed_mistral_top_m_10,hybrid_pageindex_chunk_rerank,Linq-AI-Research/Linq-Embed-Mistral,chunk_rerank,10,financebench_id_00394,financebench_id_00394,JPMORGAN_2022Q2_10Q,top_1,1,JPMORGAN_2022Q2_10Q_0025,JPMORGAN_2023Q2_10Q_0007,no,no_answer
FinanceBench::hybrid_pageindex_chunk_rerank_linq_embed_mistral_top_m_10::financebench_id_00394::top_5,FinanceBench,hybrid_pageindex_chunk_rerank_linq_embed_mistral_top_m_10,hybrid_pageindex_chunk_rerank,Linq-AI-Research/Linq-Embed-Mistral,chunk_rerank,10,financebench_id_00394,financebench_id_00394,JPMORGAN_2022Q2_10Q,top_5,5,JPMORGAN_2022Q2_10Q_0025,JPMORGAN_2023Q2_10Q_0007|JPMORGAN_2023Q2_10Q_0005|JPMORGAN_2023Q2_10Q_0029|JPMORGAN_2023Q2_10Q_0003|JPMORGAN_2023Q2_10Q_0004_intro,no,correct
FinanceBench::hybrid_pageindex_chunk_rerank_linq_embed_mistral_top_m_10::financebench_id_00206::top_1,FinanceBench,hybrid_pageindex_chunk_rerank_linq_embed_mistral_top_m_10,hybrid_pageindex_chunk_rerank,Linq-AI-Research/Linq-Embed-Mistral,chunk_rerank,10,financebench_id_00206,financebench_id_00206,JPMORGAN_2022_10K,top_1,1,JPMORGAN_2022_10K_0002,JPMORGAN_2022_10K_0070_intro,no,no_answer
FinanceBench::hybrid_pageindex_chunk_rerank_linq_embed_mistral_top_m_10::financebench_id_02049::top_1,FinanceBench,hybrid_pageindex_chunk_rerank_linq_embed_mistral_top_m_10,hybrid_pageindex_chunk_rerank,Linq-AI-Research/Linq-Embed-Mistral,chunk_rerank,10,financebench_id_02049,financebench_id_02049,JPMORGAN_2023Q2_10Q,top_1,1,JPMORGAN_2023Q2_10Q_0113,JPMORGAN_2023Q2_10Q_0004_intro,no,no_answer
FinanceBench::hybrid_pageindex_chunk_rerank_linq_embed_mistral_top_m_10::financebench_id_02049::top_5,FinanceBench,hybrid_pageindex_chunk_rerank_linq_embed_mistral_top_m_10,hybrid_pageindex_chunk_rerank,Linq-AI-Research/Linq-Embed-Mistral,chunk_rerank,10,financebench_id_02049,financebench_id_02049,JPMORGAN_2023Q2_10Q,top_5,5,JPMORGAN_2023Q2_10Q_0113,JPMORGAN_2023Q2_10Q_0004_intro|JPMORGAN_2023Q2_10Q_0005|JPMORGAN_2023Q2_10Q_0006|JPMORGAN_2023Q2_10Q_0468|JPMORGAN_2023Q2_10Q_0009,no,no_answer
FinanceBench::hybrid_pageindex_chunk_rerank_linq_embed_mistral_top_m_10::financebench_id_03031::top_1,FinanceBench,hybrid_pageindex_chunk_rerank_linq_embed_mistral_top_m_10,hybrid_pageindex_chunk_rerank,Linq-AI-Research/Linq-Embed-Mistral,chunk_rerank,10,financebench_id_03031,financebench_id_03031,LOCKHEEDMARTIN_2021_10K,top_1,1,LOCKHEEDMARTIN_2021_10K_0027,LOCKHEEDMARTIN_2021_10K_0027,yes,correct
FinanceBench::hybrid_pageindex_chunk_rerank_linq_embed_mistral_top_m_10::financebench_id_03031::top_5,FinanceBench,hybrid_pageindex_chunk_rerank_linq_embed_mistral_top_m_10,hybrid_pageindex_chunk_rerank,Linq-AI-Research/Linq-Embed-Mistral,chunk_rerank,10,financebench_id_03031,financebench_id_03031,LOCKHEEDMARTIN_2021_10K,top_5,5,LOCKHEEDMARTIN_2021_10K_0027,LOCKHEEDMARTIN_2021_10K_0027|LOCKHEEDMARTIN_2021_10K_0047|LOCKHEEDMARTIN_2021_10K_0028|LOCKHEEDMARTIN_2021_10K_0026|LOCKHEEDMARTIN_2021_10K_0011,yes,correct
FinanceBench::hybrid_pageindex_chunk_rerank_linq_embed_mistral_top_m_10::financebench_id_03718::top_1,FinanceBench,hybrid_pageindex_chunk_rerank_linq_embed_mistral_top_m_10,hybrid_pageindex_chunk_rerank,Linq-AI-Research/Linq-Embed-Mistral,chunk_rerank,10,financebench_id_03718,financebench_id_03718,LOCKHEEDMARTIN_2022_10K,top_1,1,LOCKHEEDMARTIN_2022_10K_0020,LOCKHEEDMARTIN_2021_10K_0025,no,no_answer
FinanceBench::hybrid_pageindex_chunk_rerank_linq_embed_mistral_top_m_10::financebench_id_03718::top_5,FinanceBench,hybrid_pageindex_chunk_rerank_linq_embed_mistral_top_m_10,hybrid_pageindex_chunk_rerank,Linq-AI-Research/Linq-Embed-Mistral,chunk_rerank,10,financebench_id_03718,financebench_id_03718,LOCKHEEDMARTIN_2022_10K,top_5,5,LOCKHEEDMARTIN_2022_10K_0020,LOCKHEEDMARTIN_2021_10K_0025|LOCKHEEDMARTIN_2021_10K_0026|LOCKHEEDMARTIN_2021_10K_0000|LOCKHEEDMARTIN_2021_10K_0027|LOCKHEEDMARTIN_2021_10K_0028,no,no_answer
FinanceBench::hybrid_pageindex_chunk_rerank_linq_embed_mistral_top_m_10::financebench_id_00382::top_1,FinanceBench,hybrid_pageindex_chunk_rerank_linq_embed_mistral_top_m_10,hybrid_pageindex_chunk_rerank,Linq-AI-Research/Linq-Embed-Mistral,chunk_rerank,10,financebench_id_00382,financebench_id_00382,MGMRESORTS_2022Q4_EARNINGS,top_1,1,MGMRESORTS_2022Q4_EARNINGS_0019,MGMRESORTS_2022Q4_EARNINGS_0000_intro,no,no_answer
FinanceBench::hybrid_pageindex_chunk_rerank_linq_embed_mistral_top_m_10::financebench_id_00382::top_5,FinanceBench,hybrid_pageindex_chunk_rerank_linq_embed_mistral_top_m_10,hybrid_pageindex_chunk_rerank,Linq-AI-Research/Linq-Embed-Mistral,chunk_rerank,10,financebench_id_00382,financebench_id_00382,MGMRESORTS_2022Q4_EARNINGS,top_5,5,MGMRESORTS_2022Q4_EARNINGS_0019,MGMRESORTS_2022Q4_EARNINGS_0000_intro|MGMRESORTS_2022Q4_EARNINGS_0008|MGMRESORTS_2022Q4_EARNINGS_0010|MGMRESORTS_2022Q4_EARNINGS_0011|MGMRESORTS_2022Q4_EARNINGS_0002,no,no_answer
FinanceBench::hybrid_pageindex_chunk_rerank_linq_embed_mistral_top_m_10::financebench_id_01911::top_1,FinanceBench,hybrid_pageindex_chunk_rerank_linq_embed_mistral_top_m_10,hybrid_pageindex_chunk_rerank,Linq-AI-Research/Linq-Embed-Mistral,chunk_rerank,10,financebench_id_01911,financebench_id_01911,MGMRESORTS_2022Q4_EARNINGS,top_1,1,MGMRESORTS_2022Q4_EARNINGS_0019,MGMRESORTS_2022Q4_EARNINGS_0006,no,no_answer
FinanceBench::hybrid_pageindex_chunk_rerank_linq_embed_mistral_top_m_10::financebench_id_01911::top_5,FinanceBench,hybrid_pageindex_chunk_rerank_linq_embed_mistral_top_m_10,hybrid_pageindex_chunk_rerank,Linq-AI-Research/Linq-Embed-Mistral,chunk_rerank,10,financebench_id_01911,financebench_id_01911,MGMRESORTS_2022Q4_EARNINGS,top_5,5,MGMRESORTS_2022Q4_EARNINGS_0019,MGMRESORTS_2022Q4_EARNINGS_0006|MGMRESORTS_2022Q4_EARNINGS_0012|MGMRESORTS_2022Q4_EARNINGS_0018|MGMRESORTS_2022Q4_EARNINGS_0008|MGMRESORTS_2022Q4_EARNINGS_0000_intro,no,no_answer
FinanceBench::hybrid_pageindex_chunk_rerank_linq_embed_mistral_top_m_10::financebench_id_01254::top_1,FinanceBench,hybrid_pageindex_chunk_rerank_linq_embed_mistral_top_m_10,hybrid_pageindex_chunk_rerank,Linq-AI-Research/Linq-Embed-Mistral,chunk_rerank,10,financebench_id_01254,financebench_id_01254,MGMRESORTS_2022_10K,top_1,1,MGMRESORTS_2022_10K_0008,MGMRESORTS_2022Q4_EARNINGS_0017,no,no_answer
FinanceBench::hybrid_pageindex_chunk_rerank_linq_embed_mistral_top_m_10::financebench_id_01254::top_5,FinanceBench,hybrid_pageindex_chunk_rerank_linq_embed_mistral_top_m_10,hybrid_pageindex_chunk_rerank,Linq-AI-Research/Linq-Embed-Mistral,chunk_rerank,10,financebench_id_01254,financebench_id_01254,MGMRESORTS_2022_10K,top_5,5,MGMRESORTS_2022_10K_0008,MGMRESORTS_2022Q4_EARNINGS_0017|MGMRESORTS_2022Q4_EARNINGS_0000_intro|MGMRESORTS_2022Q4_EARNINGS_0008|MGMRESORTS_2022Q4_EARNINGS_0018|MGMRESORTS_2022Q4_EARNINGS_0006,no,no_answer
FinanceBench::hybrid_pageindex_chunk_rerank_linq_embed_mistral_top_m_10::financebench_id_00407::top_1,FinanceBench,hybrid_pageindex_chunk_rerank_linq_embed_mistral_top_m_10,hybrid_pageindex_chunk_rerank,Linq-AI-Research/Linq-Embed-Mistral,chunk_rerank,10,financebench_id_00407,financebench_id_00407,MGMRESORTS_2023Q2_10Q,top_1,1,MGMRESORTS_2023Q2_10Q_0005,MGMRESORTS_2023Q2_10Q_0006,no,correct
FinanceBench::hybrid_pageindex_chunk_rerank_linq_embed_mistral_top_m_10::financebench_id_00407::top_5,FinanceBench,hybrid_pageindex_chunk_rerank_linq_embed_mistral_top_m_10,hybrid_pageindex_chunk_rerank,Linq-AI-Research/Linq-Embed-Mistral,chunk_rerank,10,financebench_id_00407,financebench_id_00407,MGMRESORTS_2023Q2_10Q,top_5,5,MGMRESORTS_2023Q2_10Q_0005,MGMRESORTS_2023Q2_10Q_0006|MGMRESORTS_2023Q2_10Q_0005|MGMRESORTS_2023Q2_10Q_0004|MGMRESORTS_2023Q2_10Q_0018|MGMRESORTS_2023Q2_10Q_0001,yes,correct
FinanceBench::hybrid_pageindex_chunk_rerank_linq_embed_mistral_top_m_10::financebench_id_04700::top_1,FinanceBench,hybrid_pageindex_chunk_rerank_linq_embed_mistral_top_m_10,hybrid_pageindex_chunk_rerank,Linq-AI-Research/Linq-Embed-Mistral,chunk_rerank,10,financebench_id_04700,financebench_id_04700,MICROSOFT_2016_10K,top_1,1,MICROSOFT_2016_10K_0014_intro,MICROSOFT_2016_10K_0011,no,correct
FinanceBench::hybrid_pageindex_chunk_rerank_linq_embed_mistral_top_m_10::financebench_id_00552::top_1,FinanceBench,hybrid_pageindex_chunk_rerank_linq_embed_mistral_top_m_10,hybrid_pageindex_chunk_rerank,Linq-AI-Research/Linq-Embed-Mistral,chunk_rerank,10,financebench_id_00552,financebench_id_00552,MICROSOFT_2023_10K,top_1,1,MICROSOFT_2023_10K_0014,MICROSOFT_2023_10K_0014,yes,correct
FinanceBench::hybrid_pageindex_chunk_rerank_linq_embed_mistral_top_m_10::financebench_id_00552::top_5,FinanceBench,hybrid_pageindex_chunk_rerank_linq_embed_mistral_top_m_10,hybrid_pageindex_chunk_rerank,Linq-AI-Research/Linq-Embed-Mistral,chunk_rerank,10,financebench_id_00552,financebench_id_00552,MICROSOFT_2023_10K,top_5,5,MICROSOFT_2023_10K_0014,MICROSOFT_2023_10K_0014|MICROSOFT_2023_10K_0030|MICROSOFT_2023_10K_0012|MICROSOFT_2023_10K_0000|MICROSOFT_2023_10K_0010,yes,correct
FinanceBench::hybrid_pageindex_chunk_rerank_linq_embed_mistral_top_m_10::financebench_id_03282::top_1,FinanceBench,hybrid_pageindex_chunk_rerank_linq_embed_mistral_top_m_10,hybrid_pageindex_chunk_rerank,Linq-AI-Research/Linq-Embed-Mistral,chunk_rerank,10,financebench_id_03282,financebench_id_03282,NETFLIX_2017_10K,top_1,1,NETFLIX_2017_10K_0024,NETFLIX_2017_10K_0010,no,no_answer
FinanceBench::hybrid_pageindex_chunk_rerank_linq_embed_mistral_top_m_10::financebench_id_03282::top_5,FinanceBench,hybrid_pageindex_chunk_rerank_linq_embed_mistral_top_m_10,hybrid_pageindex_chunk_rerank,Linq-AI-Research/Linq-Embed-Mistral,chunk_rerank,10,financebench_id_03282,financebench_id_03282,NETFLIX_2017_10K,top_5,5,NETFLIX_2017_10K_0024,NETFLIX_2017_10K_0010|NETFLIX_2017_10K_0011|NETFLIX_2017_10K_0002|NETFLIX_2017_10K_0000|NETFLIX_2017_10K_0008,no,no_answer
FinanceBench::hybrid_pageindex_chunk_rerank_linq_embed_mistral_top_m_10::financebench_id_03531::top_1,FinanceBench,hybrid_pageindex_chunk_rerank_linq_embed_mistral_top_m_10,hybrid_pageindex_chunk_rerank,Linq-AI-Research/Linq-Embed-Mistral,chunk_rerank,10,financebench_id_03531,financebench_id_03531,NIKE_2019_10K,top_1,1,NIKE_2019_10K_0026,NIKE_2019_10K_0023,no,no_answer
FinanceBench::hybrid_pageindex_chunk_rerank_linq_embed_mistral_top_m_10::financebench_id_03531::top_5,FinanceBench,hybrid_pageindex_chunk_rerank_linq_embed_mistral_top_m_10,hybrid_pageindex_chunk_rerank,Linq-AI-Research/Linq-Embed-Mistral,chunk_rerank,10,financebench_id_03531,financebench_id_03531,NIKE_2019_10K,top_5,5,NIKE_2019_10K_0026,NIKE_2019_10K_0023|NIKE_2019_10K_0037|NIKE_2019_10K_0026|NIKE_2019_10K_0022|NIKE_2019_10K_0000,yes,correct
FinanceBench::hybrid_pageindex_chunk_rerank_linq_embed_mistral_top_m_10::financebench_id_01163::top_1,FinanceBench,hybrid_pageindex_chunk_rerank_linq_embed_mistral_top_m_10,hybrid_pageindex_chunk_rerank,Linq-AI-Research/Linq-Embed-Mistral,chunk_rerank,10,financebench_id_01163,financebench_id_01163,NIKE_2023_10K,top_1,1,NIKE_2023_10K_0026,NIKE_2023_10K_0001,no,no_answer
FinanceBench::hybrid_pageindex_chunk_rerank_linq_embed_mistral_top_m_10::financebench_id_00080::top_1,FinanceBench,hybrid_pageindex_chunk_rerank_linq_embed_mistral_top_m_10,hybrid_pageindex_chunk_rerank,Linq-AI-Research/Linq-Embed-Mistral,chunk_rerank,10,financebench_id_00080,financebench_id_00080,PAYPAL_2022_10K,top_1,1,PAYPAL_2022_10K_0034,PAYPAL_2022_10K_0000,no,no_answer
FinanceBench::hybrid_pageindex_chunk_rerank_linq_embed_mistral_top_m_10::financebench_id_04980::top_1,FinanceBench,hybrid_pageindex_chunk_rerank_linq_embed_mistral_top_m_10,hybrid_pageindex_chunk_rerank,Linq-AI-Research/Linq-Embed-Mistral,chunk_rerank,10,financebench_id_04980,financebench_id_04980,PEPSICO_2021_10K,top_1,1,PEPSICO_2021_10K_0123,PEPSICO_2021_10K_0136,no,no_answer
FinanceBench::hybrid_pageindex_chunk_rerank_linq_embed_mistral_top_m_10::financebench_id_00735::top_1,FinanceBench,hybrid_pageindex_chunk_rerank_linq_embed_mistral_top_m_10,hybrid_pageindex_chunk_rerank,Linq-AI-Research/Linq-Embed-Mistral,chunk_rerank,10,financebench_id_00735,financebench_id_00735,PEPSICO_2022_10K,top_1,1,PEPSICO_2022_10K_0058,PEPSICO_2021_10K_0000,no,no_answer
FinanceBench::hybrid_pageindex_chunk_rerank_linq_embed_mistral_top_m_10::financebench_id_00735::top_5,FinanceBench,hybrid_pageindex_chunk_rerank_linq_embed_mistral_top_m_10,hybrid_pageindex_chunk_rerank,Linq-AI-Research/Linq-Embed-Mistral,chunk_rerank,10,financebench_id_00735,financebench_id_00735,PEPSICO_2022_10K,top_5,5,PEPSICO_2022_10K_0058,PEPSICO_2021_10K_0000|PEPSICO_2021_10K_0061|PEPSICO_2021_10K_0067|PEPSICO_2021_10K_0152|PEPSICO_2021_10K_0064,no,no_answer
FinanceBench::hybrid_pageindex_chunk_rerank_linq_embed_mistral_top_m_10::financebench_id_01328::top_1,FinanceBench,hybrid_pageindex_chunk_rerank_linq_embed_mistral_top_m_10,hybrid_pageindex_chunk_rerank,Linq-AI-Research/Linq-Embed-Mistral,chunk_rerank,10,financebench_id_01328,financebench_id_01328,PEPSICO_2022_10K,top_1,1,PEPSICO_2022_10K_0150,PEPSICO_2021_10K_0099_intro,no,no_answer
FinanceBench::hybrid_pageindex_chunk_rerank_linq_embed_mistral_top_m_10::financebench_id_01328::top_5,FinanceBench,hybrid_pageindex_chunk_rerank_linq_embed_mistral_top_m_10,hybrid_pageindex_chunk_rerank,Linq-AI-Research/Linq-Embed-Mistral,chunk_rerank,10,financebench_id_01328,financebench_id_01328,PEPSICO_2022_10K,top_5,5,PEPSICO_2022_10K_0150,PEPSICO_2021_10K_0099_intro|PEPSICO_2021_10K_0125|PEPSICO_2021_10K_0132|PEPSICO_2021_10K_0150|PEPSICO_2021_10K_0136,no,no_answer
FinanceBench::hybrid_pageindex_chunk_rerank_linq_embed_mistral_top_m_10::financebench_id_01474::top_1,FinanceBench,hybrid_pageindex_chunk_rerank_linq_embed_mistral_top_m_10,hybrid_pageindex_chunk_rerank,Linq-AI-Research/Linq-Embed-Mistral,chunk_rerank,10,financebench_id_01474,financebench_id_01474,PEPSICO_2023Q1_EARNINGS,top_1,1,PEPSICO_2023Q1_EARNINGS_0000,PEPSICO_2023Q1_EARNINGS_0000,yes,correct
FinanceBench::hybrid_pageindex_chunk_rerank_linq_embed_mistral_top_m_10::financebench_id_01474::top_5,FinanceBench,hybrid_pageindex_chunk_rerank_linq_embed_mistral_top_m_10,hybrid_pageindex_chunk_rerank,Linq-AI-Research/Linq-Embed-Mistral,chunk_rerank,10,financebench_id_01474,financebench_id_01474,PEPSICO_2023Q1_EARNINGS,top_5,5,PEPSICO_2023Q1_EARNINGS_0000,PEPSICO_2023Q1_EARNINGS_0000|PEPSICO_2023Q1_EARNINGS_0012|PEPSICO_2023Q1_EARNINGS_0009|PEPSICO_2023Q1_EARNINGS_0001|PEPSICO_2023Q1_EARNINGS_0003,yes,correct
FinanceBench::hybrid_pageindex_chunk_rerank_linq_embed_mistral_top_m_10::financebench_id_01476::top_1,FinanceBench,hybrid_pageindex_chunk_rerank_linq_embed_mistral_top_m_10,hybrid_pageindex_chunk_rerank,Linq-AI-Research/Linq-Embed-Mistral,chunk_rerank,10,financebench_id_01476,financebench_id_01476,PEPSICO_2023Q1_EARNINGS,top_1,1,PEPSICO_2023Q1_EARNINGS_0000,PEPSICO_2023Q1_EARNINGS_0000,yes,correct
FinanceBench::hybrid_pageindex_chunk_rerank_linq_embed_mistral_top_m_10::financebench_id_01476::top_5,FinanceBench,hybrid_pageindex_chunk_rerank_linq_embed_mistral_top_m_10,hybrid_pageindex_chunk_rerank,Linq-AI-Research/Linq-Embed-Mistral,chunk_rerank,10,financebench_id_01476,financebench_id_01476,PEPSICO_2023Q1_EARNINGS,top_5,5,PEPSICO_2023Q1_EARNINGS_0000,PEPSICO_2023Q1_EARNINGS_0000|PEPSICO_2023Q1_EARNINGS_0002|PEPSICO_2023Q1_EARNINGS_0009|PEPSICO_2023Q1_EARNINGS_0001|PEPSICO_2023Q1_EARNINGS_0011,yes,correct
FinanceBench::hybrid_pageindex_chunk_rerank_linq_embed_mistral_top_m_10::financebench_id_01482::top_1,FinanceBench,hybrid_pageindex_chunk_rerank_linq_embed_mistral_top_m_10,hybrid_pageindex_chunk_rerank,Linq-AI-Research/Linq-Embed-Mistral,chunk_rerank,10,financebench_id_01482,financebench_id_01482,PEPSICO_2023_8K_dated-2023-05-05,top_1,1,PEPSICO_2023_8K_dated_2023_05_05_0001,PEPSICO_2023_8K_dated_2023_05_05_0001,yes,correct
FinanceBench::hybrid_pageindex_chunk_rerank_linq_embed_mistral_top_m_10::financebench_id_01482::top_5,FinanceBench,hybrid_pageindex_chunk_rerank_linq_embed_mistral_top_m_10,hybrid_pageindex_chunk_rerank,Linq-AI-Research/Linq-Embed-Mistral,chunk_rerank,10,financebench_id_01482,financebench_id_01482,PEPSICO_2023_8K_dated-2023-05-05,top_5,5,PEPSICO_2023_8K_dated_2023_05_05_0001,PEPSICO_2023_8K_dated_2023_05_05_0001|PEPSICO_2023_8K_dated_2023_05_05_0000|PEPSICO_2023_8K_dated_2023_05_05_0002,yes,correct
FinanceBench::hybrid_pageindex_chunk_rerank_linq_embed_mistral_top_m_10::financebench_id_00705::top_1,FinanceBench,hybrid_pageindex_chunk_rerank_linq_embed_mistral_top_m_10,hybrid_pageindex_chunk_rerank,Linq-AI-Research/Linq-Embed-Mistral,chunk_rerank,10,financebench_id_00705,financebench_id_00705,PEPSICO_2023_8K_dated-2023-05-30,top_1,1,PEPSICO_2023_8K_dated_2023_05_30_0001,PEPSICO_2023_8K_dated_2023_05_30_0001,yes,correct
FinanceBench::hybrid_pageindex_chunk_rerank_linq_embed_mistral_top_m_10::financebench_id_00705::top_5,FinanceBench,hybrid_pageindex_chunk_rerank_linq_embed_mistral_top_m_10,hybrid_pageindex_chunk_rerank,Linq-AI-Research/Linq-Embed-Mistral,chunk_rerank,10,financebench_id_00705,financebench_id_00705,PEPSICO_2023_8K_dated-2023-05-30,top_5,5,PEPSICO_2023_8K_dated_2023_05_30_0001,PEPSICO_2023_8K_dated_2023_05_30_0001|PEPSICO_2023_8K_dated_2023_05_30_0002|PEPSICO_2023_8K_dated_2023_05_30_0148|PEPSICO_2023_8K_dated_2023_05_30_0087|PEPSICO_2023_8K_dated_2023_05_30_0150,yes,correct
FinanceBench::hybrid_pageindex_chunk_rerank_linq_embed_mistral_top_m_10::financebench_id_00882::top_1,FinanceBench,hybrid_pageindex_chunk_rerank_linq_embed_mistral_top_m_10,hybrid_pageindex_chunk_rerank,Linq-AI-Research/Linq-Embed-Mistral,chunk_rerank,10,financebench_id_00882,financebench_id_00882,PEPSICO_2023_8K_dated-2023-05-30,top_1,1,PEPSICO_2023_8K_dated_2023_05_30_0001,PEPSICO_2023_8K_dated_2023_05_30_0001,yes,correct
FinanceBench::hybrid_pageindex_chunk_rerank_linq_embed_mistral_top_m_10::financebench_id_00302::top_1,FinanceBench,hybrid_pageindex_chunk_rerank_linq_embed_mistral_top_m_10,hybrid_pageindex_chunk_rerank,Linq-AI-Research/Linq-Embed-Mistral,chunk_rerank,10,financebench_id_00302,financebench_id_00302,PFIZER_2021_10K,top_1,1,PFIZER_2021_10K_0038,PFIZER_2021_10K_0113,no,correct
FinanceBench::hybrid_pageindex_chunk_rerank_linq_embed_mistral_top_m_10::financebench_id_00302::top_5,FinanceBench,hybrid_pageindex_chunk_rerank_linq_embed_mistral_top_m_10,hybrid_pageindex_chunk_rerank,Linq-AI-Research/Linq-Embed-Mistral,chunk_rerank,10,financebench_id_00302,financebench_id_00302,PFIZER_2021_10K,top_5,5,PFIZER_2021_10K_0038,PFIZER_2021_10K_0113|PFIZER_2021_10K_0024|PFIZER_2021_10K_0044|PFIZER_2021_10K_0023|PFIZER_2021_10K_0124,no,correct
FinanceBench::hybrid_pageindex_chunk_rerank_linq_embed_mistral_top_m_10::financebench_id_00702::top_1,FinanceBench,hybrid_pageindex_chunk_rerank_linq_embed_mistral_top_m_10,hybrid_pageindex_chunk_rerank,Linq-AI-Research/Linq-Embed-Mistral,chunk_rerank,10,financebench_id_00702,financebench_id_00702,PFIZER_2021_10K,top_1,1,PFIZER_2021_10K_0036,PFIZER_2021_10K_0151,no,no_answer
FinanceBench::hybrid_pageindex_chunk_rerank_linq_embed_mistral_top_m_10::financebench_id_00601::top_1,FinanceBench,hybrid_pageindex_chunk_rerank_linq_embed_mistral_top_m_10,hybrid_pageindex_chunk_rerank,Linq-AI-Research/Linq-Embed-Mistral,chunk_rerank,10,financebench_id_00601,financebench_id_00601,ULTABEAUTY_2023Q4_EARNINGS,top_1,1,ULTABEAUTY_2023Q4_EARNINGS_0002,MGMRESORTS_2023Q2_10Q_0015,no,no_answer
FinanceBench::hybrid_pageindex_chunk_rerank_linq_embed_mistral_top_m_10::financebench_id_00601::top_5,FinanceBench,hybrid_pageindex_chunk_rerank_linq_embed_mistral_top_m_10,hybrid_pageindex_chunk_rerank,Linq-AI-Research/Linq-Embed-Mistral,chunk_rerank,10,financebench_id_00601,financebench_id_00601,ULTABEAUTY_2023Q4_EARNINGS,top_5,5,ULTABEAUTY_2023Q4_EARNINGS_0002,MGMRESORTS_2023Q2_10Q_0015|MGMRESORTS_2023Q2_10Q_0006|MGMRESORTS_2023Q2_10Q_0008|MGMRESORTS_2023Q2_10Q_0005|MGMRESORTS_2023Q2_10Q_0007,no,no_answer
FinanceBench::hybrid_pageindex_chunk_rerank_linq_embed_mistral_top_m_10::financebench_id_00605::top_1,FinanceBench,hybrid_pageindex_chunk_rerank_linq_embed_mistral_top_m_10,hybrid_pageindex_chunk_rerank,Linq-AI-Research/Linq-Embed-Mistral,chunk_rerank,10,financebench_id_00605,financebench_id_00605,ULTABEAUTY_2023Q4_EARNINGS,top_1,1,ULTABEAUTY_2023Q4_EARNINGS_0004,ULTABEAUTY_2023Q4_EARNINGS_0000_intro,no,no_answer
FinanceBench::hybrid_pageindex_chunk_rerank_linq_embed_mistral_top_m_10::financebench_id_00605::top_5,FinanceBench,hybrid_pageindex_chunk_rerank_linq_embed_mistral_top_m_10,hybrid_pageindex_chunk_rerank,Linq-AI-Research/Linq-Embed-Mistral,chunk_rerank,10,financebench_id_00605,financebench_id_00605,ULTABEAUTY_2023Q4_EARNINGS,top_5,5,ULTABEAUTY_2023Q4_EARNINGS_0004,ULTABEAUTY_2023Q4_EARNINGS_0000_intro|ULTABEAUTY_2023Q4_EARNINGS_0010|ULTABEAUTY_2023Q4_EARNINGS_0004|ULTABEAUTY_2023Q4_EARNINGS_0009|ULTABEAUTY_2023Q4_EARNINGS_0007,yes,no_answer
FinanceBench::hybrid_pageindex_chunk_rerank_linq_embed_mistral_top_m_10::financebench_id_00606::top_1,FinanceBench,hybrid_pageindex_chunk_rerank_linq_embed_mistral_top_m_10,hybrid_pageindex_chunk_rerank,Linq-AI-Research/Linq-Embed-Mistral,chunk_rerank,10,financebench_id_00606,financebench_id_00606,ULTABEAUTY_2023Q4_EARNINGS,top_1,1,ULTABEAUTY_2023Q4_EARNINGS_0002,ULTABEAUTY_2023Q4_EARNINGS_0010,no,no_answer
FinanceBench::hybrid_pageindex_chunk_rerank_linq_embed_mistral_top_m_10::financebench_id_00606::top_5,FinanceBench,hybrid_pageindex_chunk_rerank_linq_embed_mistral_top_m_10,hybrid_pageindex_chunk_rerank,Linq-AI-Research/Linq-Embed-Mistral,chunk_rerank,10,financebench_id_00606,financebench_id_00606,ULTABEAUTY_2023Q4_EARNINGS,top_5,5,ULTABEAUTY_2023Q4_EARNINGS_0002,ULTABEAUTY_2023Q4_EARNINGS_0010|ULTABEAUTY_2023Q4_EARNINGS_0000_intro|ULTABEAUTY_2023Q4_EARNINGS_0001|ULTABEAUTY_2023Q4_EARNINGS_0002|ULTABEAUTY_2023Q4_EARNINGS_0009,yes,no_answer
FinanceBench::hybrid_pageindex_chunk_rerank_linq_embed_mistral_top_m_10::financebench_id_00746::top_1,FinanceBench,hybrid_pageindex_chunk_rerank_linq_embed_mistral_top_m_10,hybrid_pageindex_chunk_rerank,Linq-AI-Research/Linq-Embed-Mistral,chunk_rerank,10,financebench_id_00746,financebench_id_00746,ULTABEAUTY_2023_10K,top_1,1,ULTABEAUTY_2023_10K_0000,ULTABEAUTY_2023_10K_0027,no,no_answer
FinanceBench::hybrid_pageindex_chunk_rerank_linq_embed_mistral_top_m_10::financebench_id_00746::top_5,FinanceBench,hybrid_pageindex_chunk_rerank_linq_embed_mistral_top_m_10,hybrid_pageindex_chunk_rerank,Linq-AI-Research/Linq-Embed-Mistral,chunk_rerank,10,financebench_id_00746,financebench_id_00746,ULTABEAUTY_2023_10K,top_5,5,ULTABEAUTY_2023_10K_0000,ULTABEAUTY_2023_10K_0027|ULTABEAUTY_2023_10K_0009|ULTABEAUTY_2023_10K_0011|ULTABEAUTY_2023_10K_0029|ULTABEAUTY_2023_10K_0010,no,correct
FinanceBench::hybrid_pageindex_chunk_rerank_linq_embed_mistral_top_m_10::financebench_id_00521::top_1,FinanceBench,hybrid_pageindex_chunk_rerank_linq_embed_mistral_top_m_10,hybrid_pageindex_chunk_rerank,Linq-AI-Research/Linq-Embed-Mistral,chunk_rerank,10,financebench_id_00521,financebench_id_00521,ULTABEAUTY_2023_10K,top_1,1,ULTABEAUTY_2023_10K_0027,ULTABEAUTY_2023_10K_0002,no,no_answer
FinanceBench::hybrid_pageindex_chunk_rerank_linq_embed_mistral_top_m_10::financebench_id_00521::top_5,FinanceBench,hybrid_pageindex_chunk_rerank_linq_embed_mistral_top_m_10,hybrid_pageindex_chunk_rerank,Linq-AI-Research/Linq-Embed-Mistral,chunk_rerank,10,financebench_id_00521,financebench_id_00521,ULTABEAUTY_2023_10K,top_5,5,ULTABEAUTY_2023_10K_0027,ULTABEAUTY_2023_10K_0002|ULTABEAUTY_2023_10K_0001|ULTABEAUTY_2023_10K_0003|ULTABEAUTY_2023_10K_0000|ULTABEAUTY_2023_10K_0011,no,no_answer
FinanceBench::hybrid_pageindex_chunk_rerank_linq_embed_mistral_top_m_10::financebench_id_00859::top_1,FinanceBench,hybrid_pageindex_chunk_rerank_linq_embed_mistral_top_m_10,hybrid_pageindex_chunk_rerank,Linq-AI-Research/Linq-Embed-Mistral,chunk_rerank,10,financebench_id_00859,financebench_id_00859,VERIZON_2021_10K,top_1,1,VERIZON_2021_10K_0098_intro,VERIZON_2021_10K_0012,no,correct
FinanceBench::hybrid_pageindex_chunk_rerank_linq_embed_mistral_top_m_10::financebench_id_00859::top_5,FinanceBench,hybrid_pageindex_chunk_rerank_linq_embed_mistral_top_m_10,hybrid_pageindex_chunk_rerank,Linq-AI-Research/Linq-Embed-Mistral,chunk_rerank,10,financebench_id_00859,financebench_id_00859,VERIZON_2021_10K,top_5,5,VERIZON_2021_10K_0098_intro,VERIZON_2021_10K_0012|VERIZON_2021_10K_0157|VERIZON_2021_10K_0146|VERIZON_2021_10K_0147|VERIZON_2021_10K_0155,no,correct
FinanceBench::hybrid_pageindex_chunk_rerank_linq_embed_mistral_top_m_10::financebench_id_00216::top_1,FinanceBench,hybrid_pageindex_chunk_rerank_linq_embed_mistral_top_m_10,hybrid_pageindex_chunk_rerank,Linq-AI-Research/Linq-Embed-Mistral,chunk_rerank,10,financebench_id_00216,financebench_id_00216,VERIZON_2022_10K,top_1,1,VERIZON_2022_10K_0018,VERIZON_2022_10K_0010,no,no_answer
FinanceBench::hybrid_pageindex_chunk_rerank_linq_embed_mistral_top_m_10::financebench_id_00566::top_1,FinanceBench,hybrid_pageindex_chunk_rerank_linq_embed_mistral_top_m_10,hybrid_pageindex_chunk_rerank,Linq-AI-Research/Linq-Embed-Mistral,chunk_rerank,10,financebench_id_00566,financebench_id_00566,VERIZON_2022_10K,top_1,1,VERIZON_2022_10K_0068_intro,VERIZON_2022_10K_0154,no,no_answer
FinanceBench::hybrid_pageindex_chunk_rerank_linq_embed_mistral_top_m_10::financebench_id_04784::top_5,FinanceBench,hybrid_pageindex_chunk_rerank_linq_embed_mistral_top_m_10,hybrid_pageindex_chunk_rerank,Linq-AI-Research/Linq-Embed-Mistral,chunk_rerank,10,financebench_id_04784,financebench_id_04784,WALMART_2019_10K,top_5,5,WALMART_2019_10K_0013,WALMART_2019_10K_0010|WALMART_2019_10K_0001|WALMART_2019_10K_0000|WALMART_2019_10K_0011|WALMART_2019_10K_0008,no,correct
FinanceBench::bm25::financebench_id_01935::top_1,FinanceBench,bm25,bm25,,standard,,financebench_id_01935,financebench_id_01935,AMCOR_2022_8K_dated-2022-07-01,top_1,1,AMCOR_2022_8K_dated_2022_07_01_0001,AMCOR_2023_10K_0032,no,partially_correct
FinanceBench::bm25::financebench_id_00995::top_1,FinanceBench,bm25,bm25,,standard,,financebench_id_00995,financebench_id_00995,AMD_2022_10K,top_1,1,AMD_2022_10K_0002,AMD_2022_10K_0003,no,correct
FinanceBench::bm25::financebench_id_00995::top_5,FinanceBench,bm25,bm25,,standard,,financebench_id_00995,financebench_id_00995,AMD_2022_10K,top_5,5,AMD_2022_10K_0002,AMD_2022_10K_0003|CVSHEALTH_2022_10K_0032|AMD_2022_10K_0002|AMD_2022_10K_0012|CVSHEALTH_2022_10K_0129,yes,partially_correct
FinanceBench::bm25::financebench_id_01279::top_5,FinanceBench,bm25,bm25,,standard,,financebench_id_01279,financebench_id_01279,AMD_2022_10K,top_5,5,AMD_2022_10K_0014,AMD_2022_10K_0012|PFIZER_2023Q2_10Q_0007|JPMORGAN_2022_10K_0077|CORNING_2022_10K_0088|3M_2023Q2_10Q_0028,no,correct
FinanceBench::bm25::financebench_id_00563::top_1,FinanceBench,bm25,bm25,,standard,,financebench_id_00563,financebench_id_00563,AMD_2022_10K,top_1,1,AMD_2022_10K_0012,AMD_2022_10K_0012,yes,correct
FinanceBench::bm25::financebench_id_00757::top_1,FinanceBench,bm25,bm25,,standard,,financebench_id_00757,financebench_id_00757,AMD_2022_10K,top_1,1,AMD_2022_10K_0003,AMD_2022_10K_0003,yes,correct
FinanceBench::bm25::financebench_id_00757::top_5,FinanceBench,bm25,bm25,,standard,,financebench_id_00757,financebench_id_00757,AMD_2022_10K,top_5,5,AMD_2022_10K_0003,AMD_2022_10K_0003|AMD_2022_10K_0028|AMD_2022_10K_0012|BLOCK_2016_10K_0085|BLOCK_2020_10K_0098,yes,correct
FinanceBench::bm25::financebench_id_05718::top_5,FinanceBench,bm25,bm25,,standard,,financebench_id_05718,financebench_id_05718,AMERICANWATERWORKS_2020_10K,top_5,5,AMERICANWATERWORKS_2020_10K_0025,AMERICANWATERWORKS_2020_10K_0127|AMERICANWATERWORKS_2020_10K_0128|AMERICANEXPRESS_2022_10K_0019|AMERICANWATERWORKS_2020_10K_0125|AMERICANWATERWORKS_2020_10K_0081,no,partially_correct
FinanceBench::bm25::financebench_id_04854::top_5,FinanceBench,bm25,bm25,,standard,,financebench_id_04854,financebench_id_04854,GENERALMILLS_2020_10K,top_5,5,GENERALMILLS_2020_10K_0020,3M_2023Q2_10Q_0028|3M_2022_10K_0017|GENERALMILLS_2020_10K_0010|3M_2018_10K_0020|PEPSICO_2022_10K_0109,no,partially_correct
FinanceBench::bm25::financebench_id_02049::top_5,FinanceBench,bm25,bm25,,standard,,financebench_id_02049,financebench_id_02049,JPMORGAN_2023Q2_10Q,top_5,5,JPMORGAN_2023Q2_10Q_0113,JPMORGAN_2023Q2_10Q_0113|JPMORGAN_2022Q2_10Q_0115|BESTBUY_2024Q2_10Q_0010|JPMORGAN_2021Q1_10Q_0108|JPMORGAN_2022_10K_0183,yes,correct
FinanceBench::bm25::financebench_id_00382::top_1,FinanceBench,bm25,bm25,,standard,,financebench_id_00382,financebench_id_00382,MGMRESORTS_2022Q4_EARNINGS,top_1,1,MGMRESORTS_2022Q4_EARNINGS_0019,MGMRESORTS_2022_10K_0122,no,correct
FinanceBench::bm25::financebench_id_00552::top_1,FinanceBench,bm25,bm25,,standard,,financebench_id_00552,financebench_id_00552,MICROSOFT_2023_10K,top_1,1,MICROSOFT_2023_10K_0014,MICROSOFT_2023_10K_0012,no,correct
FinanceBench::bm25::financebench_id_00552::top_5,FinanceBench,bm25,bm25,,standard,,financebench_id_00552,financebench_id_00552,MICROSOFT_2023_10K,top_5,5,MICROSOFT_2023_10K_0014,MICROSOFT_2023_10K_0012|MICROSOFT_2016_10K_0052|MICROSOFT_2023_10K_0028|CORNING_2022_10K_0087|MICROSOFT_2016_10K_0012,no,correct
FinanceBench::bm25::financebench_id_00566::top_5,FinanceBench,bm25,bm25,,standard,,financebench_id_00566,financebench_id_00566,VERIZON_2022_10K,top_5,5,VERIZON_2022_10K_0068_intro,VERIZON_2021_10K_0059|VERIZON_2022_10K_0011|VERIZON_2022_10K_0154|VERIZON_2021_10K_0011|JOHNSON_JOHNSON_2022_10K_0050,no,correct
FinanceBench::dense_harrier_oss_v1_0_6b::financebench_id_04672::top_1,FinanceBench,dense_harrier_oss_v1_0_6b,dense,microsoft/harrier-oss-v1-0.6b,standard,,financebench_id_04672,financebench_id_04672,3M_2018_10K,top_1,1,3M_2018_10K_0029,3M_2018_10K_0029,yes,partially_correct
FinanceBench::dense_harrier_oss_v1_0_6b::financebench_id_04672::top_5,FinanceBench,dense_harrier_oss_v1_0_6b,dense,microsoft/harrier-oss-v1-0.6b,standard,,financebench_id_04672,financebench_id_04672,3M_2018_10K,top_5,5,3M_2018_10K_0029,3M_2018_10K_0029|3M_2018_10K_0012|3M_2023Q2_10Q_0003|3M_2023Q2_10Q_0006|3M_2018_10K_0030,yes,partially_correct
FinanceBench::dense_harrier_oss_v1_0_6b::financebench_id_01936::top_5,FinanceBench,dense_harrier_oss_v1_0_6b,dense,microsoft/harrier-oss-v1-0.6b,standard,,financebench_id_01936,financebench_id_01936,AMCOR_2023Q2_10Q,top_5,5,AMCOR_2023Q2_10Q_0011,AMCOR_2023_10K_0010|AMCOR_2023Q2_10Q_0011|AMCOR_2023Q4_EARNINGS_0011|JOHNSON_JOHNSON_2023Q2_EARNINGS_0003_intro|AMCOR_2023_10K_0034,yes,correct
FinanceBench::dense_harrier_oss_v1_0_6b::financebench_id_01930::top_5,FinanceBench,dense_harrier_oss_v1_0_6b,dense,microsoft/harrier-oss-v1-0.6b,standard,,financebench_id_01930,financebench_id_01930,AMCOR_2023Q4_EARNINGS,top_5,5,AMCOR_2023Q4_EARNINGS_0017,JOHNSON_JOHNSON_2022Q4_EARNINGS_0003_intro|AMCOR_2023Q4_EARNINGS_0005|JOHNSON_JOHNSON_2023Q2_EARNINGS_0003_intro|AMCOR_2023Q4_EARNINGS_0004|AMCOR_2023_10K_0010,no,partially_correct
FinanceBench::dense_harrier_oss_v1_0_6b::financebench_id_00995::top_1,FinanceBench,dense_harrier_oss_v1_0_6b,dense,microsoft/harrier-oss-v1-0.6b,standard,,financebench_id_00995,financebench_id_00995,AMD_2022_10K,top_1,1,AMD_2022_10K_0002,AMD_2022_10K_0003,no,correct
FinanceBench::dense_harrier_oss_v1_0_6b::financebench_id_00995::top_5,FinanceBench,dense_harrier_oss_v1_0_6b,dense,microsoft/harrier-oss-v1-0.6b,standard,,financebench_id_00995,financebench_id_00995,AMD_2022_10K,top_5,5,AMD_2022_10K_0002,AMD_2022_10K_0003|AMD_2022_10K_0012|AMD_2022_10K_0002|AMD_2022_10K_0014|AMD_2022_10K_0025,yes,correct
FinanceBench::dense_harrier_oss_v1_0_6b::financebench_id_01198::top_1,FinanceBench,dense_harrier_oss_v1_0_6b,dense,microsoft/harrier-oss-v1-0.6b,standard,,financebench_id_01198,financebench_id_01198,AMD_2022_10K,top_1,1,AMD_2022_10K_0012,AMD_2022_10K_0012,yes,correct
FinanceBench::dense_harrier_oss_v1_0_6b::financebench_id_01198::top_5,FinanceBench,dense_harrier_oss_v1_0_6b,dense,microsoft/harrier-oss-v1-0.6b,standard,,financebench_id_01198,financebench_id_01198,AMD_2022_10K,top_5,5,AMD_2022_10K_0012,AMD_2022_10K_0012|AMD_2022_10K_0003|AMD_2022_10K_0014|JOHNSON_JOHNSON_2022Q4_EARNINGS_0003_intro|AMD_2022_10K_0002,yes,correct
FinanceBench::dense_harrier_oss_v1_0_6b::financebench_id_01279::top_1,FinanceBench,dense_harrier_oss_v1_0_6b,dense,microsoft/harrier-oss-v1-0.6b,standard,,financebench_id_01279,financebench_id_01279,AMD_2022_10K,top_1,1,AMD_2022_10K_0014,AMD_2022_10K_0012,no,correct
FinanceBench::dense_harrier_oss_v1_0_6b::financebench_id_01279::top_5,FinanceBench,dense_harrier_oss_v1_0_6b,dense,microsoft/harrier-oss-v1-0.6b,standard,,financebench_id_01279,financebench_id_01279,AMD_2022_10K,top_5,5,AMD_2022_10K_0014,AMD_2022_10K_0012|CORNING_2022_10K_0088|PEPSICO_2022_10K_0106|AMD_2022_10K_0014|JOHNSON_JOHNSON_2022Q4_EARNINGS_0003_intro,yes,correct
FinanceBench::dense_harrier_oss_v1_0_6b::financebench_id_00757::top_5,FinanceBench,dense_harrier_oss_v1_0_6b,dense,microsoft/harrier-oss-v1-0.6b,standard,,financebench_id_00757,financebench_id_00757,AMD_2022_10K,top_5,5,AMD_2022_10K_0003,AMD_2022_10K_0012|AMD_2022_10K_0003|NIKE_2023_10K_0007|AMD_2022_10K_0002|AMD_2022_10K_0014,yes,correct
FinanceBench::dense_harrier_oss_v1_0_6b::financebench_id_01028::top_5,FinanceBench,dense_harrier_oss_v1_0_6b,dense,microsoft/harrier-oss-v1-0.6b,standard,,financebench_id_01028,financebench_id_01028,AMERICANEXPRESS_2022_10K,top_5,5,AMERICANEXPRESS_2022_10K_0116,AMERICANEXPRESS_2022_10K_0003|AMERICANEXPRESS_2022_10K_0009|AMERICANEXPRESS_2022_10K_0113|AMERICANEXPRESS_2022_10K_0016|AMERICANEXPRESS_2022_10K_0115,no,partially_correct
FinanceBench::dense_harrier_oss_v1_0_6b::financebench_id_05718::top_1,FinanceBench,dense_harrier_oss_v1_0_6b,dense,microsoft/harrier-oss-v1-0.6b,standard,,financebench_id_05718,financebench_id_05718,AMERICANWATERWORKS_2020_10K,top_1,1,AMERICANWATERWORKS_2020_10K_0025,AMERICANWATERWORKS_2020_10K_0025,yes,partially_correct
FinanceBench::dense_harrier_oss_v1_0_6b::financebench_id_05718::top_5,FinanceBench,dense_harrier_oss_v1_0_6b,dense,microsoft/harrier-oss-v1-0.6b,standard,,financebench_id_05718,financebench_id_05718,AMERICANWATERWORKS_2020_10K,top_5,5,AMERICANWATERWORKS_2020_10K_0025,AMERICANWATERWORKS_2020_10K_0025|AMERICANWATERWORKS_2020_10K_0081|AMERICANWATERWORKS_2020_10K_0023|LOCKHEEDMARTIN_2022_10K_0082|AMERICANWATERWORKS_2020_10K_0022,yes,partially_correct
FinanceBench::dense_harrier_oss_v1_0_6b::financebench_id_01244::top_1,FinanceBench,dense_harrier_oss_v1_0_6b,dense,microsoft/harrier-oss-v1-0.6b,standard,,financebench_id_01244,financebench_id_01244,CVSHEALTH_2022_10K,top_1,1,CVSHEALTH_2022_10K_0119,CVSHEALTH_2022_10K_0236,no,correct
FinanceBench::dense_harrier_oss_v1_0_6b::financebench_id_01484::top_5,FinanceBench,dense_harrier_oss_v1_0_6b,dense,microsoft/harrier-oss-v1-0.6b,standard,,financebench_id_01484,financebench_id_01484,JOHNSON_JOHNSON_2022Q4_EARNINGS,top_5,5,JOHNSON_JOHNSON_2022Q4_EARNINGS_0001,JOHNSON_JOHNSON_2023_8K_dated_2023_08_30_0013_intro|JOHNSON_JOHNSON_2022Q4_EARNINGS_0003_intro|JOHNSON_JOHNSON_2023_8K_dated_2023_08_30_0015|JOHNSON_JOHNSON_2023_8K_dated_2023_08_30_0014|JOHNSON_JOHNSON_2023_8K_dated_2023_08_30_0020,no,partially_correct
FinanceBench::dense_harrier_oss_v1_0_6b::financebench_id_00382::top_5,FinanceBench,dense_harrier_oss_v1_0_6b,dense,microsoft/harrier-oss-v1-0.6b,standard,,financebench_id_00382,financebench_id_00382,MGMRESORTS_2022Q4_EARNINGS,top_5,5,MGMRESORTS_2022Q4_EARNINGS_0019,MGMRESORTS_2022Q4_EARNINGS_0000_intro|MGMRESORTS_2022_10K_0121|MGMRESORTS_2022Q4_EARNINGS_0011|MGMRESORTS_2023Q2_10Q_0010|MGMRESORTS_2022_10K_0011,no,correct
FinanceBench::dense_harrier_oss_v1_0_6b::financebench_id_01254::top_5,FinanceBench,dense_harrier_oss_v1_0_6b,dense,microsoft/harrier-oss-v1-0.6b,standard,,financebench_id_01254,financebench_id_01254,MGMRESORTS_2022_10K,top_5,5,MGMRESORTS_2022_10K_0008,MGMRESORTS_2022Q4_EARNINGS_0000_intro|MGMRESORTS_2023Q2_10Q_0010|MGMRESORTS_2022_10K_0009|MGMRESORTS_2022Q4_EARNINGS_0019|MGMRESORTS_2018_10K_0097,no,correct
FinanceBench::dense_harrier_oss_v1_0_6b::financebench_id_00552::top_1,FinanceBench,dense_harrier_oss_v1_0_6b,dense,microsoft/harrier-oss-v1-0.6b,standard,,financebench_id_00552,financebench_id_00552,MICROSOFT_2023_10K,top_1,1,MICROSOFT_2023_10K_0014,MICROSOFT_2023_10K_0014,yes,correct
FinanceBench::dense_harrier_oss_v1_0_6b::financebench_id_03282::top_5,FinanceBench,dense_harrier_oss_v1_0_6b,dense,microsoft/harrier-oss-v1-0.6b,standard,,financebench_id_03282,financebench_id_03282,NETFLIX_2017_10K,top_5,5,NETFLIX_2017_10K_0024,NETFLIX_2017_10K_0011|NETFLIX_2017_10K_0024|NETFLIX_2017_10K_0010|PFIZER_2021_10K_0112|PEPSICO_2021_10K_0113,yes,partially_correct
FinanceBench::dense_harrier_oss_v1_0_6b::financebench_id_01163::top_1,FinanceBench,dense_harrier_oss_v1_0_6b,dense,microsoft/harrier-oss-v1-0.6b,standard,,financebench_id_01163,financebench_id_01163,NIKE_2023_10K,top_1,1,NIKE_2023_10K_0026,NIKE_2023_10K_0024,no,correct
FinanceBench::dense_harrier_oss_v1_0_6b::financebench_id_00882::top_1,FinanceBench,dense_harrier_oss_v1_0_6b,dense,microsoft/harrier-oss-v1-0.6b,standard,,financebench_id_00882,financebench_id_00882,PEPSICO_2023_8K_dated-2023-05-30,top_1,1,PEPSICO_2023_8K_dated_2023_05_30_0001,PEPSICO_2023_8K_dated_2023_05_30_0001,yes,correct
FinanceBench::dense_harrier_oss_v1_0_6b::financebench_id_00603::top_1,FinanceBench,dense_harrier_oss_v1_0_6b,dense,microsoft/harrier-oss-v1-0.6b,standard,,financebench_id_00603,financebench_id_00603,ULTABEAUTY_2023Q4_EARNINGS,top_1,1,ULTABEAUTY_2023Q4_EARNINGS_0003,ULTABEAUTY_2023_10K_0013,no,incorrect
FinanceBench::dense_linq_embed_mistral::financebench_id_04672::top_1,FinanceBench,dense_linq_embed_mistral,dense,Linq-AI-Research/Linq-Embed-Mistral,standard,,financebench_id_04672,financebench_id_04672,3M_2018_10K,top_1,1,3M_2018_10K_0029,3M_2018_10K_0029,yes,partially_correct
FinanceBench::dense_linq_embed_mistral::financebench_id_04672::top_5,FinanceBench,dense_linq_embed_mistral,dense,Linq-AI-Research/Linq-Embed-Mistral,standard,,financebench_id_04672,financebench_id_04672,3M_2018_10K,top_5,5,3M_2018_10K_0029,3M_2018_10K_0029|3M_2023Q2_10Q_0006|3M_2018_10K_0031|3M_2018_10K_0053|3M_2022_10K_0026,yes,partially_correct
FinanceBench::dense_linq_embed_mistral::financebench_id_01858::top_1,FinanceBench,dense_linq_embed_mistral,dense,Linq-AI-Research/Linq-Embed-Mistral,standard,,financebench_id_01858,financebench_id_01858,3M_2023Q2_10Q,top_1,1,3M_2023Q2_10Q_0025,CORNING_2022_10K_0095,no,partially_correct
FinanceBench::dense_linq_embed_mistral::financebench_id_01935::top_5,FinanceBench,dense_linq_embed_mistral,dense,Linq-AI-Research/Linq-Embed-Mistral,standard,,financebench_id_01935,financebench_id_01935,AMCOR_2022_8K_dated-2022-07-01,top_5,5,AMCOR_2022_8K_dated_2022_07_01_0001,AMCOR_2022_8K_dated_2022_07_01_0003|AMCOR_2022_8K_dated_2022_07_01_0000|AMCOR_2020_10K_0121_intro|AMCOR_2022_8K_dated_2022_07_01_0001|AMCOR_2023Q4_EARNINGS_0012,yes,correct
FinanceBench::dense_linq_embed_mistral::financebench_id_00995::top_1,FinanceBench,dense_linq_embed_mistral,dense,Linq-AI-Research/Linq-Embed-Mistral,standard,,financebench_id_00995,financebench_id_00995,AMD_2022_10K,top_1,1,AMD_2022_10K_0002,AMD_2022_10K_0002,yes,correct
FinanceBench::dense_linq_embed_mistral::financebench_id_00995::top_5,FinanceBench,dense_linq_embed_mistral,dense,Linq-AI-Research/Linq-Embed-Mistral,standard,,financebench_id_00995,financebench_id_00995,AMD_2022_10K,top_5,5,AMD_2022_10K_0002,AMD_2022_10K_0002|AMD_2022_10K_0003|AMD_2022_10K_0025|AMD_2022_10K_0014|AMD_2022_10K_0010,yes,correct
FinanceBench::dense_linq_embed_mistral::financebench_id_01028::top_5,FinanceBench,dense_linq_embed_mistral,dense,Linq-AI-Research/Linq-Embed-Mistral,standard,,financebench_id_01028,financebench_id_01028,AMERICANEXPRESS_2022_10K,top_5,5,AMERICANEXPRESS_2022_10K_0116,AMERICANEXPRESS_2022_10K_0009|AMERICANEXPRESS_2022_10K_0015|AMERICANEXPRESS_2022_10K_0016|AMERICANEXPRESS_2022_10K_0113|AMERICANEXPRESS_2022_10K_0115,no,incorrect
FinanceBench::dense_linq_embed_mistral::financebench_id_05718::top_1,FinanceBench,dense_linq_embed_mistral,dense,Linq-AI-Research/Linq-Embed-Mistral,standard,,financebench_id_05718,financebench_id_05718,AMERICANWATERWORKS_2020_10K,top_1,1,AMERICANWATERWORKS_2020_10K_0025,AMERICANWATERWORKS_2020_10K_0025,yes,partially_correct
FinanceBench::dense_linq_embed_mistral::financebench_id_05718::top_5,FinanceBench,dense_linq_embed_mistral,dense,Linq-AI-Research/Linq-Embed-Mistral,standard,,financebench_id_05718,financebench_id_05718,AMERICANWATERWORKS_2020_10K,top_5,5,AMERICANWATERWORKS_2020_10K_0025,AMERICANWATERWORKS_2020_10K_0025|AMERICANWATERWORKS_2020_10K_0081|AMERICANWATERWORKS_2020_10K_0023|AMERICANWATERWORKS_2020_10K_0026|AMERICANWATERWORKS_2020_10K_0024,yes,partially_correct
FinanceBench::dense_linq_embed_mistral::financebench_id_04854::top_1,FinanceBench,dense_linq_embed_mistral,dense,Linq-AI-Research/Linq-Embed-Mistral,standard,,financebench_id_04854,financebench_id_04854,GENERALMILLS_2020_10K,top_1,1,GENERALMILLS_2020_10K_0020,GENERALMILLS_2020_10K_0020,yes,correct
FinanceBench::dense_linq_embed_mistral::financebench_id_01484::top_1,FinanceBench,dense_linq_embed_mistral,dense,Linq-AI-Research/Linq-Embed-Mistral,standard,,financebench_id_01484,financebench_id_01484,JOHNSON_JOHNSON_2022Q4_EARNINGS,top_1,1,JOHNSON_JOHNSON_2022Q4_EARNINGS_0001,JOHNSON_JOHNSON_2023_8K_dated_2023_08_30_0015,no,partially_correct
FinanceBench::dense_linq_embed_mistral::financebench_id_00206::top_1,FinanceBench,dense_linq_embed_mistral,dense,Linq-AI-Research/Linq-Embed-Mistral,standard,,financebench_id_00206,financebench_id_00206,JPMORGAN_2022_10K,top_1,1,JPMORGAN_2022_10K_0002,JPMORGAN_2021Q1_10Q_0129,no,correct
FinanceBench::dense_linq_embed_mistral::financebench_id_04171::top_5,FinanceBench,dense_linq_embed_mistral,dense,Linq-AI-Research/Linq-Embed-Mistral,standard,,financebench_id_04171,financebench_id_04171,MGMRESORTS_2018_10K,top_5,5,MGMRESORTS_2018_10K_0013,MGMRESORTS_2023Q2_10Q_0001|MGMRESORTS_2018_10K_0013|MGMRESORTS_2018_10K_0121|MGMRESORTS_2018_10K_0113|MGMRESORTS_2018_10K_0120,yes,partially_correct
FinanceBench::dense_linq_embed_mistral::financebench_id_00882::top_5,FinanceBench,dense_linq_embed_mistral,dense,Linq-AI-Research/Linq-Embed-Mistral,standard,,financebench_id_00882,financebench_id_00882,PEPSICO_2023_8K_dated-2023-05-30,top_5,5,PEPSICO_2023_8K_dated_2023_05_30_0001,PEPSICO_2023_8K_dated_2023_05_30_0001|PEPSICO_2023_8K_dated_2023_05_30_0002|LOCKHEEDMARTIN_2022_10K_0068|PEPSICO_2023_8K_dated_2023_05_30_0004|LOCKHEEDMARTIN_2021_10K_0080,yes,correct
FinanceBench::pageindex_combined_query_results_clean::financebench_id_04672::top_1,FinanceBench,pageindex_combined_query_results_clean,pageindex_llm,gpt-5,standard,,financebench_id_04672,financebench_id_04672,3M_2018_10K,top_1,1,3M_2018_10K_0029,3M_2018_10K_0030,no,correct
FinanceBench::pageindex_combined_query_results_clean::financebench_id_04672::top_5,FinanceBench,pageindex_combined_query_results_clean,pageindex_llm,gpt-5,standard,,financebench_id_04672,financebench_id_04672,3M_2018_10K,top_5,5,3M_2018_10K_0029,3M_2018_10K_0030|3M_2018_10K_0029|3M_2018_10K_0040|3M_2018_10K_0052|3M_2018_10K_0039,yes,partially_correct
FinanceBench::pageindex_combined_query_results_clean::financebench_id_01935::top_1,FinanceBench,pageindex_combined_query_results_clean,pageindex_llm,gpt-5,standard,,financebench_id_01935,financebench_id_01935,AMCOR_2022_8K_dated-2022-07-01,top_1,1,AMCOR_2022_8K_dated_2022_07_01_0001,AMCOR_2022_8K_dated_2022_07_01_0001,yes,correct
FinanceBench::pageindex_combined_query_results_clean::financebench_id_01935::top_5,FinanceBench,pageindex_combined_query_results_clean,pageindex_llm,gpt-5,standard,,financebench_id_01935,financebench_id_01935,AMCOR_2022_8K_dated-2022-07-01,top_5,5,AMCOR_2022_8K_dated_2022_07_01_0001,AMCOR_2022_8K_dated_2022_07_01_0001|AMCOR_2022_8K_dated_2022_07_01_0002|AMCOR_2022_8K_dated_2022_07_01_0005|AMCOR_2022_8K_dated_2022_07_01_0017|AMCOR_2022_8K_dated_2022_07_01_0006,yes,correct
FinanceBench::pageindex_combined_query_results_clean::financebench_id_01936::top_1,FinanceBench,pageindex_combined_query_results_clean,pageindex_llm,gpt-5,standard,,financebench_id_01936,financebench_id_01936,AMCOR_2023Q2_10Q,top_1,1,AMCOR_2023Q2_10Q_0011,AMCOR_2023Q2_10Q_0011,yes,correct
FinanceBench::pageindex_combined_query_results_clean::financebench_id_00995::top_1,FinanceBench,pageindex_combined_query_results_clean,pageindex_llm,gpt-5,standard,,financebench_id_00995,financebench_id_00995,AMD_2022_10K,top_1,1,AMD_2022_10K_0002,AMD_2022_10K_0003,no,correct
FinanceBench::pageindex_combined_query_results_clean::financebench_id_00995::top_5,FinanceBench,pageindex_combined_query_results_clean,pageindex_llm,gpt-5,standard,,financebench_id_00995,financebench_id_00995,AMD_2022_10K,top_5,5,AMD_2022_10K_0002,AMD_2022_10K_0003|AMD_2022_10K_0002|AMD_2022_10K_0014|AMD_2022_10K_0001|AMD_2022_10K_0012,yes,partially_correct
FinanceBench::pageindex_combined_query_results_clean::financebench_id_01198::top_1,FinanceBench,pageindex_combined_query_results_clean,pageindex_llm,gpt-5,standard,,financebench_id_01198,financebench_id_01198,AMD_2022_10K,top_1,1,AMD_2022_10K_0012,AMD_2022_10K_0012,yes,correct
FinanceBench::pageindex_combined_query_results_clean::financebench_id_01198::top_5,FinanceBench,pageindex_combined_query_results_clean,pageindex_llm,gpt-5,standard,,financebench_id_01198,financebench_id_01198,AMD_2022_10K,top_5,5,AMD_2022_10K_0012,AMD_2022_10K_0012|AMD_2022_10K_0014|AMD_2022_10K_0011|AMD_2022_10K_0013,yes,correct
FinanceBench::pageindex_combined_query_results_clean::financebench_id_01279::top_1,FinanceBench,pageindex_combined_query_results_clean,pageindex_llm,gpt-5,standard,,financebench_id_01279,financebench_id_01279,AMD_2022_10K,top_1,1,AMD_2022_10K_0014,AMD_2022_10K_0012,no,correct
FinanceBench::pageindex_combined_query_results_clean::financebench_id_01279::top_5,FinanceBench,pageindex_combined_query_results_clean,pageindex_llm,gpt-5,standard,,financebench_id_01279,financebench_id_01279,AMD_2022_10K,top_5,5,AMD_2022_10K_0014,AMD_2022_10K_0014|AMD_2022_10K_0012|AMD_2022_10K_0013|AMD_2022_10K_0011,yes,correct
FinanceBench::pageindex_combined_query_results_clean::financebench_id_00757::top_5,FinanceBench,pageindex_combined_query_results_clean,pageindex_llm,gpt-5,standard,,financebench_id_00757,financebench_id_00757,AMD_2022_10K,top_5,5,AMD_2022_10K_0003,AMD_2022_10K_0014|AMD_2022_10K_0003|AMD_2022_10K_0004|AMD_2022_10K_0002|AMD_2022_10K_0013,yes,correct
FinanceBench::pageindex_combined_query_results_clean::financebench_id_05718::top_1,FinanceBench,pageindex_combined_query_results_clean,pageindex_llm,gpt-5,standard,,financebench_id_05718,financebench_id_05718,AMERICANWATERWORKS_2020_10K,top_1,1,AMERICANWATERWORKS_2020_10K_0025,AMERICANWATERWORKS_2020_10K_0025,yes,partially_correct
FinanceBench::pageindex_combined_query_results_clean::financebench_id_05718::top_5,FinanceBench,pageindex_combined_query_results_clean,pageindex_llm,gpt-5,standard,,financebench_id_05718,financebench_id_05718,AMERICANWATERWORKS_2020_10K,top_5,5,AMERICANWATERWORKS_2020_10K_0025,AMERICANWATERWORKS_2020_10K_0025|AMERICANWATERWORKS_2020_10K_0012|AMERICANWATERWORKS_2020_10K_0024|AMERICANWATERWORKS_2020_10K_0011|AMERICANWATERWORKS_2020_10K_0013,yes,partially_correct
FinanceBench::pageindex_combined_query_results_clean::financebench_id_01077::top_1,FinanceBench,pageindex_combined_query_results_clean,pageindex_llm,gpt-5,standard,,financebench_id_01077,financebench_id_01077,BESTBUY_2023_10K,top_1,1,BESTBUY_2023_10K_0014,BESTBUY_2023_10K_0014,yes,partially_correct
FinanceBench::pageindex_combined_query_results_clean::financebench_id_01077::top_5,FinanceBench,pageindex_combined_query_results_clean,pageindex_llm,gpt-5,standard,,financebench_id_01077,financebench_id_01077,BESTBUY_2023_10K,top_5,5,BESTBUY_2023_10K_0014,BESTBUY_2023_10K_0014|BESTBUY_2023_10K_0012|BESTBUY_2023_10K_0002|BESTBUY_2023_10K_0001|BESTBUY_2023_10K_0011,yes,correct
FinanceBench::pageindex_combined_query_results_clean::financebench_id_00005::top_5,FinanceBench,pageindex_combined_query_results_clean,pageindex_llm,gpt-5,standard,,financebench_id_00005,financebench_id_00005,CORNING_2022_10K,top_5,5,CORNING_2022_10K_0130,CORNING_2022_10K_0087|CORNING_2022_10K_0092|CORNING_2022_10K_0086_intro|CORNING_2022_10K_0057,no,partially_correct
FinanceBench::pageindex_combined_query_results_clean::financebench_id_04854::top_1,FinanceBench,pageindex_combined_query_results_clean,pageindex_llm,gpt-5,standard,,financebench_id_04854,financebench_id_04854,GENERALMILLS_2020_10K,top_1,1,GENERALMILLS_2020_10K_0020,GENERALMILLS_2020_10K_0020,yes,correct
FinanceBench::pageindex_combined_query_results_clean::financebench_id_04171::top_1,FinanceBench,pageindex_combined_query_results_clean,pageindex_llm,gpt-5,standard,,financebench_id_04171,financebench_id_04171,MGMRESORTS_2018_10K,top_1,1,MGMRESORTS_2018_10K_0013,MGMRESORTS_2018_10K_0013,yes,partially_correct
FinanceBench::pageindex_combined_query_results_clean::financebench_id_04171::top_5,FinanceBench,pageindex_combined_query_results_clean,pageindex_llm,gpt-5,standard,,financebench_id_04171,financebench_id_04171,MGMRESORTS_2018_10K,top_5,5,MGMRESORTS_2018_10K_0013,MGMRESORTS_2018_10K_0013|MGMRESORTS_2018_10K_0014,yes,incorrect
FinanceBench::pageindex_combined_query_results_clean::financebench_id_00382::top_5,FinanceBench,pageindex_combined_query_results_clean,pageindex_llm,gpt-5,standard,,financebench_id_00382,financebench_id_00382,MGMRESORTS_2022Q4_EARNINGS,top_5,5,MGMRESORTS_2022Q4_EARNINGS_0019,MGMRESORTS_2022_10K_0122|MGMRESORTS_2022_10K_0011|MGMRESORTS_2022_10K_0119|MGMRESORTS_2022_10K_0120|MGMRESORTS_2022_10K_0010,no,correct
FinanceBench::pageindex_combined_query_results_clean::financebench_id_00552::top_1,FinanceBench,pageindex_combined_query_results_clean,pageindex_llm,gpt-5,standard,,financebench_id_00552,financebench_id_00552,MICROSOFT_2023_10K,top_1,1,MICROSOFT_2023_10K_0014,MICROSOFT_2023_10K_0014,yes,correct
FinanceBench::pageindex_combined_query_results_clean::financebench_id_00552::top_5,FinanceBench,pageindex_combined_query_results_clean,pageindex_llm,gpt-5,standard,,financebench_id_00552,financebench_id_00552,MICROSOFT_2023_10K,top_5,5,MICROSOFT_2023_10K_0014,MICROSOFT_2023_10K_0014|MICROSOFT_2023_10K_0012|MICROSOFT_2023_10K_0013,yes,correct
FinanceBench::pageindex_combined_query_results_clean::financebench_id_03282::top_1,FinanceBench,pageindex_combined_query_results_clean,pageindex_llm,gpt-5,standard,,financebench_id_03282,financebench_id_03282,NETFLIX_2017_10K,top_1,1,NETFLIX_2017_10K_0024,NETFLIX_2017_10K_0024,yes,partially_correct
FinanceBench::pageindex_combined_query_results_clean::financebench_id_03282::top_5,FinanceBench,pageindex_combined_query_results_clean,pageindex_llm,gpt-5,standard,,financebench_id_03282,financebench_id_03282,NETFLIX_2017_10K,top_5,5,NETFLIX_2017_10K_0024,NETFLIX_2017_10K_0024|NETFLIX_2017_10K_0013,yes,partially_correct
FinanceBench::pageindex_combined_query_results_clean::financebench_id_01163::top_1,FinanceBench,pageindex_combined_query_results_clean,pageindex_llm,gpt-5,standard,,financebench_id_01163,financebench_id_01163,NIKE_2023_10K,top_1,1,NIKE_2023_10K_0026,NIKE_2023_10K_0026,yes,correct
FinanceBench::pageindex_combined_query_results_clean::financebench_id_01163::top_5,FinanceBench,pageindex_combined_query_results_clean,pageindex_llm,gpt-5,standard,,financebench_id_01163,financebench_id_01163,NIKE_2023_10K,top_5,5,NIKE_2023_10K_0026,NIKE_2023_10K_0026|NIKE_2023_10K_0024,yes,correct
FinanceBench::pageindex_combined_query_results_clean::financebench_id_00080::top_1,FinanceBench,pageindex_combined_query_results_clean,pageindex_llm,gpt-5,standard,,financebench_id_00080,financebench_id_00080,PAYPAL_2022_10K,top_1,1,PAYPAL_2022_10K_0034,PAYPAL_2022_10K_0034,yes,partially_correct
FinanceBench::hybrid_pageindex_harrier_oss_v1_0_6b_top_m_10::financebench_id_04672::top_1,FinanceBench,hybrid_pageindex_harrier_oss_v1_0_6b_top_m_10,hybrid_pageindex,microsoft/harrier-oss-v1-0.6b,node,10,financebench_id_04672,financebench_id_04672,3M_2018_10K,top_1,1,3M_2018_10K_0029,3M_2018_10K_0030,no,partially_correct
FinanceBench::hybrid_pageindex_harrier_oss_v1_0_6b_top_m_10::financebench_id_04672::top_5,FinanceBench,hybrid_pageindex_harrier_oss_v1_0_6b_top_m_10,hybrid_pageindex,microsoft/harrier-oss-v1-0.6b,node,10,financebench_id_04672,financebench_id_04672,3M_2018_10K,top_5,5,3M_2018_10K_0029,3M_2018_10K_0030|3M_2018_10K_0053|3M_2018_10K_0040|3M_2018_10K_0029|3M_2018_10K_0011,yes,partially_correct
FinanceBench::hybrid_pageindex_harrier_oss_v1_0_6b_top_m_10::financebench_id_01858::top_1,FinanceBench,hybrid_pageindex_harrier_oss_v1_0_6b_top_m_10,hybrid_pageindex,microsoft/harrier-oss-v1-0.6b,node,10,financebench_id_01858,financebench_id_01858,3M_2023Q2_10Q,top_1,1,3M_2023Q2_10Q_0025,3M_2018_10K_0014,no,partially_correct
FinanceBench::hybrid_pageindex_harrier_oss_v1_0_6b_top_m_10::financebench_id_01858::top_5,FinanceBench,hybrid_pageindex_harrier_oss_v1_0_6b_top_m_10,hybrid_pageindex,microsoft/harrier-oss-v1-0.6b,node,10,financebench_id_01858,financebench_id_01858,3M_2023Q2_10Q,top_5,5,3M_2023Q2_10Q_0025,3M_2018_10K_0014|3M_2018_10K_0011|3M_2018_10K_0019|3M_2018_10K_0000|3M_2018_10K_0003,no,partially_correct
FinanceBench::hybrid_pageindex_harrier_oss_v1_0_6b_top_m_10::financebench_id_00995::top_5,FinanceBench,hybrid_pageindex_harrier_oss_v1_0_6b_top_m_10,hybrid_pageindex,microsoft/harrier-oss-v1-0.6b,node,10,financebench_id_00995,financebench_id_00995,AMD_2022_10K,top_5,5,AMD_2022_10K_0002,AMD_2022_10K_0011|AMD_2022_10K_0003|AMD_2022_10K_0012|AMD_2022_10K_0014|AMD_2022_10K_0001,no,correct
FinanceBench::hybrid_pageindex_harrier_oss_v1_0_6b_top_m_10::financebench_id_01279::top_1,FinanceBench,hybrid_pageindex_harrier_oss_v1_0_6b_top_m_10,hybrid_pageindex,microsoft/harrier-oss-v1-0.6b,node,10,financebench_id_01279,financebench_id_01279,AMD_2022_10K,top_1,1,AMD_2022_10K_0014,AMD_2022_10K_0012,no,correct
FinanceBench::hybrid_pageindex_harrier_oss_v1_0_6b_top_m_10::financebench_id_01028::top_5,FinanceBench,hybrid_pageindex_harrier_oss_v1_0_6b_top_m_10,hybrid_pageindex,microsoft/harrier-oss-v1-0.6b,node,10,financebench_id_01028,financebench_id_01028,AMERICANEXPRESS_2022_10K,top_5,5,AMERICANEXPRESS_2022_10K_0116,AMERICANEXPRESS_2022_10K_0003|AMERICANEXPRESS_2022_10K_0011|AMERICANEXPRESS_2022_10K_0002|AMERICANEXPRESS_2022_10K_0000|AMERICANEXPRESS_2022_10K_0009,no,incorrect
FinanceBench::hybrid_pageindex_harrier_oss_v1_0_6b_top_m_10::financebench_id_05718::top_5,FinanceBench,hybrid_pageindex_harrier_oss_v1_0_6b_top_m_10,hybrid_pageindex,microsoft/harrier-oss-v1-0.6b,node,10,financebench_id_05718,financebench_id_05718,AMERICANWATERWORKS_2020_10K,top_5,5,AMERICANWATERWORKS_2020_10K_0025,AMERICANWATERWORKS_2020_10K_0011|AMERICANWATERWORKS_2020_10K_0009|AMERICANWATERWORKS_2020_10K_0001|AMERICANWATERWORKS_2020_10K_0000|AMERICANWATERWORKS_2020_10K_0012,no,partially_correct
FinanceBench::hybrid_pageindex_harrier_oss_v1_0_6b_top_m_10::financebench_id_00005::top_5,FinanceBench,hybrid_pageindex_harrier_oss_v1_0_6b_top_m_10,hybrid_pageindex,microsoft/harrier-oss-v1-0.6b,node,10,financebench_id_00005,financebench_id_00005,CORNING_2022_10K,top_5,5,CORNING_2022_10K_0130,CORNING_2022_10K_0089|CORNING_2022_10K_0060|CORNING_2022_10K_0087|CORNING_2022_10K_0159|CORNING_2022_10K_0061,no,partially_correct
FinanceBench::hybrid_pageindex_harrier_oss_v1_0_6b_top_m_10::financebench_id_04171::top_5,FinanceBench,hybrid_pageindex_harrier_oss_v1_0_6b_top_m_10,hybrid_pageindex,microsoft/harrier-oss-v1-0.6b,node,10,financebench_id_04171,financebench_id_04171,MGMRESORTS_2018_10K,top_5,5,MGMRESORTS_2018_10K_0013,MGMRESORTS_2018_10K_0014|MGMRESORTS_2018_10K_0013|MGMRESORTS_2018_10K_0069|MGMRESORTS_2018_10K_0070|MGMRESORTS_2018_10K_0010,yes,partially_correct
FinanceBench::hybrid_pageindex_harrier_oss_v1_0_6b_top_m_10::financebench_id_00552::top_5,FinanceBench,hybrid_pageindex_harrier_oss_v1_0_6b_top_m_10,hybrid_pageindex,microsoft/harrier-oss-v1-0.6b,node,10,financebench_id_00552,financebench_id_00552,MICROSOFT_2023_10K,top_5,5,MICROSOFT_2023_10K_0014,MICROSOFT_2023_10K_0014|MICROSOFT_2023_10K_0012|MICROSOFT_2023_10K_0000|MICROSOFT_2023_10K_0011|MICROSOFT_2023_10K_0009,yes,correct
FinanceBench::hybrid_pageindex_harrier_oss_v1_0_6b_top_m_10::financebench_id_03282::top_5,FinanceBench,hybrid_pageindex_harrier_oss_v1_0_6b_top_m_10,hybrid_pageindex,microsoft/harrier-oss-v1-0.6b,node,10,financebench_id_03282,financebench_id_03282,NETFLIX_2017_10K,top_5,5,NETFLIX_2017_10K_0024,NETFLIX_2017_10K_0024|NETFLIX_2017_10K_0010|NETFLIX_2017_10K_0000|NETFLIX_2017_10K_0002|NETFLIX_2017_10K_0008,yes,partially_correct
FinanceBench::hybrid_pageindex_harrier_oss_v1_0_6b_top_m_10::financebench_id_04980::top_5,FinanceBench,hybrid_pageindex_harrier_oss_v1_0_6b_top_m_10,hybrid_pageindex,microsoft/harrier-oss-v1-0.6b,node,10,financebench_id_04980,financebench_id_04980,PEPSICO_2021_10K,top_5,5,PEPSICO_2021_10K_0123,PEPSICO_2021_10K_0136|PEPSICO_2021_10K_0132|PEPSICO_2021_10K_0106_intro|PEPSICO_2021_10K_0108|PEPSICO_2021_10K_0065_intro,no,incorrect
FinanceBench::hybrid_pageindex_harrier_oss_v1_0_6b_top_m_10::financebench_id_00566::top_5,FinanceBench,hybrid_pageindex_harrier_oss_v1_0_6b_top_m_10,hybrid_pageindex,microsoft/harrier-oss-v1-0.6b,node,10,financebench_id_00566,financebench_id_00566,VERIZON_2022_10K,top_5,5,VERIZON_2022_10K_0068_intro,VERIZON_2022_10K_0010|VERIZON_2022_10K_0011|VERIZON_2022_10K_0154|VERIZON_2022_10K_0006|VERIZON_2022_10K_0012,no,correct
FinanceBench::hybrid_pageindex_linq_embed_mistral_top_m_10::financebench_id_04672::top_1,FinanceBench,hybrid_pageindex_linq_embed_mistral_top_m_10,hybrid_pageindex,Linq-AI-Research/Linq-Embed-Mistral,node,10,financebench_id_04672,financebench_id_04672,3M_2018_10K,top_1,1,3M_2018_10K_0029,3M_2018_10K_0030,no,incorrect
FinanceBench::hybrid_pageindex_linq_embed_mistral_top_m_10::financebench_id_04672::top_5,FinanceBench,hybrid_pageindex_linq_embed_mistral_top_m_10,hybrid_pageindex,Linq-AI-Research/Linq-Embed-Mistral,node,10,financebench_id_04672,financebench_id_04672,3M_2018_10K,top_5,5,3M_2018_10K_0029,3M_2018_10K_0030|3M_2018_10K_0011|3M_2018_10K_0029|3M_2018_10K_0040|3M_2018_10K_0051,yes,partially_correct
FinanceBench::hybrid_pageindex_linq_embed_mistral_top_m_10::financebench_id_01858::top_1,FinanceBench,hybrid_pageindex_linq_embed_mistral_top_m_10,hybrid_pageindex,Linq-AI-Research/Linq-Embed-Mistral,node,10,financebench_id_01858,financebench_id_01858,3M_2023Q2_10Q,top_1,1,3M_2023Q2_10Q_0025,3M_2018_10K_0011,no,partially_correct
FinanceBench::hybrid_pageindex_linq_embed_mistral_top_m_10::financebench_id_01935::top_5,FinanceBench,hybrid_pageindex_linq_embed_mistral_top_m_10,hybrid_pageindex,Linq-AI-Research/Linq-Embed-Mistral,node,10,financebench_id_01935,financebench_id_01935,AMCOR_2022_8K_dated-2022-07-01,top_5,5,AMCOR_2022_8K_dated_2022_07_01_0001,AMCOR_2022_8K_dated_2022_07_01_0000|AMCOR_2022_8K_dated_2022_07_01_0001|AMCOR_2022_8K_dated_2022_07_01_0003|AMCOR_2022_8K_dated_2022_07_01_0002|AMCOR_2022_8K_dated_2022_07_01_0017,yes,correct
FinanceBench::hybrid_pageindex_linq_embed_mistral_top_m_10::financebench_id_00995::top_1,FinanceBench,hybrid_pageindex_linq_embed_mistral_top_m_10,hybrid_pageindex,Linq-AI-Research/Linq-Embed-Mistral,node,10,financebench_id_00995,financebench_id_00995,AMD_2022_10K,top_1,1,AMD_2022_10K_0002,AMD_2022_10K_0003,no,correct
FinanceBench::hybrid_pageindex_linq_embed_mistral_top_m_10::financebench_id_00995::top_5,FinanceBench,hybrid_pageindex_linq_embed_mistral_top_m_10,hybrid_pageindex,Linq-AI-Research/Linq-Embed-Mistral,node,10,financebench_id_00995,financebench_id_00995,AMD_2022_10K,top_5,5,AMD_2022_10K_0002,AMD_2022_10K_0003|AMD_2022_10K_0001|AMD_2022_10K_0011|AMD_2022_10K_0012|AMD_2022_10K_0002,yes,correct
FinanceBench::hybrid_pageindex_linq_embed_mistral_top_m_10::financebench_id_01198::top_5,FinanceBench,hybrid_pageindex_linq_embed_mistral_top_m_10,hybrid_pageindex,Linq-AI-Research/Linq-Embed-Mistral,node,10,financebench_id_01198,financebench_id_01198,AMD_2022_10K,top_5,5,AMD_2022_10K_0012,AMD_2022_10K_0011|AMD_2022_10K_0012|AMD_2022_10K_0003|AMD_2022_10K_0014|AMD_2022_10K_0001,yes,correct
FinanceBench::hybrid_pageindex_linq_embed_mistral_top_m_10::financebench_id_01279::top_5,FinanceBench,hybrid_pageindex_linq_embed_mistral_top_m_10,hybrid_pageindex,Linq-AI-Research/Linq-Embed-Mistral,node,10,financebench_id_01279,financebench_id_01279,AMD_2022_10K,top_5,5,AMD_2022_10K_0014,AMD_2022_10K_0012|AMD_2022_10K_0011|AMD_2022_10K_0014|AMD_2022_10K_0003|AMD_2022_10K_0001,yes,correct
FinanceBench::hybrid_pageindex_linq_embed_mistral_top_m_10::financebench_id_00757::top_1,FinanceBench,hybrid_pageindex_linq_embed_mistral_top_m_10,hybrid_pageindex,Linq-AI-Research/Linq-Embed-Mistral,node,10,financebench_id_00757,financebench_id_00757,AMD_2022_10K,top_1,1,AMD_2022_10K_0003,AMD_2022_10K_0003,yes,correct
FinanceBench::hybrid_pageindex_linq_embed_mistral_top_m_10::financebench_id_00757::top_5,FinanceBench,hybrid_pageindex_linq_embed_mistral_top_m_10,hybrid_pageindex,Linq-AI-Research/Linq-Embed-Mistral,node,10,financebench_id_00757,financebench_id_00757,AMD_2022_10K,top_5,5,AMD_2022_10K_0003,AMD_2022_10K_0003|AMD_2022_10K_0011|AMD_2022_10K_0012|AMD_2022_10K_0001|AMD_2022_10K_0014,yes,correct
FinanceBench::hybrid_pageindex_linq_embed_mistral_top_m_10::financebench_id_01028::top_1,FinanceBench,hybrid_pageindex_linq_embed_mistral_top_m_10,hybrid_pageindex,Linq-AI-Research/Linq-Embed-Mistral,node,10,financebench_id_01028,financebench_id_01028,AMERICANEXPRESS_2022_10K,top_1,1,AMERICANEXPRESS_2022_10K_0116,AMERICANEXPRESS_2022_10K_0003,no,incorrect
FinanceBench::hybrid_pageindex_linq_embed_mistral_top_m_10::financebench_id_01028::top_5,FinanceBench,hybrid_pageindex_linq_embed_mistral_top_m_10,hybrid_pageindex,Linq-AI-Research/Linq-Embed-Mistral,node,10,financebench_id_01028,financebench_id_01028,AMERICANEXPRESS_2022_10K,top_5,5,AMERICANEXPRESS_2022_10K_0116,AMERICANEXPRESS_2022_10K_0003|AMERICANEXPRESS_2022_10K_0009|AMERICANEXPRESS_2022_10K_0018|AMERICANEXPRESS_2022_10K_0002|AMERICANEXPRESS_2022_10K_0000,no,partially_correct
FinanceBench::hybrid_pageindex_linq_embed_mistral_top_m_10::financebench_id_05718::top_1,FinanceBench,hybrid_pageindex_linq_embed_mistral_top_m_10,hybrid_pageindex,Linq-AI-Research/Linq-Embed-Mistral,node,10,financebench_id_05718,financebench_id_05718,AMERICANWATERWORKS_2020_10K,top_1,1,AMERICANWATERWORKS_2020_10K_0025,AMERICANWATERWORKS_2020_10K_0025,yes,partially_correct
FinanceBench::hybrid_pageindex_linq_embed_mistral_top_m_10::financebench_id_05718::top_5,FinanceBench,hybrid_pageindex_linq_embed_mistral_top_m_10,hybrid_pageindex,Linq-AI-Research/Linq-Embed-Mistral,node,10,financebench_id_05718,financebench_id_05718,AMERICANWATERWORKS_2020_10K,top_5,5,AMERICANWATERWORKS_2020_10K_0025,AMERICANWATERWORKS_2020_10K_0025|AMERICANWATERWORKS_2020_10K_0024|AMERICANWATERWORKS_2020_10K_0011|AMERICANWATERWORKS_2020_10K_0023|AMERICANWATERWORKS_2020_10K_0022,yes,partially_correct
FinanceBench::hybrid_pageindex_linq_embed_mistral_top_m_10::financebench_id_00685::top_1,FinanceBench,hybrid_pageindex_linq_embed_mistral_top_m_10,hybrid_pageindex,Linq-AI-Research/Linq-Embed-Mistral,node,10,financebench_id_00685,financebench_id_00685,BESTBUY_2023_10K,top_1,1,BESTBUY_2023_10K_0014,BESTBUY_2017_10K_0011,no,correct
FinanceBench::hybrid_pageindex_linq_embed_mistral_top_m_10::financebench_id_00685::top_5,FinanceBench,hybrid_pageindex_linq_embed_mistral_top_m_10,hybrid_pageindex,Linq-AI-Research/Linq-Embed-Mistral,node,10,financebench_id_00685,financebench_id_00685,BESTBUY_2023_10K,top_5,5,BESTBUY_2023_10K_0014,BESTBUY_2017_10K_0011|BESTBUY_2017_10K_0002|BESTBUY_2017_10K_0010|BESTBUY_2017_10K_0003|BESTBUY_2017_10K_0000,no,correct
FinanceBench::hybrid_pageindex_linq_embed_mistral_top_m_10::financebench_id_00460::top_1,FinanceBench,hybrid_pageindex_linq_embed_mistral_top_m_10,hybrid_pageindex,Linq-AI-Research/Linq-Embed-Mistral,node,10,financebench_id_00460,financebench_id_00460,BESTBUY_2024Q2_10Q,top_1,1,BESTBUY_2024Q2_10Q_0009,BESTBUY_2024Q2_10Q_0009,yes,partially_correct
FinanceBench::hybrid_pageindex_linq_embed_mistral_top_m_10::financebench_id_00005::top_1,FinanceBench,hybrid_pageindex_linq_embed_mistral_top_m_10,hybrid_pageindex,Linq-AI-Research/Linq-Embed-Mistral,node,10,financebench_id_00005,financebench_id_00005,CORNING_2022_10K,top_1,1,CORNING_2022_10K_0130,CORNING_2022_10K_0087,no,partially_correct
FinanceBench::hybrid_pageindex_linq_embed_mistral_top_m_10::financebench_id_00005::top_5,FinanceBench,hybrid_pageindex_linq_embed_mistral_top_m_10,hybrid_pageindex,Linq-AI-Research/Linq-Embed-Mistral,node,10,financebench_id_00005,financebench_id_00005,CORNING_2022_10K,top_5,5,CORNING_2022_10K_0130,CORNING_2022_10K_0087|CORNING_2022_10K_0089|CORNING_2022_10K_0049|CORNING_2022_10K_0050|CORNING_2022_10K_0056,no,partially_correct
FinanceBench::hybrid_pageindex_linq_embed_mistral_top_m_10::financebench_id_04854::top_5,FinanceBench,hybrid_pageindex_linq_embed_mistral_top_m_10,hybrid_pageindex,Linq-AI-Research/Linq-Embed-Mistral,node,10,financebench_id_04854,financebench_id_04854,GENERALMILLS_2020_10K,top_5,5,GENERALMILLS_2020_10K_0020,GENERALMILLS_2020_10K_0020|GENERALMILLS_2020_10K_0026|GENERALMILLS_2020_10K_0019|GENERALMILLS_2020_10K_0087|GENERALMILLS_2020_10K_0009,yes,partially_correct
FinanceBench::hybrid_pageindex_linq_embed_mistral_top_m_10::financebench_id_04171::top_1,FinanceBench,hybrid_pageindex_linq_embed_mistral_top_m_10,hybrid_pageindex,Linq-AI-Research/Linq-Embed-Mistral,node,10,financebench_id_04171,financebench_id_04171,MGMRESORTS_2018_10K,top_1,1,MGMRESORTS_2018_10K_0013,MGMRESORTS_2018_10K_0013,yes,partially_correct
FinanceBench::hybrid_pageindex_linq_embed_mistral_top_m_10::financebench_id_04171::top_5,FinanceBench,hybrid_pageindex_linq_embed_mistral_top_m_10,hybrid_pageindex,Linq-AI-Research/Linq-Embed-Mistral,node,10,financebench_id_04171,financebench_id_04171,MGMRESORTS_2018_10K,top_5,5,MGMRESORTS_2018_10K_0013,MGMRESORTS_2018_10K_0013|MGMRESORTS_2018_10K_0014|MGMRESORTS_2018_10K_0096|MGMRESORTS_2018_10K_0070|MGMRESORTS_2018_10K_0120,yes,correct
FinanceBench::hybrid_pageindex_linq_embed_mistral_top_m_10::financebench_id_03282::top_5,FinanceBench,hybrid_pageindex_linq_embed_mistral_top_m_10,hybrid_pageindex,Linq-AI-Research/Linq-Embed-Mistral,node,10,financebench_id_03282,financebench_id_03282,NETFLIX_2017_10K,top_5,5,NETFLIX_2017_10K_0024,NETFLIX_2017_10K_0010|NETFLIX_2017_10K_0024|NETFLIX_2017_10K_0009|NETFLIX_2017_10K_0000|NETFLIX_2017_10K_0011,yes,partially_correct
FinanceBench::hybrid_pageindex_linq_embed_mistral_top_m_10::financebench_id_00603::top_5,FinanceBench,hybrid_pageindex_linq_embed_mistral_top_m_10,hybrid_pageindex,Linq-AI-Research/Linq-Embed-Mistral,node,10,financebench_id_00603,financebench_id_00603,ULTABEAUTY_2023Q4_EARNINGS,top_5,5,ULTABEAUTY_2023Q4_EARNINGS_0003,ULTABEAUTY_2023_10K_0027|ULTABEAUTY_2023_10K_0013|ULTABEAUTY_2023_10K_0011|ULTABEAUTY_2023_10K_0003|ULTABEAUTY_2023_10K_0000,no,partially_correct
FinanceBench::hybrid_pageindex_chunk_rerank_harrier_oss_v1_0_6b_top_m_10::financebench_id_04672::top_1,FinanceBench,hybrid_pageindex_chunk_rerank_harrier_oss_v1_0_6b_top_m_10,hybrid_pageindex_chunk_rerank,microsoft/harrier-oss-v1-0.6b,chunk_rerank,10,financebench_id_04672,financebench_id_04672,3M_2018_10K,top_1,1,3M_2018_10K_0029,3M_2018_10K_0030,no,incorrect
FinanceBench::hybrid_pageindex_chunk_rerank_harrier_oss_v1_0_6b_top_m_10::financebench_id_04672::top_5,FinanceBench,hybrid_pageindex_chunk_rerank_harrier_oss_v1_0_6b_top_m_10,hybrid_pageindex_chunk_rerank,microsoft/harrier-oss-v1-0.6b,chunk_rerank,10,financebench_id_04672,financebench_id_04672,3M_2018_10K,top_5,5,3M_2018_10K_0029,3M_2018_10K_0030|3M_2018_10K_0029|3M_2018_10K_0053|3M_2018_10K_0011|3M_2018_10K_0002,yes,partially_correct
FinanceBench::hybrid_pageindex_chunk_rerank_harrier_oss_v1_0_6b_top_m_10::financebench_id_01858::top_1,FinanceBench,hybrid_pageindex_chunk_rerank_harrier_oss_v1_0_6b_top_m_10,hybrid_pageindex_chunk_rerank,microsoft/harrier-oss-v1-0.6b,chunk_rerank,10,financebench_id_01858,financebench_id_01858,3M_2023Q2_10Q,top_1,1,3M_2023Q2_10Q_0025,3M_2018_10K_0014,no,partially_correct
FinanceBench::hybrid_pageindex_chunk_rerank_harrier_oss_v1_0_6b_top_m_10::financebench_id_01858::top_5,FinanceBench,hybrid_pageindex_chunk_rerank_harrier_oss_v1_0_6b_top_m_10,hybrid_pageindex_chunk_rerank,microsoft/harrier-oss-v1-0.6b,chunk_rerank,10,financebench_id_01858,financebench_id_01858,3M_2023Q2_10Q,top_5,5,3M_2023Q2_10Q_0025,3M_2018_10K_0014|3M_2018_10K_0010|3M_2018_10K_0000|3M_2018_10K_0011|3M_2018_10K_0003,no,partially_correct
FinanceBench::hybrid_pageindex_chunk_rerank_harrier_oss_v1_0_6b_top_m_10::financebench_id_01935::top_5,FinanceBench,hybrid_pageindex_chunk_rerank_harrier_oss_v1_0_6b_top_m_10,hybrid_pageindex_chunk_rerank,microsoft/harrier-oss-v1-0.6b,chunk_rerank,10,financebench_id_01935,financebench_id_01935,AMCOR_2022_8K_dated-2022-07-01,top_5,5,AMCOR_2022_8K_dated_2022_07_01_0001,AMCOR_2022_8K_dated_2022_07_01_0000|AMCOR_2022_8K_dated_2022_07_01_0003|AMCOR_2022_8K_dated_2022_07_01_0001|AMCOR_2022_8K_dated_2022_07_01_0002|AMCOR_2022_8K_dated_2022_07_01_0018,yes,correct
FinanceBench::hybrid_pageindex_chunk_rerank_harrier_oss_v1_0_6b_top_m_10::financebench_id_00995::top_1,FinanceBench,hybrid_pageindex_chunk_rerank_harrier_oss_v1_0_6b_top_m_10,hybrid_pageindex_chunk_rerank,microsoft/harrier-oss-v1-0.6b,chunk_rerank,10,financebench_id_00995,financebench_id_00995,AMD_2022_10K,top_1,1,AMD_2022_10K_0002,AMD_2022_10K_0003,no,correct
FinanceBench::hybrid_pageindex_chunk_rerank_harrier_oss_v1_0_6b_top_m_10::financebench_id_00995::top_5,FinanceBench,hybrid_pageindex_chunk_rerank_harrier_oss_v1_0_6b_top_m_10,hybrid_pageindex_chunk_rerank,microsoft/harrier-oss-v1-0.6b,chunk_rerank,10,financebench_id_00995,financebench_id_00995,AMD_2022_10K,top_5,5,AMD_2022_10K_0002,AMD_2022_10K_0003|AMD_2022_10K_0012|AMD_2022_10K_0002|AMD_2022_10K_0014|AMD_2022_10K_0000,yes,partially_correct
FinanceBench::hybrid_pageindex_chunk_rerank_harrier_oss_v1_0_6b_top_m_10::financebench_id_01279::top_1,FinanceBench,hybrid_pageindex_chunk_rerank_harrier_oss_v1_0_6b_top_m_10,hybrid_pageindex_chunk_rerank,microsoft/harrier-oss-v1-0.6b,chunk_rerank,10,financebench_id_01279,financebench_id_01279,AMD_2022_10K,top_1,1,AMD_2022_10K_0014,AMD_2022_10K_0012,no,correct
FinanceBench::hybrid_pageindex_chunk_rerank_harrier_oss_v1_0_6b_top_m_10::financebench_id_01279::top_5,FinanceBench,hybrid_pageindex_chunk_rerank_harrier_oss_v1_0_6b_top_m_10,hybrid_pageindex_chunk_rerank,microsoft/harrier-oss-v1-0.6b,chunk_rerank,10,financebench_id_01279,financebench_id_01279,AMD_2022_10K,top_5,5,AMD_2022_10K_0014,AMD_2022_10K_0012|AMD_2022_10K_0014|AMD_2022_10K_0003|AMD_2022_10K_0025|AMD_2022_10K_0000,yes,correct
FinanceBench::hybrid_pageindex_chunk_rerank_harrier_oss_v1_0_6b_top_m_10::financebench_id_00757::top_5,FinanceBench,hybrid_pageindex_chunk_rerank_harrier_oss_v1_0_6b_top_m_10,hybrid_pageindex_chunk_rerank,microsoft/harrier-oss-v1-0.6b,chunk_rerank,10,financebench_id_00757,financebench_id_00757,AMD_2022_10K,top_5,5,AMD_2022_10K_0003,AMD_2022_10K_0012|AMD_2022_10K_0003|AMD_2022_10K_0002|AMD_2022_10K_0014|AMD_2022_10K_0028,yes,correct
FinanceBench::hybrid_pageindex_chunk_rerank_harrier_oss_v1_0_6b_top_m_10::financebench_id_01028::top_1,FinanceBench,hybrid_pageindex_chunk_rerank_harrier_oss_v1_0_6b_top_m_10,hybrid_pageindex_chunk_rerank,microsoft/harrier-oss-v1-0.6b,chunk_rerank,10,financebench_id_01028,financebench_id_01028,AMERICANEXPRESS_2022_10K,top_1,1,AMERICANEXPRESS_2022_10K_0116,AMERICANEXPRESS_2022_10K_0003,no,partially_correct
FinanceBench::hybrid_pageindex_chunk_rerank_harrier_oss_v1_0_6b_top_m_10::financebench_id_01028::top_5,FinanceBench,hybrid_pageindex_chunk_rerank_harrier_oss_v1_0_6b_top_m_10,hybrid_pageindex_chunk_rerank,microsoft/harrier-oss-v1-0.6b,chunk_rerank,10,financebench_id_01028,financebench_id_01028,AMERICANEXPRESS_2022_10K,top_5,5,AMERICANEXPRESS_2022_10K_0116,AMERICANEXPRESS_2022_10K_0003|AMERICANEXPRESS_2022_10K_0009|AMERICANEXPRESS_2022_10K_0016|AMERICANEXPRESS_2022_10K_0134_intro|AMERICANEXPRESS_2022_10K_0000,no,incorrect
FinanceBench::hybrid_pageindex_chunk_rerank_harrier_oss_v1_0_6b_top_m_10::financebench_id_05718::top_5,FinanceBench,hybrid_pageindex_chunk_rerank_harrier_oss_v1_0_6b_top_m_10,hybrid_pageindex_chunk_rerank,microsoft/harrier-oss-v1-0.6b,chunk_rerank,10,financebench_id_05718,financebench_id_05718,AMERICANWATERWORKS_2020_10K,top_5,5,AMERICANWATERWORKS_2020_10K_0025,AMERICANWATERWORKS_2020_10K_0009|AMERICANWATERWORKS_2020_10K_0012|AMERICANWATERWORKS_2020_10K_0000|AMERICANWATERWORKS_2020_10K_0128|AMERICANWATERWORKS_2020_10K_0127,no,partially_correct
FinanceBench::hybrid_pageindex_chunk_rerank_harrier_oss_v1_0_6b_top_m_10::financebench_id_00288::top_1,FinanceBench,hybrid_pageindex_chunk_rerank_harrier_oss_v1_0_6b_top_m_10,hybrid_pageindex_chunk_rerank,microsoft/harrier-oss-v1-0.6b,chunk_rerank,10,financebench_id_00288,financebench_id_00288,BESTBUY_2024Q2_10Q,top_1,1,BESTBUY_2024Q2_10Q_0009,BESTBUY_2024Q2_10Q_0002,no,correct
FinanceBench::hybrid_pageindex_chunk_rerank_harrier_oss_v1_0_6b_top_m_10::financebench_id_00460::top_5,FinanceBench,hybrid_pageindex_chunk_rerank_harrier_oss_v1_0_6b_top_m_10,hybrid_pageindex_chunk_rerank,microsoft/harrier-oss-v1-0.6b,chunk_rerank,10,financebench_id_00460,financebench_id_00460,BESTBUY_2024Q2_10Q,top_5,5,BESTBUY_2024Q2_10Q_0009,BESTBUY_2024Q2_10Q_0009|BESTBUY_2024Q2_10Q_0000|BESTBUY_2024Q2_10Q_0002|BESTBUY_2024Q2_10Q_0016|BESTBUY_2024Q2_10Q_0017,yes,incorrect
FinanceBench::hybrid_pageindex_chunk_rerank_harrier_oss_v1_0_6b_top_m_10::financebench_id_07661::top_5,FinanceBench,hybrid_pageindex_chunk_rerank_harrier_oss_v1_0_6b_top_m_10,hybrid_pageindex_chunk_rerank,microsoft/harrier-oss-v1-0.6b,chunk_rerank,10,financebench_id_07661,financebench_id_07661,BLOCK_2020_10K,top_5,5,BLOCK_2020_10K_0074,BLOCK_2020_10K_0002|BLOCK_2020_10K_0001|BLOCK_2020_10K_0064|BLOCK_2020_10K_0074|BLOCK_2020_10K_0071,yes,partially_correct
FinanceBench::hybrid_pageindex_chunk_rerank_harrier_oss_v1_0_6b_top_m_10::financebench_id_00005::top_5,FinanceBench,hybrid_pageindex_chunk_rerank_harrier_oss_v1_0_6b_top_m_10,hybrid_pageindex_chunk_rerank,microsoft/harrier-oss-v1-0.6b,chunk_rerank,10,financebench_id_00005,financebench_id_00005,CORNING_2022_10K,top_5,5,CORNING_2022_10K_0130,CORNING_2022_10K_0060|CORNING_2022_10K_0000|CORNING_2022_10K_0059_intro|CORNING_2022_10K_0087|CORNING_2022_10K_0130,yes,partially_correct
FinanceBench::hybrid_pageindex_chunk_rerank_harrier_oss_v1_0_6b_top_m_10::financebench_id_01244::top_5,FinanceBench,hybrid_pageindex_chunk_rerank_harrier_oss_v1_0_6b_top_m_10,hybrid_pageindex_chunk_rerank,microsoft/harrier-oss-v1-0.6b,chunk_rerank,10,financebench_id_01244,financebench_id_01244,CVSHEALTH_2022_10K,top_5,5,CVSHEALTH_2022_10K_0119,CVSHEALTH_2022_10K_0120|CVSHEALTH_2022_10K_0119|CVSHEALTH_2022_10K_0001|CVSHEALTH_2022_10K_0122|CVSHEALTH_2022_10K_0124_intro,yes,correct
FinanceBench::hybrid_pageindex_chunk_rerank_harrier_oss_v1_0_6b_top_m_10::financebench_id_04854::top_1,FinanceBench,hybrid_pageindex_chunk_rerank_harrier_oss_v1_0_6b_top_m_10,hybrid_pageindex_chunk_rerank,microsoft/harrier-oss-v1-0.6b,chunk_rerank,10,financebench_id_04854,financebench_id_04854,GENERALMILLS_2020_10K,top_1,1,GENERALMILLS_2020_10K_0020,GENERALMILLS_2020_10K_0020,yes,partially_correct
FinanceBench::hybrid_pageindex_chunk_rerank_harrier_oss_v1_0_6b_top_m_10::financebench_id_04854::top_5,FinanceBench,hybrid_pageindex_chunk_rerank_harrier_oss_v1_0_6b_top_m_10,hybrid_pageindex_chunk_rerank,microsoft/harrier-oss-v1-0.6b,chunk_rerank,10,financebench_id_04854,financebench_id_04854,GENERALMILLS_2020_10K,top_5,5,GENERALMILLS_2020_10K_0020,GENERALMILLS_2020_10K_0020|GENERALMILLS_2020_10K_0010|GENERALMILLS_2020_10K_0023|GENERALMILLS_2020_10K_0016|GENERALMILLS_2020_10K_0000,yes,correct
FinanceBench::hybrid_pageindex_chunk_rerank_harrier_oss_v1_0_6b_top_m_10::financebench_id_00552::top_5,FinanceBench,hybrid_pageindex_chunk_rerank_harrier_oss_v1_0_6b_top_m_10,hybrid_pageindex_chunk_rerank,microsoft/harrier-oss-v1-0.6b,chunk_rerank,10,financebench_id_00552,financebench_id_00552,MICROSOFT_2023_10K,top_5,5,MICROSOFT_2023_10K_0014,MICROSOFT_2023_10K_0014|MICROSOFT_2023_10K_0012|MICROSOFT_2023_10K_0000|MICROSOFT_2023_10K_0030|MICROSOFT_2023_10K_0010,yes,correct
FinanceBench::hybrid_pageindex_chunk_rerank_harrier_oss_v1_0_6b_top_m_10::financebench_id_03282::top_1,FinanceBench,hybrid_pageindex_chunk_rerank_harrier_oss_v1_0_6b_top_m_10,hybrid_pageindex_chunk_rerank,microsoft/harrier-oss-v1-0.6b,chunk_rerank,10,financebench_id_03282,financebench_id_03282,NETFLIX_2017_10K,top_1,1,NETFLIX_2017_10K_0024,NETFLIX_2017_10K_0024,yes,partially_correct
FinanceBench::hybrid_pageindex_chunk_rerank_harrier_oss_v1_0_6b_top_m_10::financebench_id_03282::top_5,FinanceBench,hybrid_pageindex_chunk_rerank_harrier_oss_v1_0_6b_top_m_10,hybrid_pageindex_chunk_rerank,microsoft/harrier-oss-v1-0.6b,chunk_rerank,10,financebench_id_03282,financebench_id_03282,NETFLIX_2017_10K,top_5,5,NETFLIX_2017_10K_0024,NETFLIX_2017_10K_0024|NETFLIX_2017_10K_0011|NETFLIX_2017_10K_0010|NETFLIX_2017_10K_0000|NETFLIX_2017_10K_0002,yes,partially_correct
FinanceBench::hybrid_pageindex_chunk_rerank_harrier_oss_v1_0_6b_top_m_10::financebench_id_01163::top_1,FinanceBench,hybrid_pageindex_chunk_rerank_harrier_oss_v1_0_6b_top_m_10,hybrid_pageindex_chunk_rerank,microsoft/harrier-oss-v1-0.6b,chunk_rerank,10,financebench_id_01163,financebench_id_01163,NIKE_2023_10K,top_1,1,NIKE_2023_10K_0026,NIKE_2023_10K_0024,no,correct
FinanceBench::hybrid_pageindex_chunk_rerank_harrier_oss_v1_0_6b_top_m_10::financebench_id_00566::top_1,FinanceBench,hybrid_pageindex_chunk_rerank_harrier_oss_v1_0_6b_top_m_10,hybrid_pageindex_chunk_rerank,microsoft/harrier-oss-v1-0.6b,chunk_rerank,10,financebench_id_00566,financebench_id_00566,VERIZON_2022_10K,top_1,1,VERIZON_2022_10K_0068_intro,VERIZON_2022_10K_0011,no,partially_correct
FinanceBench::hybrid_pageindex_chunk_rerank_harrier_oss_v1_0_6b_top_m_10::financebench_id_00566::top_5,FinanceBench,hybrid_pageindex_chunk_rerank_harrier_oss_v1_0_6b_top_m_10,hybrid_pageindex_chunk_rerank,microsoft/harrier-oss-v1-0.6b,chunk_rerank,10,financebench_id_00566,financebench_id_00566,VERIZON_2022_10K,top_5,5,VERIZON_2022_10K_0068_intro,VERIZON_2022_10K_0011|VERIZON_2022_10K_0154|VERIZON_2022_10K_0000|VERIZON_2022_10K_0010|VERIZON_2022_10K_0004,no,correct
FinanceBench::hybrid_pageindex_chunk_rerank_linq_embed_mistral_top_m_10::financebench_id_04672::top_1,FinanceBench,hybrid_pageindex_chunk_rerank_linq_embed_mistral_top_m_10,hybrid_pageindex_chunk_rerank,Linq-AI-Research/Linq-Embed-Mistral,chunk_rerank,10,financebench_id_04672,financebench_id_04672,3M_2018_10K,top_1,1,3M_2018_10K_0029,3M_2018_10K_0029,yes,incorrect
FinanceBench::hybrid_pageindex_chunk_rerank_linq_embed_mistral_top_m_10::financebench_id_04672::top_5,FinanceBench,hybrid_pageindex_chunk_rerank_linq_embed_mistral_top_m_10,hybrid_pageindex_chunk_rerank,Linq-AI-Research/Linq-Embed-Mistral,chunk_rerank,10,financebench_id_04672,financebench_id_04672,3M_2018_10K,top_5,5,3M_2018_10K_0029,3M_2018_10K_0029|3M_2018_10K_0053|3M_2018_10K_0027|3M_2018_10K_0030|3M_2018_10K_0011,yes,incorrect
FinanceBench::hybrid_pageindex_chunk_rerank_linq_embed_mistral_top_m_10::financebench_id_01858::top_1,FinanceBench,hybrid_pageindex_chunk_rerank_linq_embed_mistral_top_m_10,hybrid_pageindex_chunk_rerank,Linq-AI-Research/Linq-Embed-Mistral,chunk_rerank,10,financebench_id_01858,financebench_id_01858,3M_2023Q2_10Q,top_1,1,3M_2023Q2_10Q_0025,3M_2018_10K_0012,no,partially_correct
FinanceBench::hybrid_pageindex_chunk_rerank_linq_embed_mistral_top_m_10::financebench_id_01935::top_5,FinanceBench,hybrid_pageindex_chunk_rerank_linq_embed_mistral_top_m_10,hybrid_pageindex_chunk_rerank,Linq-AI-Research/Linq-Embed-Mistral,chunk_rerank,10,financebench_id_01935,financebench_id_01935,AMCOR_2022_8K_dated-2022-07-01,top_5,5,AMCOR_2022_8K_dated_2022_07_01_0001,AMCOR_2022_8K_dated_2022_07_01_0003|AMCOR_2022_8K_dated_2022_07_01_0000|AMCOR_2022_8K_dated_2022_07_01_0001|AMCOR_2022_8K_dated_2022_07_01_0002|AMCOR_2022_8K_dated_2022_07_01_0017,yes,correct
FinanceBench::hybrid_pageindex_chunk_rerank_linq_embed_mistral_top_m_10::financebench_id_01936::top_5,FinanceBench,hybrid_pageindex_chunk_rerank_linq_embed_mistral_top_m_10,hybrid_pageindex_chunk_rerank,Linq-AI-Research/Linq-Embed-Mistral,chunk_rerank,10,financebench_id_01936,financebench_id_01936,AMCOR_2023Q2_10Q,top_5,5,AMCOR_2023Q2_10Q_0011,AMCOR_2023Q2_10Q_0003|AMCOR_2023Q2_10Q_0011|AMCOR_2023Q2_10Q_0001|AMCOR_2023Q2_10Q_0000|AMCOR_2023Q2_10Q_0014,yes,correct
FinanceBench::hybrid_pageindex_chunk_rerank_linq_embed_mistral_top_m_10::financebench_id_00684::top_5,FinanceBench,hybrid_pageindex_chunk_rerank_linq_embed_mistral_top_m_10,hybrid_pageindex_chunk_rerank,Linq-AI-Research/Linq-Embed-Mistral,chunk_rerank,10,financebench_id_00684,financebench_id_00684,AMCOR_2023_10K,top_5,5,AMCOR_2023_10K_0014,AMCOR_2023_10K_0001|AMCOR_2023_10K_0000|AMCOR_2023_10K_0009|AMCOR_2023_10K_0019|AMCOR_2023_10K_0014,yes,correct
FinanceBench::hybrid_pageindex_chunk_rerank_linq_embed_mistral_top_m_10::financebench_id_00995::top_1,FinanceBench,hybrid_pageindex_chunk_rerank_linq_embed_mistral_top_m_10,hybrid_pageindex_chunk_rerank,Linq-AI-Research/Linq-Embed-Mistral,chunk_rerank,10,financebench_id_00995,financebench_id_00995,AMD_2022_10K,top_1,1,AMD_2022_10K_0002,AMD_2022_10K_0002,yes,correct
FinanceBench::hybrid_pageindex_chunk_rerank_linq_embed_mistral_top_m_10::financebench_id_00995::top_5,FinanceBench,hybrid_pageindex_chunk_rerank_linq_embed_mistral_top_m_10,hybrid_pageindex_chunk_rerank,Linq-AI-Research/Linq-Embed-Mistral,chunk_rerank,10,financebench_id_00995,financebench_id_00995,AMD_2022_10K,top_5,5,AMD_2022_10K_0002,AMD_2022_10K_0002|AMD_2022_10K_0003|AMD_2022_10K_0012|AMD_2022_10K_0014|AMD_2022_10K_0010,yes,correct
FinanceBench::hybrid_pageindex_chunk_rerank_linq_embed_mistral_top_m_10::financebench_id_01198::top_5,FinanceBench,hybrid_pageindex_chunk_rerank_linq_embed_mistral_top_m_10,hybrid_pageindex_chunk_rerank,Linq-AI-Research/Linq-Embed-Mistral,chunk_rerank,10,financebench_id_01198,financebench_id_01198,AMD_2022_10K,top_5,5,AMD_2022_10K_0012,AMD_2022_10K_0002|AMD_2022_10K_0012|AMD_2022_10K_0003|AMD_2022_10K_0014|AMD_2022_10K_0010,yes,correct
FinanceBench::hybrid_pageindex_chunk_rerank_linq_embed_mistral_top_m_10::financebench_id_01279::top_1,FinanceBench,hybrid_pageindex_chunk_rerank_linq_embed_mistral_top_m_10,hybrid_pageindex_chunk_rerank,Linq-AI-Research/Linq-Embed-Mistral,chunk_rerank,10,financebench_id_01279,financebench_id_01279,AMD_2022_10K,top_1,1,AMD_2022_10K_0014,AMD_2022_10K_0012,no,correct
FinanceBench::hybrid_pageindex_chunk_rerank_linq_embed_mistral_top_m_10::financebench_id_01279::top_5,FinanceBench,hybrid_pageindex_chunk_rerank_linq_embed_mistral_top_m_10,hybrid_pageindex_chunk_rerank,Linq-AI-Research/Linq-Embed-Mistral,chunk_rerank,10,financebench_id_01279,financebench_id_01279,AMD_2022_10K,top_5,5,AMD_2022_10K_0014,AMD_2022_10K_0012|AMD_2022_10K_0025|AMD_2022_10K_0002|AMD_2022_10K_0003|AMD_2022_10K_0014,yes,correct
FinanceBench::hybrid_pageindex_chunk_rerank_linq_embed_mistral_top_m_10::financebench_id_00757::top_5,FinanceBench,hybrid_pageindex_chunk_rerank_linq_embed_mistral_top_m_10,hybrid_pageindex_chunk_rerank,Linq-AI-Research/Linq-Embed-Mistral,chunk_rerank,10,financebench_id_00757,financebench_id_00757,AMD_2022_10K,top_5,5,AMD_2022_10K_0003,AMD_2022_10K_0003|AMD_2022_10K_0002|AMD_2022_10K_0014|AMD_2022_10K_0012|AMD_2022_10K_0000,yes,correct
FinanceBench::hybrid_pageindex_chunk_rerank_linq_embed_mistral_top_m_10::financebench_id_01028::top_5,FinanceBench,hybrid_pageindex_chunk_rerank_linq_embed_mistral_top_m_10,hybrid_pageindex_chunk_rerank,Linq-AI-Research/Linq-Embed-Mistral,chunk_rerank,10,financebench_id_01028,financebench_id_01028,AMERICANEXPRESS_2022_10K,top_5,5,AMERICANEXPRESS_2022_10K_0116,AMERICANEXPRESS_2022_10K_0009|AMERICANEXPRESS_2022_10K_0016|AMERICANEXPRESS_2022_10K_0003|AMERICANEXPRESS_2022_10K_0000|AMERICANEXPRESS_2022_10K_0018,no,partially_correct
FinanceBench::hybrid_pageindex_chunk_rerank_linq_embed_mistral_top_m_10::financebench_id_05718::top_1,FinanceBench,hybrid_pageindex_chunk_rerank_linq_embed_mistral_top_m_10,hybrid_pageindex_chunk_rerank,Linq-AI-Research/Linq-Embed-Mistral,chunk_rerank,10,financebench_id_05718,financebench_id_05718,AMERICANWATERWORKS_2020_10K,top_1,1,AMERICANWATERWORKS_2020_10K_0025,AMERICANWATERWORKS_2020_10K_0025,yes,partially_correct
FinanceBench::hybrid_pageindex_chunk_rerank_linq_embed_mistral_top_m_10::financebench_id_05718::top_5,FinanceBench,hybrid_pageindex_chunk_rerank_linq_embed_mistral_top_m_10,hybrid_pageindex_chunk_rerank,Linq-AI-Research/Linq-Embed-Mistral,chunk_rerank,10,financebench_id_05718,financebench_id_05718,AMERICANWATERWORKS_2020_10K,top_5,5,AMERICANWATERWORKS_2020_10K_0025,AMERICANWATERWORKS_2020_10K_0025|AMERICANWATERWORKS_2020_10K_0023|AMERICANWATERWORKS_2020_10K_0026|AMERICANWATERWORKS_2020_10K_0024|AMERICANWATERWORKS_2020_10K_0022,yes,partially_correct
FinanceBench::hybrid_pageindex_chunk_rerank_linq_embed_mistral_top_m_10::financebench_id_00585::top_1,FinanceBench,hybrid_pageindex_chunk_rerank_linq_embed_mistral_top_m_10,hybrid_pageindex_chunk_rerank,Linq-AI-Research/Linq-Embed-Mistral,chunk_rerank,10,financebench_id_00585,financebench_id_00585,BOEING_2022_10K,top_1,1,BOEING_2022_10K_0018,BOEING_2022_10K_0027,no,incorrect
FinanceBench::hybrid_pageindex_chunk_rerank_linq_embed_mistral_top_m_10::financebench_id_00005::top_1,FinanceBench,hybrid_pageindex_chunk_rerank_linq_embed_mistral_top_m_10,hybrid_pageindex_chunk_rerank,Linq-AI-Research/Linq-Embed-Mistral,chunk_rerank,10,financebench_id_00005,financebench_id_00005,CORNING_2022_10K,top_1,1,CORNING_2022_10K_0130,CORNING_2022_10K_0087,no,partially_correct
FinanceBench::hybrid_pageindex_chunk_rerank_linq_embed_mistral_top_m_10::financebench_id_00005::top_5,FinanceBench,hybrid_pageindex_chunk_rerank_linq_embed_mistral_top_m_10,hybrid_pageindex_chunk_rerank,Linq-AI-Research/Linq-Embed-Mistral,chunk_rerank,10,financebench_id_00005,financebench_id_00005,CORNING_2022_10K,top_5,5,CORNING_2022_10K_0130,CORNING_2022_10K_0087|CORNING_2022_10K_0070|CORNING_2022_10K_0001_intro|CORNING_2022_10K_0060|CORNING_2022_10K_0000,no,partially_correct
FinanceBench::hybrid_pageindex_chunk_rerank_linq_embed_mistral_top_m_10::financebench_id_04171::top_1,FinanceBench,hybrid_pageindex_chunk_rerank_linq_embed_mistral_top_m_10,hybrid_pageindex_chunk_rerank,Linq-AI-Research/Linq-Embed-Mistral,chunk_rerank,10,financebench_id_04171,financebench_id_04171,MGMRESORTS_2018_10K,top_1,1,MGMRESORTS_2018_10K_0013,MGMRESORTS_2018_10K_0013,yes,partially_correct
FinanceBench::hybrid_pageindex_chunk_rerank_linq_embed_mistral_top_m_10::financebench_id_04171::top_5,FinanceBench,hybrid_pageindex_chunk_rerank_linq_embed_mistral_top_m_10,hybrid_pageindex_chunk_rerank,Linq-AI-Research/Linq-Embed-Mistral,chunk_rerank,10,financebench_id_04171,financebench_id_04171,MGMRESORTS_2018_10K,top_5,5,MGMRESORTS_2018_10K_0013,MGMRESORTS_2018_10K_0013|MGMRESORTS_2018_10K_0121|MGMRESORTS_2018_10K_0120|MGMRESORTS_2018_10K_0096|MGMRESORTS_2018_10K_0014,yes,partially_correct
FinanceBench::hybrid_pageindex_chunk_rerank_linq_embed_mistral_top_m_10::financebench_id_01163::top_5,FinanceBench,hybrid_pageindex_chunk_rerank_linq_embed_mistral_top_m_10,hybrid_pageindex_chunk_rerank,Linq-AI-Research/Linq-Embed-Mistral,chunk_rerank,10,financebench_id_01163,financebench_id_01163,NIKE_2023_10K,top_5,5,NIKE_2023_10K_0026,NIKE_2023_10K_0001|NIKE_2023_10K_0009|NIKE_2023_10K_0026|NIKE_2023_10K_0006|NIKE_2023_10K_0004,yes,correct
FinanceBench::hybrid_pageindex_chunk_rerank_linq_embed_mistral_top_m_10::financebench_id_00882::top_5,FinanceBench,hybrid_pageindex_chunk_rerank_linq_embed_mistral_top_m_10,hybrid_pageindex_chunk_rerank,Linq-AI-Research/Linq-Embed-Mistral,chunk_rerank,10,financebench_id_00882,financebench_id_00882,PEPSICO_2023_8K_dated-2023-05-30,top_5,5,PEPSICO_2023_8K_dated_2023_05_30_0001,PEPSICO_2023_8K_dated_2023_05_30_0001|PEPSICO_2023_8K_dated_2023_05_30_0002|PEPSICO_2023_8K_dated_2023_05_30_0004|PEPSICO_2023_8K_dated_2023_05_30_0150|PEPSICO_2023_8K_dated_2023_05_30_0148,yes,correct
FinanceBench::hybrid_pageindex_chunk_rerank_linq_embed_mistral_top_m_10::financebench_id_00603::top_1,FinanceBench,hybrid_pageindex_chunk_rerank_linq_embed_mistral_top_m_10,hybrid_pageindex_chunk_rerank,Linq-AI-Research/Linq-Embed-Mistral,chunk_rerank,10,financebench_id_00603,financebench_id_00603,ULTABEAUTY_2023Q4_EARNINGS,top_1,1,ULTABEAUTY_2023Q4_EARNINGS_0003,ULTABEAUTY_2023_10K_0013,no,correct
FinanceBench::hybrid_pageindex_chunk_rerank_linq_embed_mistral_top_m_10::financebench_id_00566::top_5,FinanceBench,hybrid_pageindex_chunk_rerank_linq_embed_mistral_top_m_10,hybrid_pageindex_chunk_rerank,Linq-AI-Research/Linq-Embed-Mistral,chunk_rerank,10,financebench_id_00566,financebench_id_00566,VERIZON_2022_10K,top_5,5,VERIZON_2022_10K_0068_intro,VERIZON_2022_10K_0154|VERIZON_2022_10K_0010|VERIZON_2022_10K_0153|VERIZON_2022_10K_0011|VERIZON_2022_10K_0003,no,partially_correct
FinanceBench::bm25::financebench_id_01226::top_5,FinanceBench,bm25,bm25,,standard,,financebench_id_01226,financebench_id_01226,3M_2022_10K,top_5,5,3M_2022_10K_0012,3M_2018_10K_0016|PEPSICO_2021_10K_0083|3M_2022_10K_0011|AES_2022_10K_0164|3M_2018_10K_0015,no,correct
FinanceBench::bm25::financebench_id_01928::top_1,FinanceBench,bm25,bm25,,standard,,financebench_id_01928,financebench_id_01928,AMCOR_2023Q4_EARNINGS,top_1,1,AMCOR_2023Q4_EARNINGS_0018,AMCOR_2023Q4_EARNINGS_0011,no,correct
FinanceBench::bm25::financebench_id_01930::top_5,FinanceBench,bm25,bm25,,standard,,financebench_id_01930,financebench_id_01930,AMCOR_2023Q4_EARNINGS,top_5,5,AMCOR_2023Q4_EARNINGS_0017,AMCOR_2023Q2_10Q_0016|AES_2022_10K_0168|JOHNSON_JOHNSON_2023_8K_dated_2023_08_30_0008|AMCOR_2023Q4_EARNINGS_0000|AMCOR_2023Q4_EARNINGS_0018,no,no_answer
FinanceBench::bm25::financebench_id_00917::top_1,FinanceBench,bm25,bm25,,standard,,financebench_id_00917,financebench_id_00917,AMD_2022_10K,top_1,1,AMD_2022_10K_0012,AMD_2022_10K_0012,yes,correct
FinanceBench::bm25::financebench_id_00917::top_5,FinanceBench,bm25,bm25,,standard,,financebench_id_00917,financebench_id_00917,AMD_2022_10K,top_5,5,AMD_2022_10K_0012,AMD_2022_10K_0012|PEPSICO_2021_10K_0083|AES_2022_10K_0164|GENERALMILLS_2020_10K_0010|MICROSOFT_2023_10K_0012,yes,correct
FinanceBench::bm25::financebench_id_00685::top_1,FinanceBench,bm25,bm25,,standard,,financebench_id_00685,financebench_id_00685,BESTBUY_2023_10K,top_1,1,BESTBUY_2023_10K_0014,BESTBUY_2019_10K_0026_intro,no,no_answer
FinanceBench::bm25::financebench_id_00685::top_5,FinanceBench,bm25,bm25,,standard,,financebench_id_00685,financebench_id_00685,BESTBUY_2023_10K,top_5,5,BESTBUY_2023_10K_0014,BESTBUY_2019_10K_0026_intro|BESTBUY_2017_10K_0027_intro|BESTBUY_2017_10K_0025|BESTBUY_2019_10K_0019_intro|COCACOLA_2021_10K_0119,no,correct
FinanceBench::bm25::financebench_id_03838::top_5,FinanceBench,bm25,bm25,,standard,,financebench_id_03838,financebench_id_03838,BLOCK_2020_10K,top_5,5,BLOCK_2020_10K_0071,BLOCK_2020_10K_0064|BLOCK_2020_10K_0165|BLOCK_2020_10K_0166|BLOCK_2020_10K_0167|BLOCK_2020_10K_0008,no,correct
FinanceBench::bm25::financebench_id_00494::top_5,FinanceBench,bm25,bm25,,standard,,financebench_id_00494,financebench_id_00494,BOEING_2022_10K,top_5,5,BOEING_2022_10K_0007,BOEING_2022_10K_0005|BOEING_2022_10K_0006|BOEING_2022_10K_0015|BOEING_2022_10K_0007|BESTBUY_2019_10K_0050,yes,correct
FinanceBench::bm25::financebench_id_02981::top_5,FinanceBench,bm25,bm25,,standard,,financebench_id_02981,financebench_id_02981,CORNING_2021_10K,top_5,5,CORNING_2021_10K_0140,AMD_2022_10K_0012|GENERALMILLS_2020_10K_0088|CORNING_2022_10K_0148|CORNING_2021_10K_0140|AES_2022_10K_0164,yes,correct
FinanceBench::bm25::financebench_id_00005::top_5,FinanceBench,bm25,bm25,,standard,,financebench_id_00005,financebench_id_00005,CORNING_2022_10K,top_5,5,CORNING_2022_10K_0130,PEPSICO_2021_10K_0098|CORNING_2021_10K_0098|PEPSICO_2022_10K_0063|CORNING_2022_10K_0087|LOCKHEEDMARTIN_2021_10K_0049,no,no_answer
FinanceBench::bm25::financebench_id_01487::top_1,FinanceBench,bm25,bm25,,standard,,financebench_id_01487,financebench_id_01487,JOHNSON_JOHNSON_2023Q2_EARNINGS,top_1,1,JOHNSON_JOHNSON_2023Q2_EARNINGS_0012,JOHNSON_JOHNSON_2023Q2_EARNINGS_0000,no,correct
FinanceBench::bm25::financebench_id_01487::top_5,FinanceBench,bm25,bm25,,standard,,financebench_id_01487,financebench_id_01487,JOHNSON_JOHNSON_2023Q2_EARNINGS,top_5,5,JOHNSON_JOHNSON_2023Q2_EARNINGS_0012,JOHNSON_JOHNSON_2023Q2_EARNINGS_0000|JOHNSON_JOHNSON_2023_8K_dated_2023_08_30_0018|JOHNSON_JOHNSON_2023_8K_dated_2023_08_30_0016|JOHNSON_JOHNSON_2023Q2_EARNINGS_0001|JOHNSON_JOHNSON_2023Q2_EARNINGS_0002,no,incorrect
FinanceBench::bm25::financebench_id_00702::top_5,FinanceBench,bm25,bm25,,standard,,financebench_id_00702,financebench_id_00702,PFIZER_2021_10K,top_5,5,PFIZER_2021_10K_0036,NIKE_2019_10K_0024|PFIZER_2021_10K_0044|3M_2018_10K_0035|PFIZER_2021_10K_0026|WALMART_2019_10K_0011,no,correct
FinanceBench::bm25::financebench_id_00603::top_5,FinanceBench,bm25,bm25,,standard,,financebench_id_00603,financebench_id_00603,ULTABEAUTY_2023Q4_EARNINGS,top_5,5,ULTABEAUTY_2023Q4_EARNINGS_0003,ULTABEAUTY_2023Q4_EARNINGS_0003|ULTABEAUTY_2023Q4_EARNINGS_0009|ULTABEAUTY_2023_10K_0013|BESTBUY_2017_10K_0022|ULTABEAUTY_2023_10K_0027,yes,correct
FinanceBench::bm25::financebench_id_00605::top_5,FinanceBench,bm25,bm25,,standard,,financebench_id_00605,financebench_id_00605,ULTABEAUTY_2023Q4_EARNINGS,top_5,5,ULTABEAUTY_2023Q4_EARNINGS_0004,ULTABEAUTY_2023_10K_0011|ULTABEAUTY_2023_10K_0029|ULTABEAUTY_2023_10K_0027|ULTABEAUTY_2023_10K_0002|ULTABEAUTY_2023_10K_0003,no,no_answer
FinanceBench::bm25::financebench_id_00606::top_5,FinanceBench,bm25,bm25,,standard,,financebench_id_00606,financebench_id_00606,ULTABEAUTY_2023Q4_EARNINGS,top_5,5,ULTABEAUTY_2023Q4_EARNINGS_0002,JOHNSON_JOHNSON_2022Q4_EARNINGS_0014|JOHNSON_JOHNSON_2022Q4_EARNINGS_0015|3M_2018_10K_0014|ULTABEAUTY_2023Q4_EARNINGS_0009|ULTABEAUTY_2023_10K_0013,no,no_answer
FinanceBench::bm25::financebench_id_04784::top_1,FinanceBench,bm25,bm25,,standard,,financebench_id_04784,financebench_id_04784,WALMART_2019_10K,top_1,1,WALMART_2019_10K_0013,WALMART_2019_10K_0010,no,correct
FinanceBench::dense_harrier_oss_v1_0_6b::financebench_id_01226::top_5,FinanceBench,dense_harrier_oss_v1_0_6b,dense,microsoft/harrier-oss-v1-0.6b,standard,,financebench_id_01226,financebench_id_01226,3M_2022_10K,top_5,5,3M_2022_10K_0012,3M_2022_10K_0011|3M_2023Q2_10Q_0025|3M_2022_10K_0013|3M_2022_10K_0012|CORNING_2022_10K_0080_intro,yes,correct
FinanceBench::dense_harrier_oss_v1_0_6b::financebench_id_00807::top_1,FinanceBench,dense_harrier_oss_v1_0_6b,dense,microsoft/harrier-oss-v1-0.6b,standard,,financebench_id_00807,financebench_id_00807,3M_2023Q2_10Q,top_1,1,3M_2023Q2_10Q_0006,3M_2023Q2_10Q_0028,no,no_answer
FinanceBench::dense_harrier_oss_v1_0_6b::financebench_id_01858::top_5,FinanceBench,dense_harrier_oss_v1_0_6b,dense,microsoft/harrier-oss-v1-0.6b,standard,,financebench_id_01858,financebench_id_01858,3M_2023Q2_10Q,top_5,5,3M_2023Q2_10Q_0025,AMCOR_2023Q2_10Q_0002|3M_2018_10K_0012|AES_2022_10K_0161|3M_2023Q2_10Q_0028|3M_2023Q2_10Q_0025,yes,correct
FinanceBench::dense_harrier_oss_v1_0_6b::financebench_id_07507::top_1,FinanceBench,dense_harrier_oss_v1_0_6b,dense,microsoft/harrier-oss-v1-0.6b,standard,,financebench_id_07507,financebench_id_07507,ADOBE_2016_10K,top_1,1,ADOBE_2016_10K_0014_intro,ADOBE_2016_10K_0016,no,correct
FinanceBench::dense_harrier_oss_v1_0_6b::financebench_id_00438::top_5,FinanceBench,dense_harrier_oss_v1_0_6b,dense,microsoft/harrier-oss-v1-0.6b,standard,,financebench_id_00438,financebench_id_00438,ADOBE_2022_10K,top_5,5,ADOBE_2022_10K_0013,ADOBE_2022_10K_0002|JOHNSON_JOHNSON_2022Q4_EARNINGS_0003_intro|CORNING_2022_10K_0080_intro|ADOBE_2016_10K_0002|ADOBE_2022_10K_0011,no,correct
FinanceBench::dense_harrier_oss_v1_0_6b::financebench_id_00591::top_5,FinanceBench,dense_harrier_oss_v1_0_6b,dense,microsoft/harrier-oss-v1-0.6b,standard,,financebench_id_00591,financebench_id_00591,ADOBE_2022_10K,top_5,5,ADOBE_2022_10K_0013,ADOBE_2022_10K_0011|ADOBE_2022_10K_0002|ADOBE_2022_10K_0013|ADOBE_2016_10K_0021|ADOBE_2016_10K_0002,yes,correct
FinanceBench::dense_harrier_oss_v1_0_6b::financebench_id_08135::top_1,FinanceBench,dense_harrier_oss_v1_0_6b,dense,microsoft/harrier-oss-v1-0.6b,standard,,financebench_id_08135,financebench_id_08135,AMAZON_2017_10K,top_1,1,AMAZON_2017_10K_0013,AMAZON_2017_10K_0011,no,correct
FinanceBench::dense_harrier_oss_v1_0_6b::financebench_id_01936::top_1,FinanceBench,dense_harrier_oss_v1_0_6b,dense,microsoft/harrier-oss-v1-0.6b,standard,,financebench_id_01936,financebench_id_01936,AMCOR_2023Q2_10Q,top_1,1,AMCOR_2023Q2_10Q_0011,AMCOR_2023_10K_0010,no,partially_correct
FinanceBench::dense_harrier_oss_v1_0_6b::financebench_id_01079::top_5,FinanceBench,dense_harrier_oss_v1_0_6b,dense,microsoft/harrier-oss-v1-0.6b,standard,,financebench_id_01079,financebench_id_01079,AMCOR_2023_10K,top_5,5,AMCOR_2023_10K_0019,CORNING_2021_10K_0160|PAYPAL_2022_10K_0076_intro|AMCOR_2023Q2_10Q_0001|AMCOR_2023_10K_0010|AMCOR_2023Q4_EARNINGS_0001_intro,no,incorrect
FinanceBench::dense_harrier_oss_v1_0_6b::financebench_id_00684::top_1,FinanceBench,dense_harrier_oss_v1_0_6b,dense,microsoft/harrier-oss-v1-0.6b,standard,,financebench_id_00684,financebench_id_00684,AMCOR_2023_10K,top_1,1,AMCOR_2023_10K_0014,AMCOR_2023_10K_0010,no,correct
FinanceBench::dense_harrier_oss_v1_0_6b::financebench_id_00684::top_5,FinanceBench,dense_harrier_oss_v1_0_6b,dense,microsoft/harrier-oss-v1-0.6b,standard,,financebench_id_00684,financebench_id_00684,AMCOR_2023_10K,top_5,5,AMCOR_2023_10K_0014,AMCOR_2023_10K_0010|AMCOR_2023Q4_EARNINGS_0011|AMCOR_2023Q4_EARNINGS_0005|NIKE_2023_10K_0007|CORNING_2021_10K_0064,no,correct
FinanceBench::dense_harrier_oss_v1_0_6b::financebench_id_00222::top_5,FinanceBench,dense_harrier_oss_v1_0_6b,dense,microsoft/harrier-oss-v1-0.6b,standard,,financebench_id_00222,financebench_id_00222,AMD_2022_10K,top_5,5,AMD_2022_10K_0014,PFIZER_2023Q2_10Q_0010|AMD_2022_10K_0012|AMD_2022_10K_0003|AMD_2022_10K_0014|PFIZER_2021_10K_0027,yes,correct
FinanceBench::dense_harrier_oss_v1_0_6b::financebench_id_00917::top_1,FinanceBench,dense_harrier_oss_v1_0_6b,dense,microsoft/harrier-oss-v1-0.6b,standard,,financebench_id_00917,financebench_id_00917,AMD_2022_10K,top_1,1,AMD_2022_10K_0012,AMD_2022_10K_0012,yes,correct
FinanceBench::dense_harrier_oss_v1_0_6b::financebench_id_00917::top_5,FinanceBench,dense_harrier_oss_v1_0_6b,dense,microsoft/harrier-oss-v1-0.6b,standard,,financebench_id_00917,financebench_id_00917,AMD_2022_10K,top_5,5,AMD_2022_10K_0012,AMD_2022_10K_0012|JOHNSON_JOHNSON_2022Q4_EARNINGS_0003_intro|CORNING_2022_10K_0080_intro|CORNING_2021_10K_0061_intro|AES_2022_10K_0164,yes,correct
FinanceBench::dense_harrier_oss_v1_0_6b::financebench_id_00476::top_1,FinanceBench,dense_harrier_oss_v1_0_6b,dense,microsoft/harrier-oss-v1-0.6b,standard,,financebench_id_00476,financebench_id_00476,AMERICANEXPRESS_2022_10K,top_1,1,AMERICANEXPRESS_2022_10K_0000,AMERICANEXPRESS_2022_10K_0000,yes,correct
FinanceBench::dense_harrier_oss_v1_0_6b::financebench_id_00723::top_5,FinanceBench,dense_harrier_oss_v1_0_6b,dense,microsoft/harrier-oss-v1-0.6b,standard,,financebench_id_00723,financebench_id_00723,AMERICANEXPRESS_2022_10K,top_5,5,AMERICANEXPRESS_2022_10K_0028,CORNING_2022_10K_0080_intro|JPMORGAN_2023Q2_10Q_0044_intro|AMERICANEXPRESS_2022_10K_0016|JPMORGAN_2022Q2_10Q_0049_intro|JOHNSON_JOHNSON_2022Q4_EARNINGS_0003_intro,no,no_answer
FinanceBench::dense_harrier_oss_v1_0_6b::financebench_id_00720::top_5,FinanceBench,dense_harrier_oss_v1_0_6b,dense,microsoft/harrier-oss-v1-0.6b,standard,,financebench_id_00720,financebench_id_00720,AMERICANEXPRESS_2022_10K,top_5,5,AMERICANEXPRESS_2022_10K_0028,CORNING_2021_10K_0064|AMERICANEXPRESS_2022_10K_0016|JOHNSON_JOHNSON_2022Q4_EARNINGS_0003_intro|AMERICANEXPRESS_2022_10K_0003|AMERICANEXPRESS_2022_10K_0115,no,correct
FinanceBench::dense_harrier_oss_v1_0_6b::financebench_id_02608::top_5,FinanceBench,dense_harrier_oss_v1_0_6b,dense,microsoft/harrier-oss-v1-0.6b,standard,,financebench_id_02608,financebench_id_02608,BESTBUY_2017_10K,top_5,5,BESTBUY_2017_10K_0068,BESTBUY_2017_10K_0011|BESTBUY_2017_10K_0013|BESTBUY_2017_10K_0149|BESTBUY_2019_10K_0013|BESTBUY_2019_10K_0019_intro,no,correct
FinanceBench::dense_harrier_oss_v1_0_6b::financebench_id_00685::top_1,FinanceBench,dense_harrier_oss_v1_0_6b,dense,microsoft/harrier-oss-v1-0.6b,standard,,financebench_id_00685,financebench_id_00685,BESTBUY_2023_10K,top_1,1,BESTBUY_2023_10K_0014,BESTBUY_2024Q2_10Q_0009,no,no_answer
FinanceBench::dense_harrier_oss_v1_0_6b::financebench_id_01226::top_1,FinanceBench,dense_harrier_oss_v1_0_6b,dense,microsoft/harrier-oss-v1-0.6b,standard,,financebench_id_01226,financebench_id_01226,3M_2022_10K,top_1,1,3M_2022_10K_0012,3M_2022_10K_0011,no,correct
FinanceBench::dense_harrier_oss_v1_0_6b::financebench_id_00685::top_5,FinanceBench,dense_harrier_oss_v1_0_6b,dense,microsoft/harrier-oss-v1-0.6b,standard,,financebench_id_00685,financebench_id_00685,BESTBUY_2023_10K,top_5,5,BESTBUY_2023_10K_0014,BESTBUY_2024Q2_10Q_0009|CORNING_2021_10K_0064|BESTBUY_2019_10K_0019_intro|BESTBUY_2023_10K_0012|BESTBUY_2017_10K_0020_intro,no,correct
FinanceBench::dense_harrier_oss_v1_0_6b::financebench_id_01077::top_5,FinanceBench,dense_harrier_oss_v1_0_6b,dense,microsoft/harrier-oss-v1-0.6b,standard,,financebench_id_01077,financebench_id_01077,BESTBUY_2023_10K,top_5,5,BESTBUY_2023_10K_0014,CORNING_2021_10K_0160|BESTBUY_2023_10K_0012|BESTBUY_2023_10K_0002|BESTBUY_2024Q2_10Q_0002|PAYPAL_2022_10K_0076_intro,no,correct
FinanceBench::dense_harrier_oss_v1_0_6b::financebench_id_03838::top_5,FinanceBench,dense_harrier_oss_v1_0_6b,dense,microsoft/harrier-oss-v1-0.6b,standard,,financebench_id_03838,financebench_id_03838,BLOCK_2020_10K,top_5,5,BLOCK_2020_10K_0071,BLOCK_2020_10K_0071|BLOCK_2020_10K_0064|JPMORGAN_2021Q1_10Q_0049|NIKE_2023_10K_0007|CORNING_2021_10K_0061_intro,yes,correct
FinanceBench::dense_harrier_oss_v1_0_6b::financebench_id_01091::top_1,FinanceBench,dense_harrier_oss_v1_0_6b,dense,microsoft/harrier-oss-v1-0.6b,standard,,financebench_id_01091,financebench_id_01091,BOEING_2022_10K,top_1,1,BOEING_2022_10K_0044,BOEING_2022_10K_0044,yes,correct
FinanceBench::dense_harrier_oss_v1_0_6b::financebench_id_01091::top_5,FinanceBench,dense_harrier_oss_v1_0_6b,dense,microsoft/harrier-oss-v1-0.6b,standard,,financebench_id_01091,financebench_id_01091,BOEING_2022_10K,top_5,5,BOEING_2022_10K_0044,BOEING_2022_10K_0044|BOEING_2022_10K_0006|BOEING_2022_10K_0002|NIKE_2019_10K_0019|PAYPAL_2022_10K_0126,yes,incorrect
FinanceBench::dense_harrier_oss_v1_0_6b::financebench_id_00678::top_1,FinanceBench,dense_harrier_oss_v1_0_6b,dense,microsoft/harrier-oss-v1-0.6b,standard,,financebench_id_00678,financebench_id_00678,BOEING_2022_10K,top_1,1,BOEING_2022_10K_0018,BOEING_2022_10K_0015,no,correct
FinanceBench::dense_harrier_oss_v1_0_6b::financebench_id_00678::top_5,FinanceBench,dense_harrier_oss_v1_0_6b,dense,microsoft/harrier-oss-v1-0.6b,standard,,financebench_id_00678,financebench_id_00678,BOEING_2022_10K,top_5,5,BOEING_2022_10K_0018,BOEING_2022_10K_0015|CORNING_2021_10K_0064|BOEING_2022_10K_0006|BOEING_2022_10K_0023|BOEING_2018_10K_0011,no,correct
FinanceBench::dense_harrier_oss_v1_0_6b::financebench_id_00494::top_5,FinanceBench,dense_harrier_oss_v1_0_6b,dense,microsoft/harrier-oss-v1-0.6b,standard,,financebench_id_00494,financebench_id_00494,BOEING_2022_10K,top_5,5,BOEING_2022_10K_0007,BOEING_2022_10K_0002|BOEING_2022_10K_0015|BOEING_2022_10K_0006|CORNING_2022_10K_0061|BOEING_2022_10K_0007,yes,correct
FinanceBench::dense_harrier_oss_v1_0_6b::financebench_id_09724::top_1,FinanceBench,dense_harrier_oss_v1_0_6b,dense,microsoft/harrier-oss-v1-0.6b,standard,,financebench_id_09724,financebench_id_09724,COCACOLA_2021_10K,top_1,1,COCACOLA_2021_10K_0016,COCACOLA_2021_10K_0016,yes,correct
FinanceBench::dense_harrier_oss_v1_0_6b::financebench_id_09724::top_5,FinanceBench,dense_harrier_oss_v1_0_6b,dense,microsoft/harrier-oss-v1-0.6b,standard,,financebench_id_09724,financebench_id_09724,COCACOLA_2021_10K,top_5,5,COCACOLA_2021_10K_0016,COCACOLA_2021_10K_0016|COCACOLA_2021_10K_0017|COCACOLA_2021_10K_0018|COCACOLA_2021_10K_0031|COCACOLA_2021_10K_0052,yes,correct
FinanceBench::dense_harrier_oss_v1_0_6b::financebench_id_02981::top_1,FinanceBench,dense_harrier_oss_v1_0_6b,dense,microsoft/harrier-oss-v1-0.6b,standard,,financebench_id_02981,financebench_id_02981,CORNING_2021_10K,top_1,1,CORNING_2021_10K_0140,CORNING_2021_10K_0061_intro,no,incorrect
FinanceBench::dense_harrier_oss_v1_0_6b::financebench_id_00822::top_5,FinanceBench,dense_harrier_oss_v1_0_6b,dense,microsoft/harrier-oss-v1-0.6b,standard,,financebench_id_00822,financebench_id_00822,FOOTLOCKER_2022_8K_dated-2022-05-20,top_5,5,FOOTLOCKER_2022_8K_dated_2022_05_20_0001,FOOTLOCKER_2022_8K_dated_2022_05_20_0001|PEPSICO_2023_8K_dated_2023_05_05_0001|PEPSICO_2022_10K_0065|AMCOR_2020_10K_0147|PEPSICO_2021_10K_0069,yes,partially_correct
FinanceBench::dense_harrier_oss_v1_0_6b::financebench_id_00956::top_5,FinanceBench,dense_harrier_oss_v1_0_6b,dense,microsoft/harrier-oss-v1-0.6b,standard,,financebench_id_00956,financebench_id_00956,JOHNSON_JOHNSON_2022_10K,top_5,5,JOHNSON_JOHNSON_2022_10K_0024,JOHNSON_JOHNSON_2023_8K_dated_2023_08_30_0009|JOHNSON_JOHNSON_2023_8K_dated_2023_08_30_0020|JOHNSON_JOHNSON_2022_10K_0024|JOHNSON_JOHNSON_2022Q4_EARNINGS_0008|JOHNSON_JOHNSON_2023_8K_dated_2023_08_30_0004_intro,yes,correct
FinanceBench::dense_harrier_oss_v1_0_6b::financebench_id_01487::top_1,FinanceBench,dense_harrier_oss_v1_0_6b,dense,microsoft/harrier-oss-v1-0.6b,standard,,financebench_id_01487,financebench_id_01487,JOHNSON_JOHNSON_2023Q2_EARNINGS,top_1,1,JOHNSON_JOHNSON_2023Q2_EARNINGS_0012,JOHNSON_JOHNSON_2023_8K_dated_2023_08_30_0020,no,partially_correct
FinanceBench::dense_harrier_oss_v1_0_6b::financebench_id_01487::top_5,FinanceBench,dense_harrier_oss_v1_0_6b,dense,microsoft/harrier-oss-v1-0.6b,standard,,financebench_id_01487,financebench_id_01487,JOHNSON_JOHNSON_2023Q2_EARNINGS,top_5,5,JOHNSON_JOHNSON_2023Q2_EARNINGS_0012,JOHNSON_JOHNSON_2023_8K_dated_2023_08_30_0020|JOHNSON_JOHNSON_2023Q2_EARNINGS_0003_intro|NIKE_2023_10K_0007|JOHNSON_JOHNSON_2023Q2_EARNINGS_0000|JOHNSON_JOHNSON_2022Q4_EARNINGS_0008,no,correct
FinanceBench::dense_harrier_oss_v1_0_6b::financebench_id_03718::top_5,FinanceBench,dense_harrier_oss_v1_0_6b,dense,microsoft/harrier-oss-v1-0.6b,standard,,financebench_id_03718,financebench_id_03718,LOCKHEEDMARTIN_2022_10K,top_5,5,LOCKHEEDMARTIN_2022_10K_0020,LOCKHEEDMARTIN_2021_10K_0025|LOCKHEEDMARTIN_2022_10K_0012|LOCKHEEDMARTIN_2021_10K_0026|LOCKHEEDMARTIN_2022_10K_0105|LOCKHEEDMARTIN_2021_10K_0012,no,correct
FinanceBench::dense_harrier_oss_v1_0_6b::financebench_id_04302::top_5,FinanceBench,dense_harrier_oss_v1_0_6b,dense,microsoft/harrier-oss-v1-0.6b,standard,,financebench_id_04302,financebench_id_04302,NIKE_2018_10K,top_5,5,NIKE_2018_10K_0026,NIKE_2019_10K_0024|NIKE_2019_10K_0023|NIKE_2023_10K_0024|NIKE_2018_10K_0024|NIKE_2018_10K_0008,no,correct
FinanceBench::dense_harrier_oss_v1_0_6b::financebench_id_00080::top_5,FinanceBench,dense_harrier_oss_v1_0_6b,dense,microsoft/harrier-oss-v1-0.6b,standard,,financebench_id_00080,financebench_id_00080,PAYPAL_2022_10K,top_5,5,PAYPAL_2022_10K_0034,CORNING_2022_10K_0087|PAYPAL_2022_10K_0002|CORNING_2021_10K_0098|PAYPAL_2022_10K_0034|PAYPAL_2022_10K_0112,yes,partially_correct
FinanceBench::dense_harrier_oss_v1_0_6b::financebench_id_04980::top_1,FinanceBench,dense_harrier_oss_v1_0_6b,dense,microsoft/harrier-oss-v1-0.6b,standard,,financebench_id_04980,financebench_id_04980,PEPSICO_2021_10K,top_1,1,PEPSICO_2021_10K_0123,CORNING_2021_10K_0095,no,incorrect
FinanceBench::dense_harrier_oss_v1_0_6b::financebench_id_04980::top_5,FinanceBench,dense_harrier_oss_v1_0_6b,dense,microsoft/harrier-oss-v1-0.6b,standard,,financebench_id_04980,financebench_id_04980,PEPSICO_2021_10K,top_5,5,PEPSICO_2021_10K_0123,CORNING_2021_10K_0095|CORNING_2022_10K_0096|PEPSICO_2023Q1_EARNINGS_0004|PEPSICO_2022_10K_0108|PEPSICO_2021_10K_0109,no,incorrect
FinanceBench::dense_harrier_oss_v1_0_6b::financebench_id_01328::top_5,FinanceBench,dense_harrier_oss_v1_0_6b,dense,microsoft/harrier-oss-v1-0.6b,standard,,financebench_id_01328,financebench_id_01328,PEPSICO_2022_10K,top_5,5,PEPSICO_2022_10K_0150,JOHNSON_JOHNSON_2022_10K_0100|PEPSICO_2022_10K_0191|PEPSICO_2022_10K_0150|AMERICANEXPRESS_2022_10K_0106|AMCOR_2020_10K_0061,yes,incorrect
FinanceBench::dense_harrier_oss_v1_0_6b::financebench_id_00882::top_5,FinanceBench,dense_harrier_oss_v1_0_6b,dense,microsoft/harrier-oss-v1-0.6b,standard,,financebench_id_00882,financebench_id_00882,PEPSICO_2023_8K_dated-2023-05-30,top_5,5,PEPSICO_2023_8K_dated_2023_05_30_0001,PEPSICO_2023_8K_dated_2023_05_30_0001|PEPSICO_2023_8K_dated_2023_05_30_0004|PEPSICO_2021_10K_0167|PEPSICO_2023_8K_dated_2023_05_30_0153|PEPSICO_2023_8K_dated_2023_05_30_0071,yes,correct
FinanceBench::dense_harrier_oss_v1_0_6b::financebench_id_00702::top_5,FinanceBench,dense_harrier_oss_v1_0_6b,dense,microsoft/harrier-oss-v1-0.6b,standard,,financebench_id_00702,financebench_id_00702,PFIZER_2021_10K,top_5,5,PFIZER_2021_10K_0036,NIKE_2023_10K_0007|PFIZER_2021_10K_0026|PFIZER_2023Q2_10Q_0002|PFIZER_2021_10K_0019|PFIZER_2021_10K_0029_intro,no,correct
FinanceBench::dense_harrier_oss_v1_0_6b::financebench_id_00216::top_1,FinanceBench,dense_harrier_oss_v1_0_6b,dense,microsoft/harrier-oss-v1-0.6b,standard,,financebench_id_00216,financebench_id_00216,VERIZON_2022_10K,top_1,1,VERIZON_2022_10K_0018,VERIZON_2022_10K_0018,yes,no_answer
FinanceBench::dense_harrier_oss_v1_0_6b::financebench_id_00216::top_5,FinanceBench,dense_harrier_oss_v1_0_6b,dense,microsoft/harrier-oss-v1-0.6b,standard,,financebench_id_00216,financebench_id_00216,VERIZON_2022_10K,top_5,5,VERIZON_2022_10K_0018,VERIZON_2022_10K_0018|VERIZON_2022_10K_0015|VERIZON_2022_10K_0019|VERIZON_2022_10K_0009|VERIZON_2022_10K_0070,yes,correct
FinanceBench::dense_linq_embed_mistral::financebench_id_01226::top_1,FinanceBench,dense_linq_embed_mistral,dense,Linq-AI-Research/Linq-Embed-Mistral,standard,,financebench_id_01226,financebench_id_01226,3M_2022_10K,top_1,1,3M_2022_10K_0012,3M_2022_10K_0012,yes,correct
FinanceBench::dense_linq_embed_mistral::financebench_id_01226::top_5,FinanceBench,dense_linq_embed_mistral,dense,Linq-AI-Research/Linq-Embed-Mistral,standard,,financebench_id_01226,financebench_id_01226,3M_2022_10K,top_5,5,3M_2022_10K_0012,3M_2022_10K_0012|3M_2023Q2_10Q_0026|3M_2023Q2_10Q_0024|CORNING_2021_10K_0064|CORNING_2022_10K_0064,yes,correct
FinanceBench::dense_linq_embed_mistral::financebench_id_01858::top_5,FinanceBench,dense_linq_embed_mistral,dense,Linq-AI-Research/Linq-Embed-Mistral,standard,,financebench_id_01858,financebench_id_01858,3M_2023Q2_10Q,top_5,5,3M_2023Q2_10Q_0025,CORNING_2022_10K_0095|LOCKHEEDMARTIN_2022_10K_0082|3M_2022_10K_0008|JPMORGAN_2022_10K_0110|3M_2022_10K_0009,no,correct
FinanceBench::dense_linq_embed_mistral::financebench_id_07507::top_5,FinanceBench,dense_linq_embed_mistral,dense,Linq-AI-Research/Linq-Embed-Mistral,standard,,financebench_id_07507,financebench_id_07507,ADOBE_2016_10K,top_5,5,ADOBE_2016_10K_0014_intro,ADOBE_2016_10K_0016|ADOBE_2016_10K_0017|ADOBE_2016_10K_0036|ADOBE_2016_10K_0038|ADOBE_2016_10K_0019,no,correct
FinanceBench::dense_linq_embed_mistral::financebench_id_00591::top_5,FinanceBench,dense_linq_embed_mistral,dense,Linq-AI-Research/Linq-Embed-Mistral,standard,,financebench_id_00591,financebench_id_00591,ADOBE_2022_10K,top_5,5,ADOBE_2022_10K_0013,ADOBE_2016_10K_0019|PEPSICO_2022_10K_0109|PEPSICO_2021_10K_0110|ADOBE_2022_10K_0011|AMCOR_2023Q4_EARNINGS_0011,no,no_answer
FinanceBench::dense_linq_embed_mistral::financebench_id_08135::top_5,FinanceBench,dense_linq_embed_mistral,dense,Linq-AI-Research/Linq-Embed-Mistral,standard,,financebench_id_08135,financebench_id_08135,AMAZON_2017_10K,top_5,5,AMAZON_2017_10K_0013,AMAZON_2017_10K_0011|AMAZON_2017_10K_0010|CORNING_2022_10K_0080_intro|AMAZON_2019_10K_0014|BESTBUY_2017_10K_0031,no,correct
FinanceBench::dense_linq_embed_mistral::financebench_id_08286::top_5,FinanceBench,dense_linq_embed_mistral,dense,Linq-AI-Research/Linq-Embed-Mistral,standard,,financebench_id_08286,financebench_id_08286,AMAZON_2019_10K,top_5,5,AMAZON_2019_10K_0016,AMAZON_2019_10K_0000|AMAZON_2019_10K_0014|GENERALMILLS_2020_10K_0017|AMAZON_2019_10K_0001|AMAZON_2019_10K_0027,no,no_answer
FinanceBench::dense_linq_embed_mistral::financebench_id_01936::top_5,FinanceBench,dense_linq_embed_mistral,dense,Linq-AI-Research/Linq-Embed-Mistral,standard,,financebench_id_01936,financebench_id_01936,AMCOR_2023Q2_10Q,top_5,5,AMCOR_2023Q2_10Q_0011,AMCOR_2020_10K_0061|AMCOR_2020_10K_0058|AMCOR_2022_8K_dated_2022_07_01_0003|JOHNSON_JOHNSON_2022_10K_0100|PAYPAL_2022_10K_0142,no,partially_correct
FinanceBench::dense_linq_embed_mistral::financebench_id_01930::top_1,FinanceBench,dense_linq_embed_mistral,dense,Linq-AI-Research/Linq-Embed-Mistral,standard,,financebench_id_01930,financebench_id_01930,AMCOR_2023Q4_EARNINGS,top_1,1,AMCOR_2023Q4_EARNINGS_0017,AMCOR_2023Q4_EARNINGS_0004,no,correct
FinanceBench::dense_linq_embed_mistral::financebench_id_00684::top_1,FinanceBench,dense_linq_embed_mistral,dense,Linq-AI-Research/Linq-Embed-Mistral,standard,,financebench_id_00684,financebench_id_00684,AMCOR_2023_10K,top_1,1,AMCOR_2023_10K_0014,AMCOR_2023Q4_EARNINGS_0004,no,incorrect
FinanceBench::dense_linq_embed_mistral::financebench_id_00684::top_5,FinanceBench,dense_linq_embed_mistral,dense,Linq-AI-Research/Linq-Embed-Mistral,standard,,financebench_id_00684,financebench_id_00684,AMCOR_2023_10K,top_5,5,AMCOR_2023_10K_0014,AMCOR_2023Q4_EARNINGS_0004|AMCOR_2023Q4_EARNINGS_0003|AMCOR_2023Q4_EARNINGS_0000|AMCOR_2023Q4_EARNINGS_0013|AMCOR_2020_10K_0001,no,no_answer
FinanceBench::dense_linq_embed_mistral::financebench_id_00222::top_1,FinanceBench,dense_linq_embed_mistral,dense,Linq-AI-Research/Linq-Embed-Mistral,standard,,financebench_id_00222,financebench_id_00222,AMD_2022_10K,top_1,1,AMD_2022_10K_0014,AMD_2022_10K_0014,yes,correct
FinanceBench::dense_linq_embed_mistral::financebench_id_00222::top_5,FinanceBench,dense_linq_embed_mistral,dense,Linq-AI-Research/Linq-Embed-Mistral,standard,,financebench_id_00222,financebench_id_00222,AMD_2022_10K,top_5,5,AMD_2022_10K_0014,AMD_2022_10K_0014|AMD_2022_10K_0025|CORNING_2022_10K_0086_intro|AMD_2022_10K_0002|AMD_2022_10K_0012,yes,correct
FinanceBench::dense_linq_embed_mistral::financebench_id_00917::top_5,FinanceBench,dense_linq_embed_mistral,dense,Linq-AI-Research/Linq-Embed-Mistral,standard,,financebench_id_00917,financebench_id_00917,AMD_2022_10K,top_5,5,AMD_2022_10K_0012,AMD_2022_10K_0002|AMD_2022_10K_0025|CORNING_2022_10K_0064|AMD_2022_10K_0014|AMD_2022_10K_0003,no,correct
FinanceBench::dense_linq_embed_mistral::financebench_id_01028::top_1,FinanceBench,dense_linq_embed_mistral,dense,Linq-AI-Research/Linq-Embed-Mistral,standard,,financebench_id_01028,financebench_id_01028,AMERICANEXPRESS_2022_10K,top_1,1,AMERICANEXPRESS_2022_10K_0116,AMERICANEXPRESS_2022_10K_0009,no,no_answer
FinanceBench::dense_linq_embed_mistral::financebench_id_00720::top_5,FinanceBench,dense_linq_embed_mistral,dense,Linq-AI-Research/Linq-Embed-Mistral,standard,,financebench_id_00720,financebench_id_00720,AMERICANEXPRESS_2022_10K,top_5,5,AMERICANEXPRESS_2022_10K_0028,CORNING_2022_10K_0064|CORNING_2021_10K_0064|AMERICANEXPRESS_2022_10K_0015|AMERICANEXPRESS_2022_10K_0016|AMERICANEXPRESS_2022_10K_0017,no,correct
FinanceBench::dense_linq_embed_mistral::financebench_id_01964::top_5,FinanceBench,dense_linq_embed_mistral,dense,Linq-AI-Research/Linq-Embed-Mistral,standard,,financebench_id_01964,financebench_id_01964,AMERICANEXPRESS_2022_10K,top_5,5,AMERICANEXPRESS_2022_10K_0028,AMERICANEXPRESS_2022_10K_0098|AMERICANEXPRESS_2022_10K_0075_intro|AMERICANEXPRESS_2022_10K_0113|JPMORGAN_2023Q2_10Q_0124|JPMORGAN_2022Q2_10Q_0130,no,no_answer
FinanceBench::dense_linq_embed_mistral::financebench_id_02608::top_1,FinanceBench,dense_linq_embed_mistral,dense,Linq-AI-Research/Linq-Embed-Mistral,standard,,financebench_id_02608,financebench_id_02608,BESTBUY_2017_10K,top_1,1,BESTBUY_2017_10K_0068,BESTBUY_2017_10K_0020_intro,no,correct
FinanceBench::dense_linq_embed_mistral::financebench_id_00685::top_1,FinanceBench,dense_linq_embed_mistral,dense,Linq-AI-Research/Linq-Embed-Mistral,standard,,financebench_id_00685,financebench_id_00685,BESTBUY_2023_10K,top_1,1,BESTBUY_2023_10K_0014,BESTBUY_2019_10K_0019_intro,no,correct
FinanceBench::dense_linq_embed_mistral::financebench_id_00685::top_5,FinanceBench,dense_linq_embed_mistral,dense,Linq-AI-Research/Linq-Embed-Mistral,standard,,financebench_id_00685,financebench_id_00685,BESTBUY_2023_10K,top_5,5,BESTBUY_2023_10K_0014,BESTBUY_2019_10K_0019_intro|BESTBUY_2017_10K_0020_intro|BESTBUY_2017_10K_0011|BESTBUY_2017_10K_0149|BESTBUY_2017_10K_0010,no,correct
FinanceBench::dense_linq_embed_mistral::financebench_id_04660::top_5,FinanceBench,dense_linq_embed_mistral,dense,Linq-AI-Research/Linq-Embed-Mistral,standard,,financebench_id_04660,financebench_id_04660,BLOCK_2016_10K,top_5,5,BLOCK_2016_10K_0058,CORNING_2021_10K_0098|BLOCK_2020_10K_0070|BLOCK_2016_10K_0058|BLOCK_2020_10K_0109|BESTBUY_2019_10K_0045,yes,correct
FinanceBench::dense_linq_embed_mistral::financebench_id_00517::top_1,FinanceBench,dense_linq_embed_mistral,dense,Linq-AI-Research/Linq-Embed-Mistral,standard,,financebench_id_00517,financebench_id_00517,BOEING_2022_10K,top_1,1,BOEING_2022_10K_0023,BOEING_2022_10K_0023,yes,correct
FinanceBench::dense_linq_embed_mistral::financebench_id_00517::top_5,FinanceBench,dense_linq_embed_mistral,dense,Linq-AI-Research/Linq-Embed-Mistral,standard,,financebench_id_00517,financebench_id_00517,BOEING_2022_10K,top_5,5,BOEING_2022_10K_0023,BOEING_2022_10K_0023|BOEING_2022_10K_0045|BOEING_2022_10K_0005|BOEING_2018_10K_0020|BOEING_2022_10K_0018,yes,correct
FinanceBench::dense_linq_embed_mistral::financebench_id_01091::top_1,FinanceBench,dense_linq_embed_mistral,dense,Linq-AI-Research/Linq-Embed-Mistral,standard,,financebench_id_01091,financebench_id_01091,BOEING_2022_10K,top_1,1,BOEING_2022_10K_0044,BOEING_2022_10K_0044,yes,correct
FinanceBench::dense_linq_embed_mistral::financebench_id_01091::top_5,FinanceBench,dense_linq_embed_mistral,dense,Linq-AI-Research/Linq-Embed-Mistral,standard,,financebench_id_01091,financebench_id_01091,BOEING_2022_10K,top_5,5,BOEING_2022_10K_0044,BOEING_2022_10K_0044|BESTBUY_2019_10K_0006|BESTBUY_2023_10K_0006|JPMORGAN_2023Q2_10Q_0471|NIKE_2018_10K_0019,yes,correct
FinanceBench::dense_linq_embed_mistral::financebench_id_00678::top_5,FinanceBench,dense_linq_embed_mistral,dense,Linq-AI-Research/Linq-Embed-Mistral,standard,,financebench_id_00678,financebench_id_00678,BOEING_2022_10K,top_5,5,BOEING_2022_10K_0018,BOEING_2022_10K_0023|BOEING_2022_10K_0002|BOEING_2018_10K_0044|CORNING_2022_10K_0064|BOEING_2022_10K_0046,no,incorrect
FinanceBench::dense_linq_embed_mistral::financebench_id_09724::top_1,FinanceBench,dense_linq_embed_mistral,dense,Linq-AI-Research/Linq-Embed-Mistral,standard,,financebench_id_09724,financebench_id_09724,COCACOLA_2021_10K,top_1,1,COCACOLA_2021_10K_0016,COCACOLA_2021_10K_0016,yes,correct
FinanceBench::dense_linq_embed_mistral::financebench_id_09724::top_5,FinanceBench,dense_linq_embed_mistral,dense,Linq-AI-Research/Linq-Embed-Mistral,standard,,financebench_id_09724,financebench_id_09724,COCACOLA_2021_10K,top_5,5,COCACOLA_2021_10K_0016,COCACOLA_2021_10K_0016|COCACOLA_2021_10K_0017|CORNING_2022_10K_0064|COCACOLA_2021_10K_0031|CORNING_2021_10K_0064,yes,correct
FinanceBench::dense_linq_embed_mistral::financebench_id_02981::top_5,FinanceBench,dense_linq_embed_mistral,dense,Linq-AI-Research/Linq-Embed-Mistral,standard,,financebench_id_02981,financebench_id_02981,CORNING_2021_10K,top_5,5,CORNING_2021_10K_0140,CORNING_2022_10K_0062_intro|CORNING_2021_10K_0140|CORNING_2021_10K_0064|CORNING_2022_10K_0172|CORNING_2021_10K_0141,yes,incorrect
FinanceBench::dense_linq_embed_mistral::financebench_id_00822::top_1,FinanceBench,dense_linq_embed_mistral,dense,Linq-AI-Research/Linq-Embed-Mistral,standard,,financebench_id_00822,financebench_id_00822,FOOTLOCKER_2022_8K_dated-2022-05-20,top_1,1,FOOTLOCKER_2022_8K_dated_2022_05_20_0001,PEPSICO_2023_8K_dated_2023_05_05_0001,no,incorrect
FinanceBench::dense_linq_embed_mistral::financebench_id_00822::top_5,FinanceBench,dense_linq_embed_mistral,dense,Linq-AI-Research/Linq-Embed-Mistral,standard,,financebench_id_00822,financebench_id_00822,FOOTLOCKER_2022_8K_dated-2022-05-20,top_5,5,FOOTLOCKER_2022_8K_dated_2022_05_20_0001,PEPSICO_2023_8K_dated_2023_05_05_0001|FOOTLOCKER_2022_8K_dated_2022_05_20_0001|PEPSICO_2021_10K_0161|JOHNSON_JOHNSON_2022_10K_0112|JOHNSON_JOHNSON_2022_10K_0106,yes,correct
FinanceBench::dense_linq_embed_mistral::financebench_id_00839::top_5,FinanceBench,dense_linq_embed_mistral,dense,Linq-AI-Research/Linq-Embed-Mistral,standard,,financebench_id_00839,financebench_id_00839,FOOTLOCKER_2022_8K_dated_2022-08-19,top_5,5,FOOTLOCKER_2022_8K_dated_2022_08_19_0001,FOOTLOCKER_2022_8K_dated_2022_08_19_0041_intro|FOOTLOCKER_2022_8K_dated_2022_08_19_0003|FOOTLOCKER_2022_8K_dated_2022_08_19_0001|FOOTLOCKER_2022_8K_dated_2022_08_19_0025|FOOTLOCKER_2022_8K_dated_2022_08_19_0000,yes,correct
FinanceBench::dense_linq_embed_mistral::financebench_id_03471::top_5,FinanceBench,dense_linq_embed_mistral,dense,Linq-AI-Research/Linq-Embed-Mistral,standard,,financebench_id_03471,financebench_id_03471,GENERALMILLS_2020_10K,top_5,5,GENERALMILLS_2020_10K_0018,GENERALMILLS_2020_10K_0018|CORNING_2021_10K_0098|GENERALMILLS_2020_10K_0010|GENERALMILLS_2020_10K_0020|GENERALMILLS_2020_10K_0023,yes,correct
FinanceBench::dense_linq_embed_mistral::financebench_id_01484::top_5,FinanceBench,dense_linq_embed_mistral,dense,Linq-AI-Research/Linq-Embed-Mistral,standard,,financebench_id_01484,financebench_id_01484,JOHNSON_JOHNSON_2022Q4_EARNINGS,top_5,5,JOHNSON_JOHNSON_2022Q4_EARNINGS_0001,JOHNSON_JOHNSON_2023_8K_dated_2023_08_30_0015|JOHNSON_JOHNSON_2022Q4_EARNINGS_0013|JOHNSON_JOHNSON_2023_8K_dated_2023_08_30_0014|JOHNSON_JOHNSON_2022Q4_EARNINGS_0012|JOHNSON_JOHNSON_2023_8K_dated_2023_08_30_0013_intro,no,correct
FinanceBench::dense_linq_embed_mistral::financebench_id_01487::top_1,FinanceBench,dense_linq_embed_mistral,dense,Linq-AI-Research/Linq-Embed-Mistral,standard,,financebench_id_01487,financebench_id_01487,JOHNSON_JOHNSON_2023Q2_EARNINGS,top_1,1,JOHNSON_JOHNSON_2023Q2_EARNINGS_0012,JOHNSON_JOHNSON_2023Q2_EARNINGS_0000,no,correct
FinanceBench::dense_linq_embed_mistral::financebench_id_02119::top_5,FinanceBench,dense_linq_embed_mistral,dense,Linq-AI-Research/Linq-Embed-Mistral,standard,,financebench_id_02119,financebench_id_02119,JPMORGAN_2021Q1_10Q,top_5,5,JPMORGAN_2021Q1_10Q_0006,JPMORGAN_2021Q1_10Q_0234_intro|JPMORGAN_2022_10K_0395_intro|JPMORGAN_2023Q2_10Q_0244_intro|JPMORGAN_2021Q1_10Q_0119|JPMORGAN_2022Q2_10Q_0246_intro,no,no_answer
FinanceBench::dense_linq_embed_mistral::financebench_id_00206::top_5,FinanceBench,dense_linq_embed_mistral,dense,Linq-AI-Research/Linq-Embed-Mistral,standard,,financebench_id_00206,financebench_id_00206,JPMORGAN_2022_10K,top_5,5,JPMORGAN_2022_10K_0002,JPMORGAN_2021Q1_10Q_0129|JPMORGAN_2021Q1_10Q_0021|JPMORGAN_2022Q2_10Q_0139|JPMORGAN_2022Q2_10Q_0006|JPMORGAN_2021Q1_10Q_0264,no,correct
FinanceBench::dense_linq_embed_mistral::financebench_id_03031::top_5,FinanceBench,dense_linq_embed_mistral,dense,Linq-AI-Research/Linq-Embed-Mistral,standard,,financebench_id_03031,financebench_id_03031,LOCKHEEDMARTIN_2021_10K,top_5,5,LOCKHEEDMARTIN_2021_10K_0027,LOCKHEEDMARTIN_2021_10K_0027|LOCKHEEDMARTIN_2021_10K_0047|CORNING_2021_10K_0098|LOCKHEEDMARTIN_2022_10K_0020|LOCKHEEDMARTIN_2021_10K_0026,yes,correct
FinanceBench::dense_linq_embed_mistral::financebench_id_03718::top_5,FinanceBench,dense_linq_embed_mistral,dense,Linq-AI-Research/Linq-Embed-Mistral,standard,,financebench_id_03718,financebench_id_03718,LOCKHEEDMARTIN_2022_10K,top_5,5,LOCKHEEDMARTIN_2022_10K_0020,LOCKHEEDMARTIN_2021_10K_0025|LOCKHEEDMARTIN_2021_10K_0026|LOCKHEEDMARTIN_2021_10K_0027|LOCKHEEDMARTIN_2022_10K_0020|LOCKHEEDMARTIN_2021_10K_0000,yes,correct
FinanceBench::dense_linq_embed_mistral::financebench_id_03282::top_5,FinanceBench,dense_linq_embed_mistral,dense,Linq-AI-Research/Linq-Embed-Mistral,standard,,financebench_id_03282,financebench_id_03282,NETFLIX_2017_10K,top_5,5,NETFLIX_2017_10K_0024,NETFLIX_2017_10K_0010|NETFLIX_2017_10K_0011|PEPSICO_2021_10K_0113|NETFLIX_2017_10K_0002|BLOCK_2016_10K_0114,no,no_answer
FinanceBench::dense_linq_embed_mistral::financebench_id_04302::top_5,FinanceBench,dense_linq_embed_mistral,dense,Linq-AI-Research/Linq-Embed-Mistral,standard,,financebench_id_04302,financebench_id_04302,NIKE_2018_10K,top_5,5,NIKE_2018_10K_0026,NIKE_2019_10K_0023|NIKE_2019_10K_0037|NIKE_2023_10K_0003|NIKE_2019_10K_0026|NIKE_2018_10K_0037,no,correct
FinanceBench::dense_linq_embed_mistral::financebench_id_03531::top_1,FinanceBench,dense_linq_embed_mistral,dense,Linq-AI-Research/Linq-Embed-Mistral,standard,,financebench_id_03531,financebench_id_03531,NIKE_2019_10K,top_1,1,NIKE_2019_10K_0026,NIKE_2019_10K_0023,no,no_answer
FinanceBench::dense_linq_embed_mistral::financebench_id_00080::top_5,FinanceBench,dense_linq_embed_mistral,dense,Linq-AI-Research/Linq-Embed-Mistral,standard,,financebench_id_00080,financebench_id_00080,PAYPAL_2022_10K,top_5,5,PAYPAL_2022_10K_0034,PAYPAL_2022_10K_0038_intro|PAYPAL_2022_10K_0028|PAYPAL_2022_10K_0034|CORNING_2021_10K_0098|PAYPAL_2022_10K_0131,yes,partially_correct
FinanceBench::dense_linq_embed_mistral::financebench_id_04980::top_5,FinanceBench,dense_linq_embed_mistral,dense,Linq-AI-Research/Linq-Embed-Mistral,standard,,financebench_id_04980,financebench_id_04980,PEPSICO_2021_10K,top_5,5,PEPSICO_2021_10K_0123,PEPSICO_2022_10K_0122|CORNING_2022_10K_0096|PEPSICO_2022_10K_0194|PEPSICO_2021_10K_0109|CORNING_2021_10K_0095,no,incorrect
FinanceBench::dense_linq_embed_mistral::financebench_id_00735::top_5,FinanceBench,dense_linq_embed_mistral,dense,Linq-AI-Research/Linq-Embed-Mistral,standard,,financebench_id_00735,financebench_id_00735,PEPSICO_2022_10K,top_5,5,PEPSICO_2022_10K_0058,BESTBUY_2019_10K_0006|BESTBUY_2023_10K_0006|NIKE_2018_10K_0019|JPMORGAN_2023Q2_10Q_0471|BOEING_2018_10K_0006,no,correct
FinanceBench::dense_linq_embed_mistral::financebench_id_04784::top_1,FinanceBench,dense_linq_embed_mistral,dense,Linq-AI-Research/Linq-Embed-Mistral,standard,,financebench_id_04784,financebench_id_04784,WALMART_2019_10K,top_1,1,WALMART_2019_10K_0013,WALMART_2019_10K_0010,no,correct
FinanceBench::pageindex_combined_query_results_clean::financebench_id_01226::top_1,FinanceBench,pageindex_combined_query_results_clean,pageindex_llm,gpt-5,standard,,financebench_id_01226,financebench_id_01226,3M_2022_10K,top_1,1,3M_2022_10K_0012,3M_2022_10K_0012,yes,correct
FinanceBench::pageindex_combined_query_results_clean::financebench_id_00807::top_1,FinanceBench,pageindex_combined_query_results_clean,pageindex_llm,gpt-5,standard,,financebench_id_00807,financebench_id_00807,3M_2023Q2_10Q,top_1,1,3M_2023Q2_10Q_0006,3M_2023Q2_10Q_0006,yes,no_answer
FinanceBench::pageindex_combined_query_results_clean::financebench_id_00807::top_5,FinanceBench,pageindex_combined_query_results_clean,pageindex_llm,gpt-5,standard,,financebench_id_00807,financebench_id_00807,3M_2023Q2_10Q,top_5,5,3M_2023Q2_10Q_0006,3M_2023Q2_10Q_0006|3M_2023Q2_10Q_0028|3M_2023Q2_10Q_0026|3M_2023Q2_10Q_0024|3M_2023Q2_10Q_0005,yes,no_answer
FinanceBench::pageindex_combined_query_results_clean::financebench_id_07507::top_5,FinanceBench,pageindex_combined_query_results_clean,pageindex_llm,gpt-5,standard,,financebench_id_07507,financebench_id_07507,ADOBE_2016_10K,top_5,5,ADOBE_2016_10K_0014_intro,ADOBE_2016_10K_0016|ADOBE_2016_10K_0014_intro|ADOBE_2016_10K_0015|ADOBE_2016_10K_0012,yes,correct
FinanceBench::pageindex_combined_query_results_clean::financebench_id_00438::top_1,FinanceBench,pageindex_combined_query_results_clean,pageindex_llm,gpt-5,standard,,financebench_id_00438,financebench_id_00438,ADOBE_2022_10K,top_1,1,ADOBE_2022_10K_0013,ADOBE_2022_10K_0011,no,correct
FinanceBench::pageindex_combined_query_results_clean::financebench_id_00438::top_5,FinanceBench,pageindex_combined_query_results_clean,pageindex_llm,gpt-5,standard,,financebench_id_00438,financebench_id_00438,ADOBE_2022_10K,top_5,5,ADOBE_2022_10K_0013,ADOBE_2022_10K_0013|ADOBE_2022_10K_0011,yes,correct
FinanceBench::pageindex_combined_query_results_clean::financebench_id_00591::top_1,FinanceBench,pageindex_combined_query_results_clean,pageindex_llm,gpt-5,standard,,financebench_id_00591,financebench_id_00591,ADOBE_2022_10K,top_1,1,ADOBE_2022_10K_0013,ADOBE_2022_10K_0013,yes,no_answer
FinanceBench::pageindex_combined_query_results_clean::financebench_id_01936::top_5,FinanceBench,pageindex_combined_query_results_clean,pageindex_llm,gpt-5,standard,,financebench_id_01936,financebench_id_01936,AMCOR_2023Q2_10Q,top_5,5,AMCOR_2023Q2_10Q_0011,AMCOR_2023Q2_10Q_0011|AMCOR_2023_10K_0019|AMCOR_2023_10K_0010,yes,correct
FinanceBench::pageindex_combined_query_results_clean::financebench_id_01930::top_1,FinanceBench,pageindex_combined_query_results_clean,pageindex_llm,gpt-5,standard,,financebench_id_01930,financebench_id_01930,AMCOR_2023Q4_EARNINGS,top_1,1,AMCOR_2023Q4_EARNINGS_0017,AMCOR_2023Q4_EARNINGS_0017,yes,correct
FinanceBench::pageindex_combined_query_results_clean::financebench_id_01930::top_5,FinanceBench,pageindex_combined_query_results_clean,pageindex_llm,gpt-5,standard,,financebench_id_01930,financebench_id_01930,AMCOR_2023Q4_EARNINGS,top_5,5,AMCOR_2023Q4_EARNINGS_0017,AMCOR_2023Q4_EARNINGS_0017|AMCOR_2023Q4_EARNINGS_0004|AMCOR_2023Q4_EARNINGS_0000|AMCOR_2023Q4_EARNINGS_0003|AMCOR_2023Q4_EARNINGS_0002,yes,correct
FinanceBench::pageindex_combined_query_results_clean::financebench_id_00799::top_1,FinanceBench,pageindex_combined_query_results_clean,pageindex_llm,gpt-5,standard,,financebench_id_00799,financebench_id_00799,AMCOR_2023_10K,top_1,1,AMCOR_2023_10K_0016,AMCOR_2023_10K_0016,yes,correct
FinanceBench::pageindex_combined_query_results_clean::financebench_id_00799::top_5,FinanceBench,pageindex_combined_query_results_clean,pageindex_llm,gpt-5,standard,,financebench_id_00799,financebench_id_00799,AMCOR_2023_10K,top_5,5,AMCOR_2023_10K_0016,AMCOR_2023_10K_0016|AMCOR_2023_10K_0010|AMCOR_2023_10K_0019|AMCOR_2023_10K_0015|AMCOR_2023_10K_0012,yes,partially_correct
FinanceBench::pageindex_combined_query_results_clean::financebench_id_01079::top_1,FinanceBench,pageindex_combined_query_results_clean,pageindex_llm,gpt-5,standard,,financebench_id_01079,financebench_id_01079,AMCOR_2023_10K,top_1,1,AMCOR_2023_10K_0019,AMCOR_2023_10K_0019,yes,correct
FinanceBench::pageindex_combined_query_results_clean::financebench_id_01079::top_5,FinanceBench,pageindex_combined_query_results_clean,pageindex_llm,gpt-5,standard,,financebench_id_01079,financebench_id_01079,AMCOR_2023_10K,top_5,5,AMCOR_2023_10K_0019,AMCOR_2023_10K_0019|AMCOR_2023Q2_10Q_0011|AMCOR_2023Q4_EARNINGS_0004|AMCOR_2023_10K_0010,yes,correct
FinanceBench::pageindex_combined_query_results_clean::financebench_id_00684::top_1,FinanceBench,pageindex_combined_query_results_clean,pageindex_llm,gpt-5,standard,,financebench_id_00684,financebench_id_00684,AMCOR_2023_10K,top_1,1,AMCOR_2023_10K_0014,AMCOR_2023_10K_0010,no,correct
FinanceBench::pageindex_combined_query_results_clean::financebench_id_00684::top_5,FinanceBench,pageindex_combined_query_results_clean,pageindex_llm,gpt-5,standard,,financebench_id_00684,financebench_id_00684,AMCOR_2023_10K,top_5,5,AMCOR_2023_10K_0014,AMCOR_2023_10K_0010|AMCOR_2023_10K_0011|AMCOR_2023_10K_0014|AMCOR_2023_10K_0019|AMCOR_2023_10K_0013,yes,correct
FinanceBench::pageindex_combined_query_results_clean::financebench_id_00222::top_1,FinanceBench,pageindex_combined_query_results_clean,pageindex_llm,gpt-5,standard,,financebench_id_00222,financebench_id_00222,AMD_2022_10K,top_1,1,AMD_2022_10K_0014,AMD_2022_10K_0014,yes,correct
FinanceBench::pageindex_combined_query_results_clean::financebench_id_00222::top_5,FinanceBench,pageindex_combined_query_results_clean,pageindex_llm,gpt-5,standard,,financebench_id_00222,financebench_id_00222,AMD_2022_10K,top_5,5,AMD_2022_10K_0014,AMD_2022_10K_0014|AMD_2022_10K_0012|AMD_2022_10K_0013|AMD_2022_10K_0011,yes,correct
FinanceBench::pageindex_combined_query_results_clean::financebench_id_00917::top_1,FinanceBench,pageindex_combined_query_results_clean,pageindex_llm,gpt-5,standard,,financebench_id_00917,financebench_id_00917,AMD_2022_10K,top_1,1,AMD_2022_10K_0012,AMD_2022_10K_0012,yes,correct
FinanceBench::pageindex_combined_query_results_clean::financebench_id_00917::top_5,FinanceBench,pageindex_combined_query_results_clean,pageindex_llm,gpt-5,standard,,financebench_id_00917,financebench_id_00917,AMD_2022_10K,top_5,5,AMD_2022_10K_0012,AMD_2022_10K_0012|AMD_2022_10K_0014|AMD_2022_10K_0013|AMD_2022_10K_0011,yes,correct
FinanceBench::pageindex_combined_query_results_clean::financebench_id_01028::top_1,FinanceBench,pageindex_combined_query_results_clean,pageindex_llm,gpt-5,standard,,financebench_id_01028,financebench_id_01028,AMERICANEXPRESS_2022_10K,top_1,1,AMERICANEXPRESS_2022_10K_0116,AMERICANEXPRESS_2022_10K_0113,no,incorrect
FinanceBench::pageindex_combined_query_results_clean::financebench_id_00723::top_1,FinanceBench,pageindex_combined_query_results_clean,pageindex_llm,gpt-5,standard,,financebench_id_00723,financebench_id_00723,AMERICANEXPRESS_2022_10K,top_1,1,AMERICANEXPRESS_2022_10K_0028,AMERICANEXPRESS_2022_10K_0017,no,correct
FinanceBench::pageindex_combined_query_results_clean::financebench_id_00723::top_5,FinanceBench,pageindex_combined_query_results_clean,pageindex_llm,gpt-5,standard,,financebench_id_00723,financebench_id_00723,AMERICANEXPRESS_2022_10K,top_5,5,AMERICANEXPRESS_2022_10K_0028,AMERICANEXPRESS_2022_10K_0016|AMERICANEXPRESS_2022_10K_0028|AMERICANEXPRESS_2022_10K_0017|AMERICANEXPRESS_2022_10K_0015|AMERICANEXPRESS_2022_10K_0027,yes,correct
FinanceBench::pageindex_combined_query_results_clean::financebench_id_00720::top_1,FinanceBench,pageindex_combined_query_results_clean,pageindex_llm,gpt-5,standard,,financebench_id_00720,financebench_id_00720,AMERICANEXPRESS_2022_10K,top_1,1,AMERICANEXPRESS_2022_10K_0028,AMERICANEXPRESS_2022_10K_0017,no,correct
FinanceBench::pageindex_combined_query_results_clean::financebench_id_00720::top_5,FinanceBench,pageindex_combined_query_results_clean,pageindex_llm,gpt-5,standard,,financebench_id_00720,financebench_id_00720,AMERICANEXPRESS_2022_10K,top_5,5,AMERICANEXPRESS_2022_10K_0028,AMERICANEXPRESS_2022_10K_0017|AMERICANEXPRESS_2022_10K_0016|AMERICANEXPRESS_2022_10K_0015|AMERICANEXPRESS_2022_10K_0018|AMERICANEXPRESS_2022_10K_0014,no,correct
FinanceBench::pageindex_combined_query_results_clean::financebench_id_00685::top_1,FinanceBench,pageindex_combined_query_results_clean,pageindex_llm,gpt-5,standard,,financebench_id_00685,financebench_id_00685,BESTBUY_2023_10K,top_1,1,BESTBUY_2023_10K_0014,BESTBUY_2023_10K_0014,yes,correct
FinanceBench::pageindex_combined_query_results_clean::financebench_id_00685::top_5,FinanceBench,pageindex_combined_query_results_clean,pageindex_llm,gpt-5,standard,,financebench_id_00685,financebench_id_00685,BESTBUY_2023_10K,top_5,5,BESTBUY_2023_10K_0014,BESTBUY_2023_10K_0012|BESTBUY_2019_10K_0011|BESTBUY_2019_10K_0013|BESTBUY_2019_10K_0019_intro|BESTBUY_2023_10K_0014,yes,correct
FinanceBench::pageindex_combined_query_results_clean::financebench_id_00460::top_1,FinanceBench,pageindex_combined_query_results_clean,pageindex_llm,gpt-5,standard,,financebench_id_00460,financebench_id_00460,BESTBUY_2024Q2_10Q,top_1,1,BESTBUY_2024Q2_10Q_0009,BESTBUY_2024Q2_10Q_0009,yes,incorrect
FinanceBench::pageindex_combined_query_results_clean::financebench_id_00460::top_5,FinanceBench,pageindex_combined_query_results_clean,pageindex_llm,gpt-5,standard,,financebench_id_00460,financebench_id_00460,BESTBUY_2024Q2_10Q,top_5,5,BESTBUY_2024Q2_10Q_0009,BESTBUY_2024Q2_10Q_0009,yes,incorrect
FinanceBench::pageindex_combined_query_results_clean::financebench_id_04660::top_5,FinanceBench,pageindex_combined_query_results_clean,pageindex_llm,gpt-5,standard,,financebench_id_04660,financebench_id_04660,BLOCK_2016_10K,top_5,5,BLOCK_2016_10K_0058,BLOCK_2016_10K_0059|BLOCK_2016_10K_0052|BLOCK_2020_10K_0063|BLOCK_2016_10K_0053|BLOCK_2016_10K_0054,no,no_answer
FinanceBench::pageindex_combined_query_results_clean::financebench_id_00517::top_5,FinanceBench,pageindex_combined_query_results_clean,pageindex_llm,gpt-5,standard,,financebench_id_00517,financebench_id_00517,BOEING_2022_10K,top_5,5,BOEING_2022_10K_0023,BOEING_2022_10K_0045|BOEING_2022_10K_0023|BOEING_2022_10K_0022|BOEING_2022_10K_0044|BOEING_2022_10K_0031,yes,correct
FinanceBench::pageindex_combined_query_results_clean::financebench_id_01091::top_1,FinanceBench,pageindex_combined_query_results_clean,pageindex_llm,gpt-5,standard,,financebench_id_01091,financebench_id_01091,BOEING_2022_10K,top_1,1,BOEING_2022_10K_0044,BOEING_2022_10K_0044,yes,correct
FinanceBench::pageindex_combined_query_results_clean::financebench_id_01091::top_5,FinanceBench,pageindex_combined_query_results_clean,pageindex_llm,gpt-5,standard,,financebench_id_01091,financebench_id_01091,BOEING_2022_10K,top_5,5,BOEING_2022_10K_0044,BOEING_2022_10K_0044|BOEING_2022_10K_0043|BOEING_2022_10K_0036|BOEING_2022_10K_0045|BOEING_2022_10K_0035,yes,incorrect
FinanceBench::pageindex_combined_query_results_clean::financebench_id_00678::top_1,FinanceBench,pageindex_combined_query_results_clean,pageindex_llm,gpt-5,standard,,financebench_id_00678,financebench_id_00678,BOEING_2022_10K,top_1,1,BOEING_2022_10K_0018,BOEING_2022_10K_0018,yes,correct
FinanceBench::pageindex_combined_query_results_clean::financebench_id_00494::top_1,FinanceBench,pageindex_combined_query_results_clean,pageindex_llm,gpt-5,standard,,financebench_id_00494,financebench_id_00494,BOEING_2022_10K,top_1,1,BOEING_2022_10K_0007,BOEING_2022_10K_0015,no,incorrect
FinanceBench::pageindex_combined_query_results_clean::financebench_id_00494::top_5,FinanceBench,pageindex_combined_query_results_clean,pageindex_llm,gpt-5,standard,,financebench_id_00494,financebench_id_00494,BOEING_2022_10K,top_5,5,BOEING_2022_10K_0007,BOEING_2022_10K_0015|BOEING_2022_10K_0014|BOEING_2022_10K_0006|BOEING_2022_10K_0005|BOEING_2022_10K_0004,no,incorrect
FinanceBench::pageindex_combined_query_results_clean::financebench_id_09724::top_5,FinanceBench,pageindex_combined_query_results_clean,pageindex_llm,gpt-5,standard,,financebench_id_09724,financebench_id_09724,COCACOLA_2021_10K,top_5,5,COCACOLA_2021_10K_0016,COCACOLA_2021_10K_0016|COCACOLA_2021_10K_0013,yes,correct
FinanceBench::pageindex_combined_query_results_clean::financebench_id_00005::top_1,FinanceBench,pageindex_combined_query_results_clean,pageindex_llm,gpt-5,standard,,financebench_id_00005,financebench_id_00005,CORNING_2022_10K,top_1,1,CORNING_2022_10K_0130,CORNING_2022_10K_0087,no,partially_correct
FinanceBench::pageindex_combined_query_results_clean::financebench_id_00822::top_5,FinanceBench,pageindex_combined_query_results_clean,pageindex_llm,gpt-5,standard,,financebench_id_00822,financebench_id_00822,FOOTLOCKER_2022_8K_dated-2022-05-20,top_5,5,FOOTLOCKER_2022_8K_dated_2022_05_20_0001,PEPSICO_2023_8K_dated_2023_05_05_0001|FOOTLOCKER_2022_8K_dated_2022_05_20_0001,yes,correct
FinanceBench::pageindex_combined_query_results_clean::financebench_id_03471::top_5,FinanceBench,pageindex_combined_query_results_clean,pageindex_llm,gpt-5,standard,,financebench_id_03471,financebench_id_03471,GENERALMILLS_2020_10K,top_5,5,GENERALMILLS_2020_10K_0018,GENERALMILLS_2020_10K_0018|GENERALMILLS_2020_10K_0010|GENERALMILLS_2020_10K_0017,yes,correct
FinanceBench::pageindex_combined_query_results_clean::financebench_id_00669::top_1,FinanceBench,pageindex_combined_query_results_clean,pageindex_llm,gpt-5,standard,,financebench_id_00669,financebench_id_00669,JOHNSON_JOHNSON_2022_10K,top_1,1,JOHNSON_JOHNSON_2022_10K_0024,JOHNSON_JOHNSON_2022_10K_0024,yes,correct
FinanceBench::pageindex_combined_query_results_clean::financebench_id_00669::top_5,FinanceBench,pageindex_combined_query_results_clean,pageindex_llm,gpt-5,standard,,financebench_id_00669,financebench_id_00669,JOHNSON_JOHNSON_2022_10K,top_5,5,JOHNSON_JOHNSON_2022_10K_0024,JOHNSON_JOHNSON_2022_10K_0024|JOHNSON_JOHNSON_2022Q4_EARNINGS_0016|JOHNSON_JOHNSON_2022Q4_EARNINGS_0026,yes,correct
FinanceBench::pageindex_combined_query_results_clean::financebench_id_00299::top_5,FinanceBench,pageindex_combined_query_results_clean,pageindex_llm,gpt-5,standard,,financebench_id_00299,financebench_id_00299,JPMORGAN_2021Q1_10Q,top_5,5,JPMORGAN_2021Q1_10Q_0024,JPMORGAN_2021Q1_10Q_0264|JPMORGAN_2021Q1_10Q_0024|JPMORGAN_2021Q1_10Q_0263,yes,correct
FinanceBench::pageindex_combined_query_results_clean::financebench_id_02119::top_5,FinanceBench,pageindex_combined_query_results_clean,pageindex_llm,gpt-5,standard,,financebench_id_02119,financebench_id_02119,JPMORGAN_2021Q1_10Q,top_5,5,JPMORGAN_2021Q1_10Q_0006,JPMORGAN_2021Q1_10Q_0002|JPMORGAN_2021Q1_10Q_0004_intro|JPMORGAN_2021Q1_10Q_0006|JPMORGAN_2021Q1_10Q_0005|JPMORGAN_2021Q1_10Q_0007,yes,correct
FinanceBench::pageindex_combined_query_results_clean::financebench_id_00206::top_1,FinanceBench,pageindex_combined_query_results_clean,pageindex_llm,gpt-5,standard,,financebench_id_00206,financebench_id_00206,JPMORGAN_2022_10K,top_1,1,JPMORGAN_2022_10K_0002,JPMORGAN_2022_10K_0083_intro,no,correct
FinanceBench::pageindex_combined_query_results_clean::financebench_id_00206::top_5,FinanceBench,pageindex_combined_query_results_clean,pageindex_llm,gpt-5,standard,,financebench_id_00206,financebench_id_00206,JPMORGAN_2022_10K,top_5,5,JPMORGAN_2022_10K_0002,JPMORGAN_2022_10K_0081|JPMORGAN_2022_10K_0071|JPMORGAN_2022_10K_0451|JPMORGAN_2022_10K_0304|JPMORGAN_2022_10K_0241,no,correct
FinanceBench::pageindex_combined_query_results_clean::financebench_id_03718::top_1,FinanceBench,pageindex_combined_query_results_clean,pageindex_llm,gpt-5,standard,,financebench_id_03718,financebench_id_03718,LOCKHEEDMARTIN_2022_10K,top_1,1,LOCKHEEDMARTIN_2022_10K_0020,LOCKHEEDMARTIN_2022_10K_0011,no,correct
FinanceBench::pageindex_combined_query_results_clean::financebench_id_03718::top_5,FinanceBench,pageindex_combined_query_results_clean,pageindex_llm,gpt-5,standard,,financebench_id_03718,financebench_id_03718,LOCKHEEDMARTIN_2022_10K,top_5,5,LOCKHEEDMARTIN_2022_10K_0020,LOCKHEEDMARTIN_2022_10K_0012|LOCKHEEDMARTIN_2022_10K_0011,no,correct
FinanceBench::pageindex_combined_query_results_clean::financebench_id_01911::top_1,FinanceBench,pageindex_combined_query_results_clean,pageindex_llm,gpt-5,standard,,financebench_id_01911,financebench_id_01911,MGMRESORTS_2022Q4_EARNINGS,top_1,1,MGMRESORTS_2022Q4_EARNINGS_0019,MGMRESORTS_2022_10K_0011,no,no_answer
FinanceBench::pageindex_combined_query_results_clean::financebench_id_01911::top_5,FinanceBench,pageindex_combined_query_results_clean,pageindex_llm,gpt-5,standard,,financebench_id_01911,financebench_id_01911,MGMRESORTS_2022Q4_EARNINGS,top_5,5,MGMRESORTS_2022Q4_EARNINGS_0019,MGMRESORTS_2022Q4_EARNINGS_0019|MGMRESORTS_2022_10K_0011|MGMRESORTS_2022_10K_0014|MGMRESORTS_2022_10K_0013|MGMRESORTS_2022_10K_0010,yes,incorrect
FinanceBench::pageindex_combined_query_results_clean::financebench_id_00080::top_5,FinanceBench,pageindex_combined_query_results_clean,pageindex_llm,gpt-5,standard,,financebench_id_00080,financebench_id_00080,PAYPAL_2022_10K,top_5,5,PAYPAL_2022_10K_0034,PAYPAL_2022_10K_0034|PAYPAL_2022_10K_0011|PAYPAL_2022_10K_0013|PAYPAL_2022_10K_0024|PAYPAL_2022_10K_0023,yes,partially_correct
FinanceBench::pageindex_combined_query_results_clean::financebench_id_00735::top_5,FinanceBench,pageindex_combined_query_results_clean,pageindex_llm,gpt-5,standard,,financebench_id_00735,financebench_id_00735,PEPSICO_2022_10K,top_5,5,PEPSICO_2022_10K_0058,PEPSICO_2022_10K_0058|PEPSICO_2022_10K_0056|PEPSICO_2022_10K_0057|PEPSICO_2022_10K_0059|PEPSICO_2022_10K_0000,yes,no_answer
FinanceBench::pageindex_combined_query_results_clean::financebench_id_00702::top_1,FinanceBench,pageindex_combined_query_results_clean,pageindex_llm,gpt-5,standard,,financebench_id_00702,financebench_id_00702,PFIZER_2021_10K,top_1,1,PFIZER_2021_10K_0036,PFIZER_2021_10K_0026,no,correct
FinanceBench::pageindex_combined_query_results_clean::financebench_id_00702::top_5,FinanceBench,pageindex_combined_query_results_clean,pageindex_llm,gpt-5,standard,,financebench_id_00702,financebench_id_00702,PFIZER_2021_10K,top_5,5,PFIZER_2021_10K_0036,PFIZER_2021_10K_0073|PFIZER_2021_10K_0037|PFIZER_2021_10K_0041|PFIZER_2021_10K_0026|PFIZER_2021_10K_0071,no,correct
FinanceBench::pageindex_combined_query_results_clean::financebench_id_04302::top_1,FinanceBench,pageindex_combined_query_results_clean,pageindex_llm,gpt-5,standard,,financebench_id_04302,financebench_id_04302,NIKE_2018_10K,top_1,1,NIKE_2018_10K_0026,NIKE_2018_10K_0026,yes,correct
FinanceBench::pageindex_combined_query_results_clean::financebench_id_04302::top_5,FinanceBench,pageindex_combined_query_results_clean,pageindex_llm,gpt-5,standard,,financebench_id_04302,financebench_id_04302,NIKE_2018_10K,top_5,5,NIKE_2018_10K_0026,NIKE_2018_10K_0026|NIKE_2018_10K_0024|NIKE_2018_10K_0023|NIKE_2018_10K_0022|NIKE_2018_10K_0021,yes,correct
FinanceBench::pageindex_combined_query_results_clean::financebench_id_00603::top_1,FinanceBench,pageindex_combined_query_results_clean,pageindex_llm,gpt-5,standard,,financebench_id_00603,financebench_id_00603,ULTABEAUTY_2023Q4_EARNINGS,top_1,1,ULTABEAUTY_2023Q4_EARNINGS_0003,ULTABEAUTY_2023_10K_0013,no,no_answer
FinanceBench::pageindex_combined_query_results_clean::financebench_id_00603::top_5,FinanceBench,pageindex_combined_query_results_clean,pageindex_llm,gpt-5,standard,,financebench_id_00603,financebench_id_00603,ULTABEAUTY_2023Q4_EARNINGS,top_5,5,ULTABEAUTY_2023Q4_EARNINGS_0003,ULTABEAUTY_2023_10K_0013|ULTABEAUTY_2023_10K_0027|ULTABEAUTY_2023_10K_0011|ULTABEAUTY_2023_10K_0012,no,partially_correct
FinanceBench::pageindex_combined_query_results_clean::financebench_id_00746::top_5,FinanceBench,pageindex_combined_query_results_clean,pageindex_llm,gpt-5,standard,,financebench_id_00746,financebench_id_00746,ULTABEAUTY_2023_10K,top_5,5,ULTABEAUTY_2023_10K_0000,ULTABEAUTY_2023_10K_0000|ULTABEAUTY_2023_10K_0011|ULTABEAUTY_2023_10K_0009|ULTABEAUTY_2023_10K_0010,yes,correct
FinanceBench::pageindex_combined_query_results_clean::financebench_id_00521::top_5,FinanceBench,pageindex_combined_query_results_clean,pageindex_llm,gpt-5,standard,,financebench_id_00521,financebench_id_00521,ULTABEAUTY_2023_10K,top_5,5,ULTABEAUTY_2023_10K_0027,ULTABEAUTY_2023_10K_0027|ULTABEAUTY_2023_10K_0013,yes,no_answer
FinanceBench::pageindex_combined_query_results_clean::financebench_id_00216::top_1,FinanceBench,pageindex_combined_query_results_clean,pageindex_llm,gpt-5,standard,,financebench_id_00216,financebench_id_00216,VERIZON_2022_10K,top_1,1,VERIZON_2022_10K_0018,VERIZON_2022_10K_0018,yes,no_answer
FinanceBench::pageindex_combined_query_results_clean::financebench_id_00216::top_5,FinanceBench,pageindex_combined_query_results_clean,pageindex_llm,gpt-5,standard,,financebench_id_00216,financebench_id_00216,VERIZON_2022_10K,top_5,5,VERIZON_2022_10K_0018,VERIZON_2022_10K_0018|VERIZON_2022_10K_0011|VERIZON_2022_10K_0010|VERIZON_2022_10K_0154|VERIZON_2022_10K_0153,yes,correct
FinanceBench::pageindex_combined_query_results_clean::financebench_id_04784::top_1,FinanceBench,pageindex_combined_query_results_clean,pageindex_llm,gpt-5,standard,,financebench_id_04784,financebench_id_04784,WALMART_2019_10K,top_1,1,WALMART_2019_10K_0013,WALMART_2019_10K_0013,yes,correct
FinanceBench::pageindex_combined_query_results_clean::financebench_id_04784::top_5,FinanceBench,pageindex_combined_query_results_clean,pageindex_llm,gpt-5,standard,,financebench_id_04784,financebench_id_04784,WALMART_2019_10K,top_5,5,WALMART_2019_10K_0013,WALMART_2019_10K_0013|WALMART_2019_10K_0011|WALMART_2019_10K_0010|WALMART_2019_10K_0009,yes,correct
FinanceBench::pageindex_combined_query_results_clean::financebench_id_02608::top_5,FinanceBench,pageindex_combined_query_results_clean,pageindex_llm,gpt-5,standard,,financebench_id_02608,financebench_id_02608,BESTBUY_2017_10K,top_5,5,BESTBUY_2017_10K_0068,BESTBUY_2017_10K_0068|BESTBUY_2017_10K_0069|BESTBUY_2017_10K_0011|BESTBUY_2017_10K_0149|BESTBUY_2017_10K_0070,yes,correct
FinanceBench::hybrid_pageindex_harrier_oss_v1_0_6b_top_m_10::financebench_id_01226::top_1,FinanceBench,hybrid_pageindex_harrier_oss_v1_0_6b_top_m_10,hybrid_pageindex,microsoft/harrier-oss-v1-0.6b,node,10,financebench_id_01226,financebench_id_01226,3M_2022_10K,top_1,1,3M_2022_10K_0012,3M_2022_10K_0012,yes,correct
FinanceBench::hybrid_pageindex_harrier_oss_v1_0_6b_top_m_10::financebench_id_01226::top_5,FinanceBench,hybrid_pageindex_harrier_oss_v1_0_6b_top_m_10,hybrid_pageindex,microsoft/harrier-oss-v1-0.6b,node,10,financebench_id_01226,financebench_id_01226,3M_2022_10K,top_5,5,3M_2022_10K_0012,3M_2022_10K_0012|3M_2022_10K_0013|3M_2022_10K_0025|3M_2022_10K_0010|3M_2022_10K_0011,yes,partially_correct
FinanceBench::hybrid_pageindex_harrier_oss_v1_0_6b_top_m_10::financebench_id_00807::top_1,FinanceBench,hybrid_pageindex_harrier_oss_v1_0_6b_top_m_10,hybrid_pageindex,microsoft/harrier-oss-v1-0.6b,node,10,financebench_id_00807,financebench_id_00807,3M_2023Q2_10Q,top_1,1,3M_2023Q2_10Q_0006,3M_2023Q2_10Q_0028,no,no_answer
FinanceBench::hybrid_pageindex_harrier_oss_v1_0_6b_top_m_10::financebench_id_00807::top_5,FinanceBench,hybrid_pageindex_harrier_oss_v1_0_6b_top_m_10,hybrid_pageindex,microsoft/harrier-oss-v1-0.6b,node,10,financebench_id_00807,financebench_id_00807,3M_2023Q2_10Q,top_5,5,3M_2023Q2_10Q_0006,3M_2023Q2_10Q_0028|3M_2023Q2_10Q_0001|3M_2023Q2_10Q_0034|3M_2023Q2_10Q_0010|3M_2023Q2_10Q_0025,no,no_answer
FinanceBench::hybrid_pageindex_harrier_oss_v1_0_6b_top_m_10::financebench_id_07507::top_1,FinanceBench,hybrid_pageindex_harrier_oss_v1_0_6b_top_m_10,hybrid_pageindex,microsoft/harrier-oss-v1-0.6b,node,10,financebench_id_07507,financebench_id_07507,ADOBE_2016_10K,top_1,1,ADOBE_2016_10K_0014_intro,ADOBE_2016_10K_0011,no,correct
FinanceBench::hybrid_pageindex_harrier_oss_v1_0_6b_top_m_10::financebench_id_07507::top_5,FinanceBench,hybrid_pageindex_harrier_oss_v1_0_6b_top_m_10,hybrid_pageindex,microsoft/harrier-oss-v1-0.6b,node,10,financebench_id_07507,financebench_id_07507,ADOBE_2016_10K,top_5,5,ADOBE_2016_10K_0014_intro,ADOBE_2016_10K_0011|ADOBE_2016_10K_0009|ADOBE_2016_10K_0000|ADOBE_2016_10K_0003|ADOBE_2016_10K_0010,no,correct
FinanceBench::hybrid_pageindex_harrier_oss_v1_0_6b_top_m_10::financebench_id_00438::top_1,FinanceBench,hybrid_pageindex_harrier_oss_v1_0_6b_top_m_10,hybrid_pageindex,microsoft/harrier-oss-v1-0.6b,node,10,financebench_id_00438,financebench_id_00438,ADOBE_2022_10K,top_1,1,ADOBE_2022_10K_0013,ADOBE_2022_10K_0013,yes,correct
FinanceBench::hybrid_pageindex_harrier_oss_v1_0_6b_top_m_10::financebench_id_00438::top_5,FinanceBench,hybrid_pageindex_harrier_oss_v1_0_6b_top_m_10,hybrid_pageindex,microsoft/harrier-oss-v1-0.6b,node,10,financebench_id_00438,financebench_id_00438,ADOBE_2022_10K,top_5,5,ADOBE_2022_10K_0013,ADOBE_2022_10K_0013|ADOBE_2022_10K_0000|ADOBE_2022_10K_0011|ADOBE_2022_10K_0002|ADOBE_2022_10K_0003,yes,correct
FinanceBench::hybrid_pageindex_harrier_oss_v1_0_6b_top_m_10::financebench_id_00591::top_1,FinanceBench,hybrid_pageindex_harrier_oss_v1_0_6b_top_m_10,hybrid_pageindex,microsoft/harrier-oss-v1-0.6b,node,10,financebench_id_00591,financebench_id_00591,ADOBE_2022_10K,top_1,1,ADOBE_2022_10K_0013,ADOBE_2022_10K_0013,yes,correct
FinanceBench::hybrid_pageindex_harrier_oss_v1_0_6b_top_m_10::financebench_id_00591::top_5,FinanceBench,hybrid_pageindex_harrier_oss_v1_0_6b_top_m_10,hybrid_pageindex,microsoft/harrier-oss-v1-0.6b,node,10,financebench_id_00591,financebench_id_00591,ADOBE_2022_10K,top_5,5,ADOBE_2022_10K_0013,ADOBE_2022_10K_0013|ADOBE_2022_10K_0011|ADOBE_2022_10K_0002|ADOBE_2022_10K_0000|ADOBE_2022_10K_0001,yes,correct
FinanceBench::hybrid_pageindex_harrier_oss_v1_0_6b_top_m_10::financebench_id_08135::top_1,FinanceBench,hybrid_pageindex_harrier_oss_v1_0_6b_top_m_10,hybrid_pageindex,microsoft/harrier-oss-v1-0.6b,node,10,financebench_id_08135,financebench_id_08135,AMAZON_2017_10K,top_1,1,AMAZON_2017_10K_0013,AMAZON_2017_10K_0013,yes,correct
FinanceBench::hybrid_pageindex_harrier_oss_v1_0_6b_top_m_10::financebench_id_01935::top_5,FinanceBench,hybrid_pageindex_harrier_oss_v1_0_6b_top_m_10,hybrid_pageindex,microsoft/harrier-oss-v1-0.6b,node,10,financebench_id_01935,financebench_id_01935,AMCOR_2022_8K_dated-2022-07-01,top_5,5,AMCOR_2022_8K_dated_2022_07_01_0001,AMCOR_2022_8K_dated_2022_07_01_0000|AMCOR_2022_8K_dated_2022_07_01_0003|AMCOR_2022_8K_dated_2022_07_01_0018|AMCOR_2022_8K_dated_2022_07_01_0006|AMCOR_2022_8K_dated_2022_07_01_0002,no,correct
FinanceBench::hybrid_pageindex_harrier_oss_v1_0_6b_top_m_10::financebench_id_00684::top_5,FinanceBench,hybrid_pageindex_harrier_oss_v1_0_6b_top_m_10,hybrid_pageindex,microsoft/harrier-oss-v1-0.6b,node,10,financebench_id_00684,financebench_id_00684,AMCOR_2023_10K,top_5,5,AMCOR_2023_10K_0014,AMCOR_2023Q4_EARNINGS_0005|AMCOR_2023Q4_EARNINGS_0012|AMCOR_2023Q4_EARNINGS_0004|AMCOR_2023Q4_EARNINGS_0002|AMCOR_2023Q4_EARNINGS_0000,no,correct
FinanceBench::hybrid_pageindex_harrier_oss_v1_0_6b_top_m_10::financebench_id_00222::top_5,FinanceBench,hybrid_pageindex_harrier_oss_v1_0_6b_top_m_10,hybrid_pageindex,microsoft/harrier-oss-v1-0.6b,node,10,financebench_id_00222,financebench_id_00222,AMD_2022_10K,top_5,5,AMD_2022_10K_0014,AMD_2022_10K_0011|AMD_2022_10K_0012|AMD_2022_10K_0025|AMD_2022_10K_0014|AMD_2022_10K_0001,yes,correct
FinanceBench::hybrid_pageindex_harrier_oss_v1_0_6b_top_m_10::financebench_id_00917::top_1,FinanceBench,hybrid_pageindex_harrier_oss_v1_0_6b_top_m_10,hybrid_pageindex,microsoft/harrier-oss-v1-0.6b,node,10,financebench_id_00917,financebench_id_00917,AMD_2022_10K,top_1,1,AMD_2022_10K_0012,AMD_2022_10K_0012,yes,correct
FinanceBench::hybrid_pageindex_harrier_oss_v1_0_6b_top_m_10::financebench_id_00917::top_5,FinanceBench,hybrid_pageindex_harrier_oss_v1_0_6b_top_m_10,hybrid_pageindex,microsoft/harrier-oss-v1-0.6b,node,10,financebench_id_00917,financebench_id_00917,AMD_2022_10K,top_5,5,AMD_2022_10K_0012,AMD_2022_10K_0012|AMD_2022_10K_0011|AMD_2022_10K_0014|AMD_2022_10K_0001|AMD_2022_10K_0003,yes,correct
FinanceBench::hybrid_pageindex_harrier_oss_v1_0_6b_top_m_10::financebench_id_00723::top_5,FinanceBench,hybrid_pageindex_harrier_oss_v1_0_6b_top_m_10,hybrid_pageindex,microsoft/harrier-oss-v1-0.6b,node,10,financebench_id_00723,financebench_id_00723,AMERICANEXPRESS_2022_10K,top_5,5,AMERICANEXPRESS_2022_10K_0028,AMERICANEXPRESS_2022_10K_0019|AMERICANEXPRESS_2022_10K_0017|AMERICANEXPRESS_2022_10K_0018|AMERICANEXPRESS_2022_10K_0016|AMERICANEXPRESS_2022_10K_0003,no,correct
FinanceBench::hybrid_pageindex_harrier_oss_v1_0_6b_top_m_10::financebench_id_00720::top_5,FinanceBench,hybrid_pageindex_harrier_oss_v1_0_6b_top_m_10,hybrid_pageindex,microsoft/harrier-oss-v1-0.6b,node,10,financebench_id_00720,financebench_id_00720,AMERICANEXPRESS_2022_10K,top_5,5,AMERICANEXPRESS_2022_10K_0028,AMERICANEXPRESS_2022_10K_0003|AMERICANEXPRESS_2022_10K_0000|AMERICANEXPRESS_2022_10K_0018|AMERICANEXPRESS_2022_10K_0016|AMERICANEXPRESS_2022_10K_0017,no,correct
FinanceBench::hybrid_pageindex_harrier_oss_v1_0_6b_top_m_10::financebench_id_01964::top_5,FinanceBench,hybrid_pageindex_harrier_oss_v1_0_6b_top_m_10,hybrid_pageindex,microsoft/harrier-oss-v1-0.6b,node,10,financebench_id_01964,financebench_id_01964,AMERICANEXPRESS_2022_10K,top_5,5,AMERICANEXPRESS_2022_10K_0028,AMERICANEXPRESS_2022_10K_0000|AMERICANEXPRESS_2022_10K_0003|AMERICANEXPRESS_2022_10K_0011|AMERICANEXPRESS_2022_10K_0134_intro|AMERICANEXPRESS_2022_10K_0019,no,correct
FinanceBench::hybrid_pageindex_harrier_oss_v1_0_6b_top_m_10::financebench_id_00685::top_1,FinanceBench,hybrid_pageindex_harrier_oss_v1_0_6b_top_m_10,hybrid_pageindex,microsoft/harrier-oss-v1-0.6b,node,10,financebench_id_00685,financebench_id_00685,BESTBUY_2023_10K,top_1,1,BESTBUY_2023_10K_0014,BESTBUY_2024Q2_10Q_0009,no,no_answer
FinanceBench::hybrid_pageindex_harrier_oss_v1_0_6b_top_m_10::financebench_id_01077::top_5,FinanceBench,hybrid_pageindex_harrier_oss_v1_0_6b_top_m_10,hybrid_pageindex,microsoft/harrier-oss-v1-0.6b,node,10,financebench_id_01077,financebench_id_01077,BESTBUY_2023_10K,top_5,5,BESTBUY_2023_10K_0014,BESTBUY_2023_10K_0000|BESTBUY_2023_10K_0011|BESTBUY_2023_10K_0001|BESTBUY_2023_10K_0002|BESTBUY_2023_10K_0014,yes,correct
FinanceBench::hybrid_pageindex_harrier_oss_v1_0_6b_top_m_10::financebench_id_00460::top_5,FinanceBench,hybrid_pageindex_harrier_oss_v1_0_6b_top_m_10,hybrid_pageindex,microsoft/harrier-oss-v1-0.6b,node,10,financebench_id_00460,financebench_id_00460,BESTBUY_2024Q2_10Q,top_5,5,BESTBUY_2024Q2_10Q_0009,BESTBUY_2024Q2_10Q_0009|BESTBUY_2024Q2_10Q_0016|BESTBUY_2024Q2_10Q_0000|BESTBUY_2024Q2_10Q_0001|BESTBUY_2024Q2_10Q_0017,yes,incorrect
FinanceBench::hybrid_pageindex_harrier_oss_v1_0_6b_top_m_10::financebench_id_03838::top_5,FinanceBench,hybrid_pageindex_harrier_oss_v1_0_6b_top_m_10,hybrid_pageindex,microsoft/harrier-oss-v1-0.6b,node,10,financebench_id_03838,financebench_id_03838,BLOCK_2020_10K,top_5,5,BLOCK_2020_10K_0071,BLOCK_2020_10K_0072|BLOCK_2020_10K_0073|BLOCK_2020_10K_0064|BLOCK_2020_10K_0080|BLOCK_2020_10K_0075,no,correct
FinanceBench::hybrid_pageindex_harrier_oss_v1_0_6b_top_m_10::financebench_id_00517::top_1,FinanceBench,hybrid_pageindex_harrier_oss_v1_0_6b_top_m_10,hybrid_pageindex,microsoft/harrier-oss-v1-0.6b,node,10,financebench_id_00517,financebench_id_00517,BOEING_2022_10K,top_1,1,BOEING_2022_10K_0023,BOEING_2022_10K_0045,no,correct
FinanceBench::hybrid_pageindex_harrier_oss_v1_0_6b_top_m_10::financebench_id_00517::top_5,FinanceBench,hybrid_pageindex_harrier_oss_v1_0_6b_top_m_10,hybrid_pageindex,microsoft/harrier-oss-v1-0.6b,node,10,financebench_id_00517,financebench_id_00517,BOEING_2022_10K,top_5,5,BOEING_2022_10K_0023,BOEING_2022_10K_0045|BOEING_2022_10K_0023|BOEING_2022_10K_0004|BOEING_2022_10K_0022|BOEING_2022_10K_0005,yes,correct
FinanceBench::hybrid_pageindex_harrier_oss_v1_0_6b_top_m_10::financebench_id_01091::top_1,FinanceBench,hybrid_pageindex_harrier_oss_v1_0_6b_top_m_10,hybrid_pageindex,microsoft/harrier-oss-v1-0.6b,node,10,financebench_id_01091,financebench_id_01091,BOEING_2022_10K,top_1,1,BOEING_2022_10K_0044,BOEING_2022_10K_0044,yes,correct
FinanceBench::hybrid_pageindex_harrier_oss_v1_0_6b_top_m_10::financebench_id_01091::top_5,FinanceBench,hybrid_pageindex_harrier_oss_v1_0_6b_top_m_10,hybrid_pageindex,microsoft/harrier-oss-v1-0.6b,node,10,financebench_id_01091,financebench_id_01091,BOEING_2022_10K,top_5,5,BOEING_2022_10K_0044,BOEING_2022_10K_0044|BOEING_2022_10K_0045|BOEING_2022_10K_0010|BOEING_2022_10K_0014|BOEING_2022_10K_0004,yes,correct
FinanceBench::hybrid_pageindex_harrier_oss_v1_0_6b_top_m_10::financebench_id_00678::top_1,FinanceBench,hybrid_pageindex_harrier_oss_v1_0_6b_top_m_10,hybrid_pageindex,microsoft/harrier-oss-v1-0.6b,node,10,financebench_id_00678,financebench_id_00678,BOEING_2022_10K,top_1,1,BOEING_2022_10K_0018,BOEING_2022_10K_0015,no,correct
FinanceBench::hybrid_pageindex_harrier_oss_v1_0_6b_top_m_10::financebench_id_00678::top_5,FinanceBench,hybrid_pageindex_harrier_oss_v1_0_6b_top_m_10,hybrid_pageindex,microsoft/harrier-oss-v1-0.6b,node,10,financebench_id_00678,financebench_id_00678,BOEING_2022_10K,top_5,5,BOEING_2022_10K_0018,BOEING_2022_10K_0015|BOEING_2022_10K_0023|BOEING_2022_10K_0019|BOEING_2022_10K_0045|BOEING_2022_10K_0018,yes,correct
FinanceBench::hybrid_pageindex_harrier_oss_v1_0_6b_top_m_10::financebench_id_00494::top_5,FinanceBench,hybrid_pageindex_harrier_oss_v1_0_6b_top_m_10,hybrid_pageindex,microsoft/harrier-oss-v1-0.6b,node,10,financebench_id_00494,financebench_id_00494,BOEING_2022_10K,top_5,5,BOEING_2022_10K_0007,BOEING_2022_10K_0014|BOEING_2022_10K_0015|BOEING_2022_10K_0004|BOEING_2022_10K_0045|BOEING_2022_10K_0006,no,incorrect
FinanceBench::hybrid_pageindex_harrier_oss_v1_0_6b_top_m_10::financebench_id_00585::top_1,FinanceBench,hybrid_pageindex_harrier_oss_v1_0_6b_top_m_10,hybrid_pageindex,microsoft/harrier-oss-v1-0.6b,node,10,financebench_id_00585,financebench_id_00585,BOEING_2022_10K,top_1,1,BOEING_2022_10K_0018,BOEING_2022_10K_0018,yes,correct
FinanceBench::hybrid_pageindex_harrier_oss_v1_0_6b_top_m_10::financebench_id_02981::top_1,FinanceBench,hybrid_pageindex_harrier_oss_v1_0_6b_top_m_10,hybrid_pageindex,microsoft/harrier-oss-v1-0.6b,node,10,financebench_id_02981,financebench_id_02981,CORNING_2021_10K,top_1,1,CORNING_2021_10K_0140,CORNING_2021_10K_0061_intro,no,incorrect
FinanceBench::hybrid_pageindex_harrier_oss_v1_0_6b_top_m_10::financebench_id_02981::top_5,FinanceBench,hybrid_pageindex_harrier_oss_v1_0_6b_top_m_10,hybrid_pageindex,microsoft/harrier-oss-v1-0.6b,node,10,financebench_id_02981,financebench_id_02981,CORNING_2021_10K,top_5,5,CORNING_2021_10K_0140,CORNING_2021_10K_0061_intro|CORNING_2021_10K_0071|CORNING_2021_10K_0060|CORNING_2021_10K_0059|CORNING_2021_10K_0077,no,incorrect
FinanceBench::hybrid_pageindex_harrier_oss_v1_0_6b_top_m_10::financebench_id_00956::top_5,FinanceBench,hybrid_pageindex_harrier_oss_v1_0_6b_top_m_10,hybrid_pageindex,microsoft/harrier-oss-v1-0.6b,node,10,financebench_id_00956,financebench_id_00956,JOHNSON_JOHNSON_2022_10K,top_5,5,JOHNSON_JOHNSON_2022_10K_0024,JOHNSON_JOHNSON_2022_10K_0024|JOHNSON_JOHNSON_2022_10K_0008|JOHNSON_JOHNSON_2022_10K_0014|JOHNSON_JOHNSON_2022_10K_0010|JOHNSON_JOHNSON_2022_10K_0011,yes,correct
FinanceBench::hybrid_pageindex_harrier_oss_v1_0_6b_top_m_10::financebench_id_00669::top_1,FinanceBench,hybrid_pageindex_harrier_oss_v1_0_6b_top_m_10,hybrid_pageindex,microsoft/harrier-oss-v1-0.6b,node,10,financebench_id_00669,financebench_id_00669,JOHNSON_JOHNSON_2022_10K,top_1,1,JOHNSON_JOHNSON_2022_10K_0024,JOHNSON_JOHNSON_2022_10K_0024,yes,correct
FinanceBench::hybrid_pageindex_harrier_oss_v1_0_6b_top_m_10::financebench_id_00669::top_5,FinanceBench,hybrid_pageindex_harrier_oss_v1_0_6b_top_m_10,hybrid_pageindex,microsoft/harrier-oss-v1-0.6b,node,10,financebench_id_00669,financebench_id_00669,JOHNSON_JOHNSON_2022_10K,top_5,5,JOHNSON_JOHNSON_2022_10K_0024,JOHNSON_JOHNSON_2022_10K_0024|JOHNSON_JOHNSON_2022_10K_0008|JOHNSON_JOHNSON_2022_10K_0025|JOHNSON_JOHNSON_2022_10K_0009|JOHNSON_JOHNSON_2022_10K_0010,yes,correct
FinanceBench::hybrid_pageindex_harrier_oss_v1_0_6b_top_m_10::financebench_id_00299::top_5,FinanceBench,hybrid_pageindex_harrier_oss_v1_0_6b_top_m_10,hybrid_pageindex,microsoft/harrier-oss-v1-0.6b,node,10,financebench_id_00299,financebench_id_00299,JPMORGAN_2021Q1_10Q,top_5,5,JPMORGAN_2021Q1_10Q_0024,JPMORGAN_2021Q1_10Q_0040|JPMORGAN_2021Q1_10Q_0013|JPMORGAN_2021Q1_10Q_0050|JPMORGAN_2021Q1_10Q_0038|JPMORGAN_2021Q1_10Q_0049,no,no_answer
FinanceBench::hybrid_pageindex_harrier_oss_v1_0_6b_top_m_10::financebench_id_00394::top_5,FinanceBench,hybrid_pageindex_harrier_oss_v1_0_6b_top_m_10,hybrid_pageindex,microsoft/harrier-oss-v1-0.6b,node,10,financebench_id_00394,financebench_id_00394,JPMORGAN_2022Q2_10Q,top_5,5,JPMORGAN_2022Q2_10Q_0025,JPMORGAN_2023Q2_10Q_0052|JPMORGAN_2023Q2_10Q_0007|JPMORGAN_2023Q2_10Q_0015|JPMORGAN_2023Q2_10Q_0053|JPMORGAN_2023Q2_10Q_0039_intro,no,no_answer
FinanceBench::hybrid_pageindex_harrier_oss_v1_0_6b_top_m_10::financebench_id_00206::top_5,FinanceBench,hybrid_pageindex_harrier_oss_v1_0_6b_top_m_10,hybrid_pageindex,microsoft/harrier-oss-v1-0.6b,node,10,financebench_id_00206,financebench_id_00206,JPMORGAN_2022_10K,top_5,5,JPMORGAN_2022_10K_0002,JPMORGAN_2021Q1_10Q_0021|JPMORGAN_2021Q1_10Q_0013|JPMORGAN_2021Q1_10Q_0033|JPMORGAN_2021Q1_10Q_0040|JPMORGAN_2021Q1_10Q_0128,no,correct
FinanceBench::hybrid_pageindex_harrier_oss_v1_0_6b_top_m_10::financebench_id_03718::top_5,FinanceBench,hybrid_pageindex_harrier_oss_v1_0_6b_top_m_10,hybrid_pageindex,microsoft/harrier-oss-v1-0.6b,node,10,financebench_id_03718,financebench_id_03718,LOCKHEEDMARTIN_2022_10K,top_5,5,LOCKHEEDMARTIN_2022_10K_0020,LOCKHEEDMARTIN_2022_10K_0026|LOCKHEEDMARTIN_2022_10K_0000|LOCKHEEDMARTIN_2022_10K_0023|LOCKHEEDMARTIN_2022_10K_0024|LOCKHEEDMARTIN_2022_10K_0054,no,correct
FinanceBench::hybrid_pageindex_harrier_oss_v1_0_6b_top_m_10::financebench_id_04302::top_5,FinanceBench,hybrid_pageindex_harrier_oss_v1_0_6b_top_m_10,hybrid_pageindex,microsoft/harrier-oss-v1-0.6b,node,10,financebench_id_04302,financebench_id_04302,NIKE_2018_10K,top_5,5,NIKE_2018_10K_0026,NIKE_2018_10K_0023|NIKE_2018_10K_0024|NIKE_2018_10K_0039|NIKE_2018_10K_0028|NIKE_2018_10K_0022,no,correct
FinanceBench::hybrid_pageindex_harrier_oss_v1_0_6b_top_m_10::financebench_id_00080::top_1,FinanceBench,hybrid_pageindex_harrier_oss_v1_0_6b_top_m_10,hybrid_pageindex,microsoft/harrier-oss-v1-0.6b,node,10,financebench_id_00080,financebench_id_00080,PAYPAL_2022_10K,top_1,1,PAYPAL_2022_10K_0034,PAYPAL_2022_10K_0011,no,correct
FinanceBench::hybrid_pageindex_harrier_oss_v1_0_6b_top_m_10::financebench_id_00080::top_5,FinanceBench,hybrid_pageindex_harrier_oss_v1_0_6b_top_m_10,hybrid_pageindex,microsoft/harrier-oss-v1-0.6b,node,10,financebench_id_00080,financebench_id_00080,PAYPAL_2022_10K,top_5,5,PAYPAL_2022_10K_0034,PAYPAL_2022_10K_0011|PAYPAL_2022_10K_0002|PAYPAL_2022_10K_0000|PAYPAL_2022_10K_0007|PAYPAL_2022_10K_0009,no,incorrect
FinanceBench::hybrid_pageindex_harrier_oss_v1_0_6b_top_m_10::financebench_id_00603::top_1,FinanceBench,hybrid_pageindex_harrier_oss_v1_0_6b_top_m_10,hybrid_pageindex,microsoft/harrier-oss-v1-0.6b,node,10,financebench_id_00603,financebench_id_00603,ULTABEAUTY_2023Q4_EARNINGS,top_1,1,ULTABEAUTY_2023Q4_EARNINGS_0003,ULTABEAUTY_2023_10K_0013,no,no_answer
FinanceBench::hybrid_pageindex_harrier_oss_v1_0_6b_top_m_10::financebench_id_00603::top_5,FinanceBench,hybrid_pageindex_harrier_oss_v1_0_6b_top_m_10,hybrid_pageindex,microsoft/harrier-oss-v1-0.6b,node,10,financebench_id_00603,financebench_id_00603,ULTABEAUTY_2023Q4_EARNINGS,top_5,5,ULTABEAUTY_2023Q4_EARNINGS_0003,ULTABEAUTY_2023_10K_0013|ULTABEAUTY_2023_10K_0012|ULTABEAUTY_2023_10K_0003|ULTABEAUTY_2023_10K_0002|ULTABEAUTY_2023_10K_0001,no,no_answer
FinanceBench::hybrid_pageindex_harrier_oss_v1_0_6b_top_m_10::financebench_id_04784::top_1,FinanceBench,hybrid_pageindex_harrier_oss_v1_0_6b_top_m_10,hybrid_pageindex,microsoft/harrier-oss-v1-0.6b,node,10,financebench_id_04784,financebench_id_04784,WALMART_2019_10K,top_1,1,WALMART_2019_10K_0013,WALMART_2019_10K_0013,yes,correct
FinanceBench::hybrid_pageindex_harrier_oss_v1_0_6b_top_m_10::financebench_id_04784::top_5,FinanceBench,hybrid_pageindex_harrier_oss_v1_0_6b_top_m_10,hybrid_pageindex,microsoft/harrier-oss-v1-0.6b,node,10,financebench_id_04784,financebench_id_04784,WALMART_2019_10K,top_5,5,WALMART_2019_10K_0013,WALMART_2019_10K_0013|WALMART_2019_10K_0001|WALMART_2019_10K_0010|WALMART_2019_10K_0000|WALMART_2019_10K_0011,yes,correct
FinanceBench::hybrid_pageindex_linq_embed_mistral_top_m_10::financebench_id_01226::top_1,FinanceBench,hybrid_pageindex_linq_embed_mistral_top_m_10,hybrid_pageindex,Linq-AI-Research/Linq-Embed-Mistral,node,10,financebench_id_01226,financebench_id_01226,3M_2022_10K,top_1,1,3M_2022_10K_0012,3M_2022_10K_0012,yes,correct
FinanceBench::hybrid_pageindex_linq_embed_mistral_top_m_10::financebench_id_01226::top_5,FinanceBench,hybrid_pageindex_linq_embed_mistral_top_m_10,hybrid_pageindex,Linq-AI-Research/Linq-Embed-Mistral,node,10,financebench_id_01226,financebench_id_01226,3M_2022_10K,top_5,5,3M_2022_10K_0012,3M_2022_10K_0012|3M_2022_10K_0013|3M_2022_10K_0025|3M_2022_10K_0011|3M_2022_10K_0014,yes,partially_correct
FinanceBench::hybrid_pageindex_linq_embed_mistral_top_m_10::financebench_id_00807::top_1,FinanceBench,hybrid_pageindex_linq_embed_mistral_top_m_10,hybrid_pageindex,Linq-AI-Research/Linq-Embed-Mistral,node,10,financebench_id_00807,financebench_id_00807,3M_2023Q2_10Q,top_1,1,3M_2023Q2_10Q_0006,3M_2023Q2_10Q_0028,no,no_answer
FinanceBench::hybrid_pageindex_linq_embed_mistral_top_m_10::financebench_id_00807::top_5,FinanceBench,hybrid_pageindex_linq_embed_mistral_top_m_10,hybrid_pageindex,Linq-AI-Research/Linq-Embed-Mistral,node,10,financebench_id_00807,financebench_id_00807,3M_2023Q2_10Q,top_5,5,3M_2023Q2_10Q_0006,3M_2023Q2_10Q_0028|3M_2023Q2_10Q_0027|3M_2023Q2_10Q_0025|3M_2023Q2_10Q_0023|3M_2023Q2_10Q_0009,no,no_answer
FinanceBench::hybrid_pageindex_linq_embed_mistral_top_m_10::financebench_id_01858::top_5,FinanceBench,hybrid_pageindex_linq_embed_mistral_top_m_10,hybrid_pageindex,Linq-AI-Research/Linq-Embed-Mistral,node,10,financebench_id_01858,financebench_id_01858,3M_2023Q2_10Q,top_5,5,3M_2023Q2_10Q_0025,3M_2018_10K_0011|3M_2018_10K_0028|3M_2018_10K_0019|3M_2018_10K_0010|3M_2018_10K_0012,no,correct
FinanceBench::hybrid_pageindex_linq_embed_mistral_top_m_10::financebench_id_00438::top_5,FinanceBench,hybrid_pageindex_linq_embed_mistral_top_m_10,hybrid_pageindex,Linq-AI-Research/Linq-Embed-Mistral,node,10,financebench_id_00438,financebench_id_00438,ADOBE_2022_10K,top_5,5,ADOBE_2022_10K_0013,ADOBE_2022_10K_0002|ADOBE_2022_10K_0000|ADOBE_2022_10K_0011|ADOBE_2022_10K_0001|ADOBE_2022_10K_0013,yes,correct
FinanceBench::hybrid_pageindex_linq_embed_mistral_top_m_10::financebench_id_08135::top_5,FinanceBench,hybrid_pageindex_linq_embed_mistral_top_m_10,hybrid_pageindex,Linq-AI-Research/Linq-Embed-Mistral,node,10,financebench_id_08135,financebench_id_08135,AMAZON_2017_10K,top_5,5,AMAZON_2017_10K_0013,AMAZON_2017_10K_0009|AMAZON_2017_10K_0013|AMAZON_2017_10K_0001|AMAZON_2017_10K_0025|AMAZON_2017_10K_0000,yes,correct
FinanceBench::hybrid_pageindex_linq_embed_mistral_top_m_10::financebench_id_01930::top_5,FinanceBench,hybrid_pageindex_linq_embed_mistral_top_m_10,hybrid_pageindex,Linq-AI-Research/Linq-Embed-Mistral,node,10,financebench_id_01930,financebench_id_01930,AMCOR_2023Q4_EARNINGS,top_5,5,AMCOR_2023Q4_EARNINGS_0017,AMCOR_2023Q4_EARNINGS_0005|AMCOR_2023Q4_EARNINGS_0004|AMCOR_2023Q4_EARNINGS_0000|AMCOR_2023Q4_EARNINGS_0018|AMCOR_2023Q4_EARNINGS_0002,no,correct
FinanceBench::hybrid_pageindex_linq_embed_mistral_top_m_10::financebench_id_00684::top_5,FinanceBench,hybrid_pageindex_linq_embed_mistral_top_m_10,hybrid_pageindex,Linq-AI-Research/Linq-Embed-Mistral,node,10,financebench_id_00684,financebench_id_00684,AMCOR_2023_10K,top_5,5,AMCOR_2023_10K_0014,AMCOR_2023_10K_0002|AMCOR_2023_10K_0000|AMCOR_2023_10K_0014|AMCOR_2023_10K_0001|AMCOR_2023_10K_0019,yes,correct
FinanceBench::hybrid_pageindex_linq_embed_mistral_top_m_10::financebench_id_00917::top_5,FinanceBench,hybrid_pageindex_linq_embed_mistral_top_m_10,hybrid_pageindex,Linq-AI-Research/Linq-Embed-Mistral,node,10,financebench_id_00917,financebench_id_00917,AMD_2022_10K,top_5,5,AMD_2022_10K_0012,AMD_2022_10K_0011|AMD_2022_10K_0012|AMD_2022_10K_0003|AMD_2022_10K_0001|AMD_2022_10K_0008,yes,correct
FinanceBench::hybrid_pageindex_linq_embed_mistral_top_m_10::financebench_id_00723::top_5,FinanceBench,hybrid_pageindex_linq_embed_mistral_top_m_10,hybrid_pageindex,Linq-AI-Research/Linq-Embed-Mistral,node,10,financebench_id_00723,financebench_id_00723,AMERICANEXPRESS_2022_10K,top_5,5,AMERICANEXPRESS_2022_10K_0028,AMERICANEXPRESS_2022_10K_0003|AMERICANEXPRESS_2022_10K_0018|AMERICANEXPRESS_2022_10K_0000|AMERICANEXPRESS_2022_10K_0019|AMERICANEXPRESS_2022_10K_0016,no,correct
FinanceBench::hybrid_pageindex_linq_embed_mistral_top_m_10::financebench_id_00720::top_1,FinanceBench,hybrid_pageindex_linq_embed_mistral_top_m_10,hybrid_pageindex,Linq-AI-Research/Linq-Embed-Mistral,node,10,financebench_id_00720,financebench_id_00720,AMERICANEXPRESS_2022_10K,top_1,1,AMERICANEXPRESS_2022_10K_0028,AMERICANEXPRESS_2022_10K_0017,no,correct
FinanceBench::hybrid_pageindex_linq_embed_mistral_top_m_10::financebench_id_00720::top_5,FinanceBench,hybrid_pageindex_linq_embed_mistral_top_m_10,hybrid_pageindex,Linq-AI-Research/Linq-Embed-Mistral,node,10,financebench_id_00720,financebench_id_00720,AMERICANEXPRESS_2022_10K,top_5,5,AMERICANEXPRESS_2022_10K_0028,AMERICANEXPRESS_2022_10K_0017|AMERICANEXPRESS_2022_10K_0018|AMERICANEXPRESS_2022_10K_0000|AMERICANEXPRESS_2022_10K_0003|AMERICANEXPRESS_2022_10K_0134_intro,no,correct
FinanceBench::hybrid_pageindex_linq_embed_mistral_top_m_10::financebench_id_01964::top_5,FinanceBench,hybrid_pageindex_linq_embed_mistral_top_m_10,hybrid_pageindex,Linq-AI-Research/Linq-Embed-Mistral,node,10,financebench_id_01964,financebench_id_01964,AMERICANEXPRESS_2022_10K,top_5,5,AMERICANEXPRESS_2022_10K_0028,AMERICANEXPRESS_2022_10K_0019|AMERICANEXPRESS_2022_10K_0000|AMERICANEXPRESS_2022_10K_0026|AMERICANEXPRESS_2022_10K_0134_intro|AMERICANEXPRESS_2022_10K_0021,no,correct
FinanceBench::hybrid_pageindex_linq_embed_mistral_top_m_10::financebench_id_02608::top_1,FinanceBench,hybrid_pageindex_linq_embed_mistral_top_m_10,hybrid_pageindex,Linq-AI-Research/Linq-Embed-Mistral,node,10,financebench_id_02608,financebench_id_02608,BESTBUY_2017_10K,top_1,1,BESTBUY_2017_10K_0068,BESTBUY_2017_10K_0011,no,correct
FinanceBench::hybrid_pageindex_linq_embed_mistral_top_m_10::financebench_id_02608::top_5,FinanceBench,hybrid_pageindex_linq_embed_mistral_top_m_10,hybrid_pageindex,Linq-AI-Research/Linq-Embed-Mistral,node,10,financebench_id_02608,financebench_id_02608,BESTBUY_2017_10K,top_5,5,BESTBUY_2017_10K_0068,BESTBUY_2017_10K_0011|BESTBUY_2017_10K_0170|BESTBUY_2017_10K_0010|BESTBUY_2017_10K_0167|BESTBUY_2017_10K_0169,no,correct
FinanceBench::hybrid_pageindex_linq_embed_mistral_top_m_10::financebench_id_03838::top_5,FinanceBench,hybrid_pageindex_linq_embed_mistral_top_m_10,hybrid_pageindex,Linq-AI-Research/Linq-Embed-Mistral,node,10,financebench_id_03838,financebench_id_03838,BLOCK_2020_10K,top_5,5,BLOCK_2020_10K_0071,BLOCK_2020_10K_0072|BLOCK_2020_10K_0161_intro|BLOCK_2020_10K_0002|BLOCK_2020_10K_0090|BLOCK_2020_10K_0091,no,correct
FinanceBench::hybrid_pageindex_linq_embed_mistral_top_m_10::financebench_id_00517::top_5,FinanceBench,hybrid_pageindex_linq_embed_mistral_top_m_10,hybrid_pageindex,Linq-AI-Research/Linq-Embed-Mistral,node,10,financebench_id_00517,financebench_id_00517,BOEING_2022_10K,top_5,5,BOEING_2022_10K_0023,BOEING_2022_10K_0005|BOEING_2022_10K_0004|BOEING_2022_10K_0023|BOEING_2022_10K_0045|BOEING_2022_10K_0030,yes,correct
FinanceBench::hybrid_pageindex_linq_embed_mistral_top_m_10::financebench_id_01091::top_1,FinanceBench,hybrid_pageindex_linq_embed_mistral_top_m_10,hybrid_pageindex,Linq-AI-Research/Linq-Embed-Mistral,node,10,financebench_id_01091,financebench_id_01091,BOEING_2022_10K,top_1,1,BOEING_2022_10K_0044,BOEING_2022_10K_0044,yes,correct
FinanceBench::hybrid_pageindex_linq_embed_mistral_top_m_10::financebench_id_01091::top_5,FinanceBench,hybrid_pageindex_linq_embed_mistral_top_m_10,hybrid_pageindex,Linq-AI-Research/Linq-Embed-Mistral,node,10,financebench_id_01091,financebench_id_01091,BOEING_2022_10K,top_5,5,BOEING_2022_10K_0044,BOEING_2022_10K_0044|BOEING_2022_10K_0010|BOEING_2022_10K_0011|BOEING_2022_10K_0002|BOEING_2022_10K_0004,yes,correct
FinanceBench::hybrid_pageindex_linq_embed_mistral_top_m_10::financebench_id_00678::top_1,FinanceBench,hybrid_pageindex_linq_embed_mistral_top_m_10,hybrid_pageindex,Linq-AI-Research/Linq-Embed-Mistral,node,10,financebench_id_00678,financebench_id_00678,BOEING_2022_10K,top_1,1,BOEING_2022_10K_0018,BOEING_2022_10K_0015,no,correct
FinanceBench::hybrid_pageindex_linq_embed_mistral_top_m_10::financebench_id_00678::top_5,FinanceBench,hybrid_pageindex_linq_embed_mistral_top_m_10,hybrid_pageindex,Linq-AI-Research/Linq-Embed-Mistral,node,10,financebench_id_00678,financebench_id_00678,BOEING_2022_10K,top_5,5,BOEING_2022_10K_0018,BOEING_2022_10K_0015|BOEING_2022_10K_0005|BOEING_2022_10K_0004|BOEING_2022_10K_0023|BOEING_2022_10K_0028,no,correct
FinanceBench::hybrid_pageindex_linq_embed_mistral_top_m_10::financebench_id_00494::top_1,FinanceBench,hybrid_pageindex_linq_embed_mistral_top_m_10,hybrid_pageindex,Linq-AI-Research/Linq-Embed-Mistral,node,10,financebench_id_00494,financebench_id_00494,BOEING_2022_10K,top_1,1,BOEING_2022_10K_0007,BOEING_2022_10K_0015,no,incorrect
FinanceBench::hybrid_pageindex_linq_embed_mistral_top_m_10::financebench_id_00494::top_5,FinanceBench,hybrid_pageindex_linq_embed_mistral_top_m_10,hybrid_pageindex,Linq-AI-Research/Linq-Embed-Mistral,node,10,financebench_id_00494,financebench_id_00494,BOEING_2022_10K,top_5,5,BOEING_2022_10K_0007,BOEING_2022_10K_0015|BOEING_2022_10K_0004|BOEING_2022_10K_0030|BOEING_2022_10K_0028|BOEING_2022_10K_0023,no,incorrect
FinanceBench::hybrid_pageindex_linq_embed_mistral_top_m_10::financebench_id_09724::top_1,FinanceBench,hybrid_pageindex_linq_embed_mistral_top_m_10,hybrid_pageindex,Linq-AI-Research/Linq-Embed-Mistral,node,10,financebench_id_09724,financebench_id_09724,COCACOLA_2021_10K,top_1,1,COCACOLA_2021_10K_0016,COCACOLA_2021_10K_0016,yes,correct
FinanceBench::hybrid_pageindex_linq_embed_mistral_top_m_10::financebench_id_01346::top_5,FinanceBench,hybrid_pageindex_linq_embed_mistral_top_m_10,hybrid_pageindex,Linq-AI-Research/Linq-Embed-Mistral,node,10,financebench_id_01346,financebench_id_01346,CORNING_2022_10K,top_5,5,CORNING_2022_10K_0062_intro,CORNING_2022_10K_0060|CORNING_2022_10K_0130|CORNING_2022_10K_0061|CORNING_2022_10K_0111|CORNING_2022_10K_0167,no,incorrect
FinanceBench::hybrid_pageindex_linq_embed_mistral_top_m_10::financebench_id_00822::top_1,FinanceBench,hybrid_pageindex_linq_embed_mistral_top_m_10,hybrid_pageindex,Linq-AI-Research/Linq-Embed-Mistral,node,10,financebench_id_00822,financebench_id_00822,FOOTLOCKER_2022_8K_dated-2022-05-20,top_1,1,FOOTLOCKER_2022_8K_dated_2022_05_20_0001,PEPSICO_2023_8K_dated_2023_05_05_0001,no,incorrect
FinanceBench::hybrid_pageindex_linq_embed_mistral_top_m_10::financebench_id_00822::top_5,FinanceBench,hybrid_pageindex_linq_embed_mistral_top_m_10,hybrid_pageindex,Linq-AI-Research/Linq-Embed-Mistral,node,10,financebench_id_00822,financebench_id_00822,FOOTLOCKER_2022_8K_dated-2022-05-20,top_5,5,FOOTLOCKER_2022_8K_dated_2022_05_20_0001,PEPSICO_2023_8K_dated_2023_05_05_0001|PEPSICO_2023_8K_dated_2023_05_05_0002|PEPSICO_2023_8K_dated_2023_05_05_0000,no,incorrect
FinanceBench::hybrid_pageindex_linq_embed_mistral_top_m_10::financebench_id_00839::top_5,FinanceBench,hybrid_pageindex_linq_embed_mistral_top_m_10,hybrid_pageindex,Linq-AI-Research/Linq-Embed-Mistral,node,10,financebench_id_00839,financebench_id_00839,FOOTLOCKER_2022_8K_dated_2022-08-19,top_5,5,FOOTLOCKER_2022_8K_dated_2022_08_19_0001,FOOTLOCKER_2022_8K_dated_2022_08_19_0041_intro|FOOTLOCKER_2022_8K_dated_2022_08_19_0001|FOOTLOCKER_2022_8K_dated_2022_08_19_0040|FOOTLOCKER_2022_8K_dated_2022_08_19_0004|FOOTLOCKER_2022_8K_dated_2022_08_19_0005_intro,yes,correct
FinanceBench::hybrid_pageindex_linq_embed_mistral_top_m_10::financebench_id_01487::top_1,FinanceBench,hybrid_pageindex_linq_embed_mistral_top_m_10,hybrid_pageindex,Linq-AI-Research/Linq-Embed-Mistral,node,10,financebench_id_01487,financebench_id_01487,JOHNSON_JOHNSON_2023Q2_EARNINGS,top_1,1,JOHNSON_JOHNSON_2023Q2_EARNINGS_0012,JOHNSON_JOHNSON_2023Q2_EARNINGS_0000,no,correct
FinanceBench::hybrid_pageindex_linq_embed_mistral_top_m_10::financebench_id_02119::top_5,FinanceBench,hybrid_pageindex_linq_embed_mistral_top_m_10,hybrid_pageindex,Linq-AI-Research/Linq-Embed-Mistral,node,10,financebench_id_02119,financebench_id_02119,JPMORGAN_2021Q1_10Q,top_5,5,JPMORGAN_2021Q1_10Q_0006,JPMORGAN_2021Q1_10Q_0428|JPMORGAN_2021Q1_10Q_0427|JPMORGAN_2021Q1_10Q_0132|JPMORGAN_2021Q1_10Q_0002|JPMORGAN_2021Q1_10Q_0046,no,incorrect
FinanceBench::hybrid_pageindex_linq_embed_mistral_top_m_10::financebench_id_00206::top_5,FinanceBench,hybrid_pageindex_linq_embed_mistral_top_m_10,hybrid_pageindex,Linq-AI-Research/Linq-Embed-Mistral,node,10,financebench_id_00206,financebench_id_00206,JPMORGAN_2022_10K,top_5,5,JPMORGAN_2022_10K_0002,JPMORGAN_2022_10K_0739_intro|JPMORGAN_2022_10K_0070_intro|JPMORGAN_2022_10K_0071|JPMORGAN_2022_10K_0401_intro|JPMORGAN_2022_10K_0241,no,no_answer
FinanceBench::hybrid_pageindex_linq_embed_mistral_top_m_10::financebench_id_04700::top_5,FinanceBench,hybrid_pageindex_linq_embed_mistral_top_m_10,hybrid_pageindex,Linq-AI-Research/Linq-Embed-Mistral,node,10,financebench_id_04700,financebench_id_04700,MICROSOFT_2016_10K,top_5,5,MICROSOFT_2016_10K_0014_intro,MICROSOFT_2016_10K_0011|MICROSOFT_2016_10K_0010|MICROSOFT_2016_10K_0044|MICROSOFT_2016_10K_0008|MICROSOFT_2016_10K_0000,no,correct
FinanceBench::hybrid_pageindex_linq_embed_mistral_top_m_10::financebench_id_04302::top_1,FinanceBench,hybrid_pageindex_linq_embed_mistral_top_m_10,hybrid_pageindex,Linq-AI-Research/Linq-Embed-Mistral,node,10,financebench_id_04302,financebench_id_04302,NIKE_2018_10K,top_1,1,NIKE_2018_10K_0026,NIKE_2018_10K_0023,no,correct
FinanceBench::hybrid_pageindex_linq_embed_mistral_top_m_10::financebench_id_00080::top_5,FinanceBench,hybrid_pageindex_linq_embed_mistral_top_m_10,hybrid_pageindex,Linq-AI-Research/Linq-Embed-Mistral,node,10,financebench_id_00080,financebench_id_00080,PAYPAL_2022_10K,top_5,5,PAYPAL_2022_10K_0034,PAYPAL_2022_10K_0002|PAYPAL_2022_10K_0000|PAYPAL_2022_10K_0011|PAYPAL_2022_10K_0007|PAYPAL_2022_10K_0008,no,incorrect
FinanceBench::hybrid_pageindex_linq_embed_mistral_top_m_10::financebench_id_00735::top_1,FinanceBench,hybrid_pageindex_linq_embed_mistral_top_m_10,hybrid_pageindex,Linq-AI-Research/Linq-Embed-Mistral,node,10,financebench_id_00735,financebench_id_00735,PEPSICO_2022_10K,top_1,1,PEPSICO_2022_10K_0058,PEPSICO_2021_10K_0061,no,correct
FinanceBench::hybrid_pageindex_linq_embed_mistral_top_m_10::financebench_id_00882::top_1,FinanceBench,hybrid_pageindex_linq_embed_mistral_top_m_10,hybrid_pageindex,Linq-AI-Research/Linq-Embed-Mistral,node,10,financebench_id_00882,financebench_id_00882,PEPSICO_2023_8K_dated-2023-05-30,top_1,1,PEPSICO_2023_8K_dated_2023_05_30_0001,PEPSICO_2023_8K_dated_2023_05_30_0001,yes,correct
FinanceBench::hybrid_pageindex_linq_embed_mistral_top_m_10::financebench_id_00702::top_5,FinanceBench,hybrid_pageindex_linq_embed_mistral_top_m_10,hybrid_pageindex,Linq-AI-Research/Linq-Embed-Mistral,node,10,financebench_id_00702,financebench_id_00702,PFIZER_2021_10K,top_5,5,PFIZER_2021_10K_0036,PFIZER_2021_10K_0155|PFIZER_2021_10K_0154|PFIZER_2021_10K_0088|PFIZER_2021_10K_0151|PFIZER_2021_10K_0150,no,partially_correct
FinanceBench::hybrid_pageindex_linq_embed_mistral_top_m_10::financebench_id_04784::top_1,FinanceBench,hybrid_pageindex_linq_embed_mistral_top_m_10,hybrid_pageindex,Linq-AI-Research/Linq-Embed-Mistral,node,10,financebench_id_04784,financebench_id_04784,WALMART_2019_10K,top_1,1,WALMART_2019_10K_0013,WALMART_2019_10K_0013,yes,correct
FinanceBench::hybrid_pageindex_linq_embed_mistral_top_m_10::financebench_id_04784::top_5,FinanceBench,hybrid_pageindex_linq_embed_mistral_top_m_10,hybrid_pageindex,Linq-AI-Research/Linq-Embed-Mistral,node,10,financebench_id_04784,financebench_id_04784,WALMART_2019_10K,top_5,5,WALMART_2019_10K_0013,WALMART_2019_10K_0013|WALMART_2019_10K_0001|WALMART_2019_10K_0010|WALMART_2019_10K_0000|WALMART_2019_10K_0011,yes,correct
FinanceBench::hybrid_pageindex_chunk_rerank_harrier_oss_v1_0_6b_top_m_10::financebench_id_01226::top_1,FinanceBench,hybrid_pageindex_chunk_rerank_harrier_oss_v1_0_6b_top_m_10,hybrid_pageindex_chunk_rerank,microsoft/harrier-oss-v1-0.6b,chunk_rerank,10,financebench_id_01226,financebench_id_01226,3M_2022_10K,top_1,1,3M_2022_10K_0012,3M_2022_10K_0011,no,partially_correct
FinanceBench::hybrid_pageindex_chunk_rerank_harrier_oss_v1_0_6b_top_m_10::financebench_id_00807::top_1,FinanceBench,hybrid_pageindex_chunk_rerank_harrier_oss_v1_0_6b_top_m_10,hybrid_pageindex_chunk_rerank,microsoft/harrier-oss-v1-0.6b,chunk_rerank,10,financebench_id_00807,financebench_id_00807,3M_2023Q2_10Q,top_1,1,3M_2023Q2_10Q_0006,3M_2023Q2_10Q_0028,no,no_answer
FinanceBench::hybrid_pageindex_chunk_rerank_harrier_oss_v1_0_6b_top_m_10::financebench_id_00807::top_5,FinanceBench,hybrid_pageindex_chunk_rerank_harrier_oss_v1_0_6b_top_m_10,hybrid_pageindex_chunk_rerank,microsoft/harrier-oss-v1-0.6b,chunk_rerank,10,financebench_id_00807,financebench_id_00807,3M_2023Q2_10Q,top_5,5,3M_2023Q2_10Q_0006,3M_2023Q2_10Q_0028|3M_2023Q2_10Q_0025|3M_2023Q2_10Q_0009|3M_2023Q2_10Q_0001|3M_2023Q2_10Q_0003,no,no_answer
FinanceBench::hybrid_pageindex_chunk_rerank_harrier_oss_v1_0_6b_top_m_10::financebench_id_00438::top_1,FinanceBench,hybrid_pageindex_chunk_rerank_harrier_oss_v1_0_6b_top_m_10,hybrid_pageindex_chunk_rerank,microsoft/harrier-oss-v1-0.6b,chunk_rerank,10,financebench_id_00438,financebench_id_00438,ADOBE_2022_10K,top_1,1,ADOBE_2022_10K_0013,ADOBE_2022_10K_0011,no,correct
FinanceBench::hybrid_pageindex_chunk_rerank_harrier_oss_v1_0_6b_top_m_10::financebench_id_00438::top_5,FinanceBench,hybrid_pageindex_chunk_rerank_harrier_oss_v1_0_6b_top_m_10,hybrid_pageindex_chunk_rerank,microsoft/harrier-oss-v1-0.6b,chunk_rerank,10,financebench_id_00438,financebench_id_00438,ADOBE_2022_10K,top_5,5,ADOBE_2022_10K_0013,ADOBE_2022_10K_0011|ADOBE_2022_10K_0002|ADOBE_2022_10K_0013|ADOBE_2022_10K_0000|ADOBE_2022_10K_0003,yes,correct
FinanceBench::hybrid_pageindex_chunk_rerank_harrier_oss_v1_0_6b_top_m_10::financebench_id_00591::top_5,FinanceBench,hybrid_pageindex_chunk_rerank_harrier_oss_v1_0_6b_top_m_10,hybrid_pageindex_chunk_rerank,microsoft/harrier-oss-v1-0.6b,chunk_rerank,10,financebench_id_00591,financebench_id_00591,ADOBE_2022_10K,top_5,5,ADOBE_2022_10K_0013,ADOBE_2022_10K_0011|ADOBE_2022_10K_0002|ADOBE_2022_10K_0013|ADOBE_2022_10K_0000|ADOBE_2022_10K_0001,yes,no_answer
FinanceBench::hybrid_pageindex_chunk_rerank_harrier_oss_v1_0_6b_top_m_10::financebench_id_08135::top_5,FinanceBench,hybrid_pageindex_chunk_rerank_harrier_oss_v1_0_6b_top_m_10,hybrid_pageindex_chunk_rerank,microsoft/harrier-oss-v1-0.6b,chunk_rerank,10,financebench_id_08135,financebench_id_08135,AMAZON_2017_10K,top_5,5,AMAZON_2017_10K_0013,AMAZON_2017_10K_0011|AMAZON_2017_10K_0013|AMAZON_2017_10K_0000|AMAZON_2017_10K_0001|AMAZON_2017_10K_0026,yes,correct
FinanceBench::hybrid_pageindex_chunk_rerank_harrier_oss_v1_0_6b_top_m_10::financebench_id_01936::top_1,FinanceBench,hybrid_pageindex_chunk_rerank_harrier_oss_v1_0_6b_top_m_10,hybrid_pageindex_chunk_rerank,microsoft/harrier-oss-v1-0.6b,chunk_rerank,10,financebench_id_01936,financebench_id_01936,AMCOR_2023Q2_10Q,top_1,1,AMCOR_2023Q2_10Q_0011,AMCOR_2023Q4_EARNINGS_0019,no,incorrect
FinanceBench::hybrid_pageindex_chunk_rerank_harrier_oss_v1_0_6b_top_m_10::financebench_id_01936::top_5,FinanceBench,hybrid_pageindex_chunk_rerank_harrier_oss_v1_0_6b_top_m_10,hybrid_pageindex_chunk_rerank,microsoft/harrier-oss-v1-0.6b,chunk_rerank,10,financebench_id_01936,financebench_id_01936,AMCOR_2023Q2_10Q,top_5,5,AMCOR_2023Q2_10Q_0011,AMCOR_2023Q4_EARNINGS_0019|AMCOR_2023Q4_EARNINGS_0011|AMCOR_2023Q4_EARNINGS_0003|AMCOR_2023Q4_EARNINGS_0000|AMCOR_2023Q4_EARNINGS_0005,no,incorrect
FinanceBench::hybrid_pageindex_chunk_rerank_harrier_oss_v1_0_6b_top_m_10::financebench_id_00684::top_1,FinanceBench,hybrid_pageindex_chunk_rerank_harrier_oss_v1_0_6b_top_m_10,hybrid_pageindex_chunk_rerank,microsoft/harrier-oss-v1-0.6b,chunk_rerank,10,financebench_id_00684,financebench_id_00684,AMCOR_2023_10K,top_1,1,AMCOR_2023_10K_0014,AMCOR_2023Q4_EARNINGS_0004,no,no_answer
FinanceBench::hybrid_pageindex_chunk_rerank_harrier_oss_v1_0_6b_top_m_10::financebench_id_00222::top_5,FinanceBench,hybrid_pageindex_chunk_rerank_harrier_oss_v1_0_6b_top_m_10,hybrid_pageindex_chunk_rerank,microsoft/harrier-oss-v1-0.6b,chunk_rerank,10,financebench_id_00222,financebench_id_00222,AMD_2022_10K,top_5,5,AMD_2022_10K_0014,AMD_2022_10K_0012|AMD_2022_10K_0014|AMD_2022_10K_0002|AMD_2022_10K_0025|AMD_2022_10K_0000,yes,correct
FinanceBench::hybrid_pageindex_chunk_rerank_harrier_oss_v1_0_6b_top_m_10::financebench_id_00917::top_1,FinanceBench,hybrid_pageindex_chunk_rerank_harrier_oss_v1_0_6b_top_m_10,hybrid_pageindex_chunk_rerank,microsoft/harrier-oss-v1-0.6b,chunk_rerank,10,financebench_id_00917,financebench_id_00917,AMD_2022_10K,top_1,1,AMD_2022_10K_0012,AMD_2022_10K_0012,yes,correct
FinanceBench::hybrid_pageindex_chunk_rerank_harrier_oss_v1_0_6b_top_m_10::financebench_id_00917::top_5,FinanceBench,hybrid_pageindex_chunk_rerank_harrier_oss_v1_0_6b_top_m_10,hybrid_pageindex_chunk_rerank,microsoft/harrier-oss-v1-0.6b,chunk_rerank,10,financebench_id_00917,financebench_id_00917,AMD_2022_10K,top_5,5,AMD_2022_10K_0012,AMD_2022_10K_0012|AMD_2022_10K_0003|AMD_2022_10K_0014|AMD_2022_10K_0002|AMD_2022_10K_0000,yes,correct
FinanceBench::hybrid_pageindex_chunk_rerank_harrier_oss_v1_0_6b_top_m_10::financebench_id_00476::top_1,FinanceBench,hybrid_pageindex_chunk_rerank_harrier_oss_v1_0_6b_top_m_10,hybrid_pageindex_chunk_rerank,microsoft/harrier-oss-v1-0.6b,chunk_rerank,10,financebench_id_00476,financebench_id_00476,AMERICANEXPRESS_2022_10K,top_1,1,AMERICANEXPRESS_2022_10K_0000,AMERICANEXPRESS_2022_10K_0000,yes,no_answer
FinanceBench::hybrid_pageindex_chunk_rerank_harrier_oss_v1_0_6b_top_m_10::financebench_id_00723::top_5,FinanceBench,hybrid_pageindex_chunk_rerank_harrier_oss_v1_0_6b_top_m_10,hybrid_pageindex_chunk_rerank,microsoft/harrier-oss-v1-0.6b,chunk_rerank,10,financebench_id_00723,financebench_id_00723,AMERICANEXPRESS_2022_10K,top_5,5,AMERICANEXPRESS_2022_10K_0028,AMERICANEXPRESS_2022_10K_0016|AMERICANEXPRESS_2022_10K_0003|AMERICANEXPRESS_2022_10K_0017|AMERICANEXPRESS_2022_10K_0134_intro|AMERICANEXPRESS_2022_10K_0000,no,correct
FinanceBench::hybrid_pageindex_chunk_rerank_harrier_oss_v1_0_6b_top_m_10::financebench_id_00720::top_1,FinanceBench,hybrid_pageindex_chunk_rerank_harrier_oss_v1_0_6b_top_m_10,hybrid_pageindex_chunk_rerank,microsoft/harrier-oss-v1-0.6b,chunk_rerank,10,financebench_id_00720,financebench_id_00720,AMERICANEXPRESS_2022_10K,top_1,1,AMERICANEXPRESS_2022_10K_0028,AMERICANEXPRESS_2022_10K_0016,no,correct
FinanceBench::hybrid_pageindex_chunk_rerank_harrier_oss_v1_0_6b_top_m_10::financebench_id_00720::top_5,FinanceBench,hybrid_pageindex_chunk_rerank_harrier_oss_v1_0_6b_top_m_10,hybrid_pageindex_chunk_rerank,microsoft/harrier-oss-v1-0.6b,chunk_rerank,10,financebench_id_00720,financebench_id_00720,AMERICANEXPRESS_2022_10K,top_5,5,AMERICANEXPRESS_2022_10K_0028,AMERICANEXPRESS_2022_10K_0016|AMERICANEXPRESS_2022_10K_0003|AMERICANEXPRESS_2022_10K_0017|AMERICANEXPRESS_2022_10K_0000|AMERICANEXPRESS_2022_10K_0134_intro,no,correct
FinanceBench::hybrid_pageindex_chunk_rerank_harrier_oss_v1_0_6b_top_m_10::financebench_id_00685::top_1,FinanceBench,hybrid_pageindex_chunk_rerank_harrier_oss_v1_0_6b_top_m_10,hybrid_pageindex_chunk_rerank,microsoft/harrier-oss-v1-0.6b,chunk_rerank,10,financebench_id_00685,financebench_id_00685,BESTBUY_2023_10K,top_1,1,BESTBUY_2023_10K_0014,BESTBUY_2024Q2_10Q_0009,no,no_answer
FinanceBench::hybrid_pageindex_chunk_rerank_harrier_oss_v1_0_6b_top_m_10::financebench_id_00685::top_5,FinanceBench,hybrid_pageindex_chunk_rerank_harrier_oss_v1_0_6b_top_m_10,hybrid_pageindex_chunk_rerank,microsoft/harrier-oss-v1-0.6b,chunk_rerank,10,financebench_id_00685,financebench_id_00685,BESTBUY_2023_10K,top_5,5,BESTBUY_2023_10K_0014,BESTBUY_2024Q2_10Q_0009|BESTBUY_2024Q2_10Q_0002|BESTBUY_2024Q2_10Q_0000|BESTBUY_2024Q2_10Q_0016|BESTBUY_2024Q2_10Q_0017,no,no_answer
FinanceBench::hybrid_pageindex_chunk_rerank_harrier_oss_v1_0_6b_top_m_10::financebench_id_03838::top_1,FinanceBench,hybrid_pageindex_chunk_rerank_harrier_oss_v1_0_6b_top_m_10,hybrid_pageindex_chunk_rerank,microsoft/harrier-oss-v1-0.6b,chunk_rerank,10,financebench_id_03838,financebench_id_03838,BLOCK_2020_10K,top_1,1,BLOCK_2020_10K_0071,BLOCK_2020_10K_0071,yes,correct
FinanceBench::hybrid_pageindex_chunk_rerank_harrier_oss_v1_0_6b_top_m_10::financebench_id_03838::top_5,FinanceBench,hybrid_pageindex_chunk_rerank_harrier_oss_v1_0_6b_top_m_10,hybrid_pageindex_chunk_rerank,microsoft/harrier-oss-v1-0.6b,chunk_rerank,10,financebench_id_03838,financebench_id_03838,BLOCK_2020_10K,top_5,5,BLOCK_2020_10K_0071,BLOCK_2020_10K_0071|BLOCK_2020_10K_0072|BLOCK_2020_10K_0064|BLOCK_2020_10K_0002|BLOCK_2020_10K_0001,yes,correct
FinanceBench::hybrid_pageindex_chunk_rerank_harrier_oss_v1_0_6b_top_m_10::financebench_id_01091::top_1,FinanceBench,hybrid_pageindex_chunk_rerank_harrier_oss_v1_0_6b_top_m_10,hybrid_pageindex_chunk_rerank,microsoft/harrier-oss-v1-0.6b,chunk_rerank,10,financebench_id_01091,financebench_id_01091,BOEING_2022_10K,top_1,1,BOEING_2022_10K_0044,BOEING_2022_10K_0044,yes,correct
FinanceBench::hybrid_pageindex_chunk_rerank_harrier_oss_v1_0_6b_top_m_10::financebench_id_01091::top_5,FinanceBench,hybrid_pageindex_chunk_rerank_harrier_oss_v1_0_6b_top_m_10,hybrid_pageindex_chunk_rerank,microsoft/harrier-oss-v1-0.6b,chunk_rerank,10,financebench_id_01091,financebench_id_01091,BOEING_2022_10K,top_5,5,BOEING_2022_10K_0044,BOEING_2022_10K_0044|BOEING_2022_10K_0006|BOEING_2022_10K_0062|BOEING_2022_10K_0015|BOEING_2022_10K_0000,yes,correct
FinanceBench::hybrid_pageindex_chunk_rerank_harrier_oss_v1_0_6b_top_m_10::financebench_id_00678::top_1,FinanceBench,hybrid_pageindex_chunk_rerank_harrier_oss_v1_0_6b_top_m_10,hybrid_pageindex_chunk_rerank,microsoft/harrier-oss-v1-0.6b,chunk_rerank,10,financebench_id_00678,financebench_id_00678,BOEING_2022_10K,top_1,1,BOEING_2022_10K_0018,BOEING_2022_10K_0015,no,correct
FinanceBench::hybrid_pageindex_chunk_rerank_harrier_oss_v1_0_6b_top_m_10::financebench_id_00678::top_5,FinanceBench,hybrid_pageindex_chunk_rerank_harrier_oss_v1_0_6b_top_m_10,hybrid_pageindex_chunk_rerank,microsoft/harrier-oss-v1-0.6b,chunk_rerank,10,financebench_id_00678,financebench_id_00678,BOEING_2022_10K,top_5,5,BOEING_2022_10K_0018,BOEING_2022_10K_0015|BOEING_2022_10K_0006|BOEING_2022_10K_0023|BOEING_2022_10K_0005|BOEING_2022_10K_0045,no,correct
FinanceBench::hybrid_pageindex_chunk_rerank_harrier_oss_v1_0_6b_top_m_10::financebench_id_00494::top_1,FinanceBench,hybrid_pageindex_chunk_rerank_harrier_oss_v1_0_6b_top_m_10,hybrid_pageindex_chunk_rerank,microsoft/harrier-oss-v1-0.6b,chunk_rerank,10,financebench_id_00494,financebench_id_00494,BOEING_2022_10K,top_1,1,BOEING_2022_10K_0007,BOEING_2022_10K_0015,no,incorrect
FinanceBench::hybrid_pageindex_chunk_rerank_harrier_oss_v1_0_6b_top_m_10::financebench_id_00494::top_5,FinanceBench,hybrid_pageindex_chunk_rerank_harrier_oss_v1_0_6b_top_m_10,hybrid_pageindex_chunk_rerank,microsoft/harrier-oss-v1-0.6b,chunk_rerank,10,financebench_id_00494,financebench_id_00494,BOEING_2022_10K,top_5,5,BOEING_2022_10K_0007,BOEING_2022_10K_0015|BOEING_2022_10K_0005|BOEING_2022_10K_0006|BOEING_2022_10K_0007|BOEING_2022_10K_0046,yes,partially_correct
FinanceBench::hybrid_pageindex_chunk_rerank_harrier_oss_v1_0_6b_top_m_10::financebench_id_09724::top_5,FinanceBench,hybrid_pageindex_chunk_rerank_harrier_oss_v1_0_6b_top_m_10,hybrid_pageindex_chunk_rerank,microsoft/harrier-oss-v1-0.6b,chunk_rerank,10,financebench_id_09724,financebench_id_09724,COCACOLA_2021_10K,top_5,5,COCACOLA_2021_10K_0016,COCACOLA_2021_10K_0016|COCACOLA_2021_10K_0017|COCACOLA_2021_10K_0031|COCACOLA_2021_10K_0003|COCACOLA_2021_10K_0013,yes,correct
FinanceBench::hybrid_pageindex_chunk_rerank_harrier_oss_v1_0_6b_top_m_10::financebench_id_02981::top_5,FinanceBench,hybrid_pageindex_chunk_rerank_harrier_oss_v1_0_6b_top_m_10,hybrid_pageindex_chunk_rerank,microsoft/harrier-oss-v1-0.6b,chunk_rerank,10,financebench_id_02981,financebench_id_02981,CORNING_2021_10K,top_5,5,CORNING_2021_10K_0140,CORNING_2021_10K_0061_intro|CORNING_2021_10K_0059|CORNING_2021_10K_0070|CORNING_2021_10K_0068|CORNING_2021_10K_0071,no,incorrect
FinanceBench::hybrid_pageindex_chunk_rerank_harrier_oss_v1_0_6b_top_m_10::financebench_id_00822::top_1,FinanceBench,hybrid_pageindex_chunk_rerank_harrier_oss_v1_0_6b_top_m_10,hybrid_pageindex_chunk_rerank,microsoft/harrier-oss-v1-0.6b,chunk_rerank,10,financebench_id_00822,financebench_id_00822,FOOTLOCKER_2022_8K_dated-2022-05-20,top_1,1,FOOTLOCKER_2022_8K_dated_2022_05_20_0001,PEPSICO_2023_8K_dated_2023_05_05_0001,no,incorrect
FinanceBench::hybrid_pageindex_chunk_rerank_harrier_oss_v1_0_6b_top_m_10::financebench_id_00822::top_5,FinanceBench,hybrid_pageindex_chunk_rerank_harrier_oss_v1_0_6b_top_m_10,hybrid_pageindex_chunk_rerank,microsoft/harrier-oss-v1-0.6b,chunk_rerank,10,financebench_id_00822,financebench_id_00822,FOOTLOCKER_2022_8K_dated-2022-05-20,top_5,5,FOOTLOCKER_2022_8K_dated_2022_05_20_0001,PEPSICO_2023_8K_dated_2023_05_05_0001|PEPSICO_2023_8K_dated_2023_05_05_0002|PEPSICO_2023_8K_dated_2023_05_05_0000,no,incorrect
FinanceBench::hybrid_pageindex_chunk_rerank_harrier_oss_v1_0_6b_top_m_10::financebench_id_00669::top_1,FinanceBench,hybrid_pageindex_chunk_rerank_harrier_oss_v1_0_6b_top_m_10,hybrid_pageindex_chunk_rerank,microsoft/harrier-oss-v1-0.6b,chunk_rerank,10,financebench_id_00669,financebench_id_00669,JOHNSON_JOHNSON_2022_10K,top_1,1,JOHNSON_JOHNSON_2022_10K_0024,JOHNSON_JOHNSON_2022_10K_0024,yes,correct
FinanceBench::hybrid_pageindex_chunk_rerank_harrier_oss_v1_0_6b_top_m_10::financebench_id_00669::top_5,FinanceBench,hybrid_pageindex_chunk_rerank_harrier_oss_v1_0_6b_top_m_10,hybrid_pageindex_chunk_rerank,microsoft/harrier-oss-v1-0.6b,chunk_rerank,10,financebench_id_00669,financebench_id_00669,JOHNSON_JOHNSON_2022_10K,top_5,5,JOHNSON_JOHNSON_2022_10K_0024,JOHNSON_JOHNSON_2022_10K_0024|JOHNSON_JOHNSON_2022_10K_0000|JOHNSON_JOHNSON_2022_10K_0009|JOHNSON_JOHNSON_2022_10K_0003|JOHNSON_JOHNSON_2022_10K_0014,yes,correct
FinanceBench::hybrid_pageindex_chunk_rerank_harrier_oss_v1_0_6b_top_m_10::financebench_id_01487::top_1,FinanceBench,hybrid_pageindex_chunk_rerank_harrier_oss_v1_0_6b_top_m_10,hybrid_pageindex_chunk_rerank,microsoft/harrier-oss-v1-0.6b,chunk_rerank,10,financebench_id_01487,financebench_id_01487,JOHNSON_JOHNSON_2023Q2_EARNINGS,top_1,1,JOHNSON_JOHNSON_2023Q2_EARNINGS_0012,JOHNSON_JOHNSON_2023Q2_EARNINGS_0000,no,correct
FinanceBench::hybrid_pageindex_chunk_rerank_harrier_oss_v1_0_6b_top_m_10::financebench_id_01488::top_5,FinanceBench,hybrid_pageindex_chunk_rerank_harrier_oss_v1_0_6b_top_m_10,hybrid_pageindex_chunk_rerank,microsoft/harrier-oss-v1-0.6b,chunk_rerank,10,financebench_id_01488,financebench_id_01488,JOHNSON_JOHNSON_2023_8K_dated-2023-08-30,top_5,5,JOHNSON_JOHNSON_2023_8K_dated_2023_08_30_0004_intro,JOHNSON_JOHNSON_2023_8K_dated_2023_08_30_0000|JOHNSON_JOHNSON_2023_8K_dated_2023_08_30_0001|JOHNSON_JOHNSON_2023_8K_dated_2023_08_30_0020|JOHNSON_JOHNSON_2023_8K_dated_2023_08_30_0009|JOHNSON_JOHNSON_2023_8K_dated_2023_08_30_0012,no,no_answer
FinanceBench::hybrid_pageindex_chunk_rerank_harrier_oss_v1_0_6b_top_m_10::financebench_id_02119::top_5,FinanceBench,hybrid_pageindex_chunk_rerank_harrier_oss_v1_0_6b_top_m_10,hybrid_pageindex_chunk_rerank,microsoft/harrier-oss-v1-0.6b,chunk_rerank,10,financebench_id_02119,financebench_id_02119,JPMORGAN_2021Q1_10Q,top_5,5,JPMORGAN_2021Q1_10Q_0006,JPMORGAN_2021Q1_10Q_0005|JPMORGAN_2021Q1_10Q_0000|JPMORGAN_2021Q1_10Q_0428|JPMORGAN_2021Q1_10Q_0129|JPMORGAN_2021Q1_10Q_0132,no,incorrect
FinanceBench::hybrid_pageindex_chunk_rerank_harrier_oss_v1_0_6b_top_m_10::financebench_id_00206::top_5,FinanceBench,hybrid_pageindex_chunk_rerank_harrier_oss_v1_0_6b_top_m_10,hybrid_pageindex_chunk_rerank,microsoft/harrier-oss-v1-0.6b,chunk_rerank,10,financebench_id_00206,financebench_id_00206,JPMORGAN_2022_10K,top_5,5,JPMORGAN_2022_10K_0002,JPMORGAN_2021Q1_10Q_0012_intro|JPMORGAN_2021Q1_10Q_0045|JPMORGAN_2021Q1_10Q_0130|JPMORGAN_2021Q1_10Q_0136_intro|JPMORGAN_2021Q1_10Q_0001_intro,no,correct
FinanceBench::hybrid_pageindex_chunk_rerank_harrier_oss_v1_0_6b_top_m_10::financebench_id_03718::top_5,FinanceBench,hybrid_pageindex_chunk_rerank_harrier_oss_v1_0_6b_top_m_10,hybrid_pageindex_chunk_rerank,microsoft/harrier-oss-v1-0.6b,chunk_rerank,10,financebench_id_03718,financebench_id_03718,LOCKHEEDMARTIN_2022_10K,top_5,5,LOCKHEEDMARTIN_2022_10K_0020,LOCKHEEDMARTIN_2022_10K_0012|LOCKHEEDMARTIN_2022_10K_0000|LOCKHEEDMARTIN_2022_10K_0105|LOCKHEEDMARTIN_2022_10K_0016|LOCKHEEDMARTIN_2022_10K_0009,no,correct
FinanceBench::hybrid_pageindex_chunk_rerank_harrier_oss_v1_0_6b_top_m_10::financebench_id_04302::top_1,FinanceBench,hybrid_pageindex_chunk_rerank_harrier_oss_v1_0_6b_top_m_10,hybrid_pageindex_chunk_rerank,microsoft/harrier-oss-v1-0.6b,chunk_rerank,10,financebench_id_04302,financebench_id_04302,NIKE_2018_10K,top_1,1,NIKE_2018_10K_0026,NIKE_2018_10K_0024,no,correct
FinanceBench::hybrid_pageindex_chunk_rerank_harrier_oss_v1_0_6b_top_m_10::financebench_id_04302::top_5,FinanceBench,hybrid_pageindex_chunk_rerank_harrier_oss_v1_0_6b_top_m_10,hybrid_pageindex_chunk_rerank,microsoft/harrier-oss-v1-0.6b,chunk_rerank,10,financebench_id_04302,financebench_id_04302,NIKE_2018_10K,top_5,5,NIKE_2018_10K_0026,NIKE_2018_10K_0024|NIKE_2018_10K_0023|NIKE_2018_10K_0026|NIKE_2018_10K_0005|NIKE_2018_10K_0039,yes,correct
FinanceBench::hybrid_pageindex_chunk_rerank_harrier_oss_v1_0_6b_top_m_10::financebench_id_00080::top_5,FinanceBench,hybrid_pageindex_chunk_rerank_harrier_oss_v1_0_6b_top_m_10,hybrid_pageindex_chunk_rerank,microsoft/harrier-oss-v1-0.6b,chunk_rerank,10,financebench_id_00080,financebench_id_00080,PAYPAL_2022_10K,top_5,5,PAYPAL_2022_10K_0034,PAYPAL_2022_10K_0002|PAYPAL_2022_10K_0011|PAYPAL_2022_10K_0147|PAYPAL_2022_10K_0000|PAYPAL_2022_10K_0009,no,incorrect
FinanceBench::hybrid_pageindex_chunk_rerank_harrier_oss_v1_0_6b_top_m_10::financebench_id_04980::top_5,FinanceBench,hybrid_pageindex_chunk_rerank_harrier_oss_v1_0_6b_top_m_10,hybrid_pageindex_chunk_rerank,microsoft/harrier-oss-v1-0.6b,chunk_rerank,10,financebench_id_04980,financebench_id_04980,PEPSICO_2021_10K,top_5,5,PEPSICO_2021_10K_0123,PEPSICO_2021_10K_0109|PEPSICO_2021_10K_0136|PEPSICO_2021_10K_0106_intro|PEPSICO_2021_10K_0065_intro|PEPSICO_2021_10K_0108,no,partially_correct
FinanceBench::hybrid_pageindex_chunk_rerank_harrier_oss_v1_0_6b_top_m_10::financebench_id_01328::top_5,FinanceBench,hybrid_pageindex_chunk_rerank_harrier_oss_v1_0_6b_top_m_10,hybrid_pageindex_chunk_rerank,microsoft/harrier-oss-v1-0.6b,chunk_rerank,10,financebench_id_01328,financebench_id_01328,PEPSICO_2022_10K,top_5,5,PEPSICO_2022_10K_0150,PEPSICO_2023Q1_EARNINGS_0004|PEPSICO_2023Q1_EARNINGS_0010|PEPSICO_2023Q1_EARNINGS_0011|PEPSICO_2023Q1_EARNINGS_0009|PEPSICO_2023Q1_EARNINGS_0006,no,incorrect
FinanceBench::hybrid_pageindex_chunk_rerank_harrier_oss_v1_0_6b_top_m_10::financebench_id_00882::top_1,FinanceBench,hybrid_pageindex_chunk_rerank_harrier_oss_v1_0_6b_top_m_10,hybrid_pageindex_chunk_rerank,microsoft/harrier-oss-v1-0.6b,chunk_rerank,10,financebench_id_00882,financebench_id_00882,PEPSICO_2023_8K_dated-2023-05-30,top_1,1,PEPSICO_2023_8K_dated_2023_05_30_0001,PEPSICO_2023_8K_dated_2023_05_30_0001,yes,correct
FinanceBench::hybrid_pageindex_chunk_rerank_harrier_oss_v1_0_6b_top_m_10::financebench_id_00882::top_5,FinanceBench,hybrid_pageindex_chunk_rerank_harrier_oss_v1_0_6b_top_m_10,hybrid_pageindex_chunk_rerank,microsoft/harrier-oss-v1-0.6b,chunk_rerank,10,financebench_id_00882,financebench_id_00882,PEPSICO_2023_8K_dated-2023-05-30,top_5,5,PEPSICO_2023_8K_dated_2023_05_30_0001,PEPSICO_2023_8K_dated_2023_05_30_0001|PEPSICO_2023_8K_dated_2023_05_30_0004|PEPSICO_2023_8K_dated_2023_05_30_0071|PEPSICO_2023_8K_dated_2023_05_30_0153|PEPSICO_2023_8K_dated_2023_05_30_0151,yes,correct
FinanceBench::hybrid_pageindex_chunk_rerank_harrier_oss_v1_0_6b_top_m_10::financebench_id_00702::top_1,FinanceBench,hybrid_pageindex_chunk_rerank_harrier_oss_v1_0_6b_top_m_10,hybrid_pageindex_chunk_rerank,microsoft/harrier-oss-v1-0.6b,chunk_rerank,10,financebench_id_00702,financebench_id_00702,PFIZER_2021_10K,top_1,1,PFIZER_2021_10K_0036,PFIZER_2021_10K_0026,no,correct
FinanceBench::hybrid_pageindex_chunk_rerank_harrier_oss_v1_0_6b_top_m_10::financebench_id_00603::top_5,FinanceBench,hybrid_pageindex_chunk_rerank_harrier_oss_v1_0_6b_top_m_10,hybrid_pageindex_chunk_rerank,microsoft/harrier-oss-v1-0.6b,chunk_rerank,10,financebench_id_00603,financebench_id_00603,ULTABEAUTY_2023Q4_EARNINGS,top_5,5,ULTABEAUTY_2023Q4_EARNINGS_0003,ULTABEAUTY_2023_10K_0003|ULTABEAUTY_2023_10K_0013|ULTABEAUTY_2023_10K_0002|ULTABEAUTY_2023_10K_0004|ULTABEAUTY_2023_10K_0027,no,correct
FinanceBench::hybrid_pageindex_chunk_rerank_harrier_oss_v1_0_6b_top_m_10::financebench_id_00521::top_5,FinanceBench,hybrid_pageindex_chunk_rerank_harrier_oss_v1_0_6b_top_m_10,hybrid_pageindex_chunk_rerank,microsoft/harrier-oss-v1-0.6b,chunk_rerank,10,financebench_id_00521,financebench_id_00521,ULTABEAUTY_2023_10K,top_5,5,ULTABEAUTY_2023_10K_0027,ULTABEAUTY_2023_10K_0003|ULTABEAUTY_2023_10K_0002|ULTABEAUTY_2023_10K_0013|ULTABEAUTY_2023_10K_0027|ULTABEAUTY_2023_10K_0011,yes,correct
FinanceBench::hybrid_pageindex_chunk_rerank_harrier_oss_v1_0_6b_top_m_10::financebench_id_00216::top_1,FinanceBench,hybrid_pageindex_chunk_rerank_harrier_oss_v1_0_6b_top_m_10,hybrid_pageindex_chunk_rerank,microsoft/harrier-oss-v1-0.6b,chunk_rerank,10,financebench_id_00216,financebench_id_00216,VERIZON_2022_10K,top_1,1,VERIZON_2022_10K_0018,VERIZON_2022_10K_0011,no,no_answer
FinanceBench::hybrid_pageindex_chunk_rerank_harrier_oss_v1_0_6b_top_m_10::financebench_id_00216::top_5,FinanceBench,hybrid_pageindex_chunk_rerank_harrier_oss_v1_0_6b_top_m_10,hybrid_pageindex_chunk_rerank,microsoft/harrier-oss-v1-0.6b,chunk_rerank,10,financebench_id_00216,financebench_id_00216,VERIZON_2022_10K,top_5,5,VERIZON_2022_10K_0018,VERIZON_2022_10K_0011|VERIZON_2022_10K_0010|VERIZON_2022_10K_0154|VERIZON_2022_10K_0000|VERIZON_2022_10K_0012,no,no_answer
FinanceBench::hybrid_pageindex_chunk_rerank_harrier_oss_v1_0_6b_top_m_10::financebench_id_04784::top_1,FinanceBench,hybrid_pageindex_chunk_rerank_harrier_oss_v1_0_6b_top_m_10,hybrid_pageindex_chunk_rerank,microsoft/harrier-oss-v1-0.6b,chunk_rerank,10,financebench_id_04784,financebench_id_04784,WALMART_2019_10K,top_1,1,WALMART_2019_10K_0013,WALMART_2019_10K_0010,no,correct
FinanceBench::hybrid_pageindex_chunk_rerank_linq_embed_mistral_top_m_10::financebench_id_01226::top_1,FinanceBench,hybrid_pageindex_chunk_rerank_linq_embed_mistral_top_m_10,hybrid_pageindex_chunk_rerank,Linq-AI-Research/Linq-Embed-Mistral,chunk_rerank,10,financebench_id_01226,financebench_id_01226,3M_2022_10K,top_1,1,3M_2022_10K_0012,3M_2022_10K_0012,yes,correct
FinanceBench::hybrid_pageindex_chunk_rerank_linq_embed_mistral_top_m_10::financebench_id_01865::top_5,FinanceBench,hybrid_pageindex_chunk_rerank_linq_embed_mistral_top_m_10,hybrid_pageindex_chunk_rerank,Linq-AI-Research/Linq-Embed-Mistral,chunk_rerank,10,financebench_id_01865,financebench_id_01865,3M_2022_10K,top_5,5,3M_2022_10K_0011,3M_2022_10K_0013|3M_2022_10K_0001|3M_2022_10K_0012|3M_2022_10K_0011|3M_2022_10K_0033,yes,correct
FinanceBench::hybrid_pageindex_chunk_rerank_linq_embed_mistral_top_m_10::financebench_id_00807::top_5,FinanceBench,hybrid_pageindex_chunk_rerank_linq_embed_mistral_top_m_10,hybrid_pageindex_chunk_rerank,Linq-AI-Research/Linq-Embed-Mistral,chunk_rerank,10,financebench_id_00807,financebench_id_00807,3M_2023Q2_10Q,top_5,5,3M_2023Q2_10Q_0006,3M_2023Q2_10Q_0028|3M_2023Q2_10Q_0025|3M_2023Q2_10Q_0021|3M_2023Q2_10Q_0001|3M_2023Q2_10Q_0009,no,no_answer
FinanceBench::hybrid_pageindex_chunk_rerank_linq_embed_mistral_top_m_10::financebench_id_01858::top_5,FinanceBench,hybrid_pageindex_chunk_rerank_linq_embed_mistral_top_m_10,hybrid_pageindex_chunk_rerank,Linq-AI-Research/Linq-Embed-Mistral,chunk_rerank,10,financebench_id_01858,financebench_id_01858,3M_2023Q2_10Q,top_5,5,3M_2023Q2_10Q_0025,3M_2018_10K_0012|3M_2018_10K_0010|3M_2018_10K_0011|3M_2018_10K_0004|3M_2018_10K_0000,no,partially_correct
FinanceBench::hybrid_pageindex_chunk_rerank_linq_embed_mistral_top_m_10::financebench_id_07507::top_5,FinanceBench,hybrid_pageindex_chunk_rerank_linq_embed_mistral_top_m_10,hybrid_pageindex_chunk_rerank,Linq-AI-Research/Linq-Embed-Mistral,chunk_rerank,10,financebench_id_07507,financebench_id_07507,ADOBE_2016_10K,top_5,5,ADOBE_2016_10K_0014_intro,ADOBE_2016_10K_0000|ADOBE_2016_10K_0001|ADOBE_2016_10K_0008|ADOBE_2016_10K_0056|ADOBE_2016_10K_0011,no,correct
FinanceBench::hybrid_pageindex_chunk_rerank_linq_embed_mistral_top_m_10::financebench_id_00438::top_5,FinanceBench,hybrid_pageindex_chunk_rerank_linq_embed_mistral_top_m_10,hybrid_pageindex_chunk_rerank,Linq-AI-Research/Linq-Embed-Mistral,chunk_rerank,10,financebench_id_00438,financebench_id_00438,ADOBE_2022_10K,top_5,5,ADOBE_2022_10K_0013,ADOBE_2022_10K_0000|ADOBE_2022_10K_0001|ADOBE_2022_10K_0011|ADOBE_2022_10K_0003|ADOBE_2022_10K_0008,no,correct
FinanceBench::hybrid_pageindex_chunk_rerank_linq_embed_mistral_top_m_10::financebench_id_00591::top_5,FinanceBench,hybrid_pageindex_chunk_rerank_linq_embed_mistral_top_m_10,hybrid_pageindex_chunk_rerank,Linq-AI-Research/Linq-Embed-Mistral,chunk_rerank,10,financebench_id_00591,financebench_id_00591,ADOBE_2022_10K,top_5,5,ADOBE_2022_10K_0013,ADOBE_2022_10K_0011|ADOBE_2022_10K_0008|ADOBE_2022_10K_0000|ADOBE_2022_10K_0013|ADOBE_2022_10K_0001,yes,correct
FinanceBench::hybrid_pageindex_chunk_rerank_linq_embed_mistral_top_m_10::financebench_id_08135::top_1,FinanceBench,hybrid_pageindex_chunk_rerank_linq_embed_mistral_top_m_10,hybrid_pageindex_chunk_rerank,Linq-AI-Research/Linq-Embed-Mistral,chunk_rerank,10,financebench_id_08135,financebench_id_08135,AMAZON_2017_10K,top_1,1,AMAZON_2017_10K_0013,AMAZON_2017_10K_0010,no,correct
FinanceBench::hybrid_pageindex_chunk_rerank_linq_embed_mistral_top_m_10::financebench_id_01930::top_1,FinanceBench,hybrid_pageindex_chunk_rerank_linq_embed_mistral_top_m_10,hybrid_pageindex_chunk_rerank,Linq-AI-Research/Linq-Embed-Mistral,chunk_rerank,10,financebench_id_01930,financebench_id_01930,AMCOR_2023Q4_EARNINGS,top_1,1,AMCOR_2023Q4_EARNINGS_0017,AMCOR_2023Q4_EARNINGS_0004,no,correct
FinanceBench::hybrid_pageindex_chunk_rerank_linq_embed_mistral_top_m_10::financebench_id_00799::top_5,FinanceBench,hybrid_pageindex_chunk_rerank_linq_embed_mistral_top_m_10,hybrid_pageindex_chunk_rerank,Linq-AI-Research/Linq-Embed-Mistral,chunk_rerank,10,financebench_id_00799,financebench_id_00799,AMCOR_2023_10K,top_5,5,AMCOR_2023_10K_0016,AMCOR_2023Q2_10Q_0011|AMCOR_2023Q2_10Q_0003|AMCOR_2023Q2_10Q_0000|AMCOR_2023Q2_10Q_0008|AMCOR_2023Q2_10Q_0013,no,partially_correct
FinanceBench::hybrid_pageindex_chunk_rerank_linq_embed_mistral_top_m_10::financebench_id_00222::top_1,FinanceBench,hybrid_pageindex_chunk_rerank_linq_embed_mistral_top_m_10,hybrid_pageindex_chunk_rerank,Linq-AI-Research/Linq-Embed-Mistral,chunk_rerank,10,financebench_id_00222,financebench_id_00222,AMD_2022_10K,top_1,1,AMD_2022_10K_0014,AMD_2022_10K_0014,yes,correct
FinanceBench::hybrid_pageindex_chunk_rerank_linq_embed_mistral_top_m_10::financebench_id_00222::top_5,FinanceBench,hybrid_pageindex_chunk_rerank_linq_embed_mistral_top_m_10,hybrid_pageindex_chunk_rerank,Linq-AI-Research/Linq-Embed-Mistral,chunk_rerank,10,financebench_id_00222,financebench_id_00222,AMD_2022_10K,top_5,5,AMD_2022_10K_0014,AMD_2022_10K_0014|AMD_2022_10K_0025|AMD_2022_10K_0012|AMD_2022_10K_0003|AMD_2022_10K_0002,yes,correct
FinanceBench::hybrid_pageindex_chunk_rerank_linq_embed_mistral_top_m_10::financebench_id_00917::top_5,FinanceBench,hybrid_pageindex_chunk_rerank_linq_embed_mistral_top_m_10,hybrid_pageindex_chunk_rerank,Linq-AI-Research/Linq-Embed-Mistral,chunk_rerank,10,financebench_id_00917,financebench_id_00917,AMD_2022_10K,top_5,5,AMD_2022_10K_0012,AMD_2022_10K_0002|AMD_2022_10K_0014|AMD_2022_10K_0003|AMD_2022_10K_0012|AMD_2022_10K_0010,yes,correct
FinanceBench::hybrid_pageindex_chunk_rerank_linq_embed_mistral_top_m_10::financebench_id_01028::top_1,FinanceBench,hybrid_pageindex_chunk_rerank_linq_embed_mistral_top_m_10,hybrid_pageindex_chunk_rerank,Linq-AI-Research/Linq-Embed-Mistral,chunk_rerank,10,financebench_id_01028,financebench_id_01028,AMERICANEXPRESS_2022_10K,top_1,1,AMERICANEXPRESS_2022_10K_0116,AMERICANEXPRESS_2022_10K_0009,no,incorrect
FinanceBench::hybrid_pageindex_chunk_rerank_linq_embed_mistral_top_m_10::financebench_id_00720::top_1,FinanceBench,hybrid_pageindex_chunk_rerank_linq_embed_mistral_top_m_10,hybrid_pageindex_chunk_rerank,Linq-AI-Research/Linq-Embed-Mistral,chunk_rerank,10,financebench_id_00720,financebench_id_00720,AMERICANEXPRESS_2022_10K,top_1,1,AMERICANEXPRESS_2022_10K_0028,AMERICANEXPRESS_2022_10K_0016,no,correct
FinanceBench::hybrid_pageindex_chunk_rerank_linq_embed_mistral_top_m_10::financebench_id_00720::top_5,FinanceBench,hybrid_pageindex_chunk_rerank_linq_embed_mistral_top_m_10,hybrid_pageindex_chunk_rerank,Linq-AI-Research/Linq-Embed-Mistral,chunk_rerank,10,financebench_id_00720,financebench_id_00720,AMERICANEXPRESS_2022_10K,top_5,5,AMERICANEXPRESS_2022_10K_0028,AMERICANEXPRESS_2022_10K_0016|AMERICANEXPRESS_2022_10K_0017|AMERICANEXPRESS_2022_10K_0018|AMERICANEXPRESS_2022_10K_0000|AMERICANEXPRESS_2022_10K_0019,no,correct
FinanceBench::hybrid_pageindex_chunk_rerank_linq_embed_mistral_top_m_10::financebench_id_02608::top_1,FinanceBench,hybrid_pageindex_chunk_rerank_linq_embed_mistral_top_m_10,hybrid_pageindex_chunk_rerank,Linq-AI-Research/Linq-Embed-Mistral,chunk_rerank,10,financebench_id_02608,financebench_id_02608,BESTBUY_2017_10K,top_1,1,BESTBUY_2017_10K_0068,BESTBUY_2017_10K_0011,no,correct
FinanceBench::hybrid_pageindex_chunk_rerank_linq_embed_mistral_top_m_10::financebench_id_00685::top_1,FinanceBench,hybrid_pageindex_chunk_rerank_linq_embed_mistral_top_m_10,hybrid_pageindex_chunk_rerank,Linq-AI-Research/Linq-Embed-Mistral,chunk_rerank,10,financebench_id_00685,financebench_id_00685,BESTBUY_2023_10K,top_1,1,BESTBUY_2023_10K_0014,BESTBUY_2017_10K_0011,no,correct
FinanceBench::hybrid_pageindex_chunk_rerank_linq_embed_mistral_top_m_10::financebench_id_00685::top_5,FinanceBench,hybrid_pageindex_chunk_rerank_linq_embed_mistral_top_m_10,hybrid_pageindex_chunk_rerank,Linq-AI-Research/Linq-Embed-Mistral,chunk_rerank,10,financebench_id_00685,financebench_id_00685,BESTBUY_2023_10K,top_5,5,BESTBUY_2023_10K_0014,BESTBUY_2017_10K_0011|BESTBUY_2017_10K_0010|BESTBUY_2017_10K_0002|BESTBUY_2017_10K_0000|BESTBUY_2017_10K_0170,no,correct
FinanceBench::hybrid_pageindex_chunk_rerank_linq_embed_mistral_top_m_10::financebench_id_03838::top_5,FinanceBench,hybrid_pageindex_chunk_rerank_linq_embed_mistral_top_m_10,hybrid_pageindex_chunk_rerank,Linq-AI-Research/Linq-Embed-Mistral,chunk_rerank,10,financebench_id_03838,financebench_id_03838,BLOCK_2020_10K,top_5,5,BLOCK_2020_10K_0071,BLOCK_2020_10K_0010|BLOCK_2020_10K_0071|BLOCK_2020_10K_0072|BLOCK_2020_10K_0075|BLOCK_2020_10K_0078,yes,correct
FinanceBench::hybrid_pageindex_chunk_rerank_linq_embed_mistral_top_m_10::financebench_id_00517::top_1,FinanceBench,hybrid_pageindex_chunk_rerank_linq_embed_mistral_top_m_10,hybrid_pageindex_chunk_rerank,Linq-AI-Research/Linq-Embed-Mistral,chunk_rerank,10,financebench_id_00517,financebench_id_00517,BOEING_2022_10K,top_1,1,BOEING_2022_10K_0023,BOEING_2022_10K_0023,yes,correct
FinanceBench::hybrid_pageindex_chunk_rerank_linq_embed_mistral_top_m_10::financebench_id_00517::top_5,FinanceBench,hybrid_pageindex_chunk_rerank_linq_embed_mistral_top_m_10,hybrid_pageindex_chunk_rerank,Linq-AI-Research/Linq-Embed-Mistral,chunk_rerank,10,financebench_id_00517,financebench_id_00517,BOEING_2022_10K,top_5,5,BOEING_2022_10K_0023,BOEING_2022_10K_0023|BOEING_2022_10K_0045|BOEING_2022_10K_0005|BOEING_2022_10K_0004|BOEING_2022_10K_0018,yes,correct
FinanceBench::hybrid_pageindex_chunk_rerank_linq_embed_mistral_top_m_10::financebench_id_01091::top_1,FinanceBench,hybrid_pageindex_chunk_rerank_linq_embed_mistral_top_m_10,hybrid_pageindex_chunk_rerank,Linq-AI-Research/Linq-Embed-Mistral,chunk_rerank,10,financebench_id_01091,financebench_id_01091,BOEING_2022_10K,top_1,1,BOEING_2022_10K_0044,BOEING_2022_10K_0044,yes,correct
FinanceBench::hybrid_pageindex_chunk_rerank_linq_embed_mistral_top_m_10::financebench_id_01091::top_5,FinanceBench,hybrid_pageindex_chunk_rerank_linq_embed_mistral_top_m_10,hybrid_pageindex_chunk_rerank,Linq-AI-Research/Linq-Embed-Mistral,chunk_rerank,10,financebench_id_01091,financebench_id_01091,BOEING_2022_10K,top_5,5,BOEING_2022_10K_0044,BOEING_2022_10K_0044|BOEING_2022_10K_0010|BOEING_2022_10K_0004|BOEING_2022_10K_0000|BOEING_2022_10K_0007,yes,correct
FinanceBench::hybrid_pageindex_chunk_rerank_linq_embed_mistral_top_m_10::financebench_id_00678::top_5,FinanceBench,hybrid_pageindex_chunk_rerank_linq_embed_mistral_top_m_10,hybrid_pageindex_chunk_rerank,Linq-AI-Research/Linq-Embed-Mistral,chunk_rerank,10,financebench_id_00678,financebench_id_00678,BOEING_2022_10K,top_5,5,BOEING_2022_10K_0018,BOEING_2022_10K_0023|BOEING_2022_10K_0004|BOEING_2022_10K_0006|BOEING_2022_10K_0005|BOEING_2022_10K_0045,no,incorrect
FinanceBench::hybrid_pageindex_chunk_rerank_linq_embed_mistral_top_m_10::financebench_id_00494::top_5,FinanceBench,hybrid_pageindex_chunk_rerank_linq_embed_mistral_top_m_10,hybrid_pageindex_chunk_rerank,Linq-AI-Research/Linq-Embed-Mistral,chunk_rerank,10,financebench_id_00494,financebench_id_00494,BOEING_2022_10K,top_5,5,BOEING_2022_10K_0007,BOEING_2022_10K_0023|BOEING_2022_10K_0004|BOEING_2022_10K_0045|BOEING_2022_10K_0018|BOEING_2022_10K_0015,no,incorrect
FinanceBench::hybrid_pageindex_chunk_rerank_linq_embed_mistral_top_m_10::financebench_id_09724::top_5,FinanceBench,hybrid_pageindex_chunk_rerank_linq_embed_mistral_top_m_10,hybrid_pageindex_chunk_rerank,Linq-AI-Research/Linq-Embed-Mistral,chunk_rerank,10,financebench_id_09724,financebench_id_09724,COCACOLA_2021_10K,top_5,5,COCACOLA_2021_10K_0016,COCACOLA_2021_10K_0016|COCACOLA_2021_10K_0017|COCACOLA_2021_10K_0031|COCACOLA_2021_10K_0018|COCACOLA_2021_10K_0019,yes,correct
FinanceBench::hybrid_pageindex_chunk_rerank_linq_embed_mistral_top_m_10::financebench_id_00822::top_1,FinanceBench,hybrid_pageindex_chunk_rerank_linq_embed_mistral_top_m_10,hybrid_pageindex_chunk_rerank,Linq-AI-Research/Linq-Embed-Mistral,chunk_rerank,10,financebench_id_00822,financebench_id_00822,FOOTLOCKER_2022_8K_dated-2022-05-20,top_1,1,FOOTLOCKER_2022_8K_dated_2022_05_20_0001,PEPSICO_2023_8K_dated_2023_05_05_0001,no,incorrect
FinanceBench::hybrid_pageindex_chunk_rerank_linq_embed_mistral_top_m_10::financebench_id_00822::top_5,FinanceBench,hybrid_pageindex_chunk_rerank_linq_embed_mistral_top_m_10,hybrid_pageindex_chunk_rerank,Linq-AI-Research/Linq-Embed-Mistral,chunk_rerank,10,financebench_id_00822,financebench_id_00822,FOOTLOCKER_2022_8K_dated-2022-05-20,top_5,5,FOOTLOCKER_2022_8K_dated_2022_05_20_0001,PEPSICO_2023_8K_dated_2023_05_05_0001|PEPSICO_2023_8K_dated_2023_05_05_0000|PEPSICO_2023_8K_dated_2023_05_05_0002,no,incorrect
FinanceBench::hybrid_pageindex_chunk_rerank_linq_embed_mistral_top_m_10::financebench_id_02119::top_5,FinanceBench,hybrid_pageindex_chunk_rerank_linq_embed_mistral_top_m_10,hybrid_pageindex_chunk_rerank,Linq-AI-Research/Linq-Embed-Mistral,chunk_rerank,10,financebench_id_02119,financebench_id_02119,JPMORGAN_2021Q1_10Q,top_5,5,JPMORGAN_2021Q1_10Q_0006,JPMORGAN_2021Q1_10Q_0119|JPMORGAN_2021Q1_10Q_0131|JPMORGAN_2021Q1_10Q_0005|JPMORGAN_2021Q1_10Q_0132|JPMORGAN_2021Q1_10Q_0001_intro,no,incorrect
FinanceBench::hybrid_pageindex_chunk_rerank_linq_embed_mistral_top_m_10::financebench_id_00206::top_5,FinanceBench,hybrid_pageindex_chunk_rerank_linq_embed_mistral_top_m_10,hybrid_pageindex_chunk_rerank,Linq-AI-Research/Linq-Embed-Mistral,chunk_rerank,10,financebench_id_00206,financebench_id_00206,JPMORGAN_2022_10K,top_5,5,JPMORGAN_2022_10K_0002,JPMORGAN_2022_10K_0070_intro|JPMORGAN_2022_10K_0083_intro|JPMORGAN_2022_10K_0241|JPMORGAN_2022_10K_0451|JPMORGAN_2022_10K_0090,no,correct
FinanceBench::hybrid_pageindex_chunk_rerank_linq_embed_mistral_top_m_10::financebench_id_04700::top_5,FinanceBench,hybrid_pageindex_chunk_rerank_linq_embed_mistral_top_m_10,hybrid_pageindex_chunk_rerank,Linq-AI-Research/Linq-Embed-Mistral,chunk_rerank,10,financebench_id_04700,financebench_id_04700,MICROSOFT_2016_10K,top_5,5,MICROSOFT_2016_10K_0014_intro,MICROSOFT_2016_10K_0011|MICROSOFT_2016_10K_0053|MICROSOFT_2016_10K_0012|MICROSOFT_2016_10K_0052|MICROSOFT_2016_10K_0046,no,correct
FinanceBench::hybrid_pageindex_chunk_rerank_linq_embed_mistral_top_m_10::financebench_id_00080::top_5,FinanceBench,hybrid_pageindex_chunk_rerank_linq_embed_mistral_top_m_10,hybrid_pageindex_chunk_rerank,Linq-AI-Research/Linq-Embed-Mistral,chunk_rerank,10,financebench_id_00080,financebench_id_00080,PAYPAL_2022_10K,top_5,5,PAYPAL_2022_10K_0034,PAYPAL_2022_10K_0000|PAYPAL_2022_10K_0002|PAYPAL_2022_10K_0011|PAYPAL_2022_10K_0009|PAYPAL_2022_10K_0147,no,incorrect
FinanceBench::hybrid_pageindex_chunk_rerank_linq_embed_mistral_top_m_10::financebench_id_04980::top_5,FinanceBench,hybrid_pageindex_chunk_rerank_linq_embed_mistral_top_m_10,hybrid_pageindex_chunk_rerank,Linq-AI-Research/Linq-Embed-Mistral,chunk_rerank,10,financebench_id_04980,financebench_id_04980,PEPSICO_2021_10K,top_5,5,PEPSICO_2021_10K_0123,PEPSICO_2021_10K_0136|PEPSICO_2021_10K_0106_intro|PEPSICO_2021_10K_0108|PEPSICO_2021_10K_0000|PEPSICO_2021_10K_0150,no,no_answer
FinanceBench::hybrid_pageindex_chunk_rerank_linq_embed_mistral_top_m_10::financebench_id_00702::top_5,FinanceBench,hybrid_pageindex_chunk_rerank_linq_embed_mistral_top_m_10,hybrid_pageindex_chunk_rerank,Linq-AI-Research/Linq-Embed-Mistral,chunk_rerank,10,financebench_id_00702,financebench_id_00702,PFIZER_2021_10K,top_5,5,PFIZER_2021_10K_0036,PFIZER_2021_10K_0151|PFIZER_2021_10K_0155|PFIZER_2021_10K_0150|PFIZER_2021_10K_0044|PFIZER_2021_10K_0147,no,correct
FinanceBench::hybrid_pageindex_chunk_rerank_linq_embed_mistral_top_m_10::financebench_id_00603::top_5,FinanceBench,hybrid_pageindex_chunk_rerank_linq_embed_mistral_top_m_10,hybrid_pageindex_chunk_rerank,Linq-AI-Research/Linq-Embed-Mistral,chunk_rerank,10,financebench_id_00603,financebench_id_00603,ULTABEAUTY_2023Q4_EARNINGS,top_5,5,ULTABEAUTY_2023Q4_EARNINGS_0003,ULTABEAUTY_2023_10K_0013|ULTABEAUTY_2023_10K_0001|ULTABEAUTY_2023_10K_0011|ULTABEAUTY_2023_10K_0027|ULTABEAUTY_2023_10K_0002,no,incorrect
FinanceBench::hybrid_pageindex_chunk_rerank_linq_embed_mistral_top_m_10::financebench_id_00216::top_5,FinanceBench,hybrid_pageindex_chunk_rerank_linq_embed_mistral_top_m_10,hybrid_pageindex_chunk_rerank,Linq-AI-Research/Linq-Embed-Mistral,chunk_rerank,10,financebench_id_00216,financebench_id_00216,VERIZON_2022_10K,top_5,5,VERIZON_2022_10K_0018,VERIZON_2022_10K_0010|VERIZON_2022_10K_0011|VERIZON_2022_10K_0012|VERIZON_2022_10K_0153|VERIZON_2022_10K_0009,no,no_answer
FinanceBench::hybrid_pageindex_chunk_rerank_linq_embed_mistral_top_m_10::financebench_id_04784::top_1,FinanceBench,hybrid_pageindex_chunk_rerank_linq_embed_mistral_top_m_10,hybrid_pageindex_chunk_rerank,Linq-AI-Research/Linq-Embed-Mistral,chunk_rerank,10,financebench_id_04784,financebench_id_04784,WALMART_2019_10K,top_1,1,WALMART_2019_10K_0013,WALMART_2019_10K_0010,no,correct
FinanceBench::dense_harrier_oss_v1_0_6b::financebench_id_02608::top_1,FinanceBench,dense_harrier_oss_v1_0_6b,dense,microsoft/harrier-oss-v1-0.6b,standard,,financebench_id_02608,financebench_id_02608,BESTBUY_2017_10K,top_1,1,BESTBUY_2017_10K_0068,BESTBUY_2017_10K_0011,no,correct
FinanceBench::dense_harrier_oss_v1_0_6b::financebench_id_02981::top_5,FinanceBench,dense_harrier_oss_v1_0_6b,dense,microsoft/harrier-oss-v1-0.6b,standard,,financebench_id_02981,financebench_id_02981,CORNING_2021_10K,top_5,5,CORNING_2021_10K_0140,CORNING_2021_10K_0061_intro|CORNING_2022_10K_0062_intro|CORNING_2021_10K_0140|CORNING_2021_10K_0064|CORNING_2021_10K_0169,yes,correct
FinanceBench::dense_harrier_oss_v1_0_6b::financebench_id_04784::top_1,FinanceBench,dense_harrier_oss_v1_0_6b,dense,microsoft/harrier-oss-v1-0.6b,standard,,financebench_id_04784,financebench_id_04784,WALMART_2019_10K,top_1,1,WALMART_2019_10K_0013,WALMART_2019_10K_0010,no,correct
FinanceBench::dense_linq_embed_mistral::financebench_id_00723::top_5,FinanceBench,dense_linq_embed_mistral,dense,Linq-AI-Research/Linq-Embed-Mistral,standard,,financebench_id_00723,financebench_id_00723,AMERICANEXPRESS_2022_10K,top_5,5,AMERICANEXPRESS_2022_10K_0028,AMERICANEXPRESS_2022_10K_0109_intro|AMERICANEXPRESS_2022_10K_0016|AMERICANEXPRESS_2022_10K_0000|AMERICANEXPRESS_2022_10K_0015|AMERICANEXPRESS_2022_10K_0087,no,correct
FinanceBench::dense_linq_embed_mistral::financebench_id_02608::top_5,FinanceBench,dense_linq_embed_mistral,dense,Linq-AI-Research/Linq-Embed-Mistral,standard,,financebench_id_02608,financebench_id_02608,BESTBUY_2017_10K,top_5,5,BESTBUY_2017_10K_0068,BESTBUY_2017_10K_0020_intro|BESTBUY_2017_10K_0011|BESTBUY_2019_10K_0011|BESTBUY_2017_10K_0068|BESTBUY_2019_10K_0019_intro,yes,correct
FinanceBench::dense_linq_embed_mistral::financebench_id_04784::top_5,FinanceBench,dense_linq_embed_mistral,dense,Linq-AI-Research/Linq-Embed-Mistral,standard,,financebench_id_04784,financebench_id_04784,WALMART_2019_10K,top_5,5,WALMART_2019_10K_0013,WALMART_2019_10K_0010|BESTBUY_2019_10K_0037|WALMART_2019_10K_0001|BESTBUY_2019_10K_0020|WALMART_2019_10K_0000,no,correct
FinanceBench::pageindex_combined_query_results_clean::financebench_id_01226::top_5,FinanceBench,pageindex_combined_query_results_clean,pageindex_llm,gpt-5,standard,,financebench_id_01226,financebench_id_01226,3M_2022_10K,top_5,5,3M_2022_10K_0012,3M_2022_10K_0011|3M_2022_10K_0012|3M_2022_10K_0013|3M_2022_10K_0010|3M_2022_10K_0009,yes,correct
FinanceBench::pageindex_combined_query_results_clean::financebench_id_00678::top_5,FinanceBench,pageindex_combined_query_results_clean,pageindex_llm,gpt-5,standard,,financebench_id_00678,financebench_id_00678,BOEING_2022_10K,top_5,5,BOEING_2022_10K_0018,BOEING_2022_10K_0018|BOEING_2022_10K_0045|BOEING_2022_10K_0024|BOEING_2022_10K_0030|BOEING_2022_10K_0023,yes,correct
FinanceBench::hybrid_pageindex_harrier_oss_v1_0_6b_top_m_10::financebench_id_02119::top_5,FinanceBench,hybrid_pageindex_harrier_oss_v1_0_6b_top_m_10,hybrid_pageindex,microsoft/harrier-oss-v1-0.6b,node,10,financebench_id_02119,financebench_id_02119,JPMORGAN_2021Q1_10Q,top_5,5,JPMORGAN_2021Q1_10Q_0006,JPMORGAN_2021Q1_10Q_0046|JPMORGAN_2021Q1_10Q_0133|JPMORGAN_2021Q1_10Q_0132|JPMORGAN_2021Q1_10Q_0050|JPMORGAN_2021Q1_10Q_0428,no,incorrect
FinanceBench::hybrid_pageindex_harrier_oss_v1_0_6b_top_m_10::financebench_id_00702::top_5,FinanceBench,hybrid_pageindex_harrier_oss_v1_0_6b_top_m_10,hybrid_pageindex,microsoft/harrier-oss-v1-0.6b,node,10,financebench_id_00702,financebench_id_00702,PFIZER_2021_10K,top_5,5,PFIZER_2021_10K_0036,PFIZER_2021_10K_0154|PFIZER_2021_10K_0155|PFIZER_2021_10K_0088|PFIZER_2021_10K_0153|PFIZER_2021_10K_0037,no,correct
FinanceBench::hybrid_pageindex_chunk_rerank_harrier_oss_v1_0_6b_top_m_10::financebench_id_01226::top_5,FinanceBench,hybrid_pageindex_chunk_rerank_harrier_oss_v1_0_6b_top_m_10,hybrid_pageindex_chunk_rerank,microsoft/harrier-oss-v1-0.6b,chunk_rerank,10,financebench_id_01226,financebench_id_01226,3M_2022_10K,top_5,5,3M_2022_10K_0012,3M_2022_10K_0011|3M_2022_10K_0012|3M_2022_10K_0013|3M_2022_10K_0049|3M_2022_10K_0010,yes,correct
FinanceBench::hybrid_pageindex_chunk_rerank_harrier_oss_v1_0_6b_top_m_10::financebench_id_00684::top_5,FinanceBench,hybrid_pageindex_chunk_rerank_harrier_oss_v1_0_6b_top_m_10,hybrid_pageindex_chunk_rerank,microsoft/harrier-oss-v1-0.6b,chunk_rerank,10,financebench_id_00684,financebench_id_00684,AMCOR_2023_10K,top_5,5,AMCOR_2023_10K_0014,AMCOR_2023Q4_EARNINGS_0004|AMCOR_2023Q4_EARNINGS_0005|AMCOR_2023Q4_EARNINGS_0000|AMCOR_2023Q4_EARNINGS_0011|AMCOR_2023Q4_EARNINGS_0019,no,correct
FinanceBench::hybrid_pageindex_chunk_rerank_harrier_oss_v1_0_6b_top_m_10::financebench_id_00723::top_1,FinanceBench,hybrid_pageindex_chunk_rerank_harrier_oss_v1_0_6b_top_m_10,hybrid_pageindex_chunk_rerank,microsoft/harrier-oss-v1-0.6b,chunk_rerank,10,financebench_id_00723,financebench_id_00723,AMERICANEXPRESS_2022_10K,top_1,1,AMERICANEXPRESS_2022_10K_0028,AMERICANEXPRESS_2022_10K_0016,no,correct
FinanceBench::hybrid_pageindex_chunk_rerank_harrier_oss_v1_0_6b_top_m_10::financebench_id_01911::top_5,FinanceBench,hybrid_pageindex_chunk_rerank_harrier_oss_v1_0_6b_top_m_10,hybrid_pageindex_chunk_rerank,microsoft/harrier-oss-v1-0.6b,chunk_rerank,10,financebench_id_01911,financebench_id_01911,MGMRESORTS_2022Q4_EARNINGS,top_5,5,MGMRESORTS_2022Q4_EARNINGS_0019,MGMRESORTS_2022Q4_EARNINGS_0011|MGMRESORTS_2022Q4_EARNINGS_0000_intro|MGMRESORTS_2022Q4_EARNINGS_0018|MGMRESORTS_2022Q4_EARNINGS_0005|MGMRESORTS_2022Q4_EARNINGS_0019,yes,incorrect
FinanceBench::hybrid_pageindex_chunk_rerank_linq_embed_mistral_top_m_10::financebench_id_01226::top_5,FinanceBench,hybrid_pageindex_chunk_rerank_linq_embed_mistral_top_m_10,hybrid_pageindex_chunk_rerank,Linq-AI-Research/Linq-Embed-Mistral,chunk_rerank,10,financebench_id_01226,financebench_id_01226,3M_2022_10K,top_5,5,3M_2022_10K_0012,3M_2022_10K_0012|3M_2022_10K_0010|3M_2022_10K_0011|3M_2022_10K_0001|3M_2022_10K_0013,yes,correct
FinanceBench::hybrid_pageindex_chunk_rerank_linq_embed_mistral_top_m_10::financebench_id_00723::top_5,FinanceBench,hybrid_pageindex_chunk_rerank_linq_embed_mistral_top_m_10,hybrid_pageindex_chunk_rerank,Linq-AI-Research/Linq-Embed-Mistral,chunk_rerank,10,financebench_id_00723,financebench_id_00723,AMERICANEXPRESS_2022_10K,top_5,5,AMERICANEXPRESS_2022_10K_0028,AMERICANEXPRESS_2022_10K_0000|AMERICANEXPRESS_2022_10K_0016|AMERICANEXPRESS_2022_10K_0019|AMERICANEXPRESS_2022_10K_0017|AMERICANEXPRESS_2022_10K_0013,no,incorrect
FinanceBench::hybrid_pageindex_chunk_rerank_linq_embed_mistral_top_m_10::financebench_id_02608::top_5,FinanceBench,hybrid_pageindex_chunk_rerank_linq_embed_mistral_top_m_10,hybrid_pageindex_chunk_rerank,Linq-AI-Research/Linq-Embed-Mistral,chunk_rerank,10,financebench_id_02608,financebench_id_02608,BESTBUY_2017_10K,top_5,5,BESTBUY_2017_10K_0068,BESTBUY_2017_10K_0011|BESTBUY_2017_10K_0010|BESTBUY_2017_10K_0167|BESTBUY_2017_10K_0002|BESTBUY_2017_10K_0170,no,correct
FinanceBench::hybrid_pageindex_chunk_rerank_linq_embed_mistral_top_m_10::financebench_id_04302::top_1,FinanceBench,hybrid_pageindex_chunk_rerank_linq_embed_mistral_top_m_10,hybrid_pageindex_chunk_rerank,Linq-AI-Research/Linq-Embed-Mistral,chunk_rerank,10,financebench_id_04302,financebench_id_04302,NIKE_2018_10K,top_1,1,NIKE_2018_10K_0026,NIKE_2018_10K_0026,yes,correct
FinanceBench::hybrid_pageindex_chunk_rerank_linq_embed_mistral_top_m_10::financebench_id_04302::top_5,FinanceBench,hybrid_pageindex_chunk_rerank_linq_embed_mistral_top_m_10,hybrid_pageindex_chunk_rerank,Linq-AI-Research/Linq-Embed-Mistral,chunk_rerank,10,financebench_id_04302,financebench_id_04302,NIKE_2018_10K,top_5,5,NIKE_2018_10K_0026,NIKE_2018_10K_0026|NIKE_2018_10K_0003|NIKE_2018_10K_0005|NIKE_2018_10K_0000|NIKE_2018_10K_0004,yes,correct
