query_index,query,financebench_id,doc_name,ground_truth_chunk_id,embedding_latency_seconds
0,"For ESRS climate scenario disclosures, has ABN Amro confirmed that the assumptions underpinning its IFRS financial statements are consistent with the climate pathway used in its scenario assessment?",,ABN Amro,ABN_Amro_0005,0.020185011439025402
1,"Within ABN AMRO’s risk taxonomy, is sustainability risk explicitly designated as a material risk category?",,ABN Amro,ABN_Amro_0008,0.020918880589306355
2,"Within its disclosure on current and anticipated effects, does ABN AMRO explicitly report the outcome of a resilience assessment (via a bank-wide ICAAP stress test) demonstrating that projected climate and environmental risk impacts over the assessed five-year horizon remain within its loss-absorbing capacity and that its business model is resilient to the adverse scenario?",,ABN Amro,ABN_Amro_0012,0.022537557408213615
3,"Within its description of environmental impacts, does ABN AMRO specify that the principal adverse effects occur through client-related financing and investment activities rather than from its own direct operations?",,ABN Amro,ABN_Amro_0014,0.019216647371649742
4,"For ABN AMRO, does the stated scope of its social impact assessment explicitly cover impacts stemming from its own operations as well as those associated with its clients’ activities?",,ABN Amro,ABN_Amro_0015,0.019131642766296864
5,Does ABN Amro state that its updated Standard with Client Requirements uses terminology harmonised with the CSRD and the ESRS?,,ABN Amro,ABN_Amro_0021,0.01902439258992672
6,"For ABN Amro, does the disclosure confirm that results from the Client Assessment on Sustainability (CASY) and the Climate and Environmental Risk Classification Tool (RCT) are embedded in corporate credit risk evaluation, including second-line review and ultimate credit decision-making?",,ABN Amro,ABN_Amro_0024,0.020749395713210106
7,"For client-level risk mitigation, does ABN Amro disclose that its high-intensity engagement track is subject to quarterly review by the Engagement Committee, evidencing periodic internal oversight?",,ABN Amro,ABN_Amro_0025,0.019318423233926296
8,Has ABN Amro clearly specified that the Climate & Environmental Risks (CER) materiality assessment covers the entirety of its balance sheet?,,ABN Amro,ABN_Amro_0028,0.019022837281227112
9,"Within its 2024 risk appetite framework, has ABN Amro established explicit caps or trigger points to limit exposure to mortgage collateral situated in areas facing elevated physical climate risk?",,ABN Amro,ABN_Amro_0029,0.019184662029147148
10,"For ABN Amro’s ESRS materiality determination of climate and environmental drivers on market risk in the trading book, does the disclosure set out the assessment method used to gauge potential profit-and-loss effects and the specific rationale supporting its conclusion that this risk is not material?",,ABN Amro,ABN_Amro_0031,0.019479230977594852
11,"Within ABN Amro’s climate and environmental risk materiality review for liquidity risk, what specific short- and medium-term horizons are set for the quantitative assessment?",,ABN Amro,ABN_Amro_0033,0.019330274313688278
12,"In its 2024 climate and environmental business-risk assessment, does ABN Amro state that transition risk is not material in the near term but could become material over the medium to long run due to prospective changes to its commercial or risk policies to meet climate-related requirements?",,ABN Amro,ABN_Amro_0034,0.01943209394812584
13,Does ABN Amro’s adverse scenario explicitly include a Dutch policy tightening on buildings with poor energy performance that would further depress the market value of such real estate?,,ABN Amro,ABN_Amro_0036,0.019040411338210106
14,"Within its CER discussion of strategy and business model, does ABN Amro indicate whether lending decisions in its residential mortgage portfolio are conditioned on physical climate-risk metrics, and if not, what rationale does it provide?",,ABN Amro,ABN_Amro_0038,0.019201884046196938
15,"For ABN Amro, does the non-financial risk stress-testing methodology used for ESG materiality explicitly assess climate and environmental risk events across three defined time horizons (1, 5 and 30 years)?",,ABN Amro,ABN_Amro_0039,0.01920121442526579
16,"In its stated assessment outcome, does ABN Amro confirm that a flooding-related data centre disruption is material in the short-term (one-year) horizon and specify the selected risk treatment?",,ABN Amro,ABN_Amro_0041,0.019237635657191277
17,Does ABN Amro’s disclosure confirm that corporate clients are evaluated against the bank’s baseline sustainability criteria both at onboarding and at recurring intervals thereafter?,,ABN Amro,ABN_Amro_0043,0.019128095358610153
18,"For ESRS disclosures on risk management processes, what client coverage threshold does ABN Amro state for applying its CASY sustainability assessment?",,ABN Amro,ABN_Amro_0045,0.01892684493213892
19,"For ABN Amro’s non-programme lending clients, is there a process within credit origination and subsequent review cycles that integrates climate- and environment-related risk exposures into the creditworthiness assessment?",,ABN Amro,ABN_Amro_0046,0.01937766559422016
20,"For ESRS-aligned scoping of climate-risk analysis, does ABN AMRO identify the specific industries where its transmission-channel assessments have been strengthened and clarify that the referenced NACE classifications are indicative mappings to its own sector definitions?",,ABN Amro,ABN_Amro_0047,0.02160950843244791
21,"For ABN AMRO, which governance body is charged with reviewing sectoral financing policies that establish exposure targets and limits linked to climate and environmental risk?",,ABN Amro,ABN_Amro_0054,0.018852725625038147
22,Which ABN AMRO governance body is tasked with supervising the soundness and quality of the bank’s sustainability statements and its public sustainability disclosures?,,ABN Amro,ABN_Amro_0057,0.019149193540215492
23,Does ABN Amro’s disclosure confirm that its sustainability risk policy framework encompasses climate change mitigation and the management of both physical and transition climate exposures?,,ABN Amro,ABN_Amro_0060,0.018917963840067387
24,"Within ABN Amro’s governance of operational climate and energy measures, has responsibility for policy execution been allocated to named executive roles, and which roles are assigned to the Environmental and Energy Policy and the Travel and Mobility policy?",,ABN Amro,ABN_Amro_0061,0.019034932367503643
25,"For ABN AMRO’s exposure to coal-fired power generation clients, does the stated sustainability risk standard include a time-bound commitment to exit thermal coal, and if so, what is the deadline year?",,ABN Amro,ABN_Amro_0062,0.019068343564867973
26,"In its sector target overview, does ABN AMRO quantify what share of its outstanding exposure to NZBA-identified high-emission sectors is already within the scope of its published climate targets?",,ABN Amro,ABN_Amro_0066,0.018975420854985714
27,Has ABN Amro specified the methodological scope and inclusion criteria for counting financing toward its lending commitment on renewable energy and decarbonisation technologies?,,ABN Amro,ABN_Amro_0073,0.018815431743860245
28,"For ESRS reporting on workforce scope, does ABN AMRO state that its HR Risk Policy extends beyond its own employees to include, where pertinent, non-employee personnel engaged through third-party suppliers?",,ABN Amro,ABN_Amro_0081,0.019076582044363022
29,Has ABN AMRO put in place a formal human-rights due diligence process designed to oversee and reduce adverse human-rights impacts arising from its activities?,,ABN Amro,ABN_Amro_0084,0.018999152816832066
30,"For ABN AMRO, does the remuneration framework explicitly tie sustainability performance to incentive compensation across employee categories, and how is this operationalized for CLA+, CLA Identified Staff, CLA staff, and the Executive Board?",,ABN Amro,ABN_Amro_0086,0.01917172409594059
31,Has ABN Amro disclosed that it maintains ongoing dialogue with civil society groups to address human rights risks associated with its investment activities?,,ABN Amro,ABN_Amro_0093,0.019164200872182846
32,Identify the specific report in which ABN AMRO indicates it provides further detail on its arrangements to facilitate remedy access for value chain workers within its procurement activities.,,ABN Amro,ABN_Amro_0094,0.0188340712338686
33,"For ABN Amro, does the disclosure specify the interim method used to monitor the effectiveness of its policies and actions—namely, evaluating its influence over corporate clients and businesses in its investment sphere to derive insights on engagement-related impacts and risks—given that formal targets have not yet been set?",,ABN Amro,ABN_Amro_0095,0.02141416259109974
34,"For ESRS reporting on grievance access for value‑chain workers, which specific mechanism does ABN AMRO indicate is available to workers in its supply chain?",,ABN Amro,ABN_Amro_0096,0.018879327923059464
35,"For ESRS-consistent reporting on consumers and end-users, does ABN Amro evidence that it maintains a consumer-facing grievance mechanism that enables remediation when adverse human rights impacts to which the bank has contributed or with which it is directly connected are identified?",,ABN Amro,ABN_Amro_0098,0.019271882250905037
36,"For ESRS reporting on privacy safeguards for consumers and end-users, does ABN Amro’s Personal Data Policy impose a formal obligation to inform affected consumers when a personal data breach occurs?",,ABN Amro,ABN_Amro_0099,0.019006824120879173
37,"Under ABN AMRO’s Product Approval and Review policy, is there a formal requirement to update products and services to take account of evolving sustainability-related developments?",,ABN Amro,ABN_Amro_0101,0.018917616456747055
38,"For ABN AMRO Bank N.V., is the complaints oversight function explicitly established as an independent remit within the Legal department, tasked with designing, updating, supervising the Complaints Management Policy and holding overall ownership of the complaints-handling process?",,ABN Amro,ABN_Amro_0104,0.019174844957888126
39,"At ABN Amro, does the product oversight process formally use customer complaint insights within its product approval/review cycle to adjust product features or the intended customer segment?",,ABN Amro,ABN_Amro_0106,0.018845886923372746
40,Has ABN Amro documented targeted engagement with people with physical disabilities during the reporting period to evaluate and enhance the accessibility of its banking products and services?,,ABN Amro,ABN_Amro_0107,0.018759414553642273
41,"For ESRS governance-control disclosures, does ABN AMRO state that it performs periodic internal control activities to assess whether its Client Integrity policies are properly implemented and effective?",,ABN Amro,ABN_Amro_0113,0.01896888203918934
42,"For ABN Amro’s disclosure of financed emissions tied to its corporate lending, has the bank explicitly adopted a methodological presumption that borrowers producing electricity from solar, wind, or hydro have zero Scope 1 and Scope 2 emission intensity, and does it articulate the basis for that presumption?",,ABN Amro,ABN_Amro_0119,0.01994704268872738
43,"For its road-transport portfolio, does ABN Amro identify the specific data sources used to derive vehicle activity and the country-dependent emission factors for trucks and vans?",,ABN Amro,ABN_Amro_0124,0.018922489136457443
44,"For ABN Amro’s power generation portfolio, does the bank disclose both the origin of the data used to compute emissions intensity and the measure it applies to align all inputs to a consistent reporting year?",,ABN Amro,ABN_Amro_0131,0.018967867828905582
45,"For ABN AMRO, what reporting lag is disclosed for the operational emissions-intensity metrics in the oil and gas upstream and midstream portfolio?",,ABN Amro,ABN_Amro_0133,0.018761408515274525
46,"For ABN Amro, is the percentage gap to its net-zero-by-2050 pathway disclosed for the financed emissions intensities of trucks and vans used in road transport?",,ABN Amro,ABN_Amro_0134,0.01896937657147646
47,"For ABN Amro’s agriculture disclosures, does the bank state that, due to the Pillar 3 counterparty boundary, household borrowers in this portfolio are omitted from the template?",,ABN Amro,ABN_Amro_0138,0.01901881769299507
48,"For ABN Amro’s physical risk methodology, does a specific quantitative criterion apply to Dutch flooding cases to flag an exposure as acute flood–sensitive, and if so, what is that criterion?",,ABN Amro,ABN_Amro_0142,0.01927325129508972
49,"In its GAR KPI summary, does ABN Amro state that it cannot compute the GAR flow “coverage over total assets” metric because the flow template lacks the total-asset denominator needed for that calculation?",,ABN Amro,ABN_Amro_0143,0.019784660078585148
50,"For its Green Asset Ratio disclosures, does ABN Amro state that exposures to financial counterparties outside the NFRD scope are recorded under the Pillar 3 line item ""other assets"" in order to keep the presentation consistent with the EU Taxonomy’s separate category for such exposures?",,ABN Amro,ABN_Amro_0144,0.02055975515395403
51,"For the GAR disclosures, did ABN AMRO provide EU Taxonomy ‘flow’ KPI figures for the reporting dates 31 December 2023 and 30 June 2024, or did it explicitly defer these metrics to a later reporting period?",,ABN Amro,ABN_Amro_0145,0.019878470338881016
52,"In its disclosure of non-Taxonomy climate-mitigation financing, does ABN Amro indicate that its loan exposures (including those to financial and non-financial corporates, commercial real estate, households, and residential mortgages) mitigate physical climate risk?",,ABN Amro,ABN_Amro_0146,0.019731598906219006
53,"In its ESRS-focused risk disclosures, has BBVA stated that its Risk Appetite Framework sets Board-approved quantitative caps on exposure-at-default to activities internally assessed as High Transition Risk?",,BBVA,BBVA_0007,0.019782377406954765
54,"For BBVA, does the disclosed Environmental and Social Framework set explicit financing bans for new projects, including prohibitions tied to use of child or forced labor/human trafficking, projects impacting indigenous or vulnerable communities without free, prior and informed consent, and dealings with controversial weapons manufacturers or dealers?",,BBVA,BBVA_0009,0.020574738271534443
55,"For ESRS-aligned reporting on fair access to financial services, does BBVA state that its retail credit admission and pricing models exclude protected personal attributes (such as gender, ethnic origin, religion, disability, sexual orientation or political opinion) to avoid discriminatory treatment?",,BBVA,BBVA_0010,0.0198810501024127
56,"When information from its value chain is incomplete or unreliable, does BNP Paribas Fortis commit to use reasonable estimates and, where measurement uncertainty is significant, disclose a narrative describing the methodologies, definitions, and related limitations for those estimates?",,BNP Paribas,BNP_Paribas_0000,0.019746385514736176
57,"Within the 2024 Sustainability Statements, does BNP Paribas Fortis provide a distinct disclosure that defines the perimeter of financial exposures examined for EU Taxonomy alignment (i.e., which financial assets were included in the alignment assessment)?",,BNP Paribas,BNP_Paribas_0001,0.01976125966757536
58,"For ESRS transparency on data quality and estimation practices, does BNP Paribas Fortis acknowledge that constraints in ESG data availability lead it to use estimates and that this entails limitations regarding representativeness?",,BNP Paribas,BNP_Paribas_0004,0.01954693626612425
59,"Following the European Commission’s 8 November 2024 communication interpreting Delegated Regulation (EU) 2021/2178, which requires banks to secure documentation evidencing satisfaction of each technical screening criterion, does BNP Paribas recognise any loans or other instruments with specified use-of-proceeds to companies or local administrations in the GAR numerator?",,BNP Paribas,BNP_Paribas_0013,0.02146507054567337
60,"For the GAR stock as at 31 December 2024, does BNP Paribas Fortis quantify the proportions of assets left out of (i) the GAR numerator pursuant to Article 7(2)-(3) and Annex V section 1.1.2, and (ii) the GAR denominator pursuant to Article 7(1) and Annex V section 1.2.4; if so, what percentages are reported?",,BNP Paribas,BNP_Paribas_0014,0.02179974876344204
61,"For BNP Paribas Fortis, is the disclosed internal ratio of eligible assets deemed aligned with climate goals calculated solely by testing against the Taxonomy’s technical climate performance thresholds?",,BNP Paribas,BNP_Paribas_0016,0.019603918306529522
62,"Does BNP Paribas Fortis disclose a structured mapping that links each identified material workforce impact, risk or opportunity to the relevant internal rules, operational measures, performance indicators, and quantitative targets/monitoring metrics?",,BNP Paribas,BNP_Paribas_0018,0.019667851738631725
63,"Regarding ESRS S1 expectations on fair pay, does BNP Paribas Fortis specify both the share of its workforce receiving at least an adequate wage and the methodology (including source and refresh cycle) used to set that adequacy benchmark?",,BNP Paribas,BNP_Paribas_0020,0.01980573497712612
64,"Does BNP Paribas Fortis identify a concrete KPI for monitoring its material opportunity related to financial inclusion, and what is that KPI?",,BNP Paribas,BNP_Paribas_0022,0.021049993112683296
65,"For BNP Paribas Fortis, is there a documented governance control by which the Governance and Nomination Committee evaluates, at least annually, the Board of Directors’ individual and collective competencies to ensure suitability for the bank’s activities?",,BNP Paribas,BNP_Paribas_0026,0.01984582468867302
66,"Has BNP Paribas Fortis established a prohibition on making political contributions, whether directly or indirectly, within its rules on gifts and hospitality?",,BNP Paribas,BNP_Paribas_0028,0.01937850657850504
67,"Within BNP Paribas Fortis’ ICT and cyber risk management framework, are individual cybersecurity requirements explicitly assigned implementation deadlines (i.e., time-bound due dates)?",,BNP Paribas,BNP_Paribas_0031,0.01959408726543188
68,"In its basis-of-preparation note, does BNP Paribas Fortis specify which EU subsidiaries rely on the consolidated-reporting exemption under the Accounting Directive (Articles 19a(9) and 29a(8)), explain why they qualify, and confirm that their sustainability information is included within BNP Paribas Fortis’s own sustainability statement, with the entities named?",,BNP Paribas,BNP_Paribas_0033,0.020873664878308773
69,"For Banca Monte dei Paschi di Siena, has the governance disclosure clarified whether the role responsible for sustainability reporting is held by the same individual who serves as Financial Reporting Officer?",,Banca Monte dei Paschi di Siena,Banca_Monte_dei_Paschi_di_Siena_0007,0.01956393476575613
70,"Within Banca Monte dei Paschi di Siena’s governance framework, which internal committee is tasked with overseeing adherence to Legislative Decree No. 125 of 10 September 2024 in relation to the preparation of the Sustainability Report?",,Banca Monte dei Paschi di Siena,Banca_Monte_dei_Paschi_di_Siena_0011,0.020637121982872486
71,Does Banca Monte dei Paschi di Siena state that its remuneration framework maintains an appropriate balance between fixed and variable pay to mitigate conflicts of interest related to achieving long-term goals?,,Banca Monte dei Paschi di Siena,Banca_Monte_dei_Paschi_di_Siena_0015,0.01958499103784561
72,"For ESRS remuneration-disclosure purposes, has Banca Monte dei Paschi di Siena established a clear linkage between variable pay for the CEO/General Manager and other covered personnel and climate-related objectives?",,Banca Monte dei Paschi di Siena,Banca_Monte_dei_Paschi_di_Siena_0017,0.019631456583738327
73,"Has Banca Monte dei Paschi di Siena established internal controls over sustainability reporting that are expressly aimed at ensuring the reported information meets the ESRS 1 qualitative attributes (relevance, faithful representation, comparability, verifiability, understandability)?",,Banca Monte dei Paschi di Siena,Banca_Monte_dei_Paschi_di_Siena_0020,0.01965702325105667
74,"Does Banca Monte dei Paschi di Siena state that the forward-looking elements of its sustainability reporting are grounded in specified assumptions disclosed in the report and that, given inherent uncertainty, actual outcomes may differ significantly, in line with ESRS expectations for prospective information?",,Banca Monte dei Paschi di Siena,Banca_Monte_dei_Paschi_di_Siena_0021,0.01993682235479355
75,"For ESRS value chain boundary disclosures, does Banca Monte dei Paschi di Siena clearly define the segmentation and perimeter by naming the categories included upstream (e.g., suppliers, commercial partners such as AXA, and non-commercial partners), specifying what falls within its own operations (internal activities, resources, and relationships), and identifying the downstream counterparties (customers and distributors)?",,Banca Monte dei Paschi di Siena,Banca_Monte_dei_Paschi_di_Siena_0023,0.02095196023583412
76,"For ESRS value-chain transparency, has Banca Monte dei Paschi di Siena set out its upstream scope by identifying the principal counterparties (such as vendors, strategic partners, and non-market partners) and describing the types of inputs and services they provide to the Group’s operations?",,Banca Monte dei Paschi di Siena,Banca_Monte_dei_Paschi_di_Siena_0024,0.020516742020845413
77,"Within Banca Monte dei Paschi di Siena’s double materiality procedure, is there a defined governance step in which the consolidated list of material topics is submitted to the bank’s control bodies for review and approval?",,Banca Monte dei Paschi di Siena,Banca_Monte_dei_Paschi_di_Siena_0026,0.019761331379413605
78,Has Banca Monte dei Paschi di Siena established a quantitative cut-off—an impact score above 3—to determine which topics are included in its sustainability statement to support comparability and transparency?,,Banca Monte dei Paschi di Siena,Banca_Monte_dei_Paschi_di_Siena_0030,0.019624645821750164
79,"For ESRS-aligned materiality reporting, does Banca Monte dei Paschi di Siena disclose which external stakeholder constituencies it consulted directly during 2024?",,Banca Monte dei Paschi di Siena,Banca_Monte_dei_Paschi_di_Siena_0032,0.019584001041948795
80,"Under Banca Monte dei Paschi di Siena’s double materiality methodology, is a sustainability topic deemed material for the Group when any one of its related dimensions—impact, risk, or opportunity—is assessed as material for the analysis scope?",,Banca Monte dei Paschi di Siena,Banca_Monte_dei_Paschi_di_Siena_0033,0.019757477566599846
81,"For ESRS purposes regarding governance oversight of materiality outcomes, does Banca Monte dei Paschi di Siena confirm that the final list of material matters was submitted to and considered by its highest governance bodies, and which bodies were involved?",,Banca Monte dei Paschi di Siena,Banca_Monte_dei_Paschi_di_Siena_0034,0.01974690519273281
82,"In line with ESRS expectations to delineate material climate-related risks across the value chain, has Banca Monte dei Paschi di Siena classified credit risk in its downstream activities as material?",,Banca Monte dei Paschi di Siena,Banca_Monte_dei_Paschi_di_Siena_0038,0.01958583202213049
83,Identify when the Board of Directors most recently granted formal approval to Banca Monte dei Paschi di Siena’s climate transition plan.,,Banca Monte dei Paschi di Siena,Banca_Monte_dei_Paschi_di_Siena_0040,0.01943577267229557
84,"Has Banca Monte dei Paschi di Siena committed 2024 capital expenditure to build a centralized ESG data repository and dashboarding capability to underpin mandatory sustainability reporting (e.g., CSRD) and evidence alignment with ESRS requirements?",,Banca Monte dei Paschi di Siena,Banca_Monte_dei_Paschi_di_Siena_0042,0.019933903589844704
85,Does Banca Monte dei Paschi di Siena disclose that it has set interim greenhouse‑gas reduction goals with a 2030 horizon for the two higher‑emission sector groupings it identified?,,Banca Monte dei Paschi di Siena,Banca_Monte_dei_Paschi_di_Siena_0047,0.019617566838860512
86,"For ESRS-aligned disclosure on sectoral financing restrictions, does Banca Monte dei Paschi di Siena state that it will provide no new lending to coal mining, permit existing coal-related exposures to run off without renewal to achieve a full exit by 2025, and only consider financing for mine-site remediation or reclamation where environmental benefits are evidenced through documented due diligence?",,Banca Monte dei Paschi di Siena,Banca_Monte_dei_Paschi_di_Siena_0048,0.02085927687585354
87,"Within Banca Monte dei Paschi di Siena’s credit processes, is the client-level ESG questionnaire embedded in the operating system and designed to capture both exposure to climate-transition risk and physical risk for each counterparty?",,Banca Monte dei Paschi di Siena,Banca_Monte_dei_Paschi_di_Siena_0049,0.019530197605490685
88,Has Banca Monte dei Paschi di Siena identified any loan product category in its sustainable finance offering as explicitly aligned with the EU Environmental Taxonomy?,,Banca Monte dei Paschi di Siena,Banca_Monte_dei_Paschi_di_Siena_0051,0.01936998125165701
89,Has Banca Monte dei Paschi di Siena provided a numeric disclosure of the total amount disbursed in 2024 under the “Nuova Sabatini” SME support measure?,,Banca Monte dei Paschi di Siena,Banca_Monte_dei_Paschi_di_Siena_0052,0.019569873809814453
90,"Does Banca Monte dei Paschi di Siena provide a quantitative disclosure of the financing delivered under its SACE Green New Deal arrangement, including the cumulative total since inception and the amount attributable to the 2024 reporting year?",,Banca Monte dei Paschi di Siena,Banca_Monte_dei_Paschi_di_Siena_0053,0.019695713184773922
91,"For ESRS-aligned disclosures on sustainable finance instruments, does Banca Monte dei Paschi di Siena state that the green bonds it supported in 2024 are aligned with the EU Taxonomy and describe the intended use of proceeds?",,Banca Monte dei Paschi di Siena,Banca_Monte_dei_Paschi_di_Siena_0054,0.019696401432156563
92,"For ESRS-aligned disclosure on climate adaptation-related offerings, does Banca Monte dei Paschi di Siena state that it launched a catastrophe insurance guarantee for corporate customers to comply with a statutory requirement for mandatory natural disaster cover introduced by the 2024 Budget Law?",,Banca Monte dei Paschi di Siena,Banca_Monte_dei_Paschi_di_Siena_0056,0.02052202168852091
93,"For Banca Monte dei Paschi di Siena’s operational emissions strategy, does the bank disclose that its Scope 1 reduction target counts the effect of carbon-credit offsetting, and does it quantify the share of 2024 emissions offset?",,Banca Monte dei Paschi di Siena,Banca_Monte_dei_Paschi_di_Siena_0058,0.019740995950996876
94,"For its energy-intensity KPI, does Banca Monte dei Paschi di Siena delineate the specific Consolidated Financial Statements income lines that are aggregated to determine revenues from activities in high climate‑impact sectors?",,Banca Monte dei Paschi di Siena,Banca_Monte_dei_Paschi_di_Siena_0064,0.019738066010177135
95,"In its 2024 greenhouse-gas inventory, does Banca Monte dei Paschi di Siena set out both a grid-average (location-based) and a contract-specific (market-based) method for Scope 2 electricity, and specify that electricity volumes backed by guarantees of origin are assigned a zero emissions factor?",,Banca Monte dei Paschi di Siena,Banca_Monte_dei_Paschi_di_Siena_0066,0.02074457984417677
96,"For unbilled months of LPG and district heating, does Banca Monte dei Paschi di Siena explicitly disclose the proxy basis and calculation logic used to estimate consumption, namely the application of a natural gas consumption ratio from the Parent Company and Banca WIDIBA to annualise the figures?",,Banca Monte dei Paschi di Siena,Banca_Monte_dei_Paschi_di_Siena_0067,0.020350083708763123
97,"For Category 15 financed emissions, does Banca Monte dei Paschi di Siena disclose that counterparties’ Scope 3 figures are derived by estimating total value-chain emissions via a Eurostat-based consumption model (with adjustments for intermediate goods) and then obtaining Scope 3 as the remainder after deducting Scopes 1 and 2?",,Banca Monte dei Paschi di Siena,Banca_Monte_dei_Paschi_di_Siena_0068,0.020758502185344696
98,"For the 2024 reporting year, does Banca Monte dei Paschi di Siena specify whether the carbon credits it retired originate from emissions-reduction initiatives rather than carbon-removal projects?",,Banca Monte dei Paschi di Siena,Banca_Monte_dei_Paschi_di_Siena_0069,0.019610507413744926
99,"For ESRS policy reporting, does Banca Monte dei Paschi di Siena confirm that its Group Sustainability and ESG Policy has been authorised at board level?",,Banca Monte dei Paschi di Siena,Banca_Monte_dei_Paschi_di_Siena_0074,0.019489179365336895
100,Does Banca Monte dei Paschi di Siena confirm that its Article 8 Taxonomy disclosures were prepared taking into account the European Commission’s interpretative FAQs published on 21 December 2023 and in November 2024?,,Banca Monte dei Paschi di Siena,Banca_Monte_dei_Paschi_di_Siena_0077,0.01980114635080099
101,"When performing the ESRS S1 double materiality assessment, did Banca Monte dei Paschi di Siena include the entire own workforce, irrespective of whether employees were on permanent or temporary contracts and whether they worked full-time or part-time?",,Banca Monte dei Paschi di Siena,Banca_Monte_dei_Paschi_di_Siena_0080,0.01970108039677143
102,Does Banca Monte dei Paschi di Siena disclose a control whereby it routinely monitors employees’ training needs to prevent competency gaps that could undermine the quality of service provided to customers?,,Banca Monte dei Paschi di Siena,Banca_Monte_dei_Paschi_di_Siena_0087,0.019654380157589912
103,"For Banca Monte dei Paschi di Siena, does the MPS Sviluppa initiative affirm that access to learning and development is non-discriminatory and that this principle is anchored in the bank’s Code of Ethics and its internal inclusion rules?",,Banca Monte dei Paschi di Siena,Banca_Monte_dei_Paschi_di_Siena_0094,0.019715730100870132
104,"For ESRS-consistent oversight of diversity objectives, has Banca Monte dei Paschi di Siena committed to establish defined KPIs, aligned with its Gender Equality Policy, to evaluate implementation and outcomes over time?",,Banca Monte dei Paschi di Siena,Banca_Monte_dei_Paschi_di_Siena_0098,0.019615596160292625
105,"For ESRS-compliant disclosure of actions on equal opportunity in the own workforce, does Banca Monte dei Paschi di Siena provide quantified coverage rates for enterprise-wide training addressing cognitive bias and gender equality?",,Banca Monte dei Paschi di Siena,Banca_Monte_dei_Paschi_di_Siena_0099,0.01934965793043375
106,"For Banca Monte dei Paschi di Siena, is there an articulated control mechanism whereby designated units monitor gender-equality KPIs and initiate remedial measures if results diverge from established targets?",,Banca Monte dei Paschi di Siena,Banca_Monte_dei_Paschi_di_Siena_0100,0.019633792340755463
107,"For ESRS reporting on grievance mechanism governance, does Banca Monte dei Paschi di Siena specify which internal department receives whistleblowing submissions and conducts the ensuing internal investigations?",,Banca Monte dei Paschi di Siena,Banca_Monte_dei_Paschi_di_Siena_0108,0.01954085659235716
108,"For its health and safety disclosures, does Banca Monte dei Paschi di Siena report quantitative metrics for non-employee workers whose work or workplace it controls?",,Banca Monte dei Paschi di Siena,Banca_Monte_dei_Paschi_di_Siena_0118,0.01946014817804098
109,"Has Banca Monte dei Paschi di Siena reported, by gender, the proportion of employees who remain employed 12 months after taking parental leave?",,Banca Monte dei Paschi di Siena,Banca_Monte_dei_Paschi_di_Siena_0119,0.019477900117635727
110,"For ESRS remuneration ratio disclosure, has Banca Monte dei Paschi di Siena reported its 2024 multiple of the highest‑paid employee’s gross annual pay against the median pay of the remaining workforce and clarified the computation method?",,Banca Monte dei Paschi di Siena,Banca_Monte_dei_Paschi_di_Siena_0120,0.019858199171721935
111,Does Banca Monte dei Paschi di Siena disclose that its supplier contracts and general purchasing terms require suppliers to sign an explicit acceptance form committing not to act in breach of the Group’s Code of Ethics?,,Banca Monte dei Paschi di Siena,Banca_Monte_dei_Paschi_di_Siena_0126,0.019662193953990936
112,"Has Banca Monte dei Paschi di Siena reported setting specific, measurable targets addressing impacts on workers in its supply chain?",,Banca Monte dei Paschi di Siena,Banca_Monte_dei_Paschi_di_Siena_0128,0.01946122106164694
113,"For ESRS S3 on affected communities, does Banca Monte dei Paschi di Siena state that its determination of community-related material impacts was based on reviewing internal records alongside publicly available sources?",,Banca Monte dei Paschi di Siena,Banca_Monte_dei_Paschi_di_Siena_0132,0.01954437606036663
114,"Has Banca Monte dei Paschi di Siena disclosed numeric information for 2024 on its early‑career development pipeline, specifically the number of traineeships offered and their typical duration?",,Banca Monte dei Paschi di Siena,Banca_Monte_dei_Paschi_di_Siena_0137,0.019624504260718822
115,"For ESRS-aligned disclosure of actions and resources, does Banca Monte dei Paschi di Siena provide 2024 quantitative details on the number and amounts of financings, together with the regional breakdown of beneficiaries and funding, under the MASAF/CDP Supply Chain Agreements (Calls IV and V)?",,Banca Monte dei Paschi di Siena,Banca_Monte_dei_Paschi_di_Siena_0138,0.0207537729293108
116,"For ESRS-aligned disclosure on resource allocation to environmental measures, does Banca Monte dei Paschi di Siena specify a quantified share of its tourism financing that is reserved for energy-efficiency upgrades, and if so, what proportion is stated?",,Banca Monte dei Paschi di Siena,Banca_Monte_dei_Paschi_di_Siena_0140,0.019765892066061497
117,"Does Banca Monte dei Paschi di Siena disclose concrete implementation measures for its renewable-energy client support initiative, including the launch of a dedicated MPS Energia Verde business line, the opening of 15 nationwide centers staffed by specialists, and advisory services to help customers access NRRP incentive schemes such as Transition 5.0, Renewable Energy Communities, agrivoltaics, biomethane, and self-generation?",,Banca Monte dei Paschi di Siena,Banca_Monte_dei_Paschi_di_Siena_0141,0.021356916055083275
118,"For Banca Monte dei Paschi di Siena, does the disclosure confirm that restoration work is entrusted exclusively to professionals registered under the national cultural heritage regime established by Legislative Decree 42/2004, evidencing compliance in the selection of restorers?",,Banca Monte dei Paschi di Siena,Banca_Monte_dei_Paschi_di_Siena_0142,0.01982109807431698
119,"For the material topic concerning impacts on local communities, has Banca Monte dei Paschi di Siena set quantitative targets, or does it state that it currently limits itself to monitoring initiative-level indicators and will consider formal targets in the future?",,Banca Monte dei Paschi di Siena,Banca_Monte_dei_Paschi_di_Siena_0143,0.019706974737346172
120,"For Banca Monte dei Paschi di Siena, does the reported framework establish a formal, centralised control over community‑engagement communications that (i) assigns oversight to the External Communication, Institutional Relations Department and (ii) obliges Group functions to submit data on proposed initiatives from inception—and upon awareness for third‑party events—for prior evaluation by the designated functions?",,Banca Monte dei Paschi di Siena,Banca_Monte_dei_Paschi_di_Siena_0144,0.020863475278019905
121,"Within its ESRS actions disclosure, does Banca Monte dei Paschi di Siena confirm the completion status of its 2022–2024 information-security initiatives during the 2024 reporting period?",,Banca Monte dei Paschi di Siena,Banca_Monte_dei_Paschi_di_Siena_0151,0.019695190712809563
122,"For ESRS-aligned reporting on customer grievance mechanisms, does Banca Monte dei Paschi di Siena maintain a formal complaints-management process that assigns responsible functions and prescribes, at a minimum, the following sequential controls: intake, logging/assignment, fact-finding with involvement of relevant units leading to a proposed resolution, an evidence-based determination (rejection, full or partial acceptance), notification to the complainant, and corresponding accounting entry?",,Banca Monte dei Paschi di Siena,Banca_Monte_dei_Paschi_di_Siena_0155,0.021211414597928524
123,Does Banca Monte dei Paschi di Siena’s objectives narrative for the freedom of expression topic specify any numeric targets?,,Banca Monte dei Paschi di Siena,Banca_Monte_dei_Paschi_di_Siena_0156,0.019381641410291195
124,Has Banca Monte dei Paschi di Siena secured approval at Board level for its occupational health and safety policy and explicitly assigned implementation responsibility to senior management?,,Banca Monte dei Paschi di Siena,Banca_Monte_dei_Paschi_di_Siena_0158,0.019394561648368835
125,"Has Banca Monte dei Paschi di Siena stated that it is implementing a workplace health and safety management system that will be progressively embedded into other management frameworks and rolled out to Group companies, with safety accountabilities remaining trackable?",,Banca Monte dei Paschi di Siena,Banca_Monte_dei_Paschi_di_Siena_0159,0.019599594175815582
126,"Does Banca Monte dei Paschi di Siena identify which internal functions must be informed when each Group company implements the Rules on Inclusion, and if so, which functions are designated?",,Banca Monte dei Paschi di Siena,Banca_Monte_dei_Paschi_di_Siena_0162,0.019560649059712887
127,Does Banca Monte dei Paschi di Siena disclose a time-bound cyber risk mitigation plan for its ATM network that specifies concrete control actions and an expected completion year?,,Banca Monte dei Paschi di Siena,Banca_Monte_dei_Paschi_di_Siena_0168,0.019555472768843174
128,"For the 2024 reporting period, does Banca Monte dei Paschi di Siena clarify whether its loan repayment deferrals in emergency-declared areas were applied pursuant to regional measures and/or initiated by the bank itself?",,Banca Monte dei Paschi di Siena,Banca_Monte_dei_Paschi_di_Siena_0181,0.01979096792638302
129,"For ESRS reporting on customer relief measures, does Banca Monte dei Paschi di Siena state that its 2024 initiative to adjust variable-rate mortgage terms is carried out under Law 197/22 and is available to borrowers with an ISEE not exceeding EUR 40,000?",,Banca Monte dei Paschi di Siena,Banca_Monte_dei_Paschi_di_Siena_0182,0.023056911304593086
130,"For ESRS transparency on workforce capacity-building, does Banca Monte dei Paschi di Siena provide a quantified statement of how often its recurring market-briefing webinars were held for the Private and Retail networks during the reporting year?",,Banca Monte dei Paschi di Siena,Banca_Monte_dei_Paschi_di_Siena_0184,0.02036605402827263
131,"Has Banca Monte dei Paschi di Siena established a measurable, time-bound objective to lift the proportion of 18–35 retail customers holding savings or pension products, including the baseline, target value, and the year by which it will be achieved?",,Banca Monte dei Paschi di Siena,Banca_Monte_dei_Paschi_di_Siena_0187,0.019724310375750065
132,"In its customer grievance framework, has Banca Monte dei Paschi di Siena established explicit safeguards to keep complainants’ identities confidential and to protect them from reprisals?",,Banca Monte dei Paschi di Siena,Banca_Monte_dei_Paschi_di_Siena_0191,0.01948738284409046
133,"In its ESRS double materiality analysis covering its own operations, does Banca Monte dei Paschi di Siena explicitly flag a reputation risk linked to insufficient cyber controls and potential employee-driven breaches of customer data?",,Banca Monte dei Paschi di Siena,Banca_Monte_dei_Paschi_di_Siena_0196,0.019583513028919697
134,"For ESRS-aligned governance disclosures, does Banca Monte dei Paschi di Siena confirm that each Group company enacts the Logical Security Governance Directive via a formal decision of its top management, evidencing high-level approval of the cybersecurity policy?",,Banca Monte dei Paschi di Siena,Banca_Monte_dei_Paschi_di_Siena_0199,0.019745483994483948
135,"For Banca Monte dei Paschi di Siena, is responsibility for formally approving the internal system for handling whistleblowing reports assigned to a defined governing body?",,Banca Monte dei Paschi di Siena,Banca_Monte_dei_Paschi_di_Siena_0203,0.01956873293966055
136,Does Banca Monte dei Paschi di Siena disclose any quantified benchmarks or measurable targets to assess the performance of its whistleblower protection framework?,,Banca Monte dei Paschi di Siena,Banca_Monte_dei_Paschi_di_Siena_0205,0.019494551233947277
137,"In its policy disclosures, does Banca Monte dei Paschi di Siena identify the governance body that formally approves the Group-wide anti-money laundering and terrorist financing policy, and if so, which body is designated?",,Banca Monte dei Paschi di Siena,Banca_Monte_dei_Paschi_di_Siena_0207,0.019662247970700264
138,"Within its anti-corruption framework, has Banca Monte dei Paschi di Siena established a clear ban on providing political donations or in-kind support to political causes in the context of interactions with public authorities?",,Banca Monte dei Paschi di Siena,Banca_Monte_dei_Paschi_di_Siena_0208,0.019494466483592987
139,"Does Banca Monte dei Paschi di Siena report having set quantitative targets for its anti-corruption, anti‑money laundering, and counter‑terrorist financing efforts?",,Banca Monte dei Paschi di Siena,Banca_Monte_dei_Paschi_di_Siena_0209,0.019515928812325
140,"For the 2024 reporting year, does Banca Monte dei Paschi di Siena disclose how many members of its administrative, management and supervisory bodies completed anti-corruption training?",,Banca Monte dei Paschi di Siena,Banca_Monte_dei_Paschi_di_Siena_0211,0.0195097541436553
141,"For the 2024 reporting year, has Banca Monte dei Paschi di Siena disclosed the proportion of assets omitted from the Green Asset Ratio numerator pursuant to Article 7(2)–(3) and Section 1.1.2 of Annex V within the credit institution KPI template?",,Banca Monte dei Paschi di Siena,Banca_Monte_dei_Paschi_di_Siena_0216,0.02063912246376276
142,"For credit exposures granted jointly to multiple borrowers, does Banca Monte dei Paschi di Siena determine the NACE sector classification and its allocation by referencing the borrower whose characteristics were most relevant or decisive to the granting decision?",,Banca Monte dei Paschi di Siena,Banca_Monte_dei_Paschi_di_Siena_0218,0.01954048592597246
143,"Within its stock GAR disclosure, what share of Banca Monte dei Paschi di Siena’s total assets is within the GAR scope for the Total GAR assets line in 2024 and in 2023?",,Banca Monte dei Paschi di Siena,Banca_Monte_dei_Paschi_di_Siena_0220,0.019489992409944534
144,"For the aggregate Total GAR assets in the stock GAR – Capex disclosure, does Banca Monte dei Paschi di Siena report the percentage share of total covered assets within the KPI’s scope for both 2024 and 2023?",,Banca Monte dei Paschi di Siena,Banca_Monte_dei_Paschi_di_Siena_0221,0.01960269920527935
145,"For Banca Monte dei Paschi di Siena, does the flow GAR disclosure include year-on-year comparatives for the Total GAR assets and explicitly state the percentage of total assets covered for both 2024 and 2023?",,Banca Monte dei Paschi di Siena,Banca_Monte_dei_Paschi_di_Siena_0222,0.01960333250463009
146,"For the flow GAR disclosure, what portion of Banca Monte dei Paschi di Siena’s total assets is stated to be within scope of the calculation in 2024 versus 2023?",,Banca Monte dei Paschi di Siena,Banca_Monte_dei_Paschi_di_Siena_0223,0.024738307110965252
147,"Under ESRS provisions permitting confidentiality-based omissions, did La Banque Postale Group invoke any exception to withhold disclosures related to proprietary technology, trade secrets, or innovation outcomes?",,Banque Postale,Banque_Postale_0006,0.02001884300261736
148,"For Banque Postale, does the disclosure set out the estimation approach and main measurement-uncertainty drivers for Scope 3 emissions tied to procurement and capital investments?",,Banque Postale,Banque_Postale_0007,0.01954106893390417
149,"During its first ESRS reporting year, does Banque Postale commit to identify, at the point of disclosure for each affected metric, any restatement of 2023 historical data resulting from changes in methodology?",,Banque Postale,Banque_Postale_0008,0.019571278244256973
150,"At La Banque Postale, is the internal control framework explicitly extended to ESG-related risks and structured around three successive control layers?",,Banque Postale,Banque_Postale_0011,0.019555638544261456
151,"For its ESRS governance disclosures, does Banque Postale quantify the Supervisory Board’s sustainability know‑how by stating how many members possessed specialised expertise in ESG matters and the just transition as at 31 December 2024?",,Banque Postale,Banque_Postale_0012,0.01982928439974785
152,"For ESRS governance disclosures, has Banque Postale established a specific Supervisory Board mechanism to prevent and manage conflicts of interest by appointing a lead independent member with that mandate?",,Banque Postale,Banque_Postale_0013,0.01955164410173893
153,"At Banque Postale, do the Supervisory Board and the Management Board provide semi-annual oversight of the climate strategy, with each being engaged at least twice per year?",,Banque Postale,Banque_Postale_0014,0.01945248246192932
154,"For the 2024 financial year, has Banque Postale quantified the share of Executive Board variable remuneration linked to sustainability outcomes and identified its components, including a climate pathway aligned with the Paris Agreement?",,Banque Postale,Banque_Postale_0015,0.01950456015765667
155,"For ESRS business model content, has Banque Postale clearly identified the key resources/capitals on which its model depends?",,Banque Postale,Banque_Postale_0022,0.01935695670545101
156,"For ESRS 2 general disclosures on the business model and markets served, has La Banque Postale explicitly identified its principal customer segments?",,Banque Postale,Banque_Postale_0024,0.019294850528240204
157,"For ESRS 2 revenue transparency under SBM‑1 datapoints, does La Banque Postale Group report any turnover linked to the fossil energy value chain (coal, oil, gas), and what figures are disclosed?",,Banque Postale,Banque_Postale_0025,0.019669128581881523
158,"For ESRS strategy-and-business-model disclosures, does Banque Postale explain the internal coordination measures it uses to ensure consistent and effective implementation of its sustainability strategy?",,Banque Postale,Banque_Postale_0027,0.019526605494320393
159,"For ESRS 2 stakeholder engagement disclosures (SBM-related), has Banque Postale identified the governance body that embeds stakeholder interests into its sustainability strategy, specifying that body’s size, the number of independent external experts it includes, and how often it convenes each year?",,Banque Postale,Banque_Postale_0028,0.020416458137333393
160,"In its impact materiality methodology, does Banque Postale show compliance with ESRS 1 by applying the exception that, for potential human-rights-related adverse impacts, the severity criterion supersedes likelihood when determining materiality?",,Banque Postale,Banque_Postale_0035,0.01963777933269739
161,"In its financial materiality determination, does Banque Postale state that environmental topics other than climate are presently not material because no methodology exists to translate those impacts into economic variables, given the current absence of regulation or shifts in consumer behavior?",,Banque Postale,Banque_Postale_0036,0.019464469514787197
162,"For ESRS purposes on keeping IRO determinations current, has Banque Postale disclosed that it will update its IRO assessment in the next financial year to integrate the July 2024 ENCORE database release and the updated Group ESG risk map?",,Banque Postale,Banque_Postale_0040,0.01971929706633091
163,"For its Credit and Investment scopes, does Banque Postale base its climate impact materiality assessment of GHG emissions on the ENCORE dataset to gauge sector-level emissions significance in line with its referenced Impact materiality methodology?",,Banque Postale,Banque_Postale_0041,0.019533437676727772
164,Does Banque Postale explicitly confirm that the climate scenarios used in its risk assessment are aligned with the climate premises embedded in its financial statements?,,Banque Postale,Banque_Postale_0042,0.019324908033013344
165,"For ESRS E4 reporting on sites in or near biodiversity-sensitive zones, does Banque Postale disclose the presence of any facilities located within or adjacent to such areas?",,Banque Postale,Banque_Postale_0045,0.0195158114656806
166,"Has Banque Postale explicitly stated that, for every ESRS standard addressed in its report, the mandatory baseline disclosures (MDR) are implemented and covered?",,Banque Postale,Banque_Postale_0032,0.019380271434783936
167,"For ESRS 2 governance disclosures on incentive alignment, does Banque Postale provide a quantified 2024 figure showing the extent to which employee remuneration incorporates ESG-related performance criteria, and what percentage is reported?",,Banque Postale,Banque_Postale_0049,0.019648254849016666
168,"For ESRS 2 governance disclosures, does Banque Postale explicitly state that the Impact Weighting Factor is tied to executive incentive pay for its Executive Board?",,Banque Postale,Banque_Postale_0051,0.019432141445577145
169,"In its transition-plan disclosure, does La Banque Postale indicate its status regarding Paris Agreement-aligned financial benchmarks (e.g., the EU Paris-Aligned Benchmark), specifically whether it and its subsidiaries are excluded or not?",,Banque Postale,Banque_Postale_0062,0.01969158835709095
170,"For ESRS E1 policy disclosure, does La Banque Postale clearly define which business lines are covered and which are excluded by its sector-focused rules for high-emitting industries (coal, oil, gas, aeronautics), specifying the applicable financing and investment perimeter and any carve-outs?",,Banque Postale,Banque_Postale_0065,0.02039742935448885
171,"Does La Banque Postale’s Oil and Gas Risk Management Policy specify carve‑outs that allow financing for health, safety, or legally mandated compliance activities despite its broader plan to discontinue support for the sector?",,Banque Postale,Banque_Postale_0067,0.019528082571923733
172,"For ESRS policy disclosures on sectoral finance, has Banque Postale set a specific effective date after which it will lend only to aeronautics companies whose strategies are compatible with limiting warming to 1.5°C?",,Banque Postale,Banque_Postale_0068,0.019542778842151165
173,"For ESRS transparency on external sustainability commitments, does Banque Postale explicitly state that it has entered into a sector-wide initiative that obliges it to align its corporate strategy with international and national sustainability frameworks?",,Banque Postale,Banque_Postale_0070,0.019510776735842228
174,"Within Banque Postale’s reporting on subsidiaries, does it assign clear operational accountability and approval authority for Louvre Banque Privée’s ESG policy and its annually updated sustainability roadmap?",,Banque Postale,Banque_Postale_0071,0.019346818327903748
175,"Has Banque Postale committed to transparently report any future revisions to the baseline values underpinning its decarbonisation targets, and identified the sustainability report as the vehicle for such disclosures?",,Banque Postale,Banque_Postale_0072,0.01946534961462021
176,"With reference to the E1-labelled disclosures cited, has Banque Postale quantified how much of its operational decarbonisation objective is attributable to the “digital” and “responsible purchasing” levers, or does the disclosure state that this attribution remains outstanding?",,Banque Postale,Banque_Postale_0075,0.01967285480350256
177,"For the Corporate and Investment Banking portfolios, does Banque Postale have a formal sectoral exclusion framework that expressly restricts coal, oil and gas exposures and includes a commitment to fully exit these sectors by 2030?",,Banque Postale,Banque_Postale_0076,0.019652909599244595
178,"In its transition-plan disclosure, has Banque Postale committed to revising its initial transition plan within a defined timeframe?",,Banque Postale,Banque_Postale_0078,0.019300795160233974
179,"Under its transition plan, has Banque Postale reported the net and gross 2025 CapEx/OpEx amounts allocated to decarbonising its own operations?",,Banque Postale,Banque_Postale_0079,0.0194752411916852
180,"In its disclosure on irreducible (locked‑in) emissions, what specific justification does La Banque Postale give for not quantifying the locked‑in emissions linked to its financed portfolios?",,Banque Postale,Banque_Postale_0080,0.01948540937155485
181,"For its EU Taxonomy KPI disclosures, does Banque Postale state the value of its regulatory Green Asset Ratio as of 31 December 2024 within the prudential consolidation scope?",,Banque Postale,Banque_Postale_0081,0.019498508423566818
182,Does Banque Postale disclose that it has adopted a standalone policy addressing climate change adaptation?,,Banque Postale,Banque_Postale_0082,0.019287497736513615
183,"For ESRS E1-5 source-level disaggregation, does Banque Postale state that energy consumption attributable to nuclear generation is immaterial for the 2024 reporting period?",,Banque Postale,Banque_Postale_0084,0.019478793255984783
184,"In its 2024 GHG disclosure, does Banque Postale report indirect energy emissions (Scope 2) under both the location-based and market-based methodologies and disclose the corresponding total GHG amounts calculated on each basis?",,Banque Postale,Banque_Postale_0085,0.019640345126390457
185,"Within Banque Postale’s banking-portfolio GHG intensity methodology, are counterparties’ Scope 3 emissions explicitly excluded for residential real estate exposures?",,Banque Postale,Banque_Postale_0086,0.019359768368303776
186,"For ESRS E1 reporting on mitigation initiatives across the value chain, does Banque Postale explicitly disclose its position on undertaking or financing carbon removal/sequestration activities within its operations and value chain?",,Banque Postale,Banque_Postale_0088,0.019459666684269905
187,"In its 2024 disclosures, does La Banque Postale indicate the proportion of cancelled carbon credits that are stated to align with Article 6 of the Paris Agreement, and if so, what share is reported?",,Banque Postale,Banque_Postale_0090,0.01945446152240038
188,"Does Banque Postale disclose the degree of coverage of its internal carbon-pricing mechanism across GHG Scopes 1, 2 and operational Scope 3, including any quantified partial coverage?",,Banque Postale,Banque_Postale_0091,0.019460726529359818
189,"For 2024, has Banque Postale disclosed a change to its greenhouse gas quantification approach, specifying the measurement tool adopted and explaining how this alteration affects the reliability and traceability of its carbon footprint data?",,Banque Postale,Banque_Postale_0093,0.019566875882446766
190,"For ESRS biodiversity disclosures, has Banque Postale concluded through its double materiality assessment that biodiversity is not material for its own operations and service activities, with the material scope limited to financed activities that place significant pressure on biodiversity?",,Banque Postale,Banque_Postale_0095,0.01963541191071272
191,"For ESRS transition plan disclosures, has La Banque Postale set a definitive deadline to put in place a unified plan that integrates both climate and nature objectives, and if so, what is that date?",,Banque Postale,Banque_Postale_0096,0.01941498275846243
192,"For ESRS-aligned policy reporting on biodiversity, does Banque Postale declare that it uses a double‑materiality lens, and how does it describe the dependency (financial) and impact components of that approach?",,Banque Postale,Banque_Postale_0097,0.020026259124279022
193,Which La Banque Postale governance body is tasked with implementing the bank’s intervention principles for clients operating in sectors with deforestation or ecosystem-conversion exposure?,,Banque Postale,Banque_Postale_0098,0.01942866761237383
194,"Within its ESRS biodiversity disclosures, does Banque Postale state that it has a formal policy on sustainable land management and agriculture?",,Banque Postale,Banque_Postale_0100,0.019285828806459904
195,"For La Banque Postale’s biodiversity impact and dependency measurement, does the bank clearly disclose which exposure categories are currently outside the assessment perimeter and provide the stated grounds for their exclusion?",,Banque Postale,Banque_Postale_0102,0.019522985443472862
196,"For Banque Postale’s sustainability disclosures, is the specific tool identified for evaluating investee companies’ reliance on ecosystem services, together with the precise proportion of the directly held equity and bond portfolio covered by that assessment?",,Banque Postale,Banque_Postale_0104,0.019479429349303246
197,"For Banque Postale’s biodiversity reporting, does the bank disclose that quantifiable targets to reduce its biodiversity impacts are already in place, or does it state they will be defined progressively following its 2023–2024 review of impacts, dependencies, risks and opportunities?",,Banque Postale,Banque_Postale_0108,0.020396963693201542
198,"For ESRS E2 compliance on pollution-prevention planning, does La Banque Postale state that the findings of its TNFD-based Global Biodiversity Score review—covering portfolio dependencies and impacts on land and freshwater and including the pollution pressure—will trigger defined measures to be incorporated into a Nature Transition plan?",,Banque Postale,Banque_Postale_0113,0.020414049737155437
199,"In its ESRS E3 disclosures on financing activities, does La Banque Postale set a quantitative exclusion related to counterparties’ pesticide-linked turnover, and if so, what is the threshold?",,Banque Postale,Banque_Postale_0116,0.019438651390373707
200,What deadline does Banque Postale disclose for CNP Assurances to complete the mapping of financial portfolio assets located in areas subject to high or very high water-stress risk?,,Banque Postale,Banque_Postale_0117,0.019435171969234943
201,"As presented, has Banque Postale already set quantified targets to reduce its impacts on water and marine resources across both balance sheet and off-balance sheet exposures?",,Banque Postale,Banque_Postale_0118,0.01929623819887638
202,"For its financing and investment activities, does Banque Postale’s Resources and Circular Economy policy impose any binding targets or formal commitments?",,Banque Postale,Banque_Postale_0121,0.019316460005939007
203,Has Banque Postale quantified budget allocations for implementing its resource‑use and circular‑economy action roadmaps?,,Banque Postale,Banque_Postale_0122,0.019330392591655254
204,Has Banque Postale set waste-management targets that extend to its lending and investment portfolios?,,Banque Postale,Banque_Postale_0124,0.019245275296270847
205,"Under Banque Postale’s GAR methodology, may the regulatory Green Asset Ratio incorporate estimated data, or must it be calculated strictly from asset-level assessments, with estimation techniques used only for the voluntary GAR?",,Banque Postale,Banque_Postale_0129,0.019485785625874996
206,Has Banque Postale assigned a formal oversight body to monitor execution of its Quality of Work Life and Working Conditions (QWLWC) agreement?,,Banque Postale,Banque_Postale_0140,0.0192575016990304
207,"For Banque Postale, is there a clear disclosure that a standardized root-cause methodology is applied to investigate lost-time workplace accidents?",,Banque Postale,Banque_Postale_0143,0.026550818234682083
208,"Does La Banque Postale UES state that its Diversity and Inclusion policy covers every legally protected discrimination ground, and does it provide illustrative examples of such grounds?",,Banque Postale,Banque_Postale_0144,0.03101157397031784
209,"For its ESRS human-rights policy disclosure, does Banque Postale state that its policy is grounded in internationally recognised standards, and identify the specific instruments it uses as benchmarks?",,Banque Postale,Banque_Postale_0145,0.02078320551663637
210,"For La Banque Postale, is accountability for fostering worker–management dialogue assigned to the Human Resources function, including setting up—under applicable legal requirements—the arrangements for exercising trade union rights, holding professional elections, and operating employee representative bodies?",,Banque Postale,Banque_Postale_0146,0.0203903429210186
211,"Under Banque Postale’s internal process for handling reports of distressing work situations, what is the set timeframe to commence the initial listening stage after a report is received?",,Banque Postale,Banque_Postale_0148,0.02012741845101118
212,"For ESRS S1 compliance on actions to prevent adverse impacts on own workers’ remuneration, has La Banque Postale put in place a defined annual funding envelope to address unjustified pay disparities and a clear trigger for individual reviews; if so, what is the annual amount and the trigger threshold?",,Banque Postale,Banque_Postale_0149,0.021109539084136486
213,"In its ESRS-aligned disclosure on target-setting, does Banque Postale specify the mechanism and cadence for monitoring targets embedded in agreements with employee representatives during the life of those agreements?",,Banque Postale,Banque_Postale_0153,0.020322157070040703
214,"For 2024, did Banque Postale set a full (100%) completion objective for managers’ training on preventing psychosocial hazards, limited to personnel with managerial duties, and what completion rate was achieved by 31 December 2024?",,Banque Postale,Banque_Postale_0154,0.020716872066259384
215,"For ESRS S1 social dialogue disclosures, does Banque Postale quantify the share of employees covered by collective bargaining, distinguishing between its workforce in France and CNP Assurances staff located outside France?",,Banque Postale,Banque_Postale_0157,0.020265240222215652
216,"For ESRS S1 diversity reporting on general management, has Banque Postale specified the boundary of the ‘general management’ population and the criteria used to include roles within that scope?",,Banque Postale,Banque_Postale_0158,0.020111977122724056
217,"Does Banque Postale state that every Group employee is protected against income loss—via statutory schemes or employer-provided benefits—for sickness, unemployment, occupational injury, parental leave, and retirement?",,Banque Postale,Banque_Postale_0159,0.020123613066971302
218,"Does Banque Postale Group set out a jurisdiction-specific methodology for counting employees with disabilities, indicating that French data are sourced from payroll records of declared RQTH status and that figures outside France are determined using each country’s statutory definition of disability?",,Banque Postale,Banque_Postale_0160,0.020427364856004715
219,"Under ESRS S1 health and safety metrics, has Banque Postale reported a lost-time injury frequency rate per million hours worked, and what figure is disclosed?",,Banque Postale,Banque_Postale_0162,0.020267639309167862
220,"For La Banque Postale’s disclosed gender remuneration gap, does the bank identify any worker groups excluded from the calculation and explain the rationale for those exclusions?",,Banque Postale,Banque_Postale_0164,0.020154187455773354
221,"Under ESRS S1-17, does Banque Postale state whether any substantiated severe human-rights events occurred during the reporting year?",,Banque Postale,Banque_Postale_0165,0.019936492666602135
222,"In its ESRS S2 discussion of links to strategy and business model, does Banque Postale classify its operational dependence on La Poste for a large share of value‑chain personnel as a risk that is tracked?",,Banque Postale,Banque_Postale_0166,0.02024825569242239
223,"For the La Poste personnel working on its behalf, does Banque Postale disclose that the two bilateral arrangements with La Poste are subject to ongoing joint monitoring?",,Banque Postale,Banque_Postale_0167,0.0200146259739995
224,"Under ESRS S2 grievance-channel expectations, does Banque Postale operate a whistleblowing mechanism that is structurally independent from case investigators and includes explicit protections for whistleblowers?",,Banque Postale,Banque_Postale_0169,0.020280148833990097
225,How does La Banque Postale state it verifies whether its actions to mitigate material labour-related risks for workers performing services on its behalf are effective?,,Banque Postale,Banque_Postale_0170,0.020123901776969433
226,"For ESRS S2 disclosures on value-chain workers, what amount has Banque Postale reported for fines, penalties, and compensation arising from discrimination incidents (including harassment) involving La Poste workers engaged for the bank?",,Banque Postale,Banque_Postale_0173,0.020227213390171528
227,"Within La Banque Postale Group’s responsible purchasing framework, which internal function is assigned accountability for implementing and monitoring the Responsible and Ethical Purchasing Charter?",,Banque Postale,Banque_Postale_0174,0.02009240072220564
228,Does Banque Postale specify which internal resources are responsible for operating its process to manage controversies related to human-rights impacts arising from portfolio companies?,,Banque Postale,Banque_Postale_0185,0.019839005544781685
229,"In its financial materiality assessment, does Banque Postale conclude that the affected-communities topic does not give rise to any significant risks or opportunities, including for any specific subgroup?",,Banque Postale,Banque_Postale_0187,0.020135702565312386
230,"For ESRS S3 disclosures concerning affected communities, does Banque Postale state whether it identified any instances in 2024 of non-compliance with the UN Guiding Principles on Business and Human Rights, the ILO fundamental principles, or the OECD Guidelines for Multinational Enterprises?",,Banque Postale,Banque_Postale_0189,0.027340933680534363
231,Has Banque Postale disclosed that it has protections in place against retaliation for individuals who use grievance or whistleblowing channels related to its financed activities?,,Banque Postale,Banque_Postale_0191,0.023812273517251015
232,"In its ESRS S4 disclosures, does Banque Postale state that the scope of its community-loan monitoring includes environmental lending dedicated to projects aligned with the Taxonomy, in addition to social and impact lending?",,Banque Postale,Banque_Postale_0197,0.019765949808061123
233,"For La Banque Postale, is notifying the CNIL explicitly required and systematically carried out when a customer data breach is identified under its data protection procedures?",,Banque Postale,Banque_Postale_0199,0.01965882908552885
234,"Within La Banque Postale’s Corporate and Local Development Banking, is there already an operational, centralised grievance-handling procedure for business customers?",,Banque Postale,Banque_Postale_0201,0.019606485031545162
235,"For La Banque Postale’s ESRS S4-related disclosures on targets, does the bank indicate that pilot metrics on potential adverse effects for consumers (such as cybersecurity or information/security concerns) are withheld from publication on confidentiality grounds?",,Banque Postale,Banque_Postale_0205,0.019823248498141766
236,"Under the section titled “Indicators related to the accessibility of services,” does Banque Postale provide any quantitative metrics (e.g., counts or percentages) demonstrating the accessibility of its post offices and ATMs for persons with reduced mobility and for blind or visually impaired users?",,Banque Postale,Banque_Postale_0211,0.020669090561568737
237,Does La Banque Postale maintain a governance control whereby its ethics code undergoes periodic review and receives formal approval from the Supervisory Board?,,Banque Postale,Banque_Postale_0212,0.01961781457066536
238,"For ESRS transparency on influence-related outlays, does Banque Postale report the worldwide totals for 2024 of both monetary and non-monetary political contributions, and what figures are disclosed?",,Banque Postale,Banque_Postale_0213,0.019791945815086365
239,"For ESRS G1 transparency on public policy engagement, has Banque Postale declared registration in both the EU Transparency Register and the French HATVP register for interest representatives, including disclosure of the EU registration identifier?",,Banque Postale,Banque_Postale_0214,0.019696728326380253
240,"In its GAR technical reserves disclosures, does Banque Postale include, alongside the figures for Taxonomy-relevant exposures, the percentage of total assets that fall within the GAR scope (i.e., the coverage of assets in scope)?",,Banque Postale,Banque_Postale_0221,0.019809086807072163
241,"For Banque Postale, does the asset management subsidiary’s EU Taxonomy reporting include a stated portfolio alignment ratio as at 31 December 2024?",,Banque Postale,Banque_Postale_0231,0.0196777181699872
242,"Under the ESRS transitional provisions, has Belfius Bank opted to defer the ESRS E1-9 disclosure on anticipated financial effects of climate change?",,Belfius,Belfius_0001,0.019723664969205856
243,"For Belfius, do the disclosed greenhouse gas totals expressly exclude the use of offsets, removals, and avoided emissions, with any biogenic carbon balance recorded in a distinct inventory?",,Belfius,Belfius_0005,0.019629201851785183
244,"For ESRS-aligned transparency on calculation boundaries, has Belfius stated why exposures to local public sector counterparties are left out of its financed-emissions scope and how it intends to handle this limitation going forward?",,Belfius,Belfius_0008,0.019814126193523407
245,"For ESRS-aligned target disclosures, has Belfius identified the reference year used to track progress on its operational emissions objectives and provided the rationale for that selection?",,Belfius,Belfius_0010,0.019734369590878487
246,"For Belfius, is there a time-bound, quantitative emissions-intensity target for its vehicle leasing activities that identifies the reference year?",,Belfius,Belfius_0011,0.01959531009197235
247,"For its non‑retail climate credit risk analysis, does Belfius Bank specify discrete evaluation horizons for transition‑risk effects on (mid)corporate cash flows, and what are those time bands?",,Belfius,Belfius_0018,0.019759339280426502
248,Has Belfius Bank indicated that its client ESG scoring model undergoes ongoing review with the possibility to modify the key risk indicators and their respective weightings?,,Belfius,Belfius_0019,0.019615656696259975
249,"Does Belfius Bank disclose a sector-level assessment of climate-driven credit risk that applies clearly defined short-, medium-, and long-term horizons and communicates the relative severity of impacts for each sector?",,Belfius,Belfius_0023,0.019733169116079807
250,"In its climate resilience assessment, does Belfius Bank specify the time horizons over which transition risks and acute physical hazards are expected to affect its strategic and business risks?",,Belfius,Belfius_0024,0.021623616106808186
251,Has Belfius aligned its classification of climate‑sensitive loan exposures with the ESRS high‑climate‑impact sector list by using NACE-based sector mapping?,,Belfius,Belfius_0031,0.020483779720962048
252,"For ESRS disclosures on governance of actions, does Belfius Bank indicate that execution of its multi‑year ESG action plan is subject to ongoing quarterly tracking of key tasks?",,Belfius,Belfius_0036,0.020657910965383053
253,"Within Belfius Bank’s three-lines model, is the dedicated ESG risk competence unit tasked with developing the climate and environmental risk framework located in the first, second, or third line of defence?",,Belfius,Belfius_0037,0.020524579100310802
254,"For Belfius’ mitigation plan, does the disclosure confirm that specific budget and staff resources have been earmarked to implement the prioritized risk-reduction measures?",,Belfius,Belfius_0060,0.019705189391970634
255,"Has Belfius set a time-bound commitment for the frequency of ESG-related client communications, and if so, what cadence has it adopted?",,Belfius,Belfius_0064,0.019532499834895134
256,"Considering ESRS expectations on metrics and targets, does Belfius identify a specific quantitative indicator to monitor completion of client ESG questionnaires, set a numeric objective for 2024, and report the 2024 outcome against that target?",,Belfius,Belfius_0066,0.020006262697279453
257,"Has Belfius disclosed a quantitative 2024 breakdown of the volumes of its Ambition Loans and Ambition Leasing by client segment (Corporate, PSB, Business)?",,Belfius,Belfius_0071,0.01977418828755617
258,"For Belfius, is an independent second-party review obligatory for client Green/Social/Sustainable bond issuances, and is detailed reporting on the allocation and use of proceeds mandated?",,Belfius,Belfius_0072,0.01969162467867136
259,"For Belfius’s sustainability‑linked loans oversight, has the bank set a fixed cadence at which responsible staff review performance metrics?",,Belfius,Belfius_0073,0.019521676935255527
260,"For ESRS metrics-and-targets reporting, has Belfius set a quantifiable 2024 target for the production of its energy sharing projects under SBRS & SBRS Energy?",,Belfius,Belfius_0076,0.019470708444714546
261,"For Belfius, does the disclosure state that no quantified, outcome-focused objectives are set for the exclusions framework and indicate that this choice is due to its primary use as an ESG risk-mitigation tool?",,Belfius,Belfius_0080,0.0198147501796484
262,Does Belfius state that Belfius AM operates an ex-ante selection control over third-party funds whereby a dedicated selection team conducts ESG due diligence via a detailed questionnaire on ESG policies and practices and limits inclusion to candidates with strong ESG credentials?,,Belfius,Belfius_0082,0.021890223026275635
263,Has Belfius Group set a quantified and time-bound objective for the proportion of its investment production to be classified under SFDR Articles 8 and 9?,,Belfius,Belfius_0083,0.020420885644853115
264,"For ESRS-oriented disclosure on sustainable investment strategies, does Belfius state that its thematic funds are subject to mandatory environmental or social selection criteria embedded in their investment policy framework?",,Belfius,Belfius_0084,0.020483979023993015
265,"For ESRS policy disclosures on scope and coverage, does Belfius Bank identify which Belfius AM investment vehicles and portfolio services are subject to the climate policy’s requirements?",,Belfius,Belfius_0086,0.02047412097454071
266,"For ESRS-aligned biodiversity risk controls, does Belfius provide for an exclusion on investments linked to deforestation with a clearly defined exception pathway based on compliance with TAP criteria?",,Belfius,Belfius_0089,0.020864536054432392
267,"For Belfius, are the annual disclosures on the use of proceeds and the related environmental and social impact of its green and social bonds subjected to an independent limited assurance review by an external auditor?",,Belfius,Belfius_0091,0.021193815395236015
268,Has Belfius defined and disclosed quantitative eligibility thresholds for awarding energy-efficiency premium reductions in its property insurance portfolio?,,Belfius,Belfius_0096,0.020410427823662758
269,"For ESRS-compliant value-chain oversight, does Belfius specify a contractual enforcement measure for recognized vehicle repairers that persistently fail to meet the environmental conditions embedded in its collaboration agreement?",,Belfius,Belfius_0098,0.020576801151037216
270,"Within Belfius’ EU Taxonomy strategy, does Belfius specify that its 2022 Ambition Loans & Lease are only EU Taxonomy-eligible rather than fully aligned (i.e., they have not yet satisfied the full set of technical screening requirements)?",,Belfius,Belfius_0109,0.02073731552809477
271,"For Belfius Bank’s Green Asset Ratio, does the bank confirm that exposures to undertakings outside the NFRD disclosure scope are removed from the numerator but retained in the denominator, thereby introducing a methodological asymmetry?",,Belfius,Belfius_0111,0.022153930738568306
272,"In its asset manager disclosures, does Belfius indicate that sovereign investments are excluded from the asset base used to compute the Green Investment Ratio coverage, and does it provide both the coverage percentage and the corresponding monetary amount?",,Belfius,Belfius_0113,0.02060709986835718
273,"For its EU Taxonomy disclosures, does Belfius publish a consolidated, revenue-weighted average of Taxonomy-aligned KPIs across its business lines, and state the resulting percentages for the turnover- and CapEx-based indicators?",,Belfius,Belfius_0126,0.02066465187817812
274,"For its EU Taxonomy assets-under-management KPI, does Belfius exclude portfolios handled by Belfius Asset Management to avoid duplication because those exposures are reported in the asset manager–specific Annex IV template of the Disclosure Delegated Act?",,Belfius,Belfius_0128,0.020740611478686333
275,"Does Caixa Geral de Depósitos state that variable remuneration for its management and employees is influenced by sustainability performance outcomes (such as ESG ratings), as would be required to disclose under ESRS governance-related remuneration disclosures?",,Caixa Geral de Depósitos,Caixa_Geral_de_Dep_sitos_0002,0.02085225749760866
276,"For its Article 8 EU Taxonomy disclosure, did Caixa Geral de Depósitos state the proportion of assets that are Taxonomy-aligned (Green Asset Ratio) for the December 2024 reference date, and what percentage did it report?",,Caixa Geral de Depósitos,Caixa_Geral_de_Dep_sitos_0009,0.02063161414116621
277,"Under ESRS S1 (own workforce), has Caixa Geral de Depósitos defined the boundary of its workforce disclosures and indicated any categories that will only be covered in a subsequent reporting cycle (e.g., non‑salaried staff)?",,Caixa Geral de Depósitos,Caixa_Geral_de_Dep_sitos_0010,0.020686790347099304
278,"For ESRS-aligned disclosures on due diligence, has CaixaBank instituted a Board-approved, recurring human rights due diligence process?",,CaixaBank,CaixaBank_0004,0.02043985202908516
279,"For its climate-risk materiality assessment, does CaixaBank explicitly identify the NGFS scenario it uses as the baseline and articulate the basis for selecting that pathway?",,CaixaBank,CaixaBank_0012,0.020388216711580753
280,"For CaixaBank, does the long-term risk methodology explicitly assume that energy performance certificate ratings of mortgage collateral remain unchanged over time (i.e., no future energy-efficiency upgrades are reflected)?",,CaixaBank,CaixaBank_0022,0.01914065331220627
281,"Does CaixaBank’s disclosure explicitly identify the sources of data used to quantify climate-related risks by separating internal client-level questionnaires, asset-specific due diligence and mortgage EPCs, public client disclosures and litigation checks, and external third‑party inputs (including ESG rating providers and datasets from UNEP FI, IPCC, IEA, PIK, INE, NGFS, PCAF, and Copernicus)?",,CaixaBank,CaixaBank_0023,0.020727592520415783
282,"Has CaixaBank explicitly reported that inadequate availability and quality of sustainability data is a principal constraint on quantifying climate-related effects on credit risk, and that it is undertaking a concrete remediation measure—namely, a comprehensive sustainability data model initiative within its Sustainability Plan—to address these data needs?",,CaixaBank,CaixaBank_0024,0.01999657042324543
283,Does CaixaBank state whether climate-related risks are expected to reduce its net interest income in the short‑ to medium‑term horizon?,,CaixaBank,CaixaBank_0028,0.018871862441301346
284,"For ESRS governance and risk management reporting, does CaixaBank state that climate-related physical and transition risks are embedded within its risk appetite framework?",,CaixaBank,CaixaBank_0031,0.018828192725777626
285,"Has CaixaBank secured formal approval from its Board of Directors for the bank’s NZBA-aligned decarbonisation targets, confirming top-level governance responsibility for these climate goals?",,CaixaBank,CaixaBank_0043,0.019128008745610714
286,"Within its electricity-sector transition plan, does CaixaBank indicate that it may adjust its lending portfolio by prioritising lower-emitting clients and reducing exposure to customers that are not committed to moving toward a low‑carbon pathway as a de‑risking action?",,CaixaBank,CaixaBank_0048,0.01927711721509695
287,Has CaixaBank identified the International Energy Agency’s Net Zero 2050 scenario as the benchmark pathway for its emissions‑intensity trajectory in the light vehicle OEM sector?,,CaixaBank,CaixaBank_0056,0.019007451832294464
288,"In its sector transition plan, does CaixaBank specify client-oriented levers—such as engagement with major customers and portfolio rebalancing—as the means to deliver its interim portfolio decarbonisation objective?",,CaixaBank,CaixaBank_0060,0.019028976559638977
289,"In its sector transition plan for commercial real estate, does CaixaBank mandate, as the foundational step, improving the coverage of energy performance certificates and asset-level emissions data across its financed portfolio to unlock subsequent decarbonisation measures?",,CaixaBank,CaixaBank_0068,0.019194274209439754
290,"For CaixaBank’s residential real estate transition plan, does the bank define the greenhouse-gas emissions boundary used for tracking financed emissions from mortgages to individuals, specifying which scopes are included?",,CaixaBank,CaixaBank_0072,0.018985123373568058
291,"For CaixaBank’s 2030 target on its shipping portfolio, does the disclosure identify the external decarbonisation pathway used as the benchmark for alignment assessment?",,CaixaBank,CaixaBank_0074,0.01912337075918913
292,"In its sectoral transition actions with customers for the naval industry, does CaixaBank explicitly commit to progressively limiting its exposure to assets not aligned with the Poseidon Principles, including considering de-risking such positions?",,CaixaBank,CaixaBank_0075,0.02027866058051586
293,"For CaixaBank’s 2030 decarbonisation objective covering airline owners/operators, does the disclosure define the greenhouse gas boundary by specifying the inventory scope and the precise operational emission source included?",,CaixaBank,CaixaBank_0077,0.019062146544456482
294,Has CaixaBank disclosed that its 2030 customer-knowledge objective is qualitative and supported by a defined 12‑month timeline with staged engagement activities for key pork and beef clients?,,CaixaBank,CaixaBank_0081,0.01908993348479271
295,"Does CaixaBank commit to re-evaluate potential post-2050 locked-in emissions from its financing and investment portfolio once counterparties provide ESRS-aligned information and, if these exposures are assessed as material, to put in place a dedicated plan to measure and manage them?",,CaixaBank,CaixaBank_0087,0.019805471412837505
296,"For the insurance business’s corporate investment portfolio financed emissions, does CaixaBank state where the investee data used for the calculation come from?",,CaixaBank,CaixaBank_0088,0.018901006318628788
297,"In CaixaBank’s 2024 disclosure on energy sourcing, does it indicate any quantity of purchased or otherwise acquired electricity, heat, steam, or cooling originating from fossil fuels, and if so, what volume is stated?",,CaixaBank,CaixaBank_0098,0.019075925461947918
298,"For ESRS disclosures on the defined scope of policies and actions, does CaixaBank state that its Sustainable Mobility Plan spans both internal business travel and the external mobility of stakeholders (employees, customers, and suppliers)?",,CaixaBank,CaixaBank_0099,0.01919644884765148
299,"For ESRS-style resource-use disclosures, has CaixaBank clearly defined the reporting perimeter for its paper-use indicators and furnished a multi‑year series showing both absolute A4 usage and an employee-normalised figure?",,CaixaBank,CaixaBank_0102,0.019075972959399223
300,"For CaixaBank and in the context of ESRS S1 disclosures on equal pay for equal work, what adjusted gender pay gap value is reported for the period?",,CaixaBank,CaixaBank_0108,0.018880227580666542
301,"For ESRS S4 customer grievance governance, does CaixaBank state that its Customer Service Department (SAC) provides an annual report on complaints to the Board of Directors?",,CaixaBank,CaixaBank_0111,0.018932092934846878
302,Does CaixaBank disclose that the results of its annual conduct and compliance risk review are fed into its Double Materiality assessment for business conduct?,,CaixaBank,CaixaBank_0113,0.0189143568277359
303,"Under CaixaBank’s Internal Rules governing conduct in the securities markets, must covered individuals channel their own securities dealings through CaixaBank and refrain from speculative or short‑term personal trading?",,CaixaBank,CaixaBank_0114,0.019065418280661106
304,"For CaixaBank, what is the reported number of convictions for breaches of anti-corruption and bribery legislation in 2024?",,CaixaBank,CaixaBank_0116,0.018898305483162403
305,"For ESRS-aligned value-chain procurement disclosures, does CaixaBank demonstrate that, from June 2024, supplier contract awards incorporate its ESG index into the award evaluation matrix?",,CaixaBank,CaixaBank_0118,0.01900408323854208
306,"Does CaixaBank disclose, for 2024, a jurisdiction-by-jurisdiction breakdown that presents profit before tax alongside the corporate income tax actually paid, enabling country-level assessment of its tax contribution?",,CaixaBank,CaixaBank_0120,0.01901018898934126
307,"For ESRS governance disclosures on oversight of sustainability risks, does CaixaBank assign its Board of Directors the authority to approve the Corporate Sustainability/ESG Risk Management Policy and to supervise adherence to that policy?",,CaixaBank,CaixaBank_0122,0.019154373556375504
308,"For ESRS-aligned transparency on the incorporation of sustainability factors into investment management, does CaixaBank disclose the proportion of assets under management that apply ESG considerations at 31 December 2024?",,CaixaBank,CaixaBank_0124,0.018998046405613422
309,"Does CaixaBank’s cybersecurity disclosure set out quantified, time-bound targets or KPIs for its material cybersecurity topic within the 2023–2025 Strategic Information Security Plan or the annual Information Security Master Plan, in line with ESRS target-disclosure expectations?",,CaixaBank,CaixaBank_0127,0.019861117005348206
310,"Has DNB specified, for the CEO’s variable remuneration, the proportion linked to sustainability-related goals and, for each such goal, its individual weighting and whether performance is assessed qualitatively or by quantitative metrics?",,DNB,DNB_0011,0.019139766693115234
311,"For DNB, does the due diligence overview indicate where the bank documents the monitoring of the effectiveness of its measures and related communications, by cross‑referencing ESRS 2 MDR‑T and ESRS 2 MDR‑M with specific page citations?",,DNB,DNB_0013,0.019271581433713436
312,"Within DNB’s Internal Control over Sustainability Reporting, does DNB apply risk-based materiality thresholds to decide which ESRS disclosure requirements are included within the scope of its controls?",,DNB,DNB_0015,0.019059215672314167
313,"For DNB, does the disclosures indicate that the Board and Group Management receive briefings on stakeholder perspectives regarding the Group’s sustainability impacts via the double materiality process?",,DNB,DNB_0022,0.01903923787176609
314,"Regarding ESRS E1-9 on projected financial impacts from climate-related physical and transition risks and opportunities, has DNB relied on the ESRS 1 Appendix C phase‑in to defer this disclosure in its 2024 annual report?",,DNB,DNB_0029,0.019131040200591087
315,"Has DNB Livsforsikring set a portfolio-level climate mitigation target for its listed equity and corporate bond investments that quantifies the reduction and identifies both the base year and the target year, as contemplated by ESRS E1-4?",,DNB,DNB_0084,0.019127017818391323
316,"For DNB Livsforsikring, does the disclosure comply with ESRS 2 BP-2 by explicitly stating whether the calculations used to determine the proportion of assets under management with science-based emissions targets rely on estimates?",,DNB,DNB_0085,0.019069301895797253
317,"Under ESRS E1-4, has DNB Livsforsikring defined a numeric engagement objective aimed at the portfolio’s highest emitters to prompt adoption of science-based or net-zero commitments?",,DNB,DNB_0086,0.01901117991656065
318,"For ESRS 2 BP-2 purposes, does DNB specify the share of its 2019 baseline greenhouse gas data that was estimated versus measurement-based for Scope 1 and Scope 2?",,DNB,DNB_0088,0.01894233375787735
319,"Within its ESRS E1 assessment, has DNB concluded that the three sub-topics (adaptation, mitigation and energy) are material across all disclosed time horizons (short, medium and long term)?",,DNB,DNB_0090,0.018942122347652912
320,"For ESRS-aligned transparency on scenario analysis, does DNB specify which transition pathways underpin its loan-portfolio climate risk stress testing?",,DNB,DNB_0091,0.018828827887773514
321,"Under ESRS-style climate risk disclosures, does DNB Asset Management (DAM) explain how outputs from its January 2025 climate scenario analysis are applied to direct strategy and risk oversight for its investment portfolios?",,DNB,DNB_0092,0.019119516015052795
322,"For ESRS-aligned transparency on scenario-modelling boundaries, has DNB Livsforsikring disclosed the scope limitations and data-quality constraints of the MSCI Climate VaR analysis it uses for portfolio climate risk?",,DNB,DNB_0093,0.019084012135863304
323,"For ESRS E1-4 target disclosures, does DNB report that its 2030 climate objectives were independently validated as science-based and consistent with a 1.5°C trajectory, including confirmation of the appropriateness of scenario selection, baseline years, and emissions estimation methodology?",,DNB,DNB_0100,0.01991427782922983
324,"With respect to the power generation portfolio, does DNB report, in line with ESRS 2 BP-2, the proportion of emissions-intensity information derived from estimates versus actual measurements?",,DNB,DNB_0101,0.01902107521891594
325,"For its ESRS E1 Scope 2 (location-based) reporting, does DNB explain how it estimates electricity consumption where direct activity data are unavailable, including the distinct bases used for Norwegian locations versus international representative offices?",,DNB,DNB_0109,0.019034462980926037
326,"In its 2024 market-based Scope 2 methodology, does DNB explicitly identify which energy uses are not covered by certificates and state that a residual-mix emissions factor is applied to those uses?",,DNB,DNB_0110,0.019051024690270424
327,"For ESRS-style methodological transparency, does DNB explicitly describe, for its upstream oil and gas financed emissions, (i) the standard it applies, (ii) where the emissions figures come from, and (iii) how the attribution factor is computed (DNB’s committed lending divided by the client’s value defined as total debt plus equity from audited financial statements)?",,DNB,DNB_0116,0.020258726552128792
328,"Within its steel sector disclosure, does DNB specify that the reporting boundary is confined to balance sheet positions and that off-balance-sheet items are excluded?",,DNB,DNB_0118,0.018863490782678127
329,"For its power generation reporting, has DNB defined the reporting boundary by confirming that only on-balance sheet credit exposures to customers are included and that off-balance sheet items are excluded?",,DNB,DNB_0119,0.019011354073882103
330,"For DNB Næringseiendom, is the Scope 2 electricity footprint calculated using a location-based method tied to the Nordic grid, with Guarantees of Origin expressly excluded from the computation?",,DNB,DNB_0120,0.018999029882252216
331,"For DNB’s greenhouse gas intensity normalised by net revenue, does DNB report the ratio on both a grid-average basis and a contract-adjusted basis, and what values are disclosed?",,DNB,DNB_0124,0.019042388536036015
332,"For DNB, does the disclosure identify the temporal scope—short, medium, and long term—over which the negative impacts and related risks from exploitation of marine resources are assessed as material?",,DNB,DNB_0129,0.0189795084297657
333,"Within its ESRS E3-1 disclosure on policies for water and marine resources, does DNB specify who holds responsibility for overseeing adherence to its sustainability instructions in credit activities?",,DNB,DNB_0131,0.019021675921976566
334,"Under ESRS E3-3 on water and marine resources, does DNB disclose any concrete targets it intends to reach for this topic?",,DNB,DNB_0134,0.018807551823556423
335,"For ESRS S1 reporting scope, does DNB explicitly define its ""own workforce"" as including permanent staff, temporary employees, and consultants engaged by the bank?",,DNB,DNB_0139,0.018956930376589298
336,"For ESRS S1-6 reporting, does DNB disclose whether it has any employees on zero-hour or other non-guaranteed hours contracts?",,DNB,DNB_0148,0.018900378607213497
337,"For ESRS-aligned transparency on privacy incidents, does DNB disclose the number of personal data breaches it notified to the Norwegian Data Protection Authority in 2024?",,DNB,DNB_0156,0.019018495455384254
338,"Under ESRS S4-5 on targets, does DNB report having established a specific, time-bound objective for data protection?",,DNB,DNB_0160,0.018812550231814384
339,"For ESRS S4-3, does DNB indicate that it conducts formal assessments of how effective its consumer complaint channels are?",,DNB,DNB_0166,0.018892508931457996
340,Does DNB disclose documented control processes to mitigate the risk of misleading or greenwashed communications to personal customers?,,DNB,DNB_0167,0.01886245608329773
341,"Within its ESRS S4-5 reporting on consumers and end-users, how does DNB evidence performance tracking when it has not established a time-bound target?",,DNB,DNB_0169,0.018909146077930927
342,"For ESRS 2 MDR-P, does DNB state that its security-related Group policies have enterprise-wide applicability, binding all DNB Group entities and both permanent and temporary staff, including international operations?",,DNB,DNB_0174,0.01897080335766077
343,"For DNB’s cyber risk reporting under Targets and tracking, do the bank’s high‑level security aims specify measurable outcomes and fixed deadlines for progress assessment, or are they described as not outcome‑based and not time‑bound?",,DNB,DNB_0177,0.019117536954581738
344,"For ESRS 2 GOV-1 purposes, does DNB identify which governance bodies are charged with overseeing the management of culture-related impacts, risks and opportunities?",,DNB,DNB_0182,0.019007009454071522
345,"For DNB, does the disclosed governance programme include a recurring month focused on ethics and professional conduct that obliges all employees to complete training on the code, confidentiality obligations, and conflict‑of‑interest management?",,DNB,DNB_0186,0.019023694097995758
346,"For ESRS disclosures on material impacts, risks and opportunities, does DNB explicitly indicate that bribery and corruption risks within its own operations were rated as most significant over a short‑term time horizon?",,DNB,DNB_0191,0.01903802715241909
347,"Under ESRS G1-1’s governance expectations for business conduct, which senior executive role at DNB holds final accountability for putting the bank’s anti-corruption instructions and framework into effect?",,DNB,DNB_0193,0.019056418910622597
348,"In its actions disclosure, does DNB report instituting a formal gifts-and-hospitality register as a control to strengthen record-keeping and transparency over evaluations and determinations related to those activities?",,DNB,DNB_0195,0.01899946667253971
349,"For ESRS 2 MDR-T purposes, has DNB established quantified, outcome-based objectives for anti-corruption and anti-bribery to demonstrate the effectiveness of its measures?",,DNB,DNB_0198,0.018998021259903908
350,"Under ESRS 2 MDR-P on policies to manage material sustainability matters, has DNB Bank ASA designated a specific accountable role to oversee adherence to its anti-money laundering and counter-terrorist financing procedures?",,DNB,DNB_0204,0.019132114946842194
351,"Within its ESRS G1 disclosure on business conduct, does DNB report that it has established quantified, outcome-focused objectives for preventing financial crime, or does it state that such targets are not in place?",,DNB,DNB_0207,0.018916893750429153
352,"For compliance with ESRS 2 MDR-P, does DNB demonstrate that it has adopted formal measures to manage the material topic of operational stability, specifically through contingency and recovery planning and defined risk tolerance boundaries?",,DNB,DNB_0210,0.01914386637508869
353,"For its recovery plan indicators, has DNB invoked the ESRS 1 paragraph 7.7 confidentiality exemption to lawfully omit publishing the related metrics?",,DNB,DNB_0218,0.018871869891881943
354,"Within its asset manager KPI disclosure, does DNB quantify the share of Taxonomy-aligned exposures to non-financial undertakings that are subject to Articles 19a and 29a relative to the assets included in the KPI scope, and if so, what turnover- and capex-based percentages are reported?",,DNB,DNB_0031,0.020178718492388725
355,"For DNB’s 2023 GAR KPI based on turnover, does the scope explicitly omit held‑for‑trading loans, debt securities and equity holdings from both the numerator and the denominator?",,DNB,DNB_0032,0.019174744375050068
356,"In its ESRS-aligned disclosure of the KPI for off-balance sheet exposures (turnover), has DNB provided quantified figures for the Financial Guarantees metric (FinGuar KPI)?",,DNB,DNB_0037,0.01902512088418007
357,"Within DNB’s off-balance-sheet exposure stock KPIs, is the financial guarantee metric quantified, and if so, which figures are disclosed?",,DNB,DNB_0038,0.01887391973286867
358,"Within DNB’s disclosure of off‑balance‑sheet exposure flows (turnover), does the financial guarantee KPI present quantified amounts for the disaggregated sub‑categories (use‑of‑proceeds, transitional, and enabling)?",,DNB,DNB_0039,0.019158259965479374
359,"For DNB’s KPI on off-balance sheet exposures flow (capex), does the Financial guarantees (FinGuar KPI) disclosure include a separate 'of which transitional' amount, and if so, what percentage is reported?",,DNB,DNB_0040,0.020519591867923737
360,"Does Deutsche Bank’s Sustainability Statement indicate that it has been subjected to independent external limited assurance, as required under the ESRS assurance framework?",,Deutsche Bank,Deutsche_Bank_0000,0.018889134749770164
361,"Under the ESRS 2 BP‑2(16) cross‑referencing possibility, which specific ESRS disclosures has Deutsche Bank located outside its Sustainability Statement, and where in the Annual Report does it direct users to find each of them?",,Deutsche Bank,Deutsche_Bank_0002,0.019194211810827255
362,"For its 2024 double materiality assessment, did Deutsche Bank’s impact-severity methodology, applied in line with ESRS 1, evaluate the magnitude and extent of impacts and, for adverse impacts, also consider whether harms could be difficult to remedy or irreversible?",,Deutsche Bank,Deutsche_Bank_0004,0.01989801786839962
363,"Within Deutsche Bank’s sustainability statement, is there a disclosure that executive remuneration is contingent on conforming to the bank’s sectoral emissions pathway targets?",,Deutsche Bank,Deutsche_Bank_0005,0.018953588791191578
364,"For ESRS 2 SBM-2 purposes, does Deutsche Bank describe a defined process for handling environmental or social allegations raised by non-governmental stakeholders, including how it evaluates the claims and the range of response actions available?",,Deutsche Bank,Deutsche_Bank_0006,0.019134345464408398
365,"For its year-end 2024 Article 8 disclosures, does Deutsche Bank limit reporting of Taxonomy-aligned exposures to the two climate objectives (mitigation and adaptation), with alignment for water, circular economy, pollution, and biodiversity objectives deferred until year-end 2025?",,Deutsche Bank,Deutsche_Bank_0011,0.019881224259734154
366,"For ESRS S1-8 compliance, has Deutsche Bank specified the EEA jurisdiction where it has “significant employment” and disclosed the proportion of employees there covered by collective bargaining as at 31 December 2024?",,Deutsche Bank,Deutsche_Bank_0014,0.019219434820115566
367,"For ESRS 2 GOV-2 policy disclosures, does Deutsche Bank confirm that its group-wide antitrust policy is subject to a yearly review cycle?",,Deutsche Bank,Deutsche_Bank_0019,0.0200642766430974
368,"For Deutsche Bank’s tax governance disclosures aligned with ESRS 2 GOV-2, does the bank specify which corporate bodies formally ratify its tax strategy and the associated tax principles framework?",,Deutsche Bank,Deutsche_Bank_0020,0.01899025123566389
369,"For ESRS G1-5 transparency on political influence activities, does Deutsche Bank disclose that it is enrolled in the EU Transparency Register and that it publicly reports annually updated estimates of its advocacy expenditures toward EU institutions?",,Deutsche Bank,Deutsche_Bank_0021,0.01904080994427204
370,"Has Deutsche Bank quantified the share of personnel who completed compulsory data‑privacy training in 2024, and what percentage is reported?",,Deutsche Bank,Deutsche_Bank_0022,0.01892605982720852
371,"For the ESRS 2 disclosures cited (GOV-2, SBM-3, MDR-P, MDR-A), where does Deutsche Bank indicate that stakeholders can access its detailed description of information security governance, strategy, and risk oversight?",,Deutsche Bank,Deutsche_Bank_0023,0.019170304760336876
372,"Under ESRS 2 GOV-5, does Deutsche Bank demonstrate that it has disclosed its governance arrangements for risk oversight and internal control systems over sustainability reporting within its Sustainability Statement?",,Deutsche Bank,Deutsche_Bank_0026,0.01898450218141079
373,"Within the E1 climate disclosures, does ING’s Sustainability Statement contents evidence a distinct subsection devoted to climate transition planning?",,ING,ING_0000,0.01889842003583908
374,"For ESRS connectivity to the financial statements, does ING specify the consolidation perimeter and whether impairment allowances are included in its EU Taxonomy figures?",,ING,ING_0004,0.018943550996482372
375,"For ESRS double materiality purposes, has ING defined the assessment boundary to extend beyond the entities consolidated in its financial statements by including unconsolidated associates and joint ventures as part of its value‑chain relationships?",,ING,ING_0009,0.01901949103921652
376,"Has ING formally defined the time horizons applied in its ESRS double materiality assessment, and what durations are assigned to the very short-, short-, medium- and long-term categories?",,ING,ING_0010,0.01893521286547184
377,Is the result of ING’s double materiality assessment subject to formal approval by its highest governing bodies?,,ING,ING_0011,0.018701729364693165
378,"For ING, is the double materiality evaluation carried out on a pre‑mitigation basis, excluding any mitigating actions implemented by ING from the determination of materiality?",,ING,ING_0012,0.018989568576216698
379,"For ING’s validation of its double materiality assessment outcomes, does the disclosure demonstrate that, when direct engagement was not possible, proxy mechanisms were used to capture stakeholder perspectives—specifically by inviting NGOs to stand in for affected communities and for non-voiced interests such as nature and biodiversity, and by relying on internal and publicly available data to reflect private customers’ views?",,ING,ING_0013,0.020256036892533302
380,"For ING, does the governance setup indicate that whenever agenda items relate to disclosures or control matters, the ESG Committee meets jointly with the Audit Committee to integrate oversight of reporting controls?",,ING,ING_0018,0.01901484653353691
381,"For ING, in the context of ESRS governance disclosures, does the company state how frequently its Executive Board and Management Board Banking oversee sustainability-related impacts, risks and opportunities?",,ING,ING_0019,0.019003866240382195
382,"For ESRS governance reporting, does ING disclose that sustainability leads in major countries maintain a functional reporting relationship to the global Head of Sustainability to ensure alignment between group-level and local actions?",,ING,ING_0025,0.018979371525347233
383,"For ESRS value‑chain scoping on materiality, does ING specify which parts of its value chain treat climate change mitigation and adaptation as material topics?",,ING,ING_0028,0.018845328129827976
384,"For ESRS-aligned transparency on impact assessment methods, does ING state the regulatory basis it applies to evaluate energy-efficiency related negative impacts in its real estate lending portfolio?",,ING,ING_0029,0.018938465043902397
385,"Within ING’s climate change adaptation disclosure, does ING articulate how acute events (e.g., storms, floods) and longer-term physical shifts (e.g., sea-level rise, warming) could transmit to credit risk across its loan book segments—specifically mortgages, wholesale/business lending, and sovereign exposures?",,ING,ING_0030,0.02014307864010334
386,"Has ING invoked the ESRS transitional relief for forward‑looking financial impacts, restricting disclosure to ESRS‑compatible EBA Pillar III ESG data and presenting it via Template 5 (physical risk‑sensitive exposures) and Template 2 (energy efficiency of real‑estate collateral) in the appendix with the resilience analysis scope?",,ING,ING_0031,0.020206276327371597
387,"At ING, is decision-making authority for approving and overseeing its net-zero transition planning, including the Terra approach, explicitly assigned to the management boards?",,ING,ING_0033,0.018896409310400486
388,"For ING’s power generation reporting, does the bank explicitly specify which emissions indicator is used to steer the portfolio and state that financed emissions—computed with a different scope and methodology—are not used for that steering?",,ING,ING_0042,0.018953360617160797
389,"For ING’s automotive portfolio, does ING explicitly state the emissions data vintage used for its 2024 calculations and justify the reliance on prior‑year figures, as required for methodology transparency under ESRS?",,ING,ING_0048,0.01899069920182228
390,"In its Shipping disclosure, does ING present financed emissions separately for Scopes 1 and 2 versus Scope 3 and identify the primary reason for the change from the previous measurement?",,ING,ING_0050,0.01896989718079567
391,"For ING’s residential mortgage portfolio, does ING state how it manages gaps in energy performance certificate information when computing portfolio emissions intensity, including the use of estimation substitutes and steps planned to improve underlying data completeness?",,ING,ING_0052,0.019077847711741924
392,"For ESRS comparability purposes, does ING explain how it revised its 2023 financed-emissions disclosure to align with the 2024 basis of reporting?",,ING,ING_0054,0.01897277031093836
393,"In its 2023 financed-emissions disclosure, does ING set out how the “economic intensity” figure for each asset class is derived (i.e., the calculation basis)?",,ING,ING_0055,0.01897766999900341
394,"In the context of ESRS transition-plan disclosures, does ING report numerical estimates for the impact of its decarbonisation levers on future targets?",,ING,ING_0056,0.018945214338600636
395,"For ING’s residential mortgage origination activities, has ING instituted mandatory internal control procedures to ensure Energy Performance Certificate information is captured at the point of granting new loans?",,ING,ING_0060,0.018971540965139866
396,"Within ING’s Business Banking lending activities, has ING established defined risk‑appetite thresholds that limit its exposure to transition-related risks?",,ING,ING_0061,0.01885912474244833
397,"For ESRS-aligned reporting on risk appetite and metrics in carbon‑intensive sectors, has ING put in place a quantitative indicator and exposure limits for clients deemed to present the highest transition risk, so that lending is steered in line with its decarbonisation objectives?",,ING,ING_0062,0.019411164335906506
398,"For its biodiversity and ecosystems reporting, does ING set out the specific time horizons applied to its assessment of impacts and risks and provide a corresponding resilience analysis (quantitative or qualitative) for those horizons?",,ING,ING_0069,0.019089724868535995
399,Does ING disclose whether the principal drivers of biodiversity deterioration are material at the portfolio level and whether those factors are systematically taken into account in the appraisal of each transaction?,,ING,ING_0070,0.018918338231742382
400,"For its lending activities, does ING mandate heightened due diligence before approving financing for projects that would involve major land conversion or affect IUCN Category III/IV sites or other sensitive areas such as Key Biodiversity Areas?",,ING,ING_0072,0.019125835970044136
401,"For ESRS-aligned reporting on escalation and disengagement, does ING specify a defined point in time from which it will tighten lending terms or exit clients that fail to advance toward its no-deforestation and supply-chain traceability expectations?",,ING,ING_0073,0.019162241369485855
402,"For ESRS biodiversity reporting purposes, does ING disclose that its Equator Principles framework applies a mitigation hierarchy—first avoiding and reducing impacts on biodiversity and ecosystems, and only considering biodiversity offsets as a final step after establishing residual impacts?",,ING,ING_0074,0.01920375507324934
403,"For ESRS target-disclosure purposes, does ING expressly acknowledge that it has not yet established quantitative indicators or goals concerning nature and biodiversity?",,ING,ING_0075,0.018894673325121403
404,Has ING put in place any business-strategy steering KPIs linked to the Green Asset Ratio (GAR) at this point in time?,,ING,ING_0078,0.018766877241432667
405,"Has ING described the approach it uses to determine the current financial effects of workforce-related impacts, including its internal information sources and accounting basis, and stated whether any such effects were significant in 2024?",,ING,ING_0081,0.018976155668497086
406,"For ESRS S1 metrics on own workforce, does ING evidence a recurring, survey-based inclusion measure that is broken down by demographic groups to evaluate the effectiveness of its inclusion policy and steer remedial actions?",,ING,ING_0086,0.019008245319128036
407,"For ESRS S1 own workforce disclosures, has ING clarified whether any staff are on contracts without guaranteed hours and, if applicable, how on‑call arrangements are classified in its headcount reporting?",,ING,ING_0088,0.018977517262101173
408,"In setting its annual gender diversity targets, does ING include consultation with workforce/employee representative bodies, or is the approval process confined to internal management and supervisory governance?",,ING,ING_0089,0.01893763244152069
409,"In its disclosure on the unadjusted gender pay differential for 2024, does ING identify the specific pay components used to compute the figure?",,ING,ING_0091,0.018800774589180946
410,"Consistent with ESRS expectations for time-bound action plans, does ING disclose a defined implementation window and bank-wide geographic coverage for its disability and neurodiversity strategy?",,ING,ING_0095,0.01900423038750887
411,Has ING identified a management-level owner accountable for its customer-engagement process?,,ING,ING_0100,0.01883359719067812
412,What mechanism does ING use to maintain ongoing compliance with obligations relating to customer privacy and data protection?,,ING,ING_0101,0.019466404803097248
413,"For ING, does the complaints-handling framework include ongoing performance measurement by tracking case turnaround times and resolution rates to assess effectiveness?",,ING,ING_0104,0.01960443239659071
414,"For ING, does its personal data governance framework stipulate that ING’s internal units and external providers must ensure a GDPR-comparable level of protection when personal data is transferred beyond the European Economic Area?",,ING,ING_0106,0.02378322370350361
415,"For issues related to access to information, social inclusion, and data protection, does ING disclose a quantified reduction target for complaints/breaches as part of its metrics and targets, or does it only express a general intention to reduce them?",,ING,ING_0108,0.020008279010653496
416,"To meet ESRS expectations on disclosing actions to mitigate identified behavioural risks, does ING report a specific 2024 intervention stemming from its behavioural risk assessments, including its purpose, scope of participants, and the means used to deploy it?",,ING,ING_0119,0.019970299676060677
417,"For ESRS-aligned governance disclosures on speak-up mechanisms, does ING specify that whistleblowing investigations are handled by a designated internal function with safeguards for independence and confidentiality, and identify which unit performs them?",,ING,ING_0121,0.019783852621912956
418,"For ESRS-aligned reporting on anti-bribery oversight, does ING state whether the incident metrics used in its monthly KRI tracking zero‑tolerance breaches are subject to independent third‑party verification?",,ING,ING_0122,0.0198204442858696
419,"In its climate reporting, does Intesa Sanpaolo state a specific base year and a quantified 2030 target for its direct (Scope 1 and 2) emissions, and disclose a numeric progress figure as of the end of 2024?",,Intesa Sanpaolo,Intesa_Sanpaolo_0003,0.01991085521876812
420,"For ESRS-aligned disclosure on managing biodiversity and pollution risks in credit origination, does Intesa Sanpaolo Group state that, as of January 2025, it has Group-wide “Rules on Biodiversity and Nature” that apply to lending, wealth management and direct impacts, and that these rules introduce exclusion screens, enhanced due diligence, and risk monitoring for new lending based on project/counterparty location, sector, and project type?",,Intesa Sanpaolo,Intesa_Sanpaolo_0004,0.020988300442695618
421,"For Intesa Sanpaolo’s supplier onboarding, is registration on the Group Supplier Portal conditional upon a formal acceptance by the supplier of the Bank’s ethics, conduct, anti-corruption, inclusion and Legislative Decree 231/2001 governance policies, as well as the General Conditions of Supply, to ensure respect for workers’ rights and safe working conditions?",,Intesa Sanpaolo,Intesa_Sanpaolo_0007,0.020982624031603336
422,"For ESRS-aligned disclosures on whistleblower governance, has Intesa Sanpaolo assigned a specific senior role to manage its speak-up mechanism?",,Intesa Sanpaolo,Intesa_Sanpaolo_0010,0.01973266899585724
423,"For Intesa Sanpaolo Group, does the officer in charge of financial reporting, jointly with the Managing Director and CEO, issue a formal attestation that the Sustainability Statement included in the Report on operations has been prepared in conformity with ESRS and Legislative Decree No. 125/2024?",,Intesa Sanpaolo,Intesa_Sanpaolo_0014,0.020916094072163105
424,Has Intesa Sanpaolo provided a quantitative coverage metric (by assets and headcount) to substantiate that its 2024 sustainability reporting scope is sufficiently comprehensive?,,Intesa Sanpaolo,Intesa_Sanpaolo_0015,0.019681771285831928
425,Has Intesa Sanpaolo Group invoked the ESRS E1-9 transitional phase-in for portfolio physical climate risk disclosures?,,Intesa Sanpaolo,Intesa_Sanpaolo_0019,0.019641916267573833
426,"According to its Statement on due diligence, has Intesa Sanpaolo disclosed that for downstream value chain topics other than climate, it has not yet set measurable, quantitative targets?",,Intesa Sanpaolo,Intesa_Sanpaolo_0023,0.01970574166625738
427,"For ESRS-aligned climate strategy disclosure, does Intesa Sanpaolo assert that its principal lines of business are engaged in net-zero programmes to reduce emissions across lending, investment, and insurance activities?",,Intesa Sanpaolo,Intesa_Sanpaolo_0025,0.019773117266595364
428,"Within its ESRS business model disclosure, does Intesa Sanpaolo articulate binding prohibitions and conditional approval steps governing financing and other banking services related to the armaments sector?",,Intesa Sanpaolo,Intesa_Sanpaolo_0026,0.02438020519912243
429,"For ESRS value chain transparency, has Intesa Sanpaolo specified the principal upstream procurement categories that are handled through centralized sourcing?",,Intesa Sanpaolo,Intesa_Sanpaolo_0027,0.019776825793087482
430,"For ESRS-aligned reporting on environmentally focused financing activities, does Intesa Sanpaolo disclose the monetary amount of new green lending to retail clients in 2024?",,Intesa Sanpaolo,Intesa_Sanpaolo_0028,0.019765928387641907
431,"For its 2024 double materiality exercise under ESRS, did Intesa Sanpaolo apply a predefined materiality threshold, aligned with the bank’s existing risk management framework, to determine which impacts, risks and opportunities are material?",,Intesa Sanpaolo,Intesa_Sanpaolo_0030,0.019884797744452953
432,"For Intesa Sanpaolo, is there clear disclosure that the Board has constituted a committee at Board level with responsibility for sustainability oversight?",,Intesa Sanpaolo,Intesa_Sanpaolo_0038,0.01952731143683195
433,"For Intesa Sanpaolo, does the long-term share plan disclose a sustainability-linked downward modifier and quantify the possible reduction in awards if the bank misses its 2022–2025 ESG performance objectives?",,Intesa Sanpaolo,Intesa_Sanpaolo_0045,0.019835046492516994
434,"For Intesa Sanpaolo, does the disclosure expressly state that the Risks and Sustainability Committee scrutinises the CEO’s annual and long‑term incentive plans to confirm their alignment with current and forward‑looking risk exposures?",,Intesa Sanpaolo,Intesa_Sanpaolo_0046,0.01972771156579256
435,"For ESRS-consistent scenario analysis, does Intesa Sanpaolo explicitly set out the distinct climate pathways used in its resilience assessment to evaluate transition and physical risks?",,Intesa Sanpaolo,Intesa_Sanpaolo_0051,0.019673935137689114
436,"For ESRS policy-governance disclosure purposes, does Intesa Sanpaolo identify the senior role that bears ultimate responsibility for implementing its environmental and energy policy to mitigate climate impacts within its own operations?",,Intesa Sanpaolo,Intesa_Sanpaolo_0054,0.019739133305847645
437,"For its entity‑specific climate disclosure under Regulation (EU) 2023/2772, what percentage of renewable‑origin electricity procurement does Intesa Sanpaolo report as of 31 December 2024?",,Intesa Sanpaolo,Intesa_Sanpaolo_0056,0.019926421344280243
438,"Within its sector governance disclosures, does Intesa Sanpaolo commit to a blanket refusal to provide financing to companies or projects that would adversely affect designated categories of internationally protected natural sites, and are those categories explicitly identified?",,Intesa Sanpaolo,Intesa_Sanpaolo_0060,0.019801253452897072
439,"For ESRS-governance purposes, does Intesa Sanpaolo identify the internal function accountable for granting the sustainability classification to lending products and transactions and for checking its consistency with the bank’s ESG risk management framework?",,Intesa Sanpaolo,Intesa_Sanpaolo_0061,0.019737398251891136
440,"For ESRS-aligned disclosure on transition levers in high-emitting sectors, does Intesa Sanpaolo state that it will steer more financing to aluminium clients with Net-Zero-aligned transition plans, using performance-linked financial products to incentivize decarbonisation outcomes?",,Intesa Sanpaolo,Intesa_Sanpaolo_0065,0.020010449923574924
441,"For ESRS-aligned transition planning disclosures, has Intesa Sanpaolo specified a concrete year by which it will exit its credit exposure to counterparties involved in coal mining?",,Intesa Sanpaolo,Intesa_Sanpaolo_0068,0.01967001613229513
442,"For the Iron & Steel sector, does Intesa Sanpaolo disclose that it will deploy earmarked financing to back decarbonisation technologies, including hydrogen-based steelmaking?",,Intesa Sanpaolo,Intesa_Sanpaolo_0069,0.019699813798069954
443,"Within Intesa Sanpaolo’s sustainability disclosures, is there a clearly time-bound financing restriction for the oil and gas sector—specifically an exit from exposures to unconventional oil and gas by 2025—and is this commitment anchored in the bank’s “Rules for Oil & Gas Operations” updated in June 2024?",,Intesa Sanpaolo,Intesa_Sanpaolo_0070,0.020987643860280514
444,"Under ESRS expectations to disclose target assumptions and dependencies, does Intesa Sanpaolo identify any material external preconditions that could determine whether its decarbonisation goals for both Residential and Commercial Real Estate can be met?",,Intesa Sanpaolo,Intesa_Sanpaolo_0072,0.019742616452276707
445,"For Intesa Sanpaolo, is the computation basis of the 2024 intensity indicator “total energy consumption from activities in high climate impact sectors per net revenue” explicitly defined as megawatt-hours divided by euros of net revenue from those activities?",,Intesa Sanpaolo,Intesa_Sanpaolo_0081,0.02448707539588213
446,"For the 2024 reporting year, has Intesa Sanpaolo identified the specific net revenue figure that serves as the denominator for its energy intensity metric in activities deemed to have high climate impact?",,Intesa Sanpaolo,Intesa_Sanpaolo_0082,0.01995714381337166
447,"For ESRS-compliant Scope 3 transparency, has Intesa Sanpaolo stated the proportion of its value-chain GHG calculations that rely on primary data from counterparties, and what percentage does it report?",,Intesa Sanpaolo,Intesa_Sanpaolo_0084,0.019630195572972298
448,"Does Intesa Sanpaolo disclose a quantitative bridge reconciling the net revenue used as the denominator in its GHG emissions intensity metric to the net revenue reported in its 2024 financial statements, specifying the figures 44,798 million, 7,160 million, and 51,958 million euro?",,Intesa Sanpaolo,Intesa_Sanpaolo_0086,0.020991633646190166
449,Does Intesa Sanpaolo quantify the share of its location-based Scope 2 greenhouse gas emissions that fall under its internal carbon pricing scheme?,,Intesa Sanpaolo,Intesa_Sanpaolo_0087,0.01962216291576624
450,"For ESRS E2 (Pollution), does Intesa Sanpaolo state that its impact materiality evaluation applied the legally required criteria—namely magnitude, breadth, reversibility of harm, and probability—when assessing identified impacts?",,Intesa Sanpaolo,Intesa_Sanpaolo_0090,0.019951599650084972
451,"Does Intesa Sanpaolo disclose any quantified, time-bound pollution reduction targets within its risk governance and decision-making processes?",,Intesa Sanpaolo,Intesa_Sanpaolo_0093,0.01972582098096609
452,Do Intesa Sanpaolo’s Group-wide Rules on Biodiversity and Nature treat new lending to projects or counterparties situated in jurisdictions that have not acceded to key international biodiversity agreements or within internationally protected areas as subject to exclusion and/or escalated due diligence owing to elevated nature-related risk?,,Intesa Sanpaolo,Intesa_Sanpaolo_0101,0.02085915580391884
453,"For Intesa Sanpaolo, does the disclosure confirm the existence of precise numerical targets for biodiversity and ecosystem protection, or does it state that such quantified objectives have not been established?",,Intesa Sanpaolo,Intesa_Sanpaolo_0102,0.01968328095972538
454,"For ESRS purposes on explaining integration of biodiversity into core processes, does Intesa Sanpaolo state that biodiversity-related factors are incorporated into its credit governance and strategy?",,Intesa Sanpaolo,Intesa_Sanpaolo_0103,0.019633513875305653
455,"Under its ESRS E5 financial materiality review, did Intesa Sanpaolo conclude that its internal operations face any risks related to circular economy and resource use?",,Intesa Sanpaolo,Intesa_Sanpaolo_0105,0.01954593788832426
456,Has Intesa Sanpaolo clearly disclosed whether its internal circular‑economy lending framework is fully consistent with the EU Taxonomy criteria for the Circular Economy objective and how such loans are treated in the Green Asset Ratio calculation?,,Intesa Sanpaolo,Intesa_Sanpaolo_0107,0.019760683178901672
457,"To demonstrate transparency on capital allocation to circular-economy lending, does Intesa Sanpaolo disclose that in 2024 it executed a second ESG/circular-economy synthetic securitisation of approximately €2.5 billion in loans to clients with high ESG scores and/or circular-economy engagement, designed to optimise capital use and allow the addition of new loans during the transaction’s life?",,Intesa Sanpaolo,Intesa_Sanpaolo_0110,0.020989779382944107
458,"For ESRS reporting on measures that facilitate the shift to circular business models, does Intesa Sanpaolo disclose quantified outputs of the Circular Economy Lab’s non-financial support for 2024 (such as counts of training sessions, outreach events, and advisory engagements)?",,Intesa Sanpaolo,Intesa_Sanpaolo_0111,0.020716224797070026
459,"Against ESRS expectations to disclose measurable outcomes for circular resource management, does Intesa Sanpaolo’s reporting include quantified results for its internal ICT circular asset initiative, namely the count of retired devices handled and the corresponding greenhouse-gas reductions achieved?",,Intesa Sanpaolo,Intesa_Sanpaolo_0112,0.021876332350075245
460,"For ESRS S1 workforce mobility disclosures, does Intesa Sanpaolo set out the calculation basis for its 2024 employee turnover rate by identifying both the denominator and which categories of employment terminations are included in the numerator?",,Intesa Sanpaolo,Intesa_Sanpaolo_0188,0.024867870844900608
461,"In its disclosure of human rights matters relating to its own workforce, has Intesa Sanpaolo set out the criteria it uses to determine when an incident qualifies as a severe human rights case?",,Intesa Sanpaolo,Intesa_Sanpaolo_0190,0.019788799807429314
462,"For ESRS social dialogue disclosures, has Intesa Sanpaolo indicated whether it has any transnational employee representation bodies in place (such as a European Works Council or Works Councils under SE/SCE statutes)?",,Intesa Sanpaolo,Intesa_Sanpaolo_0194,0.019529731012880802
463,"Has Intesa Sanpaolo formally assigned operational accountability for conducting dialogue with workers’ representatives, and which internal unit and governance area hold that mandate?",,Intesa Sanpaolo,Intesa_Sanpaolo_0198,0.019467337056994438
464,Has Intesa Sanpaolo disclosed that at least one of its workforce grievance channels provides explicit assurances of confidentiality and protection against reprisals for reporters?,,Intesa Sanpaolo,Intesa_Sanpaolo_0199,0.02042806800454855
465,"For ESRS governance disclosures on social policies, does Intesa Sanpaolo identify an executive role accountable for setting diversity, equity and inclusion objectives and specify to whom and how often performance is reported?",,Intesa Sanpaolo,Intesa_Sanpaolo_0201,0.019535822793841362
466,Did Intesa Sanpaolo apply any country cost-of-living adjustments to the remuneration data underlying the disclosed 2024 gender pay gap and the highest-to-median pay ratio?,,Intesa Sanpaolo,Intesa_Sanpaolo_0209,0.019657358527183533
467,"For ESRS-compliant disclosure on remediation channels, does Intesa Sanpaolo demonstrate a defined acknowledgment control for sexual-harassment reports submitted to its dedicated mailbox, and what is the specified deadline for sending that acknowledgment?",,Intesa Sanpaolo,Intesa_Sanpaolo_0204,0.01969205681234598
468,"For ESRS S1 reporting on the evaluation of actions, did Intesa Sanpaolo undergo an external review in 2024 of its gender-equality management system, and what was the scope of that review?",,Intesa Sanpaolo,Intesa_Sanpaolo_0206,0.019666053354740143
469,"For ESRS governance disclosures on sustainability-related competencies, does Intesa Sanpaolo indicate that its internal audit function received a bespoke ESG training program designed by the Chief Audit Officer?",,Intesa Sanpaolo,Intesa_Sanpaolo_0216,0.019657574594020844
470,"Within Intesa Sanpaolo’s occupational health and safety governance, who is explicitly assigned ultimate responsibility for putting the safety policies into effect?",,Intesa Sanpaolo,Intesa_Sanpaolo_0218,0.019426031969487667
471,"Has Intesa Sanpaolo set out the precise method used to derive its recordable injury rate, including what constitutes the numerator, how the hours-worked denominator is determined, and the scaling factor applied?",,Intesa Sanpaolo,Intesa_Sanpaolo_0223,0.019637083634734154
472,"For ESRS reporting on policy governance, has Intesa Sanpaolo designated specific internal functions as accountable for its Flexible Working Rules that underpin work–life balance?",,Intesa Sanpaolo,Intesa_Sanpaolo_0225,0.019557706080377102
473,"Within Intesa Sanpaolo, is there a Compliance-led control that oversees the internal rules on working time to verify both their legal conformity and their correct application?",,Intesa Sanpaolo,Intesa_Sanpaolo_0226,0.01943856291472912
474,"For Intesa Sanpaolo, is there a clearly defined yearly limit on home-based flexible working days that would evidence a control over working-time arrangements?",,Intesa Sanpaolo,Intesa_Sanpaolo_0230,0.019627329893410206
475,Has Intesa Sanpaolo specified employee-facing complaint routes for privacy-related reports or rights requests and identified the internal function accountable for registering these submissions and ensuring they are processed within legal timeframes?,,Intesa Sanpaolo,Intesa_Sanpaolo_0234,0.019954096525907516
476,"For ESRS disclosures on value chain workforce due diligence, does Intesa Sanpaolo state that its supplier selection process includes a control to assess whether suppliers and their sub-suppliers have measures in place to minimise potential social and environmental harms to workers in the supply chain?",,Intesa Sanpaolo,Intesa_Sanpaolo_0240,0.019758249633014202
477,"For supplier onboarding to the Group Suppliers List, does Intesa Sanpaolo obligate every new vendor to complete an ESG-focused questionnaire as part of pre-qualification due diligence, with the results influencing the vendor’s composite score and consequent qualification status?",,Intesa Sanpaolo,Intesa_Sanpaolo_0241,0.020717116072773933
478,"In alignment with ESRS expectations to set and track supply-chain workforce targets, does Intesa Sanpaolo disclose a time-bound goal to achieve full ESG assessment coverage of active suppliers and report the percentage coverage attained by the end of 2024?",,Intesa Sanpaolo,Intesa_Sanpaolo_0243,0.019781471230089664
479,Has Intesa Sanpaolo set measurable (numeric) targets for managing impacts and risks affecting the workers of its portfolio companies?,,Intesa Sanpaolo,Intesa_Sanpaolo_0246,0.019452719017863274
480,"For ESRS S3 (affected communities), did Intesa Sanpaolo base its impact materiality determination on the legally prescribed severity and probability parameters—specifically scale, scope, irreversibility, and likelihood?",,Intesa Sanpaolo,Intesa_Sanpaolo_0248,0.019594107754528522
481,"Has Intesa Sanpaolo linked its community-related policy instrument to specific material impact areas relevant under ESRS, and if so, which material topics are explicitly identified?",,Intesa Sanpaolo,Intesa_Sanpaolo_0251,0.01942090317606926
482,"Does Intesa Sanpaolo’s corporate charter authorise the establishment of a dedicated fund, financed from distributable earnings, to support philanthropic, social and cultural initiatives?",,Intesa Sanpaolo,Intesa_Sanpaolo_0254,0.01943696103990078
483,Does Intesa Sanpaolo disclose whether any serious human-rights breaches were detected through its channels and procedures for reporting potential non-compliance affecting community rights?,,Intesa Sanpaolo,Intesa_Sanpaolo_0253,0.01942547969520092
484,"For Intesa Sanpaolo’s collaboration with Fondazione Banco Farmaceutico under the “Pharma Links” initiative, does the disclosure include a quantifiable, time-bound outcome indicator evidencing performance (i.e., the number of medicines and the specific reporting years covered)?",,Intesa Sanpaolo,Intesa_Sanpaolo_0261,0.0203877417370677
485,"For the reporting year, does Intesa Sanpaolo disclose quantifiable results that evidence the effectiveness of its youth education and employability initiatives (e.g., beneficiary counts and placement outcomes)?",,Intesa Sanpaolo,Intesa_Sanpaolo_0264,0.01957703661173582
486,"For ESRS-style due diligence disclosure, does Intesa Sanpaolo describe a defined pre-approval control for projects on its For Funding platform, stating that branch units together with the Credit and Risk Management functions conduct vetting before any project is published?",,Intesa Sanpaolo,Intesa_Sanpaolo_0266,0.019853629171848297
487,"For ESRS-aligned oversight of impacts on affected communities, does Intesa Sanpaolo specify a governance/control mechanism to measure the effectiveness of the Savings Museum’s financial education initiatives, such as independent evaluations by external parties?",,Intesa Sanpaolo,Intesa_Sanpaolo_0268,0.01969270594418049
488,"For ESRS reporting on impacts and outcomes for affected communities, does Intesa Sanpaolo disclose quantitative indicators demonstrating the scale of the Gallerie d’Italia initiative during the reporting year?",,Intesa Sanpaolo,Intesa_Sanpaolo_0270,0.020369860343635082
489,"For ESRS disclosures on actions and resources applied to protect cultural assets, does Intesa Sanpaolo provide a quantified figure for conservation/repair work carried out on its art collection during the period?",,Intesa Sanpaolo,Intesa_Sanpaolo_0271,0.020200799219310284
490,"For ESRS reporting on community investment actions, has Intesa Sanpaolo quantified the scale and territorial coverage of the 2024 edition of the “Restituzioni” initiative?",,Intesa Sanpaolo,Intesa_Sanpaolo_0272,0.020048481412231922
491,"For ESRS-style metric disclosure, does Intesa Sanpaolo provide quantifiable indicators for its 2024 executive training initiative of the Gallerie d’Italia Academy on cultural-heritage management (specifically participant numbers, trainers, scholarships granted, and total teaching hours)?",,Intesa Sanpaolo,Intesa_Sanpaolo_0275,0.020647676661610603
492,"Within this Social solidarity section, does Intesa Sanpaolo provide quantifiable metrics for its support (e.g., amounts contributed or beneficiaries reached) for the initiatives described during the reporting period?",,Intesa Sanpaolo,Intesa_Sanpaolo_0277,0.019525369629263878
493,"In this section, does Intesa Sanpaolo set quantified, time-bound environmental targets or disclose KPIs and achieved results linked to the listed initiatives (e.g., the Rome reforestation or ocean protection efforts)?",,Intesa Sanpaolo,Intesa_Sanpaolo_0278,0.019785684533417225
494,"Does Intesa Sanpaolo disclose any quantified evidence (e.g., numbers of free check-ups delivered, citizens reached, or prevention projects financed) demonstrating outcomes from its health-related initiatives such as Tennis & Friends, Tour della Salute, the European Epilepsy Conference, or CORRI LA VITA?",,Intesa Sanpaolo,Intesa_Sanpaolo_0279,0.020759756676852703
495,"Under ESRS S4, does Intesa Sanpaolo’s financial materiality assessment treat the operational risk associated with customer privacy as material?",,Intesa Sanpaolo,Intesa_Sanpaolo_0284,0.01936410181224346
496,"Under its grievance-handling arrangements, does Intesa Sanpaolo commit to promptly notify the complainant with a specific notice when a deeper review makes it impossible to meet the legally mandated response deadline?",,Intesa Sanpaolo,Intesa_Sanpaolo_0289,0.01953413337469101
497,"Does Intesa Sanpaolo’s reporting articulate the measurement basis for complaint-handling duration (elapsed calendar days from filing to closure) and explicitly flag that, unlike the other categories, the legal deadline for Payment Services (PAG) is expressed in business days?",,Intesa Sanpaolo,Intesa_Sanpaolo_0295,0.019387749023735523
498,"For Intesa Sanpaolo Group, is there a GDPR Article 30 register of processing operations that is kept up to date and that, for each processing activity, specifies at least the purpose, the data retention/storage arrangements, and the security safeguards applied?",,Intesa Sanpaolo,Intesa_Sanpaolo_0297,0.01921122521162033
499,"Within its remediation and complaint-handling arrangements, whom has Intesa Sanpaolo designated as responsible for tracking receipt and ensuring timely processing of data-subject complaints and rights requests?",,Intesa Sanpaolo,Intesa_Sanpaolo_0299,0.01906800176948309
500,"For Intesa Sanpaolo, does the disclosure demonstrate that the bank actively tracks staff completion and success of mandatory data-protection e‑learning as part of its customer privacy controls?",,Intesa Sanpaolo,Intesa_Sanpaolo_0301,0.018964219838380814
501,"For ESRS-aligned reporting on consumer protection, does Intesa Sanpaolo specify defined timeframes for its customer anti-fraud measures so that readers can see when initiatives began and how long they will run?",,Intesa Sanpaolo,Intesa_Sanpaolo_0302,0.018997238017618656
502,"For the 2024 reporting period, how many Intesa Sanpaolo customer data breach incidents were formally notified to the Italian Data Protection Authority?",,Intesa Sanpaolo,Intesa_Sanpaolo_0303,0.018824906088411808
503,"For the 2024 reporting year, does Intesa Sanpaolo disclose the basis of calculation for its metric on prevented customer transaction abuses by specifying that a monitoring system distinguishes between fraud and swindle cases?",,Intesa Sanpaolo,Intesa_Sanpaolo_0304,0.01896914280951023
504,Has Intesa Sanpaolo established a designated email channel for customers to report alleged breaches of its Code of Ethics?,,Intesa Sanpaolo,Intesa_Sanpaolo_0307,0.01876184344291687
505,Does Intesa Sanpaolo operate a post-disbursement control to confirm that a loan’s sustainability label remains valid for the full life of the facility?,,Intesa Sanpaolo,Intesa_Sanpaolo_0311,0.01884849276393652
506,"Does Intesa Sanpaolo describe a defined process for systematically collecting customer feedback, including the timing of such assessments, and indicate that insights are used to adjust products and services?",,Intesa Sanpaolo,Intesa_Sanpaolo_0312,0.018978900276124477
507,"For ESRS reporting on grievance mechanisms, has Intesa Sanpaolo identified customer complaint intake routes that cover both digital and physical submission options?",,Intesa Sanpaolo,Intesa_Sanpaolo_0313,0.018671386875212193
508,"For the ESG workshop count metric, has Intesa Sanpaolo disclosed a numeric baseline as of 31 December 2021 to support target tracking?",,Intesa Sanpaolo,Intesa_Sanpaolo_0314,0.018856422044336796
509,"Do Intesa Sanpaolo's disclosures specify automated internal controls in retail lending to ensure compliance with consumer lending regulations, including surveillance of legal interest-rate ceilings and affordability ratios based on borrower income, to prevent over-indebtedness?",,Intesa Sanpaolo,Intesa_Sanpaolo_0315,0.01919886004179716
510,"For ESRS-style transparency on metric boundaries, does Intesa Sanpaolo specify the measurement bases and reporting perimeter used for its 2024 sustainable lending disbursements and stocks across environmental, social, and other sustainability categories, including whether figures come from accounting versus operational balances and which parts of the Group they cover?",,Intesa Sanpaolo,Intesa_Sanpaolo_0316,0.020049736835062504
511,"For ESRS reporting, does Intesa Sanpaolo disclose that the Asset Management Division’s sustainability policies are subject to a formal annual review cycle?",,Intesa Sanpaolo,Intesa_Sanpaolo_0319,0.01878960058093071
512,"For ESRS governance disclosures, which Intesa Sanpaolo role holds final accountability for implementing the policies that embed sustainability risk integration and principal adverse impact considerations within investment advisory and insurance distribution?",,Intesa Sanpaolo,Intesa_Sanpaolo_0320,0.01898294873535633
513,"For Intesa Sanpaolo, does the disclosure set a quantified, time-bound 2025 target for the share of Eurizon UCIs classified under SFDR Articles 8 and 9, and identify the corresponding baseline date and percentage?",,Intesa Sanpaolo,Intesa_Sanpaolo_0321,0.019067597575485706
514,"For ESRS governance disclosures, which control functions within Intesa Sanpaolo’s Asset Management Division are tasked with overseeing adherence to its sustainability-focused investment approaches (such as negative/positive screening and engagement)?",,Intesa Sanpaolo,Intesa_Sanpaolo_0323,0.019050171598792076
515,"Within its sustainability disclosure, does Intesa Sanpaolo state a defined 2022–2025 timeframe for increasing the share of Private Banking offerings classified under SFDR Articles 8/9 and report the 2024 result for the proportion of new products meeting those classifications?",,Intesa Sanpaolo,Intesa_Sanpaolo_0324,0.019887604750692844
516,"For Intesa Sanpaolo, does the insurance disclosure set out a quantified greenhouse-gas reduction target for its investment portfolio that identifies the base year, target year, and the intensity metric applied?",,Intesa Sanpaolo,Intesa_Sanpaolo_0327,0.01890867855399847
517,"Within its ESRS G1 (Business Conduct) financial materiality assessment for the supplier chain, which single risk did Intesa Sanpaolo classify as financially material, and to which business conduct themes is it tied?",,Intesa Sanpaolo,Intesa_Sanpaolo_0330,0.01898578368127346
518,"Within Intesa Sanpaolo’s disclosures on corporate culture policies, does the bank specify which governing bodies formally authorize the adoption and subsequent revisions of its Code of Ethics, as required for ESRS governance-policy transparency?",,Intesa Sanpaolo,Intesa_Sanpaolo_0332,0.019093060865998268
519,"For ESRS-compliant disclosure on measures to uphold its Code of Ethics, does Intesa Sanpaolo state that non-completion of mandatory training within set deadlines triggers consequences tied to the Group’s incentive/remuneration framework?",,Intesa Sanpaolo,Intesa_Sanpaolo_0334,0.019028429873287678
520,"For ESRS reporting on business conduct policies, does Intesa Sanpaolo clearly state the Group-wide applicability of its Anti-Corruption Guidelines and identify any entities that are carved out?",,Intesa Sanpaolo,Intesa_Sanpaolo_0336,0.018857399001717567
521,"In its corruption-prevention disclosures, does Intesa Sanpaolo confirm whether it has established quantitative, time-bound targets for this governance area?",,Intesa Sanpaolo,Intesa_Sanpaolo_0337,0.018712220713496208
522,"Within its ESRS S2 disclosure on policies for workers in the value chain, does Intesa Sanpaolo state that it relies on internal procurement guidelines that allocate governance accountabilities for purchasing activities between the parent entity and group companies?",,Intesa Sanpaolo,Intesa_Sanpaolo_0345,0.019066342152655125
523,"For ESRS transparency on public policy engagement, does Intesa Sanpaolo specify the internal unit responsible for its EU-level lobbying and interactions with policymakers?",,Intesa Sanpaolo,Intesa_Sanpaolo_0352,0.01878771185874939
524,"For ESRS G1-5 disclosures on political influence and lobbying, does Intesa Sanpaolo report its EU Transparency Register registration identifier?",,Intesa Sanpaolo,Intesa_Sanpaolo_0353,0.01872273813933134
525,"Did KBC Group invoke the ESRS confidentiality carve-out to withhold disclosures that would reveal protected intellectual property, know‑how, or innovation outcomes?",,KBC Group,KBC_Group_0002,0.018818752840161324
526,"Does KBC Group disclose that, for the financial materiality assessment of risks within its double materiality process, it applies alternative short-, medium-, and long-term horizons and clarify how each differs from the ESRS reference periods?",,KBC Group,KBC_Group_0003,0.019003547728061676
527,"For ESRS-consistent governance disclosure on pay alignment, does KBC Group quantify the share of Executive Committee variable compensation that is expressly contingent on climate-related performance, and what range does it report?",,KBC Group,KBC_Group_0007,0.01889044139534235
528,"Within its sustainability statement, does KBC Group identify the specific sections where it reports on monitoring the success of its measures (via targets or equivalent) for climate, water and marine resources, biodiversity, its own workforce, consumers/end-users, and business conduct?",,KBC Group,KBC_Group_0008,0.019077272154390812
529,"Within KBC Group’s sustainability-reporting governance, which internal function is designated to coordinate preparation of the Sustainability Statement and to ensure conformity with ESRS requirements?",,KBC Group,KBC_Group_0009,0.0189794497564435
530,"Does KBC Group’s disclosure under Strategy, business model and value chain provide a structured description of its value chain that separates (i) key upstream inputs, (ii) activities within its own operations, and (iii) the main downstream business activities through which it serves customers?",,KBC Group,KBC_Group_0011,0.019254257902503014
531,"Did KBC Group justify the absence of a comparative disclosure of changes to its material impacts, risks and opportunities relative to the previous reporting period?",,KBC Group,KBC_Group_0014,0.018815357238054276
532,"Consistent with ESRS transparency on estimation uncertainty, does KBC Group disclose that constrained ESG risk data granularity leads it to use proxy indicators—particularly for value‑chain exposures—when estimating current financial effects, and note that this affects the reliability and stability of those estimates?",,KBC Group,KBC_Group_0015,0.019901049323379993
533,Has KBC Group indicated that the ESRS E1-9 disclosure requiring disaggregation of the carrying amount of its real estate portfolio by energy-efficiency categories is subject to a phase-in period?,,KBC Group,KBC_Group_0018,0.018944728188216686
534,"For the credit institution perimeter, has KBC Group prepared its Article 8 EU Taxonomy disclosures on the prudential consolidation basis required by the Disclosure Delegated Act, and does that perimeter coincide with KBC Group’s accounting consolidation scope?",,KBC Group,KBC_Group_0020,0.019065219908952713
535,Does KBC Group’s documented base-year recalculation policy for its own-operations greenhouse gas targets specify a numeric trigger for when the baseline must be revised?,,KBC Group,KBC_Group_0029,0.01884105335921049
536,"For its loan and lease portfolio climate targets, has KBC Group clarified whether the target boundary includes counterparties’ Scope 3 emissions, or is it limited to Scope 1 and, where applicable, Scope 2 emissions of borrowers?",,KBC Group,KBC_Group_0030,0.019011621363461018
537,Does KBC Group’s asset management disclosure clearly state which greenhouse gas scopes are included in the carbon-intensity indicator applied to corporate holdings within its responsible funds?,,KBC Group,KBC_Group_0031,0.018841846846044064
538,"For ESRS-aligned completeness of Scope 3 Category 15 disclosures, has KBC Group explicitly quantified the proportion of its loan portfolio excluded from financed-emissions calculations due to missing methods or data?",,KBC Group,KBC_Group_0035,0.018886378034949303
539,"Regarding ESRS transparency on verification, did KBC Group obtain any independent assurance over its absolute insurance-underwriting emissions figures beyond the work performed by its assurance provider?",,KBC Group,KBC_Group_0036,0.018896483816206455
540,"For ESRS-related disclosure on methodology assurance, can KBC Group confirm whether its internal carbon price calculations are independently verified by any third party other than the assurance provider of its Sustainability Statement?",,KBC Group,KBC_Group_0039,0.018933403305709362
541,Does KBC Group indicate that water-related risk is captured in its sectoral environmental and social heatmap used at credit origination and for ongoing monitoring?,,KBC Group,KBC_Group_0041,0.01865124050527811
542,Has KBC Group set any measurable targets or ambition indicators for water and marine resources as of the reporting period?,,KBC Group,KBC_Group_0042,0.01864559855312109
543,"For KBC Group, does the Biodiversity Policy place a binding requirement on clients that produce or trade forest commodities to obtain full certification of their plantations and supply chains under an internationally recognised scheme to ensure supply‑chain traceability for biodiversity‑relevant materials?",,KBC Group,KBC_Group_0044,0.019169295206665993
544,"In KBC Group’s disclosure on actions to address biodiversity and ecosystem issues, does the bank indicate any use of biodiversity offsetting mechanisms within its action plans?",,KBC Group,KBC_Group_0045,0.01888281386345625
545,Has KBC Group established targets for biodiversity and ecosystems that set out a defined ambition and include qualitative or quantitative indicators to monitor progress?,,KBC Group,KBC_Group_0046,0.018748115748167038
546,Does KBC Group’s Remuneration Policy mandate gender-neutral pay arrangements to ensure equal remuneration for work of the same value?,,KBC Group,KBC_Group_0047,0.018747217021882534
547,"In its description of engagement with the workforce, does KBC Group specify how it evaluates the effectiveness of these engagement activities?",,KBC Group,KBC_Group_0048,0.018750060349702835
548,Does KBC Group expressly provide non-retaliation safeguards for employees who escalate concerns through its internal reporting avenues?,,KBC Group,KBC_Group_0049,0.01877645216882229
549,"In this section, does KBC Group disclose the basis for calculating its employee turnover rate, specifying that the year-end headcount is used as the denominator?",,KBC Group,KBC_Group_0052,0.018914774991571903
550,"Has KBC Group set out a transparent methodology for its adjusted gender pay gap, specifying the employee segmentation criteria used and disclosing the resulting percentage for the reporting date?",,KBC Group,KBC_Group_0057,0.01880205888301134
551,Does KBC Group specify whether the metrics disclosed in this section received any external verification beyond the work performed by its assurance provider?,,KBC Group,KBC_Group_0058,0.01894748117774725
552,"For ESRS-aligned impartial grievance handling, does KBC Group assign consumer complaint processing to a function that is structurally separate from commercial business lines, with involvement of Compliance where warranted?",,KBC Group,KBC_Group_0061,0.019575663842260838
553,Has KBC Group established a requirement to conduct privacy impact assessments mandated by data protection law whenever processing activities for clients’ personal data meet the legal threshold?,,KBC Group,KBC_Group_0062,0.01932533271610737
554,"Under ESRS-aligned supplier due-diligence expectations, at what interval does KBC Group conduct ongoing risk surveillance of its active suppliers for indicators such as financial deterioration, sanctions/embargo exposure, litigation, or convictions?",,KBC Group,KBC_Group_0065,0.01967798639088869
555,"Within KBC Group’s anti-bribery compliance framework, identify the distinct risk dimensions that are systematically included in the annual, entity-level assessment of corruption and bribery exposure.",,KBC Group,KBC_Group_0067,0.019381782039999962
556,"For ESRS-aligned transparency on supplier payment practices, does KBC Group quantify the share of invoices covered by its default payment term and identify notable exceptions by business segment or geography?",,KBC Group,KBC_Group_0069,0.019511247985064983
557,"In KfW’s Combined non-financial report, is there a dedicated disclosure describing the controls and risk oversight applied to the preparation of sustainability reporting?",,KfW,KfW_0000,0.01941030751913786
558,"For financial year 2024, does KfW explicitly acknowledge a justified departure from the ESRS obligation to embed the sustainability statement within the combined management report (ESRS 1.110), thereby confirming that only a partial application of the ESRS was performed?",,KfW,KfW_0001,0.019775875844061375
559,"Does KfW disclose that stakeholders affected by its lending and investment activities can file complaints about potential human-rights or environmental risks through formal grievance channels, including a complaints procedure established under the German Supply Chain Act (LkSG)?",,KfW,KfW_0005,0.0196392685174942
560,Has KfW Group designated the ESRS E1-6 disclosure on total and Scopes 1–3 greenhouse gas emissions as material and specified where this disclosure is located in its sustainability report?,,KfW,KfW_0011,0.01948882918804884
561,"Does KfW Group’s due diligence statement specify where in its sustainability report the integration of due diligence into governance, strategy and the business model is addressed, and which specific sections are referenced?",,KfW,KfW_0015,0.01958688348531723
562,"For KfW, does the sustainability-reporting risk assessment employ a standardized matrix that balances categories of potential impact (e.g., financial, normative/compliance, reputational) against likelihood, with the outcomes formally recorded in a controls inventory?",,KfW,KfW_0016,0.019670050591230392
563,"What minimum CO2 equivalents (CO2eq) reduction percentages must KfW substantiate for energy-efficiency financings to be recognised within its environment quota, distinguishing new from replacement investments?",,KfW,KfW_0022,0.019557716324925423
564,"In its ESRS-related reporting, does KfW state that oversight of its environmental objectives is integrated into its internal control framework and that any underperformance prompts a root-cause analysis and a re-evaluation of the strategy’s underlying assumptions in light of internal and external factors?",,KfW,KfW_0023,0.020342600531876087
565,"For KfW IPEX-Bank, do category A and category B+ project financings require the customer to institute a stakeholder grievance process to receive and address complaints from workers and affected communities during the project term?",,KfW,KfW_0025,0.019599944353103638
566,"For KfW, is there a binding pre-approval control that prevents execution of a financing when the loan application shows the transaction falls within scope of KfW’s Paris‑aligned sector guidelines but evidences of compliance are not provided?",,KfW,KfW_0030,0.02071995474398136
567,Does KfW disclose that it has implemented a group-wide methodology and accounting system to regularly measure and quantify greenhouse gas emissions associated with its financing portfolio?,,KfW,KfW_0031,0.020152145996689796
568,"Within KfW’s disclosure on the DEG Impact/Climate Commitments, does the bank commit to start, from the 2025 reporting period, publishing performance measurement and progress against the greenhouse-gas intensity targets in a way that aligns with ESRS requirements?",,KfW,KfW_0032,0.020519659854471684
569,"Has KfW disclosed a quantified 2024 promotional business volume for projects designated with biodiversity objectives (primary or secondary), including partner-country contracts carrying biodiversity/tropical-forest labels?",,KfW,KfW_0035,0.020375006832182407
570,"Within KfW Group’s Environmental and Social Appraisal, is there an explicit bar on financing projects that would lead to a net decrease in the populations of endangered or particularly endangered species under the biodiversity safeguards it applies?",,KfW,KfW_0036,0.020149510353803635
571,"For KfW as a credit institution, is there a compliance obligation to present its Green Asset Ratio (GAR) using the Article 8 Disclosures Delegated Act templates—specifically Annex VI for credit-institution KPIs and Annex XII for nuclear and fossil gas-related disclosures?",,KfW,KfW_0040,0.020450955256819725
572,"In KfW’s 2024 taxonomy disclosures, does KfW determine the eligible and aligned proportions of unearmarked corporate exposures to NFRD/CSRD-subject non-financial corporates, as well as exposures to financial undertakings (excluding the on-lending business), by relying on those counterparties’ published 2023 taxonomy indicators based on turnover and capital expenditure for each environmental objective?",,KfW,KfW_0042,0.021246380172669888
573,"For ESRS S1 transparency on targets, does KfW disclose a quantified, time-bound objective for the share of women at the team head level, and what is that target?",,KfW,KfW_0049,0.01951904036104679
574,"For ESRS disclosures on consumer-related targets, has KfW set a quantified objective for customer satisfaction in its domestic promotional business?",,KfW,KfW_0055,0.01933851558715105
575,"For ESRS-oriented disclosure on grievance channels, does KfW confirm that both its staff and external parties may file anonymous reports of suspected criminal conduct through a dedicated compliance whistleblowing system?",,KfW,KfW_0058,0.019458618015050888
576,Does KfW’s disclosure specify how many discrimination-related employee grievances arose in the reporting year and state how they were concluded?,,KfW,KfW_0061,0.01934715360403061
577,"Within KfW’s described financing context, is it the bank’s standard practice to direct employees of financed companies or on‑lending banks (i.e., workers in the value chain) to the financing bank’s grievance channel?",,KfW,KfW_0062,0.019619137048721313
578,"Within its business conduct controls, does KfW disclose that, in line with Section 25h KWG, it performs a yearly assessment of internal and external fraud risks, documents safeguards, and derives corresponding preventive measures?",,KfW,KfW_0066,0.023103232495486736
579,"At the stated reference date T, what percentage shares has KfW reported for its off-balance-sheet Capital Expenditure KPI relating to financial guarantees that are Taxonomy-eligible and Taxonomy-aligned, and how is the aligned amount split across use-of-proceeds, transitional, and enabling activities?",,KfW,KfW_0073,0.021223602816462517
580,"Under the ESRS stock-based template for off-balance-sheet financial guarantees, does KfW report any involvement, financing, or exposure through guarantees to the construction or operation of fossil gas–fired electricity generation facilities?",,KfW,KfW_0077,0.019768837839365005
581,"Within Nordea Bank’s governance structure, which committee is explicitly tasked with oversight of the methodologies for financed-emissions used in the Group’s risk appetite framework?",,Nordea Bank,Nordea_Bank_0004,0.01966641005128622
582,"Within Nordea Bank’s ESG governance setup, is an independent assurance role over ESG risks explicitly designated, as required for ESRS governance disclosures, and who carries it out?",,Nordea Bank,Nordea_Bank_0006,0.019587627612054348
583,"For ESRS-aligned transparency on targets and metrics, does Nordea Bank state that its Group-wide financed-emissions ceiling is decomposed into Level 2 limits for business areas, calibrated to a 2019 baseline and 2030 objectives, with an explicit requirement for annual reductions?",,Nordea Bank,Nordea_Bank_0011,0.020623058080673218
584,"For ESRS disclosures on time-bound climate targets, does Nordea Bank specify concrete target years for its climate objectives?",,Nordea Bank,Nordea_Bank_0014,0.01949800457805395
585,"In its CSRD-required double materiality assessment, did Nordea Bank conclude that ESRS E2 (Pollution) is non-material?",,Nordea Bank,Nordea_Bank_0016,0.019435547292232513
586,Does Nordea Bank describe concrete methods or controls to prevent recognising the same ESG hazard transmission more than once when mapping credit-risk-related hazards to business model risk?,,Nordea Bank,Nordea_Bank_0020,0.01959368120878935
587,"For Nordea Bank, does the 2024 materiality assessment specify a single business‑model transmission channel aggregating all relevant climate and environmental hazards, defined as the risk of lacking a sufficiently robust long‑term strategy to address those hazards within an appropriate timeframe?",,Nordea Bank,Nordea_Bank_0021,0.01983795501291752
588,"In its ESRS-oriented materiality assessment of business model risk, has Nordea Bank undertaken a heatmapping exercise that connects ESG risk drivers to the transmission channels through which they could influence the bank’s business model, primarily via credit risk?",,Nordea Bank,Nordea_Bank_0022,0.019750157371163368
589,"Has Nordea Bank identified and reported the priority channels through which climate factors affect credit risk, based on its cross-sector and geographic heat-mapping?",,Nordea Bank,Nordea_Bank_0027,0.019427794963121414
590,"Has Nordea Bank specified the basis for calculating the capital needed for climate-related credit risk, namely that it uses the one-year effect on risk exposure amount derived from climate stress tests that include both transition and physical climate risk drivers?",,Nordea Bank,Nordea_Bank_0028,0.019572649151086807
591,"For ESRS materiality disclosure, does Nordea Bank’s 2024 assessment for market risk specify the classification tier and confirm whether any incremental capital is required?",,Nordea Bank,Nordea_Bank_0033,0.019476511515676975
592,"Within its liquidity risk materiality methodology, does Nordea Bank state that it ran stress tests using four short-term scenarios under the ILAAP process to evaluate potential liquidity impacts?",,Nordea Bank,Nordea_Bank_0037,0.01957354135811329
593,"Does Nordea Bank’s 2024 determination for liquidity risk indicate whether the outcome entails any consequences for capital allocation (e.g., requiring capital to be set aside or reallocated)?",,Nordea Bank,Nordea_Bank_0038,0.019538087770342827
594,"Within its operational risk materiality methodology, does Nordea Bank specify, for each identified climate- and nature-related transition risk, the expected timeframe in which the risk could crystallise using forward-looking scenario techniques?",,Nordea Bank,Nordea_Bank_0042,0.01972576230764389
595,"In its 2024 assessment, does Nordea Bank disclose the materiality tier assigned to operational risk and state whether this triggers any capital allocation changes?",,Nordea Bank,Nordea_Bank_0043,0.01946905069053173
596,"For ESRS governance disclosure purposes, does Nordea Bank specify that senior management reviews the forecasted trajectory and usage of its financed-emissions limits, and what is the minimum frequency of that oversight?",,Nordea Bank,Nordea_Bank_0045,0.019566094502806664
597,"For ESRS reporting on nature impacts, does Nordea Bank disclose that it applies a third-party biodiversity impact scoring to quantify impacts in its loan portfolio?",,Nordea Bank,Nordea_Bank_0047,0.01951669715344906
598,"Within its operational risk arrangements, does Nordea Bank explicitly recognise a risk that ESG information reported in statutory or supervisory filings may be incomplete or inaccurate, and how is that risk described?",,Nordea Bank,Nordea_Bank_0053,0.01953774970024824
599,"In its ILAAP, does Nordea Bank specify which components of its liquidity portfolio are most vulnerable to environmental stressors, particularly combined hydrological events?",,Nordea Bank,Nordea_Bank_0056,0.019400141201913357
600,"For its climate-related credit risk stress tests, has Nordea Bank specified that it uses borrowers’ Scope 1 and 2 emissions data and substitutes sector-level proxies where client-specific data are missing?",,Nordea Bank,Nordea_Bank_0057,0.019618394784629345
601,"Within Nordea Bank’s borrower monitoring process, is there a control that obliges staff to determine, upon any early-warning flag, whether the issue concerns ESG matters and, if it does, to initiate an ESG-specific assessment?",,Nordea Bank,Nordea_Bank_0067,0.01977326162159443
602,"Under ESRS 2 SBM-2 on stakeholder engagement, does OTP Bank state whether stakeholders’ perspectives on its strategy and business model were assessed within its materiality and due diligence processes?",,OTP Bank,OTP_Bank_0003,0.01960306242108345
603,"For the 2024 reporting year, does OTP Bank state that it recognised any provisions or established a capital buffer specifically for ESG-related risks under its ESRS materiality and financial effects disclosures?",,OTP Bank,OTP_Bank_0004,0.019548763521015644
604,"In its individual sustainability statement, does OTP Bank affirm that the ESRS disclosure scope is derived from the Group’s materiality assessment, with only the sub-topics deemed material for OTP Bank included?",,OTP Bank,OTP_Bank_0005,0.01956761721521616
605,"In its Capex-based GAR stock disclosure, does OTP Bank quantify the share of total assets within the GAR scope, and if so, what overall coverage percentage is reported for the Total GAR assets?",,OTP Bank,OTP_Bank_0014,0.019496248103678226
606,"Has OTP Bank specified the reporting cut-off date for its turnover-based KPIs on off-balance sheet exposures, and what date is stated?",,OTP Bank,OTP_Bank_0015,0.019375158473849297
607,"For OTP Bank’s turnover-based KPI on off-balance-sheet exposure flows, does the disclosure state a reporting cut-off date for the presented percentages, and if so, what date is indicated?",,OTP Bank,OTP_Bank_0017,0.01956906635314226
608,"Within its CapEx-based off-balance sheet flow metrics, does OTP Bank disclose for Financial guarantees under the climate change mitigation objective a disaggregation of Taxonomy-aligned exposures into proceeds-based, transitional, and enabling activity categories?",,OTP Bank,OTP_Bank_0018,0.01960776187479496
609,"For the ESRS E3-3 and E4-4 target-setting disclosures, has OTP Bank adopted concrete, measurable objectives for water and for biodiversity/ecosystems?",,OTP Bank,OTP_Bank_0019,0.019529451616108418
610,"With reference to ESRS S1-5 on setting objectives, does OTP Bank’s stated goal for female representation on its Board of Directors and Supervisory Board specify a concrete timeframe or deadline?",,OTP Bank,OTP_Bank_0023,0.01954043749719858
611,"Within its Own Workforce disclosure on Training and skills development, does OTP Bank state that it is applying a phased (gradual) implementation for certain indicators?",,OTP Bank,OTP_Bank_0024,0.019458246417343616
612,"Under ESRS S1-5 concerning occupational health and safety objectives, does OTP Bank disclose any explicit, quantified target for its workplace health and safety performance?",,OTP Bank,OTP_Bank_0025,0.0195004940032959
613,"For ESRS G1-4 on corruption and bribery, does OTP Bank explicitly disclose whether any substantiated corruption or bribery incidents occurred during the reporting year?",,OTP Bank,OTP_Bank_0033,0.019556719809770584
614,"For ESRS-aligned third‑party due diligence, does OTP Bank state that from 2023 its standard business rules and contracts embed explicit anti‑corruption clauses applicable to contracting partners?",,OTP Bank,OTP_Bank_0036,0.01957362610846758
615,"For ESRS G1 business conduct metrics, does OTP Bank quantify its anti–money laundering exposure by disclosing how many security incident filings in 2024 related to alleged money laundering?",,OTP Bank,OTP_Bank_0037,0.019569029100239277
616,"Does OTP Bank state that, for the ESRS climate disclosure E1-6 (datapoint 50.b), it applies an operational control boundary that includes assets outside the financial consolidation perimeter used for its financial statements?",,OTP Bank,OTP_Bank_0038,0.019661011174321175
617,"For ESRS‑aligned reporting on data availability, does OTP Bank acknowledge that the uneven readiness of its clients to quantify and deliver credible sustainability information is a major impediment to compiling and disclosing client‑related sustainability performance?",,OTP Bank,OTP_Bank_0043,0.0196383073925972
618,"For ESRS 2 SBM-2, did OTP Bank document that its materiality and due diligence processes captured stakeholder perspectives specifically on the bank’s strategy and business model?",,OTP Bank,OTP_Bank_0044,0.019543619826436043
619,"Within its materiality methodology, does OTP Bank apply an automatic trigger for negative impacts whereby achieving the maximum rating on any one attribute (scale, scope, or irreversibility) leads to the impact being classified as material regardless of other scores?",,OTP Bank,OTP_Bank_0046,0.01967079471796751
620,"Does OTP Bank’s disclosure spell out the evaluation framework it applies to sustainability-related financial risks and opportunities, including the rating tiers for potential impact and probability and the specific combinations that trigger materiality?",,OTP Bank,OTP_Bank_0048,0.01957231666892767
621,"In OTP Bank’s governance over the validation of its materiality assessment, what voting threshold did the ESG Sub-Committee apply when formally adopting the list of material impacts, risks and opportunities?",,OTP Bank,OTP_Bank_0050,0.01963005494326353
622,"For OTP Bank, does the disclosure state that the institution has established specific provisions or a separate capital buffer to cover ESG-related risks?",,OTP Bank,OTP_Bank_0051,0.019454007036983967
623,"For ESRS-required disclosure of material legal and compliance risks, does OTP Bank state that if services to newly sanctioned counterparties are not discontinued within any permitted run‑off window, the bank (via OTP Group) could itself become subject to sanctions?",,OTP Bank,OTP_Bank_0052,0.019790610298514366
624,"Does OTP Bank include comparative Green Asset Ratio metrics for the prior reporting period (t-1) in its non-financial statement, using the Annex VI templates and calculated on a prudentially consolidated basis, as required by Article 8 of Regulation (EU) 2021/2178?",,OTP Bank,OTP_Bank_0056,0.020683743059635162
625,"As of the 31 December 2023 reporting date, has OTP Bank stated the aggregate amount of assets that are included in the Green Asset Ratio denominator but excluded from its numerator?",,OTP Bank,OTP_Bank_0059,0.019543549045920372
626,"In OTP Bank’s Taxonomy GAR (capex-based) tables, does the bank quantify the pool of assets that are not counted in the GAR numerator but remain in the denominator, and does it itemise within that amount the portions relating to (i) SMEs and other non‑financial corporates outside NFRD scope and (ii) non‑EU counterparties outside NFRD scope as at 31 December 2024?",,OTP Bank,OTP_Bank_0060,0.021136891096830368
627,"In OTP Bank’s turnover-based GAR stock disclosure, does the bank indicate the share of its total assets that are included in the GAR denominator for the “Total GAR assets” line item?",,OTP Bank,OTP_Bank_0064,0.019552748650312424
628,"In OTP Bank’s capex-based Green Asset Ratio disclosure, what share of the bank’s total assets is stated as being captured by the GAR calculation at the reported reference date?",,OTP Bank,OTP_Bank_0065,0.01955718733370304
629,"In the Total GAR assets line of the turnover-based GAR KPI stock (T-1), what proportion of OTP Bank’s total assets is reported as falling within the GAR scope?",,OTP Bank,OTP_Bank_0066,0.01951622497290373
630,"Within the GAR KPI stock (capex-based, T-1) disclosure, does OTP Bank explicitly state the reporting cut-off date for the presented figures, and if so, which date is provided?",,OTP Bank,OTP_Bank_0067,0.019505729898810387
631,"For the capex-based Green Asset Ratio at the 31 December 2024 reference date, does OTP Bank report any exposures categorised as transition or enabling activities under the taxonomy contribution types?",,OTP Bank,OTP_Bank_0069,0.01951704081147909
632,"For OTP Bank, does the turnover-based off-balance sheet KPI for Assets under Management report, as of 31 December 2024, the aggregated percentages of exposures classified as taxonomy-eligible and taxonomy-aligned relative to total eligible off-balance sheet assets, and if so, what are those figures?",,OTP Bank,OTP_Bank_0070,0.020670916885137558
633,"In OTP Bank’s capex-based off-balance-sheet disclosures, does the Assets under Management KPI provide, for each environmental objective, a separate identification of exposures that are within Taxonomy-relevant sectors (eligible) and those that meet the Taxonomy’s environmental sustainability criteria (aligned)?",,OTP Bank,OTP_Bank_0071,0.02054896578192711
634,"Consistent with ESRS expectations on defining the reporting boundary and preserving comparability, does OTP Bank state that the OTP Fund Manager’s 2024 disclosure consolidates subsidiaries while the 2023 disclosure is on a standalone legal-entity basis, and that this change restricts year-on-year comparability?",,OTP Bank,OTP_Bank_0097,0.020696713589131832
635,"From the second reporting cycle onward, does OTP Bank disaggregate the evolution of its EU Taxonomy–aligned activities into business-driven, methodological, and data-related factors?",,OTP Bank,OTP_Bank_0099,0.019541175104677677
636,"For ESRS Taxonomy reporting, does OTP Bank specify whether the OTP Omega Fund of Funds holds any investments that are compliant with the EU Taxonomy for environmentally sustainable activities?",,OTP Bank,OTP_Bank_0101,0.019528411328792572
637,"In its 2024 consolidated management report, has OTP Bank disclosed an analysis of the specific factors driving the year-over-year changes in the OTP Ecotrend Fund’s KPIs?",,OTP Bank,OTP_Bank_0102,0.01957090012729168
638,"For OTP Bank, when a fund or portfolio has an explicit sustainable-investment commitment tied to the EU Taxonomy, does the alignment assessment explicitly include checks against the EU Taxonomy’s ‘do no significant harm’ criteria in addition to the sustainability metric from the selected ESG data provider?",,OTP Bank,OTP_Bank_0103,0.01976801361888647
639,"For OTP Bank, does the disclosure explicitly clarify that the reported green portfolio incorporates exposures that are not eligible for inclusion in the mandatory GAR under the Taxonomy Regulation (such as non-EU entities and clients not in scope of NFRD/CSRD)?",,OTP Bank,OTP_Bank_0105,0.01976895984262228
640,"Under OTP Bank’s Sustainable Finance Framework, which types of business activities are explicitly barred from receiving proceeds from its sustainable instruments?",,OTP Bank,OTP_Bank_0108,0.019258832558989525
641,"For ESRS-aligned disclosures on EU Taxonomy alignment, does OTP Bank acknowledge a significant impediment to treating real-estate lending as Taxonomy-compliant?",,OTP Bank,OTP_Bank_0109,0.01950913481414318
642,"From an ESRS metrics standpoint, has OTP Bank quantified the outstanding balance of its retail green lending at the close of 2024?",,OTP Bank,OTP_Bank_0110,0.019375864416360855
643,"For ESRS-governance disclosures, does OTP Bank specify both the frequency of review and the governing body that authorizes the Group Credit Risk Policy?",,OTP Bank,OTP_Bank_0112,0.019426868297159672
644,"For ESRS-consistent disclosure of policy applicability and perimeter, does OTP Bank state that its Corporate Lending Policy, including ESG-related requirements, applies across the Group and specify any 2025 exclusions and the interim treatment of those entities?",,OTP Bank,OTP_Bank_0113,0.01977587677538395
645,"For ESRS-aligned reporting, does OTP Bank indicate that it has an adopted climate transition plan; if not, what status and next step does it disclose?",,OTP Bank,OTP_Bank_0115,0.019439877942204475
646,"For ESRS target-disclosure purposes, has OTP Bank identified a baseline year for its 2030 carbon‑neutral operations objective that covers Scope 1 and Scope 2 emissions?",,OTP Bank,OTP_Bank_0117,0.019484080374240875
647,"Within OTP Bank’s ESRS E4 actions-and-resources disclosure, does the report confirm the existence of concrete measures to manage biodiversity and ecosystem impacts, or does it state that such measures are not yet established pending further impact assessment?",,OTP Bank,OTP_Bank_0118,0.01970727927982807
648,"For OTP Bank, does the report explicitly state that an external party (MSCI) calculated the financed GHG emissions for assets under management?",,OTP Bank,OTP_Bank_0123,0.01933046244084835
649,"For OTP Bank’s residential green lending, does the disclosure specify the legal benchmarks that underpin its ‘green’ classification, referencing national building energy performance rules and EU-aligned NZEB criteria?",,OTP Bank,OTP_Bank_0140,0.019510358572006226
650,Does OTP Bank’s calculation of the mandatory Green Asset Ratio apply the EU 2021/2178 methodology by restricting inputs to Taxonomy KPIs and the gross carrying amount of (i) corporate financing exposures to NFRD‑in‑scope companies where the use of proceeds is unknown and (ii) exposures with a known use of proceeds that are aligned with the EU Taxonomy?,,OTP Bank,OTP_Bank_0141,0.020751130767166615
651,"For Scope 2 accounting under ESRS, does OTP Bank declare that electricity backed by contractual instruments (such as Guarantees of Origin or Renewable Energy Certificates) is reported with a market-based emission factor of zero?",,OTP Bank,OTP_Bank_0142,0.019642414525151253
652,"Does OTP Bank have a formal plan to analyse portfolio exposure to climate-related physical and transition risks over distinct time horizons (less than one year, one to five years, and more than five years) for priority sectors?",,OTP Bank,OTP_Bank_0127,0.019565928727388382
653,"For ESRS-related disclosure on risk methodology, does OTP Bank indicate that movable vehicle collateral is auto-assigned to four ESG risk bands (ESG1–ESG4) based on asset attributes, including consideration of EURO emissions ratings?",,OTP Bank,OTP_Bank_0131,0.019981377758085728
654,"In its disclosures, does OTP Bank confirm that ESG considerations are embedded within its probability-of-default (PD) model for credit risk assessment?",,OTP Bank,OTP_Bank_0133,0.019339481368660927
655,"Within OTP Bank’s operational risk framework, is there a group-wide ESG operational risk tolerance threshold that is monitored on a quarterly basis?",,OTP Bank,OTP_Bank_0135,0.019288213923573494
656,Has OTP Bank instituted formal limits or an explicit policy framework to manage Principal Adverse Impacts (PAI) within its discretionary portfolio management?,,OTP Bank,OTP_Bank_0136,0.019360528327524662
657,Has OTP Bank stated whether any significant impacts on its own workforce are linked to specific countries or regions?,,OTP Bank,OTP_Bank_0147,0.019248721189796925
658,"For OTP Bank, does the disclosure state whether the Group has concluded any group-wide overarching agreement with employee representatives addressing respect for workforce human rights?",,OTP Bank,OTP_Bank_0149,0.019438904710114002
659,"For OTP Bank’s own workforce, does the disclosure specify whether any employee-raised occupational health and safety grievances were lodged during the reporting period?",,OTP Bank,OTP_Bank_0150,0.019418377429246902
660,"Within its ESRS S1 target-setting, does OTP Bank define the employee engagement goal as a relative objective benchmarked against sectoral and global top‑quartile comparators?",,OTP Bank,OTP_Bank_0151,0.019563429057598114
661,"For ESRS S1 reporting, can OTP Bank demonstrate that its diversity and equal-opportunity programs are governed by consistently defined effectiveness benchmarks rather than merely being monitored?",,OTP Bank,OTP_Bank_0155,0.019531022757291794
662,"In its ESRS S1 health and safety disclosures, has OTP Bank clarified whether the described workplace safety activities are classified as ESRS ‘measures’ or presented only as contextual practices?",,OTP Bank,OTP_Bank_0165,0.01958333980292082
663,Has OTP Bank declared that it provides occupational health assessments to all job categories regardless of any statutory obligation to do so?,,OTP Bank,OTP_Bank_0166,0.019398837350308895
664,"In OTP Bank’s disclosure, is the Uzbek subsidiary’s objective of zero workplace accidents accompanied by a defined monitoring frequency, and if so, what is it?",,OTP Bank,OTP_Bank_0168,0.019462188705801964
665,"For OTP Bank, does the disclosure specify the basis used to calculate hours worked that support the published employee accident rate, including the approach applied when detailed time records are unavailable?",,OTP Bank,OTP_Bank_0169,0.019463535398244858
666,"Under the ESRS S1-4 section, does OTP Bank evidence oversight of the effectiveness of its work–life balance measures by setting out formal monitoring mechanisms and disclosing quantified employee-survey results?",,OTP Bank,OTP_Bank_0171,0.019577876664698124
667,"Within its ESRS S4-2 narrative on engagement with consumers, does OTP Bank state the frequency of its retail customer satisfaction surveys per country and the typical size/representativeness of the respondent pool?",,OTP Bank,OTP_Bank_0178,0.0195867782458663
668,"With reference to ESRS expectations on protecting consumers’ personal data in grievance mechanisms, does OTP Bank’s disclosure confirm that complaint-management systems within the group were upgraded to strengthen safeguards for customer information?",,OTP Bank,OTP_Bank_0182,0.01959556620568037
669,"In its disclosure, does OTP Bank state whether it obliges its business partners across the value chain to operate customer complaint submission mechanisms?",,OTP Bank,OTP_Bank_0183,0.019349041394889355
670,"For the 2024 reporting year, does OTP Bank disclose group-wide quantitative figures for customer privacy violations and related complaints from third parties and regulators under its ESRS S4 information security and fraud management disclosures?",,OTP Bank,OTP_Bank_0186,0.0198306730017066
671,"For ESRS S4 target reporting, has OTP Bank specified both a reference year and a defined end date for its objective to install cameras on its ATMs?",,OTP Bank,OTP_Bank_0187,0.019422335550189018
672,"For ESRS S4 policy coverage, does OTP Bank impose the Responsible Marketing Policy as mandatory across its subsidiaries, or is adoption at subsidiary level only encouraged?",,OTP Bank,OTP_Bank_0189,0.019542153924703598
673,"Under its ESRS S4-4 actions, does OTP Bank disclose that educating clients on digital self-service channels (such as ATMs, online, and mobile banking) is a defined operational duty for branch advisers and other advisory staff?",,OTP Bank,OTP_Bank_0190,0.019701401703059673
674,Which internal system does OTP Bank use to keep current records of the rollout of accessibility support measures across its branch network?,,OTP Bank,OTP_Bank_0195,0.01938233431428671
675,"For S4 disclosures, does OTP Bank’s computation of customer compensation explicitly exclude reimbursed transaction amounts from the total reported redress?",,OTP Bank,OTP_Bank_0196,0.01932986732572317
676,"For written submissions lodged via OTP Bank’s dedicated online Reporting System, is there a prescribed deadline to issue a receipt confirmation to the whistleblower, and what is that timeframe?",,OTP Bank,OTP_Bank_0201,0.019532116129994392
677,"For OTP Bank’s AML/CFT whistleblowing channel, does the policy stipulate a maximum period to complete an internal investigation, and if yes, what is that period?",,OTP Bank,OTP_Bank_0205,0.019521701149642467
678,"In OTP Bank’s ESRS G1-4 disclosure regarding the two confirmed 2024 corruption/bribery incidents at Uzbek Ipoteka Bank, does the bank report that any business partner contracts were ended as a corrective action?",,OTP Bank,OTP_Bank_0208,0.01965582836419344
679,"For ESRS purposes on reporting significant legal exposures, does OTP Bank disclose a material antitrust (interchange fee) case against itself, stating that the 2009 GVH penalty was annulled with the paid amount refunded, and that a renewed procedure launched in 2021 remained pending in 2024?",,OTP Bank,OTP_Bank_0209,0.020830409601330757
680,"For OTP Bank’s ESRS G1 reporting, when determining the coverage rate of anti-bribery/anti-corruption training for staff in higher-risk roles, does the calculation include both employees who completed the training during the reporting year and those mandated to attend it even if not finished by the reporting cut-off?",,OTP Bank,OTP_Bank_0210,0.020805389620363712
681,"Under ESRS confidentiality provisions that allow redaction of trade secrets, did the PKO Bank Polski S.A. Group invoke this basis to exclude any disclosures related to intellectual property, know‑how, or innovation outcomes in its 2024 sustainability statement?",,PKO Bank Polski,PKO_Bank_Polski_0002,0.01979596819728613
682,"For GOV-2 purposes, has PKO Bank Polski’s Management Board formally endorsed the set of material impacts, risks, and opportunities identified through the 2024 double materiality assessment?",,PKO Bank Polski,PKO_Bank_Polski_0004,0.019525302574038506
683,Does PKO Bank Polski evidence that its double materiality assessment covered the entire group perimeter by applying the assessment at both the consolidated Group level and separately for each subsidiary?,,PKO Bank Polski,PKO_Bank_Polski_0010,0.019550182856619358
684,"In its impact materiality methodology, does PKO Bank Polski apply a defined set of criteria—scale, scope, reversibility (as part of severity), and likelihood—each rated on a five-level scale, and then use expert-set thresholds with a explicit cut-off score to decide which impacts are material?",,PKO Bank Polski,PKO_Bank_Polski_0011,0.02043057791888714
685,"For ESRS climate-resilience disclosures, does PKO Bank Polski specify the scenario pathway and analytical model it used to evaluate acute physical climate risks to its own properties?",,PKO Bank Polski,PKO_Bank_Polski_0014,0.019556628540158272
686,"For the 2024 reporting year, has PKO Bank Polski utilised the ESRS phase‑in option to postpone disclosures under ESRS E1‑9 related to portfolio exposure to climate‑related physical risks (including the acute/chronic split, locations of materially exposed assets, energy efficiency of real estate collateral, and exposure to climate‑related opportunities)?",,PKO Bank Polski,PKO_Bank_Polski_0015,0.0206982409581542
687,"Evidence of governance sign-off: Did PKO Bank Polski secure formal approval by its Management Board for the stakeholder-engagement results underpinning its double materiality assessment, and on what date was this approval granted?",,PKO Bank Polski,PKO_Bank_Polski_0016,0.019607258960604668
688,"Within its 2025–2027 strategy, does PKO Bank Polski S.A. set a measurable target for the share of its loan portfolio that will be subject to a decarbonisation plan by 2027?",,PKO Bank Polski,PKO_Bank_Polski_0018,0.019659217447042465
689,"Within its EU Taxonomy section, does PKO Bank Polski S.A. Group state that an activity qualifies as environmentally sustainable only if all four criteria are satisfied concurrently—namely, a material contribution to at least one of the six environmental objectives, no significant harm to the others, compliance with minimum safeguards, and alignment with the Commission’s technical screening criteria?",,PKO Bank Polski,PKO_Bank_Polski_0023,0.02067599818110466
690,"For ESRS scoping purposes, does PKO Bank Polski treat as in-scope for mandatory sustainability reporting those subsidiaries that are included in the consolidation perimeter of public‑interest parent companies of large groups under Articles 19a/29a of Directive 2013/34/EU?",,PKO Bank Polski,PKO_Bank_Polski_0045,0.02052182611078024
691,"Where a client within the scope of Directive 2013/34/EU does not satisfy the Article 18 minimum safeguards, does PKO Bank Polski classify the client’s economic activities as EU Taxonomy-eligible but not aligned in its disclosures?",,PKO Bank Polski,PKO_Bank_Polski_0046,0.020320125855505466
692,Has PKO Bank Polski implemented a due diligence process to verify clients’ and counterparties’ conformity with the EU Taxonomy’s minimum safeguards?,,PKO Bank Polski,PKO_Bank_Polski_0052,0.019450616091489792
693,"Under the credit portfolio classification approved by its Management Board in the first half of 2024, does PKO Bank Polski state that exposures meeting EU Taxonomy Article 3 criteria (its “dark green” category) are included in the Green Asset Ratio (GAR)?",,PKO Bank Polski,PKO_Bank_Polski_0053,0.019804288633167744
694,"For the 2024 taxonomy analysis, does PKO Bank Polski confirm that borrowers linked to the 43 investment loans identified as contributing substantially to climate mitigation and complying with do-no-significant-harm also fulfil the minimum safeguards criterion?",,PKO Bank Polski,PKO_Bank_Polski_0074,0.020195452496409416
695,Does PKO Bank Polski indicate a planned program to strengthen its loan-portfolio financed-emissions measurement methods and to upgrade the robustness of its underlying emissions data in future reporting periods?,,PKO Bank Polski,PKO_Bank_Polski_0082,0.019504882395267487
696,"Has PKO Bank Polski specified a quantitative, time-bound percentage reduction target for emissions intensity in its energy-generation financing by 2030?",,PKO Bank Polski,PKO_Bank_Polski_0084,0.019326791167259216
697,"In PKO Bank Polski’s taxonomy reporting pursuant to Commission Delegated Regulation (EU) 2021/2178, do the disclosed indicators incorporate the Bank’s own capital and operating expenditures so that they can be mapped to its Transformation Plan?",,PKO Bank Polski,PKO_Bank_Polski_0092,0.020454788580536842
698,"For PKO Bank Polski, does the report provide quantified estimates of the capital and operating expenditures allocated to implement the ongoing or planned climate-related actions described?",,PKO Bank Polski,PKO_Bank_Polski_0094,0.019469136372208595
699,"Within its E1-4 target disclosure, does PKO Bank Polski provide numeric Scope 1–2 emissions levels for the intermediate years 2035 and 2040, or are those years left without quantified values?",,PKO Bank Polski,PKO_Bank_Polski_0095,0.01963305938988924
700,"For ESRS 2 target disclosures, does PKO Bank Polski state that it has established a measurable objective related to employee remuneration or financial security, and if not, what alternative commitment does it report?",,PKO Bank Polski,PKO_Bank_Polski_0103,0.019492516294121742
701,"In line with the remuneration-related disclosure obligation referenced, has PKO Bank Polski reported the ratio of the highest total pay in 2024 to the median total remuneration of all other employees, and what is the Bank-level figure disclosed?",,PKO Bank Polski,PKO_Bank_Polski_0105,0.019744212739169598
702,"With respect to ESRS 2 requirements on target-setting, does PKO Bank Polski disclose specific, measurable objectives and related actions for occupational safety and employee well‑being, or does it confirm that no ESRS‑aligned measurable targets have been established?",,PKO Bank Polski,PKO_Bank_Polski_0107,0.01970168575644493
703,"For PKO Bank Polski Group, does the disclosure confirm that explicit objectives (targets) to enhance internal communications and employee satisfaction in the workplace have been set?",,PKO Bank Polski,PKO_Bank_Polski_0110,0.019593811593949795
704,"For the ESRS requirement to set concrete targets and measures on non-discrimination and anti-harassment, has PKO Bank Polski established ESRS-aligned objectives and corresponding actions, or does its disclosure indicate an absence of such ESRS-compliant targets?",,PKO Bank Polski,PKO_Bank_Polski_0112,0.01976127829402685
705,"Within PKO Bank Polski’s mechanism for handling complaints about breaches of employee rights, is the processing of personal data confined to what is strictly necessary to register and act on a report, with non-relevant data explicitly not gathered?",,PKO Bank Polski,PKO_Bank_Polski_0113,0.019630039110779762
706,"For Minimum Safeguards purposes, does PKO Bank Polski already have a single, bank‑wide internal policy consolidating its human-rights commitments, or are those commitments currently split across different area-specific documents?",,PKO Bank Polski,PKO_Bank_Polski_0117,0.019499477930366993
707,"For ESRS-aligned governance disclosure on customer privacy, has PKO Bank Polski confirmed the formal appointment of a Data Protection Officer with oversight responsibilities over personal data processing?",,PKO Bank Polski,PKO_Bank_Polski_0118,0.019471985287964344
708,"Has PKO Bank Polski adopted a standalone, formalised customer non-discrimination policy, distinct from its general ethical codes, to govern fair treatment of clients?",,PKO Bank Polski,PKO_Bank_Polski_0120,0.019395336508750916
709,"For the reporting period, does PKO Bank Polski’s disclosure evidence concrete actions undertaken to educate clients about cyber risks and safe practices?",,PKO Bank Polski,PKO_Bank_Polski_0121,0.019283223897218704
710,"For PKO Bank Polski, is there a disclosed, formalized mechanism to systematically collect and evaluate customer feedback on the clarity and understandability of its customer-facing communications?",,PKO Bank Polski,PKO_Bank_Polski_0122,0.01948856096714735
711,"Did PKO Bank Polski formally approve in 2024 an internal decision that regulates how external statements about its products, activities, and social engagement are reviewed and drafted across the Bank, its Group, and the Foundation, including setting evaluation benchmarks and assigning operational accountability?",,PKO Bank Polski,PKO_Bank_Polski_0123,0.019885733723640442
712,"For PKO Bank Polski, is it explicitly indicated that the facility-security regime is compliant with statutory requirements and calibrated to the Bank’s assessed threat and risk profile?",,PKO Bank Polski,PKO_Bank_Polski_0126,0.019503160379827023
713,"For customer-relationship matters deemed significant risks and opportunities, does PKO Bank Polski make public the specific targets, baseline figures, and intended achievement levels, or are these withheld from disclosure?",,PKO Bank Polski,PKO_Bank_Polski_0130,0.01941055152565241
714,"Within its whistleblowing arrangements, does PKO Bank Polski ensure that summaries of submitted irregularity reports and the results of their examinations are regularly communicated to both the Management Board and the Supervisory Board?",,PKO Bank Polski,PKO_Bank_Polski_0136,0.019594507291913033
715,Does PKO Bank Polski’s reported information state that its internal rules prohibit political donations and confirm that no such contributions were made in 2024?,,PKO Bank Polski,PKO_Bank_Polski_0138,0.019410342909395695
716,"For ESRS policy-disclosure purposes, does PKO Bank Polski report having an enterprise-wide policy that governs product compliance and controls against mis-selling across the Group?",,PKO Bank Polski,PKO_Bank_Polski_0142,0.019569861702620983
717,"Within its GOV-1 disclosure, does Bank Pekao specify which governing body bears ultimate responsibility for preparing and approving the sustainability report and for assuring its accuracy, completeness, and compliance with applicable requirements?",,Pekao,Pekao_0002,0.01955743134021759
718,"For Pekao, does the 2024 variable remuneration for Management Board members include sustainability objectives that are explicitly mapped to the bank’s material impacts, risks and opportunities?",,Pekao,Pekao_0004,0.0194992795586586
719,"For Pekao, is there a standing requirement that the internal audit function conducts a yearly comprehensive review of the sustainability reporting workflow, testing data accuracy, conformity with the bank’s adopted guidance, and the effectiveness of implemented control procedures?",,Pekao,Pekao_0006,0.019659931771457195
720,"Does Bank Pekao state that its ESG Strategy pillars are aligned with, or explicitly mapped to, the impacts, risks, and opportunities identified through its double materiality analysis?",,Pekao,Pekao_0007,0.019479870796203613
721,"Within its SBM-3 disclosure, did Bank Pekao S.A. perform an evaluation of the robustness of its strategy and business model to climate change?",,Pekao,Pekao_0009,0.019431278109550476
722,"Within its ESRS-aligned sector scoping, what minimum share of the previous year’s revenue must a sector account for to be included by Bank Pekao S.A. in its sector identification analysis?",,Pekao,Pekao_0010,0.0195430601015687
723,"For ESRS E1-1, does Bank Pekao S.A. state whether it has established science-aligned quantitative decarbonisation targets for its credit and investment portfolio as of the 2024 reporting date?",,Pekao,Pekao_0012,0.019569209776818752
724,"For ESRS E1-2 purposes, did Bank Pekao S.A. have, as at the end of 2024, a single, bank-wide climate policy that consolidates its approach to mitigation, adaptation and related transition opportunities across its own operations and financing activities?",,Pekao,Pekao_0013,0.019754262641072273
725,"For the 2024 reporting period, did Bank Pekao tie its lending and investment activities to any quantified reductions in financed greenhouse gas emissions within its portfolio?",,Pekao,Pekao_0014,0.034605332650244236
726,"For ESRS E1‑6 Scope 3 (Category 15) reporting, does Pekao delineate the financed-emissions boundary by confirming inclusion of all Group entities under its operational control that grant financing and hold debt/equity positions (including finance leases), while excluding off‑balance‑sheet assets it manages such as investment fund assets?",,Pekao,Pekao_0016,0.031763422302901745
727,"For ESRS E1-7, does Pekao state that any financial participation it may have in greenhouse gas removal or emission reduction initiatives within its value chain does not amount to “active support” due to the absence of control over those projects, and therefore the related disclosures are deemed not applicable?",,Pekao,Pekao_0017,0.020949031226336956
728,"For ESRS E1-8, does Pekao assert that the requirement to disclose any internal CO2 price mechanism is not applicable to its activities because neither the Pekao Group nor the Bank participates in carbon dioxide emissions trading?",,Pekao,Pekao_0018,0.020108447410166264
729,"In its second-year narrative on movements in taxonomy-aligned exposures, does Bank Pekao S.A. delineate business, methodological, and data elements by stating that (a) its alignment assessment approach and data sources for general corporate financing remained unchanged from 2023, (b) the 2024 increase in the primary-energy benchmark for the top 15% most efficient buildings affected mortgage alignment, and (c) the accounting-policy update for CHF mortgage legal risk altered total gross mortgages but had a negligible effect on taxonomy-aligned mortgage amounts and the green asset key indicator?",,Pekao,Pekao_0075,0.03239487297832966
730,"For purposes of ESRS Taxonomy-related disclosures, does Bank Pekao affirm that the environmental projects it finances are aligned with the EU Taxonomy’s first two environmental objectives (climate change mitigation and climate change adaptation)?",,Pekao,Pekao_0076,0.020092494785785675
731,"For ESRS S1-1 compliance, does Bank Pekao S.A. disclose which external standards or initiatives its policies for its own workforce align with, as part of the required minimum disclosures?",,Pekao,Pekao_0081,0.02003655396401882
732,"For ESRS S1-2 alignment on cooperation with employee representatives, does Bank Pekao S.A. communicate the outcomes of its employee surveys to worker representatives such as the Works Council and trade unions?",,Pekao,Pekao_0082,0.01998943369835615
733,"Does Bank Pekao S.A. explicitly delimit the scope of the impacts, risks and opportunities discussed in this section to its own workforce, excluding any coverage of the value chain?",,Pekao,Pekao_0084,0.019907080568373203
734,"For Pekao, does the report state that in the current period it has not yet established and implemented formal targets for managing workforce-related impacts, risks, and opportunities—including arrangements for employee participation—and that it plans to develop these in the next year?",,Pekao,Pekao_0085,0.020203481428325176
735,"In Bank Pekao S.A.’s ESRS S1-6 disclosure on staff turnover, is the numerator defined as all employee departures from 31 December 2023 to 30 December 2024 irrespective of cause, while excluding interns and workers at 0.1 FTE or below?",,Pekao,Pekao_0086,0.02109532803297043
736,"For Pekao, does the S1-7 disclosure present an end-of-period headcount of non-employee workers considered part of its own workforce, disaggregated by contract type and gender, with separate figures for the Pekao Group and the Bank?",,Pekao,Pekao_0087,0.020177293568849564
737,"For 2024, does Pekao Group Bank identify the adequate pay threshold it applies and disclose both the headcount and the proportion of employees whose pay falls below that threshold?",,Pekao,Pekao_0090,0.019924945197999477
738,"For ESRS S1-15, does Pekao report, for 2024, the share of eligible staff who used parental leave disaggregated by sex at both the Pekao Group and the Bank levels?",,Pekao,Pekao_0094,0.02008221298456192
739,"For ESRS S1‑17 disclosure on workforce grievance mechanisms, what number does Bank Pekao S.A. report for 2024 as complaints received through its reporting channels?",,Pekao,Pekao_0096,0.01995436381548643
740,"Has Bank Pekao ensured that customers receive, both at contract inception and via its public website, a clear description of complaint submission options and the applicable review timeframes?",,Pekao,Pekao_0099,0.019891707226634026
741,"For ESRS S4-4 on actions to address material consumer risks, does Bank Pekao S.A. operate a preventive control that automatically checks whether a consumer’s PESEL is marked as restricted and, when flagged, rejects new agreements and high-value cash withdrawals to reduce identity‑theft risk?",,Pekao,Pekao_0100,0.020980581641197205
742,"For its customer-experience objective, does Bank Pekao publicly disclose specific numerical NPS targets and a defined timeframe for their achievement, or does it only state that targets exist and provide year-on-year NPS results?",,Pekao,Pekao_0101,0.01996140368282795
743,"Under the ESRS minimum disclosure requirements for policies (MDR-P), does Bank Pekao specify which external standards, codes, or initiatives its governance and business conduct policies are aligned with?",,Pekao,Pekao_0103,0.019941833801567554
744,"For Bank Pekao S.A., do its procurement policies establish quantifiable sustainability targets for supplier management, or does the disclosure indicate that such measurable objectives are not in place?",,Pekao,Pekao_0104,0.01993290614336729
745,"Within the scope of ESRS G1-6, does Pekao disclose the agreed payment horizon in days and the proportion of invoices paid within that timeframe, broken down by principal supplier groupings?",,Pekao,Pekao_0107,0.019888000562787056
746,Does Pekao require that its FAT-1/CRS-1 filings for the prior financial year be submitted to the Head of the National Revenue Administration by 30 June each year?,,Pekao,Pekao_0108,0.019980954937636852
747,"For ESRS-governance transparency, does Bank Pekao S.A. disclose the cadence at which cybersecurity/ICT security reports are produced for oversight purposes?",,Pekao,Pekao_0109,0.01986615639179945
748,"For ESRS purposes, has Bank Pekao designated a clear contact point for stakeholder inquiries about the sustainability report, including named responsible persons and a functional email address?",,Pekao,Pekao_0110,0.019912388175725937
749,"For Raiffeisen Bank International’s Scope 3 financed emissions, which are calculated using indirect sources, does the bank disclose data reliability gradings in line with the 2022 PCAF standard?",,Raiffeisen Bank International,Raiffeisen_Bank_International_0004,0.019985536113381386
750,"For ESRS transparency on measurement methodology, does Raiffeisen Bank International disclose that its customer ESG assessment combines quantitative indicators with qualitative judgements across the environmental, social and governance pillars?",,Raiffeisen Bank International,Raiffeisen_Bank_International_0005,0.020028377883136272
751,"For compliance with CSRD/ESRS data-governance expectations, does Raiffeisen Bank International disclose a specific control to validate the integrity of customer-sourced ESG information, namely the performance of data quality checks?",,Raiffeisen Bank International,Raiffeisen_Bank_International_0006,0.02001337055116892
752,"For ESRS-related disclosures on sustainability commitments, does Raiffeisen Bank International confirm a formal adherence to the Principles for Responsible Banking and specify where progress on implementing those principles is reported?",,Raiffeisen Bank International,Raiffeisen_Bank_International_0007,0.01999980490654707
753,"For ESRS governance disclosures, does Raiffeisen Bank International specify the regularity with which its Sustainability Council convenes?",,Raiffeisen Bank International,Raiffeisen_Bank_International_0011,0.019814967177808285
754,"From a governance disclosure standpoint, does Raiffeisen Bank International specify how often its cross-functional ESG oversight committee met during 2024?",,Raiffeisen Bank International,Raiffeisen_Bank_International_0012,0.01984900515526533
755,"For Raiffeisen Bank International, is responsibility formally assigned for overseeing and ensuring the annual incorporation of updated non-financial reporting obligations into the consolidated non-financial statement?",,Raiffeisen Bank International,Raiffeisen_Bank_International_0013,0.020025678910315037
756,"Has Raiffeisen Bank International mandated its CFO area to jointly lead, together with Group ESG & Sustainability Management, the preparation of the group-wide non-financial statement, including accountability for the accuracy of sustainability-related financial and non-financial data used for disclosure?",,Raiffeisen Bank International,Raiffeisen_Bank_International_0014,0.020798283629119396
757,"For Raiffeisen Bank International’s governance over people-related matters, is responsibility for Management Board remuneration and succession decisions centralized at group level rather than delegated to the autonomous CEE subsidiaries?",,Raiffeisen Bank International,Raiffeisen_Bank_International_0017,0.019993498921394348
758,"For ESRS E1 transition plan disclosures, does Raiffeisen Bank International report that a group-wide climate and environmental transition plan is in place to steer its business areas and associated client services?",,Raiffeisen Bank International,Raiffeisen_Bank_International_0018,0.02001445833593607
759,"For governance and risk-control disclosures, does Raiffeisen Bank International state that a specific compliance function is tasked with curbing greenwashing risk across its value chain through the issuance of guidance and the execution of control activities?",,Raiffeisen Bank International,Raiffeisen_Bank_International_0023,0.020130479708313942
760,"For Raiffeisen Bank International, is accountability for fulfilling ESG reporting obligations embedded within the respective risk functions rather than handled centrally?",,Raiffeisen Bank International,Raiffeisen_Bank_International_0025,0.019855588674545288
761,"Within Raiffeisen Bank International, is formal ownership assigned for the EU Taxonomy methodology and the associated IT platforms that handle taxonomy-related data used in regulatory reporting?",,Raiffeisen Bank International,Raiffeisen_Bank_International_0028,0.019852282479405403
762,"For Raiffeisen Bank International, is there evidence that in 2024 Group IT implemented a structured data-gathering exercise to quantify greenhouse gas emissions linked to the use of IT-related services and equipment?",,Raiffeisen Bank International,Raiffeisen_Bank_International_0030,0.019998366944491863
763,"For ESRS-aligned disclosures on own-operations emissions, does Raiffeisen Bank International have a head-office process in place to gather operational data that enables the calculation and ongoing tracking of those emissions?",,Raiffeisen Bank International,Raiffeisen_Bank_International_0031,0.019895958714187145
764,"When no statutory review cadence is prescribed, what is the minimum interval Raiffeisen Bank International requires for revisiting and updating its internal policies after they have been approved?",,Raiffeisen Bank International,Raiffeisen_Bank_International_0033,0.019390416331589222
765,"Under GOV-2, does Raiffeisen Bank International state that its Management Board received recurring briefings on the CSRD implementation, explicitly covering impacts/risks/opportunities and the related internal control and process arrangements?",,Raiffeisen Bank International,Raiffeisen_Bank_International_0034,0.019193678162992
766,"Has Raiffeisen Bank International established an independent, centrally led annual assessment to verify that remuneration practices are executed in line with the remuneration policy approved by the Supervisory Board/Remuneration Committee?",,Raiffeisen Bank International,Raiffeisen_Bank_International_0036,0.019900756888091564
767,"For Raiffeisen Bank International, is the ESG risk framework subject to a yearly reassessment and formal endorsement by the Management Board as part of its governance controls?",,Raiffeisen Bank International,Raiffeisen_Bank_International_0038,0.019851775839924812
768,Does Raiffeisen Bank International indicate that the comprehensive description and results for its Scope 1–3 and total greenhouse gas figures are provided in the E1-6 section of its report?,,Raiffeisen Bank International,Raiffeisen_Bank_International_0039,0.01999104581773281
769,"For ESRS risk management disclosures that require clarity on the assessment horizons, does Raiffeisen Bank International specify the timeframes it applies when evaluating environment-driven risk drivers?",,Raiffeisen Bank International,Raiffeisen_Bank_International_0042,0.020046789199113846
770,Does Raiffeisen Bank International state that it has group-level climate goals and is undertaking internal measures to meet them as part of its sustainability strategy?,,Raiffeisen Bank International,Raiffeisen_Bank_International_0045,0.019838163629174232
771,"For ESRS value-chain transparency, does Raiffeisen Bank International identify the group entity primarily responsible for managing the sustainable investment of customer deposits and indicate the brand under which those products are offered?",,Raiffeisen Bank International,Raiffeisen_Bank_International_0050,0.019939273595809937
772,"For ESRS-aligned disclosures on customer data governance, does Raiffeisen Bank International assert that adherence to legal obligations on customer data protection and data security is embedded within its banking operations?",,Raiffeisen Bank International,Raiffeisen_Bank_International_0052,0.01996468473225832
773,"In its delineation of the upstream value chain, does Raiffeisen Bank International indicate that it incorporates sustainability-related effects into its evaluation of funding and liquidity risks within its own operations?",,Raiffeisen Bank International,Raiffeisen_Bank_International_0055,0.019994864240288734
774,"Does Raiffeisen Bank International’s stakeholder mapping expressly include NGOs and community groups that act as proxies for unrepresented affected interests (e.g., ecosystems, biodiversity and local communities) among its principal stakeholder categories?",,Raiffeisen Bank International,Raiffeisen_Bank_International_0058,0.020152797922492027
775,"Has Raiffeisen Bank International specified the stakeholder-engagement formats it employs and, where applicable, the usual cadence for each (e.g., annual or biannual large forums; monthly targeted meetings; quarterly or project-based advisory consultations; year-round training programmes; monthly or quarterly governance committees; working groups for ESG projects; and written outreach such as monthly newsletters and annual surveys) to demonstrate systematic input into its assessment of sustainability topics?",,Raiffeisen Bank International,Raiffeisen_Bank_International_0059,0.021777687594294548
776,"Within Raiffeisen Bank International’s decentralized stakeholder-engagement setup, what control or process is in place to aggregate and maintain a group-wide audit trail of interactions for sustainability reporting and oversight?",,Raiffeisen Bank International,Raiffeisen_Bank_International_0060,0.019865958020091057
777,"For ESRS stakeholder-engagement disclosures, does Raiffeisen Bank International state that one objective of engaging stakeholders is to strengthen openness and accountability by communicating to them information on the bank’s activities, performance, and forward plans?",,Raiffeisen Bank International,Raiffeisen_Bank_International_0061,0.02006075717508793
778,"For ESRS disclosure on stakeholder engagement regarding biodiversity, can Raiffeisen Bank International demonstrate a concrete outreach activity, specifying the date and categories of external participants involved?",,Raiffeisen Bank International,Raiffeisen_Bank_International_0065,0.019896097481250763
779,"For ESRS consumer-related disclosures, does Raiffeisen Bank International evidence a structured mechanism to manage customer complaints and systematically incorporate client feedback and satisfaction monitoring into updates of its products and customer-service practices?",,Raiffeisen Bank International,Raiffeisen_Bank_International_0068,0.020039566792547703
780,Does Raiffeisen Bank International commit to an internal control that periodically evaluates the effectiveness of its stakeholder-engagement process and implements adjustments where required?,,Raiffeisen Bank International,Raiffeisen_Bank_International_0069,0.019853015430271626
781,"Under ESRS reporting on own workforce engagement, does Raiffeisen Bank International specify a recurring cycle for its groupwide employee engagement survey, and what interval is disclosed?",,Raiffeisen Bank International,Raiffeisen_Bank_International_0071,0.019916357472538948
782,"In its AI pilot for ESG decision-making, did Raiffeisen Bank International employ the AI-generated findings to corroborate its internal double materiality evaluation?",,Raiffeisen Bank International,Raiffeisen_Bank_International_0079,0.019860421307384968
783,"Under Raiffeisen Bank International’s double‑materiality workshops, were potential human‑rights impacts treated as inherently likely (i.e., no separate likelihood score applied) for calculation purposes, as referenced to ESRS 1 paragraph 48?",,Raiffeisen Bank International,Raiffeisen_Bank_International_0080,0.020130570977926254
784,"For ESRS target-setting disclosures, does Raiffeisen Bank International specify the baseline year for its own-operations GHG reduction targets and provide the rationale for selecting that year?",,Raiffeisen Bank International,Raiffeisen_Bank_International_0086,0.01993473805487156
785,Does Raiffeisen Bank International state that the material significance of market risk is determined by benchmarking total loss against its Common Equity Tier 1 (CET1) capital?,,Raiffeisen Bank International,Raiffeisen_Bank_International_0090,0.019948195666074753
786,Does Raiffeisen Bank International indicate that its operational risk assessment includes a scenario explicitly modelling increased compliance and legal costs arising from potential greenwashing exposure?,,Raiffeisen Bank International,Raiffeisen_Bank_International_0092,0.019857031293213367
787,Has Raiffeisen Bank International assessed the materiality of climate-driven liquidity channels by stress-testing its liquidity buffer against movements in interest rates and credit spreads across multiple transition scenarios that are informed by region-specific physical risk metrics?,,Raiffeisen Bank International,Raiffeisen_Bank_International_0096,0.020025495439767838
788,"For Raiffeisen Bank International, does the disclosure confirm that an external data provider assessed the exposure of the primary head office and the data centers to the cited climate and environmental risk drivers within the operational risk scenario work?",,Raiffeisen Bank International,Raiffeisen_Bank_International_0097,0.019974705763161182
789,"Has Raiffeisen Bank International set out the specific criteria it uses to determine when climate-related risks are material for each risk class—namely credit, physical, market, and operational risk—and how those thresholds are measured?",,Raiffeisen Bank International,Raiffeisen_Bank_International_0098,0.0201362743973732
790,"For its 2024 ESRS consolidated non-financial statement, did Raiffeisen Bank International set a quantitative cut-off to decide when a topic is material, and if so, what is the threshold and how is it applied?",,Raiffeisen Bank International,Raiffeisen_Bank_International_0101,0.02003453392535448
791,"For its 2024 EU Taxonomy metrics, did Raiffeisen Bank International accompany the numerical KPIs with qualitative narrative in accordance with Annex XI of Commission Delegated Regulation (EU) 2021/2178?",,Raiffeisen Bank International,Raiffeisen_Bank_International_0103,0.019987774081528187
792,"For the 2024 reporting year, does Raiffeisen Bank International confirm that it provides disclosures on financed gas and nuclear economic activities in accordance with the requirements set by the Disclosures Delegated Act?",,Raiffeisen Bank International,Raiffeisen_Bank_International_0104,0.019973362796008587
793,"For the taxonomy-aligned disclosure presented, does Raiffeisen Bank International confirm that the Green Asset Ratio is calculated using “covered assets” as the denominator rather than total assets?",,Raiffeisen Bank International,Raiffeisen_Bank_International_0106,0.020168190822005272
794,"In Raiffeisen Bank International’s 31/12/2023 circular-economy disclosure, does the NACE 4-digit entry 7711 (renting and leasing of cars and light motor vehicles) show any amount identified as environmentally sustainable under the circular-economy category?",,Raiffeisen Bank International,Raiffeisen_Bank_International_0137,0.02097725123167038
795,"As of 31/12/2023, does Raiffeisen Bank International disclose, at NACE 4‑digit granularity, a sectoral table that separates exposures to non‑financial corporates in scope of the NFRD from SMEs/other NFCs and, for each category, reports both the gross exposure (carrying amount) and the subset recognised as environmentally sustainable aggregated across CCM, CCA, WTR, CE, PPC and BIO?",,Raiffeisen Bank International,Raiffeisen_Bank_International_0140,0.02169440221041441
796,"For its 31/12/2023 taxonomy disclosures, does Raiffeisen Bank International calculate the percentages for taxonomy-relevant (eligible and aligned) financing using total covered assets as the denominator rather than total assets?",,Raiffeisen Bank International,Raiffeisen_Bank_International_0156,0.020058076828718185
797,"In its EU Taxonomy metrics, does Raiffeisen Bank International state that the Green Asset Ratio is computed using covered assets as both the numerator and the denominator?",,Raiffeisen Bank International,Raiffeisen_Bank_International_0170,0.019855658523738384
798,"For Raiffeisen Bank International, does the Green Asset Ratio calculation apply “covered assets” consistently to both the top and bottom of the ratio?",,Raiffeisen Bank International,Raiffeisen_Bank_International_0187,0.019712185487151146
799,"For off-balance-sheet financial guarantees, what percentages does Raiffeisen Bank International report for the transitional and enabling components within its taxonomy‑aligned share, expressed relative to total eligible off‑balance‑sheet assets?",,Raiffeisen Bank International,Raiffeisen_Bank_International_0205,0.02007199637591839
800,"Within Raiffeisen Bank International’s reported shares of covered assets channeled to taxonomy-relevant sectors, does the asset management (AUM) indicator include any portion meeting alignment criteria, and if so, what percentage is disclosed?",,Raiffeisen Bank International,Raiffeisen_Bank_International_0206,0.020045312121510506
801,"For Raiffeisen Bank International’s financial guarantee KPI, does the taxonomy-aligned disclosure identify the proportion attributable to enabling activities relative to eligible off-balance-sheet items, and if so, what percentage is reported?",,Raiffeisen Bank International,Raiffeisen_Bank_International_0211,0.020097866654396057
802,"As of 31/12/2023, did Raiffeisen Bank International report, as a percentage of total eligible off-balance-sheet exposures, the share of its financial guarantees that are EU Taxonomy-eligible and the portion that are EU Taxonomy-aligned, including a breakdown into transitional and enabling activities?",,Raiffeisen Bank International,Raiffeisen_Bank_International_0212,0.021852292120456696
803,"Within its GAR disclosure for off-balance-sheet exposures, what percentage does Raiffeisen Bank International report as taxonomy-aligned for financial guarantees, measured against total eligible off-balance-sheet assets?",,Raiffeisen Bank International,Raiffeisen_Bank_International_0218,0.020844783633947372
804,"In Raiffeisen Bank International’s disclosure for the financial guarantees KPI, is there a quantified share of total eligible off-balance-sheet assets that is classified as Taxonomy-aligned, and is that amount further broken down into portions attributable to transitional and enabling activities?",,Raiffeisen Bank International,Raiffeisen_Bank_International_0226,0.020291010849177837
805,"Does Raiffeisen Bank International quantify, as a percentage of total eligible off-balance-sheet assets, the portion of its financial guarantees (FinGuar KPI) that is aligned with the taxonomy?",,Raiffeisen Bank International,Raiffeisen_Bank_International_0227,0.019939851947128773
806,"Within its Climate Change Mitigation disclosures, does Raiffeisen Bank International provide a disaggregation for financial guarantees into use‑of‑proceeds, transitional and enabling components (expressed against total eligible off‑balance sheet assets), and what percentages are reported for each?",,Raiffeisen Bank International,Raiffeisen_Bank_International_0235,0.020562329329550266
807,"For Raiffeisen Bank International’s Financial Guarantees KPI, does the disclosure provide the split between taxonomy-relevant exposures that are only eligible and those that satisfy alignment criteria, stated as a percentage of total eligible off‑balance‑sheet assets?",,Raiffeisen Bank International,Raiffeisen_Bank_International_0236,0.02007286064326763
808,"In its 31/12/2024 climate change mitigation disclosure, does Raiffeisen Bank International report an enabling-activity component within the EU Taxonomy-aligned share of its financial guarantees KPI, and what percentage of total eligible off-balance sheet assets does it represent?",,Raiffeisen Bank International,Raiffeisen_Bank_International_0243,0.020924060605466366
809,Has Raiffeisen Bank International integrated into its Internal Capital Adequacy Assessment Process a multi‑year transition pathway and a flood‑related physical risk case derived from its climate stress testing?,,Raiffeisen Bank International,Raiffeisen_Bank_International_0466,0.019950898364186287
810,"For ESRS-aligned governance disclosures, does Raiffeisen Bank International state the cadence at which adherence to its tobacco-related lending policy is reviewed?",,Raiffeisen Bank International,Raiffeisen_Bank_International_0470,0.019943052902817726
811,"Under ESRS governance disclosures, does Raiffeisen Bank International clearly designate the internal function accountable for implementing its ESG risk policy?",,Raiffeisen Bank International,Raiffeisen_Bank_International_0472,0.020167237147688866
812,"Within Raiffeisen Bank International, which internal function is assigned responsibility for implementing the taxonomy rulebook that supports Article 8 EU Taxonomy disclosures?",,Raiffeisen Bank International,Raiffeisen_Bank_International_0476,0.019813871011137962
813,"For ESRS-aligned internal control disclosures, does Raiffeisen Bank International report that the coal-related exclusion criteria applied by Raiffeisen Kapitalanlage-Gesellschaft m.b.H. are subject to daily compliance checks through an internal limits framework to ensure adherence to fund mandates?",,Raiffeisen Bank International,Raiffeisen_Bank_International_0477,0.02092061936855316
814,"For ESRS governance disclosures, does Raiffeisen Bank International specify which internal bodies are accountable for carrying out environmental measures and for reviewing progress against its environmental and climate targets?",,Raiffeisen Bank International,Raiffeisen_Bank_International_0480,0.019924123771488667
815,"For oversight under ESRS action-plan disclosures, has Raiffeisen Bank International set specific timelines or deadlines for completing the measures it describes to scale its renewable energy business?",,Raiffeisen Bank International,Raiffeisen_Bank_International_0487,0.019973001442849636
816,"For its planned hydrogen-related initiatives, has Raiffeisen Bank International specified concrete completion timelines (such as deadlines or dated milestones) that would enable monitoring of implementation progress?",,Raiffeisen Bank International,Raiffeisen_Bank_International_0490,0.019983750768005848
817,"For Raiffeisen Bank International’s retail operations, does the disclosure specify a pre-approval control that verifies the stated use-of-proceeds for green unsecured purpose loans—namely that the funds will be directed to property energy-efficiency improvements—before the loan is granted?",,Raiffeisen Bank International,Raiffeisen_Bank_International_0491,0.020816544070839882
818,"Within its procedure for ESG-critical transactions, does Raiffeisen Bank International mandate that the ESG expert opinion assess the applicable regulatory framework, including whether EU law guarantees high environmental and social protections?",,Raiffeisen Bank International,Raiffeisen_Bank_International_0493,0.02004299685359001
819,Does Raiffeisen Bank International’s disclosure confirm that its nuclear divestment approach applies turnover-based cut‑offs to progressively exit equity and corporate bond exposures to companies involved in nuclear power and uranium activities?,,Raiffeisen Bank International,Raiffeisen_Bank_International_0497,0.020014552399516106
820,"For Raiffeisen Bank International, does the climate-strategy disclosure delineate the investment universe to which the actions apply—specifically limiting coverage to corporate issuers held in self-managed retail funds?",,Raiffeisen Bank International,Raiffeisen_Bank_International_0498,0.020025456324219704
821,"For ESRS-aligned disclosure on climate mitigation measures, does Raiffeisen Bank International state that its support for public transport is a recurrent, annually renewed action intended to cut CO2 from business travel and commuting?",,Raiffeisen Bank International,Raiffeisen_Bank_International_0499,0.020219353958964348
822,"For Raiffeisen Bank International’s retail mortgage portfolio, does the disclosure identify the reference year and portfolio scope used for its emissions baseline and specify when targets will be set, including the stated rationale for deferring target adoption?",,Raiffeisen Bank International,Raiffeisen_Bank_International_0501,0.02006425242871046
823,"In its E1-5 disclosure, does Raiffeisen Bank International separately quantify electricity sourced from nuclear generation and state its proportion of total energy use for 2024?",,Raiffeisen Bank International,Raiffeisen_Bank_International_0504,0.019867246970534325
824,"Did Raiffeisen Bank International state that, for the 2024 reporting year, it expanded the consolidation boundary for own-operations GHG disclosures in line with the CSRD by including additional units?",,Raiffeisen Bank International,Raiffeisen_Bank_International_0506,0.020015240646898746
825,"For Raiffeisen Bank International, is the share of Scope 1 greenhouse gas emissions that falls under regulated cap-and-trade schemes explicitly reported?",,Raiffeisen Bank International,Raiffeisen_Bank_International_0507,0.019798997789621353
826,"Within its ESRS reporting, does Raiffeisen Bank International disclose the allocation of assets identified as subject to material transition risk across short-, medium-, and long-term time buckets as of 31 December 2024?",,Raiffeisen Bank International,Raiffeisen_Bank_International_0510,0.020025236532092094
827,"In its ESRS social reporting boundary for the “own workforce,” does Raiffeisen Bank International clearly delineate between staff on RBI employment contracts and workers not directly employed, and identify the two engagement channels used for non-employees (services provided under a company-to-company service contract versus assignments via temporary work agencies)?",,Raiffeisen Bank International,Raiffeisen_Bank_International_0518,0.020992882549762726
828,Has Raiffeisen Bank International outlined a tiered human-rights risk rating methodology that can lead to excluding certain sectoral engagements where the risk is assessed as particularly high?,,Raiffeisen Bank International,Raiffeisen_Bank_International_0519,0.019986821338534355
829,"Within the scope of ESRS S3-5, did Raiffeisen Bank International include representatives of affected communities when defining its targets for managing negative impacts, enhancing positive outcomes, and addressing related risks and opportunities?",,Raiffeisen Bank International,Raiffeisen_Bank_International_0521,0.020010274834930897
830,Has Raiffeisen Bank International established a centralized complaints-handling framework that is demonstrably aligned with the EBA/ESMA Joint Committee guidelines on complaints (JC 2014 43/JC 2018 35)?,,Raiffeisen Bank International,Raiffeisen_Bank_International_0522,0.020084764808416367
831,"For the 2024 reporting period, what does Raiffeisen Bank International disclose regarding any monetary or in-kind donations to political parties, electoral committees, party-affiliated bodies, or individual politicians?",,Raiffeisen Bank International,Raiffeisen_Bank_International_0524,0.020002487115561962
832,"To meet ESRS expectations that metrics be time-stamped, has Santander identified a specific reporting cut-off date for the credit stock and mortgage holdings it reports?",,Santander,Santander_0001,0.01986107137054205
833,"For the 2024 reporting period, did Banco Santander obtain independent limited assurance over its consolidated ESRS sustainability statement, as specified in this chapter?",,Santander,Santander_0002,0.019891146570444107
834,"For ESRS governance oversight, which internal committee at Santander has formally endorsed the bank’s double materiality assessment and the resulting set of material impacts, risks and opportunities?",,Santander,Santander_0006,0.01998781878501177
835,"For ESRS-aligned target disclosures, has Santander publicly set a time-bound commitment to exit thermal coal financing, including a defined revenue-dependency threshold and a 2030 end-date?",,Santander,Santander_0012,0.02000474650412798
836,"For ESRS-consistent workforce disclosures, does Santander delineate the reporting perimeter for its “employees” by clarifying who is counted and which worker categories are expressly out of scope?",,Santander,Santander_0016,0.020036157220602036
837,"For ESRS-aligned transparency on access-to-finance initiatives, does Santander quantify its microfinance programme by stating both the total microcredit amount disbursed and the number of microentrepreneurs supported?",,Santander,Santander_0021,0.019964751787483692
838,"Consistent with ESRS governance disclosure expectations, which governing body at Santander is explicitly identified as owning the environmental, social and climate change (ESCC) risk policy?",,Santander,Santander_0023,0.019912772811949253
839,"For ESRS-aligned transparency over social outcome metrics, does Santander set out a formal basis for calculating its “people helped” figure, including whether counts use partner-validated data or, where unavailable, conservative estimates based on recognised conversion factors?",,Santander,Santander_0024,0.02015242911875248
840,"For ESRS disclosures on consumer grievance mechanisms, has Santander stated that customers have several avenues to file complaints and that unresolved cases may be escalated to independent external bodies?",,Santander,Santander_0026,0.02001034840941429
841,"For ESRS-aligned governance reporting on personal data protection, does Santander state that each unit has a designated data protection lead (e.g., DPO or privacy champion) and that these appointments are formally notified to the competent local authorities?",,Santander,Santander_0028,0.02012318093329668
842,"For ESRS governance disclosures on culture and risk integration, does Santander state that its employee appraisal framework assigns a specific weighting to risk-management criteria, and if so, what percentage is allocated?",,Santander,Santander_0030,0.0200138371437788
843,"For the 2024 period, does Santander disclose that no judicial or administrative proceedings concluded with a definitive conviction, sanction, or fine against any Group entity for corruption, bribery, money laundering, or terrorist financing under its stated materiality and finalization criteria?",,Santander,Santander_0031,0.02024290058761835
844,"Does Santander report using a group-wide process to assign a final three-tier (low/medium/high) ESG risk rating to suppliers, built on an initial sector-based screening and then refined through a questionnaire that factors in country risk, workforce size, and firm-specific environmental characteristics?",,Santander,Santander_0033,0.020814985036849976
845,"Does Santander’s materiality methodology evidence compliance with ESRS 1 AR 16 by classifying each identified impact, risk or opportunity under the ESRS topic hierarchy and, for each item, recording the value-chain location and time horizon, the linkage from impacts to related risks/opportunities with particular attention to negative human-rights findings, the internal function responsible, and the nature of the financial effect?",,Santander,Santander_0037,0.02125736605376005
846,"Under its EU Taxonomy Article 8 reporting, has Santander issued a group-wide consolidated KPI across credit institutions, asset management, insurance and investment services as indicated by the European Commission communication, clarifying the revenue-weighting method and stating the resulting turnover- and CapEx-based percentages?",,Santander,Santander_0039,0.02082695346325636
847,"For its 2024 ESRS E1 scoping, does Santander conclude that investee operations over which it has operational control under paragraph 50(b) are immaterial to its reporting boundary?",,Santander,Santander_0044,0.01988064032047987
848,"Does Santander indicate that roughly 20% of the assessed exposure was estimated by extension and, for that segment, apply the lowest PCAF data quality grade (score 5) when determining the disclosure’s PCAF rating?",,Santander,Santander_0047,0.020086493343114853
849,"For ESRS-conform transparency on due diligence, does Santander quantify by Equator Principles risk grade (A/B/C) how many projects received a third‑party independent review in the reporting period?",,Santander,Santander_0049,0.020001262426376343
850,"In its 2023 GAR KPI (Capex) disclosure, does Santander specify the percentage of total assets included in the GAR denominator (i.e., the coverage of the metric)?",,Santander,Santander_0059,0.019916796125471592
851,"In Santander’s 2023 GAR KPI (stock/turnover) disclosure, are any equity instruments counted on both sides of the Green Asset Ratio calculation, or are they reported as zero (i.e., out of scope for both numerator and denominator)?",,Santander,Santander_0060,0.02012590318918228
852,"Within its off-balance-sheet turnover-stock disclosure, does Santander present distinct percentage KPIs for guarantee obligations (FinGuar KPI) and for client assets overseen (AuM KPI)?",,Santander,Santander_0064,0.019951906986534595
853,"For its 2024 reporting on nuclear and fossil gas activities, has Santander explicitly stated the monetary amount used as the denominator of the applicable KPIs, and what figure is given?",,Santander,Santander_0070,0.01992226019501686
854,"For ESRS-relevant employee disclosures, has Santander specified the legal and methodological basis it uses to assign gender categories in its year‑end headcount, including which categories are universally applied versus only permitted in certain jurisdictions?",,Santander,Santander_0099,0.02072475105524063
855,"For Santander, does the year‑end 2024 Group headcount breakdown provide gender disaggregation beyond male/female for each management tier, and what are the recorded Group totals for the 'Others' and the undisclosed (Not declared) categories within Senior executives, Other executives, and Other employees?",,Santander,Santander_0100,0.020939579233527184
856,"Per the CSRD-defined metric disclosed, what consolidated percentage of Santander employees are covered by collective bargaining agreements within the stated reporting scope?",,Santander,Santander_0103,0.01980461273342371
857,"For ESRS-aligned health and safety reporting, does Santander specify the number of employee fatalities arising from workplace accidents or occupational disease in 2024, broken down by men and women, and what figures are reported?",,Santander,Santander_0111,0.020029627718031406
858,Has Santander delineated the reporting boundary for its occupational accident indicators by restricting the scope to employees and expressly leaving out Santander Bank Polska S.A. from the accident-rate calculations?,,Santander,Santander_0112,0.02003195509314537
859,"Does Santander state that the reported complaint totals are calculated using a single, harmonised methodology applied consistently across all geographies?",,Santander,Santander_0117,0.019855969585478306
860,"For purposes of explaining period-over-period variances, does Santander attribute the 2024 uplift in the total number of people supported through its other local initiatives to changes in counting scope or methodology, and does it specify the nature of those changes?",,Santander,Santander_0125,0.020371600054204464
861,"Within this disclosure, does Santander confirm that its employee age categories were revised to conform to CSRD-defined groupings?",,Santander,Santander_0130,0.019800451584160328
862,"For ESRS-aligned assurance disclosure, does Santander confirm that its sustainability report was subject to a limited-assurance engagement by an independent external party?",,Santander,Santander_0137,0.01989559270441532
863,"According to its sustainability strategy disclosure, has Societe Generale, following its ESRS-based assessment, delineated separate business models for (i) banking and insurance and (ii) specialised mobility and real estate development activities?",,Societe Generale,Societe_Generale_0003,0.020478463731706142
864,"Regarding the delegated disclosures for transitional activities in natural gas and nuclear energy, does Societe Generale publish the full set of templates for each applicable Taxonomy KPI, or has it restricted its publication to the template pack corresponding to the Green Asset Ratio (GAR) stock?",,Societe Generale,Societe_Generale_0006,0.02082792855799198
865,"For its strategy-resilience climate scenario analysis, does Societe Generale disclose the key sources of estimation uncertainty in its stress testing (such as extended time horizons, scarce historical evidence, data reliability gaps, evolving methodologies, and challenges in mapping climate drivers to risk categories)?",,Societe Generale,Societe_Generale_0008,0.020763946697115898
866,"For ESRS-compliant governance of transition plans, does Societe Generale evidence formal approval of its climate transition plan by its Board of Directors, including the date of that approval?",,Societe Generale,Societe_Generale_0009,0.019956011325120926
867,"Does Societe Generale operate a structured E&S due‑diligence process for climate‑related impacts on clients and dedicated transactions, with clear first‑line ownership, second‑line (Risk/Compliance) review, and defined escalation to Group steering committees?",,Societe Generale,Societe_Generale_0010,0.020108552649617195
868,"For Societe Generale, in the context of Scope 3 Category 15 (financed and investment-related emissions), does the sustainability statement explicitly present counterparties’ absolute Scope 3 emissions for loans and investments in a separate disclosure and confirm that these indirect figures are not included in the consolidated emissions summary table?",,Societe Generale,Societe_Generale_0011,0.021023079752922058
869,"Specify which forward-looking climate pathways and the respective short-, medium-, and long-term assessment periods Societe Generale states it applies when quantifying climate-related risks.",,Societe Generale,Societe_Generale_0012,0.01986581552773714
870,"For ESRS S1 health and safety metrics, has Societe Generale stated the 2024 proportion of its workforce covered by an OH&S system and, within that, the percentage under an audited system?",,Societe Generale,Societe_Generale_0015,0.019991664215922356
871,"For ESRS-relevant due diligence disclosures, does Societe Generale indicate that placing a client, project or transaction on its E&S identification list results in heightened review within the credit approval process?",,Societe Generale,Societe_Generale_0020,0.01999181415885687
872,"For ESRS process compliance, has Societe Generale completed the mandatory consultation with its Social and Economic Committee required by Article L.2312-17 of the French Labour Code in connection with determining the sustainability information to be reported?",,Societe Generale,Societe_Generale_0024,0.02015314530581236
873,"For ESRS governance disclosures, does Societe Generale indicate that its duty of care plan receives an annual review by top management and is incorporated into the Board’s Management Report published via the Universal Registration Document?",,Societe Generale,Societe_Generale_0026,0.019425918348133564
874,"For the suppliers and subcontractors perimeter, can Societe Generale demonstrate that it quantified the share of procurement outlays allocated to sourcing categories rated as high and as medium‑high inherent environmental and social risk, and specify those percentages?",,Societe Generale,Societe_Generale_0027,0.020135092549026012
875,"Does Societe Generale operate a risk‑based, recurring Know Your Supplier review that begins at supplier onboarding and continues at defined intervals throughout the contract for vendors linked to high‑value or sensitive procurement, and when was this enhancement introduced?",,Societe Generale,Societe_Generale_0028,0.02010283712297678
876,"For ESRS supplier due‑diligence disclosures, can Societe Generale evidence that all sourcing categories rated as high or medium‑high environmental and social risk are subject to mandatory, pre‑defined E&S clauses for inclusion in tender documentation?",,Societe Generale,Societe_Generale_0031,0.020170997828245163
877,"Within Societe Generale’s E&S risk control framework, is an ESG exclusion‑list screening carried out by all relevant Business Units before initiating any new corporate‑client relationship?",,Societe Generale,Societe_Generale_0032,0.0199704235419631
878,"For the 2024 reporting year, does Swedbank declare that it is applying ESRS phase-in relief and identify the specific disclosure requirements that are being deferred?",,Swedbank,Swedbank_0004,0.019897877238690853
879,Did Swedbank specify whether the 2024 restructuring (establishing a Premium and Private Banking Business Area and moving certain corporate customers to Corporates and Institutions) led to any change in its business model or overarching strategy for the reporting year?,,Swedbank,Swedbank_0007,0.02133690658956766
880,"For ESRS-aligned EU Taxonomy disclosures, has Swedbank clarified whether sustainability-linked loans that meet EU Taxonomy requirements are included within its EU Taxonomy reporting scope?",,Swedbank,Swedbank_0010,0.01991071179509163
881,"For ESRS-aligned reporting that incorporates EU Taxonomy indicators, does Swedbank disclose its 2024 assets under management that qualify as Taxonomy-aligned separately on a revenue-based and a capital-expenditure basis, and what figures are reported?",,Swedbank,Swedbank_0011,0.020216469652950764
882,"For purposes of SBM-3, has Swedbank established a formal, documented mechanism to assess how identified material impacts, risks and opportunities influence its strategy, business model, value chain and decision-making?",,Swedbank,Swedbank_0015,0.019987108185887337
883,"Under Swedbank’s ESRS-aligned double materiality methodology, is the determination of financial materiality grounded in an appraisal of the likelihood and financial magnitude of identified risks and opportunities?",,Swedbank,Swedbank_0018,0.020074927248060703
884,"For ESRS compliance on integrating material impacts into governance and risk processes, does Swedbank describe a defined procedure to embed the identified sustainability impacts from its materiality assessment into its established risk management framework?",,Swedbank,Swedbank_0019,0.020829112268984318
885,Has Swedbank established whether its operations are located in biodiversity‑sensitive areas?,,Swedbank,Swedbank_0021,0.02049112133681774
886,"Has Swedbank specified the exact year ranges it applies to classify short-, medium-, and long-term horizons in its summary of opportunities?",,Swedbank,Swedbank_0024,0.01976600382477045
887,"For the 2024 reporting year, does Swedbank present a distinct disclosure explaining how the Board of Directors and the CEO, acting via the Group Executive Committee, weighed trade-offs in major transaction decisions in relation to sustainability impacts, risks and opportunities?",,Swedbank,Swedbank_0027,0.020194347016513348
888,"For ESRS GOV-3 disclosure, does Swedbank state that climate-related performance criteria affect the remuneration of its Board of Directors and Group Executive Committee?",,Swedbank,Swedbank_0028,0.019970757886767387
889,Does Swedbank’s due diligence statement show that the step covering the detection and evaluation of adverse impacts is aligned with ESRS IRO-1 and SBM-3?,,Swedbank,Swedbank_0029,0.019948631525039673
890,"For ESRS value-chain disclosures, does Swedbank keep a consolidated classification of its governance documents that distinguishes coverage of upstream versus downstream activities for reporting purposes?",,Swedbank,Swedbank_0031,0.019994370639324188
891,Has Swedbank specified that its consolidated EU Taxonomy KPI is computed using segment-based weighting tied to each business line’s contribution to Group net income?,,Swedbank,Swedbank_0032,0.019900870509445667
892,"For loans secured by residential property, does Swedbank classify them as Taxonomy‑aligned only when both prerequisites are met: the collateral satisfies the applicable energy‑performance threshold determined by the building’s construction date, and a climate risk assessment for the collateral shows low risk?",,Swedbank,Swedbank_0035,0.020129653625190258
893,Has Swedbank quantified what portion of its corporate loan book is to companies covered by NFRD/CSRD that provide EU Taxonomy disclosures?,,Swedbank,Swedbank_0036,0.019804331474006176
894,"For ESRS governance disclosure on climate transition planning, does Swedbank demonstrate that its lending‑portfolio transition plan has formal executive approval and board‑level oversight?",,Swedbank,Swedbank_0040,0.019963784143328667
895,"For ESRS transition-plan disclosures, does Swedbank state that its climate transition plan is embedded in its financial planning and budgeting processes?",,Swedbank,Swedbank_0041,0.01958813425153494
896,"For Swedbank, do the governing documents that direct climate action within asset management have explicit senior-level approval and an at-least annual review cadence?",,Swedbank,Swedbank_0042,0.019820586778223515
897,"Within its climate policy framework, has Swedbank established explicit limitations regarding fossil-fuel related activities as part of its greenhouse-gas mitigation approach?",,Swedbank,Swedbank_0048,0.019752949476242065
898,"For ESRS-consistent climate disclosures, does Swedbank state that it performs a quantified assessment and ongoing monitoring of the specific drivers of greenhouse gas reductions underlying its Climate Transition Plan?",,Swedbank,Swedbank_0051,0.019936779513955116
899,"For ESRS target boundary clarity, does Swedbank specify the transaction perimeter to which its ambition of at least 40 percent ESG bonds applies?",,Swedbank,Swedbank_0052,0.019807761535048485
900,"For ESRS-aligned target disclosures, what reference year has Swedbank set for its oil and gas financed‑emissions reduction objective?",,Swedbank,Swedbank_0060,0.019775202497839928
901,Does Swedbank consistently define which greenhouse-gas emission scopes are covered by its power generation financed-emission intensity target within this disclosure?,,Swedbank,Swedbank_0061,0.01972984801977873
902,"For its steel-sector financed-emissions intensity target, has Swedbank specified the base year, provided the rationale for choosing it, and disclosed any restatement of that baseline due to methodological updates?",,Swedbank,Swedbank_0062,0.02001496497541666
903,"For ESRS-style transparency on the perimeter of decarbonisation targets, does Swedbank disclose what share of its financed emissions are captured by its targets when applying its sector-specific scope design (scopes 1 and 2 for all sectors, plus scope 3 for oil & gas and the automotive industry)?",,Swedbank,Swedbank_0064,0.020984155125916004
904,"Within its disclosure, has Swedbank specified a sector-wide prerequisite for meeting its financed‑emissions climate targets, namely the elimination of fossil fuel use across all sectors?",,Swedbank,Swedbank_0065,0.01993229240179062
905,"For purposes of ESRS E1 target-setting transparency, does Swedbank specify the climate scenario used to calibrate its asset management decarbonisation targets?",,Swedbank,Swedbank_0067,0.01989978551864624
906,"For ESRS E1 target disclosures, does Swedbank specify whether the achievement of its own-operations GHG reduction target will rely on offsets (carbon credits)?",,Swedbank,Swedbank_0069,0.01996021904051304
907,"In its Scope 1 methodology, does Swedbank specify how it estimates emissions for smaller branches that did not submit activity data, including the allocation keys used and the underlying intensity metrics?",,Swedbank,Swedbank_0071,0.019838607870042324
908,"Within Swedbank’s financed-emissions methodology for business lending, does the bank set a control on the maximum age of the annual financial and GHG datasets used, and what is that limit?",,Swedbank,Swedbank_0086,0.020007546059787273
909,"In evaluating Swedbank’s Swedish real estate approach for Tenant Owner Associations, has the bank specified a built-in safeguard to avert double counting within its calculation?",,Swedbank,Swedbank_0087,0.01993870548903942
910,"Within its Scopes 1–3 disclosure, does Swedbank present operational emissions targets broken down by scope, or are they provided only as aggregate absolute figures?",,Swedbank,Swedbank_0095,0.01980604976415634
911,"For ESRS-compliant scoping of indirect emissions, does Swedbank specify which Scope 3 categories are treated as non-material and therefore excluded from its reported Scope 1–3 greenhouse gas totals?",,Swedbank,Swedbank_0097,0.01999877393245697
912,"Within its sectoral lending disclosure, has Swedbank specified the basis for calculating the “company-/asset-specific data (%)” metric, including which PCAF quality score ranges qualify as company-specific for Business loans and as asset-specific for other sectors?",,Swedbank,Swedbank_0100,0.020205270498991013
913,"Within Swedbank’s 2024 disclosure for its business loans book, what proportion of the total gross carrying amount is derived from entity-specific (counterparty/asset-level) data at the portfolio level?",,Swedbank,Swedbank_0107,0.020050758495926857
914,"For ESRS 2 SBM-3 purposes, does Swedbank’s description of workforce-related impacts, risks and opportunities explicitly extend the population in scope beyond its direct employees to include individuals engaged through consultancies, staffing agencies, or as independent contractors performing assignments for the Group?",,Swedbank,Swedbank_0114,0.020212753675878048
915,Has Swedbank recognised that non-compliance with equal pay obligations could trigger regulatory sanctions or litigation risk within its workforce equity agenda?,,Swedbank,Swedbank_0115,0.019730769097805023
916,"Does Swedbank disclose that it operates a structured work-environment management cycle—comprising periodic reviews, risk analyses, remedial actions, and follow-up—applied across its operations?",,Swedbank,Swedbank_0118,0.02004650328308344
917,"Within Swedbank’s governance structure, has top-level accountability for implementing Diversity, Equity and Inclusion been expressly assigned to an executive leader rather than left solely to local management?",,Swedbank,Swedbank_0119,0.020004800520837307
918,"For ESRS S1-2 purposes, does Swedbank specify that when one-to-one discussions uncover a potential negative effect on an employee’s health or working conditions, the responsible manager is obliged to take remedial steps under the Work Environment Directive?",,Swedbank,Swedbank_0120,0.02014005184173584
919,"For ESRS-aligned disclosures on workforce privacy, does Swedbank identify the internal role charged with supervising compliance with personal data obligations for employees, and who holds that responsibility?",,Swedbank,Swedbank_0123,0.019970284774899483
920,"In its work-injury section, does Swedbank affirm that, as the employer, it operates an ongoing control to manage the workplace environment by continuously implementing actions to lower risks to employee health?",,Swedbank,Swedbank_0125,0.019961324520409107
921,Does Swedbank’s disclosure evidence that it evaluates the effectiveness of its whistleblowing channels by confirming ongoing accessibility and maintaining direct communication with reporters?,,Swedbank,Swedbank_0126,0.01978379860520363
922,"Does Swedbank explicitly acknowledge a dependency on its own workforce by stating that the bank’s long-term development and growth rely on its ability to keep, motivate, and recruit qualified staff, including employees with specialist skills, as key success factors for the Group?",,Swedbank,Swedbank_0128,0.020115552470088005
923,"Within the ‘equal pay for equal work’ topic, has Swedbank stated that it operates a recurring control to review remuneration parity (specifically, a yearly pay‑equity mapping) across its employees?",,Swedbank,Swedbank_0136,0.020063663832843304
924,"For ESRS-aligned reporting on diversity and inclusion outcomes, does Swedbank specify which quantitative indicators it uses to assess whether its inclusion initiatives are effective?",,Swedbank,Swedbank_0137,0.01973711885511875
925,"For worker data protection under ESRS, does Swedbank carry out a recurring, group-wide GDPR compliance assessment, and what are its cadence and the populations it covers?",,Swedbank,Swedbank_0138,0.020198943093419075
926,"For ESRS-aligned occupational health and safety governance, has Swedbank established a quarterly review by its central health and safety committee that obliges each business unit to submit its most significant work environment risks along with a mitigation plan?",,Swedbank,Swedbank_0139,0.0200875336304307
927,"During the reporting year, did Swedbank indicate any modifications to the framework underpinning its own‑workforce targets—such as indicators, measurement approaches, key assumptions, baseline year, scope limitations, data‑collection processes, or data sources?",,Swedbank,Swedbank_0140,0.02009626291692257
928,"For ESRS S1-6 disclosures on its own workforce, what specific control procedures does Swedbank apply to ensure the headcount data set is complete and internally consistent prior to publication?",,Swedbank,Swedbank_0141,0.020027868449687958
929,"Within its S1-8 disclosure on collective bargaining coverage and social dialogue, does Swedbank explicitly state whether any assumptions were used when compiling the reported proportions for coverage and employee representation?",,Swedbank,Swedbank_0142,0.01981909479945898
930,"For ESRS S1-9 purposes, does Swedbank state that its reported gender figures are derived from official records rather than from employees’ self-identification?",,Swedbank,Swedbank_0143,0.0200322438031435
931,"Does Swedbank operate a yearly control to confirm that employee remuneration reaches at least a nationally defined reference wage in each country of operation, based on independent market pay benchmarks?",,Swedbank,Swedbank_0144,0.019990059547126293
932,"In its S1-15 work-life balance reporting, does Swedbank explicitly set out the computation basis and estimation applied for parental-leave utilisation—namely that the rate is the percentage of eligible employees who used parental leave, split by legal sex (male/female), calculated with a 31 December 2024 cut-off, and that all staff outside home markets who were on leave at that date are presumed to be on parental leave?",,Swedbank,Swedbank_0147,0.0217051412910223
933,"Within its S1-16 remuneration reporting, does Swedbank describe a formal mechanism to obtain remuneration data for a legal entity when such data are missing from its HR/finance systems?",,Swedbank,Swedbank_0148,0.02015604078769684
934,"Within its S4 Consumers and end-users narrative, does Swedbank explicitly direct readers to its IRO-1 disclosure on processes for identifying and assessing material impacts, risks and opportunities to substantiate the materiality determination of information-related effects on consumers and/or end-users?",,Swedbank,Swedbank_0149,0.020147292874753475
935,Has Swedbank’s materiality assessment determined that information-related impacts on consumers and end-users—particularly the management of sensitive customer data—are material for the bank?,,Swedbank,Swedbank_0150,0.01998255029320717
936,"Within its ESRS-aligned sustainability reporting, does Swedbank disclose a quantitative indicator that counts reported instances in its downstream value chain where consumers or end-users experienced departures from internationally recognised human rights guidance related to personal data?",,Swedbank,Swedbank_0152,0.020060223527252674
937,"Following a breach of personal data rules, does Swedbank’s procedure specify both the timeframe for notifying affected customers and the acceptable communication channels for that notification?",,Swedbank,Swedbank_0153,0.01988205313682556
938,"For ESRS governance disclosures on oversight of personal data, does Swedbank state the frequency with which its Data Protection Officer reports to the Board?",,Swedbank,Swedbank_0159,0.019783166237175465
939,Does Swedbank’s disclosure demonstrate compliance with binding complaint-handling timelines by confirming that grievances are dealt with within a 14-day period and that customers are notified within the same timeframe when additional investigation time is required?,,Swedbank,Swedbank_0160,0.02009701356291771
940,"For ESRS-aligned business conduct disclosures, does Swedbank operate a formal control that obliges every employee to provide an annual attestation to having reviewed the Code of Conduct, with completion monitored through a defined performance metric?",,Swedbank,Swedbank_0164,0.020746623165905476
941,"For ESRS disclosures on business conduct in the value chain, does Swedbank describe a procurement control that obliges suppliers to commit to its ethical standards and specify how any non-compliance is escalated?",,Swedbank,Swedbank_0165,0.020925816148519516
942,"Within Swedbank’s governance arrangements, is the Board of Directors routinely briefed on whistleblowing activity, and at what interval are those updates provided?",,Swedbank,Swedbank_0166,0.020006258971989155
943,"Does Swedbank disclose whether it has earmarked any distinct operating or capital spending for its sustainability action plans, or instead indicate that such costs are absorbed within routine operations?",,Swedbank,Swedbank_0167,0.019882642664015293
944,"For ESRS-oriented supplier governance disclosures, does Swedbank state that a supplier’s non-compliance with its Supplier Code of Conduct is treated as a significant contractual breach that can result in termination of the business relationship?",,Swedbank,Swedbank_0170,0.02010685671120882
945,"Does Swedbank disclose any ring-fenced operating or capital expenditure dedicated to sustainability action plans, or does it state that such outlays are embedded in routine operating costs?",,Swedbank,Swedbank_0171,0.019847918301820755
946,What is the planned completion period for Swedbank’s enterprise-wide bribery and corruption risk assessment that will be reported to the Group Executive Committee?,,Swedbank,Swedbank_0173,0.01976923644542694
947,"For the 2024 reporting year, did Swedbank disclose that it had no data on employee convictions or monetary sanctions for bribery and corruption, and did it attribute this data gap to the absence of systematic tracking?",,Swedbank,Swedbank_0175,0.020215368829667568
948,"For ESRS G1-6 on payment practices, has Swedbank disclosed the criterion used to classify suppliers as small or medium-sized enterprises for the reported payment KPIs?",,Swedbank,Swedbank_0176,0.019969996064901352
949,"Has Swedbank, in line with ESRS double‑materiality expectations, designated financial crime as a material, entity‑specific topic based on a process that relied on internal expert judgment, stakeholder feedback (including analyses and surveys), and consideration of prior money‑laundering shortcomings?",,Swedbank,Swedbank_0180,0.0208191042765975
950,"For ESRS reporting on governance and controls, does Swedbank state that a specific directive on financial sanctions prescribes the internal controls and measures necessary to ensure compliance and mitigate identified sanctions risks?",,Swedbank,Swedbank_0182,0.019959992729127407
951,"For ESRS-aligned disclosure on sanctions compliance controls, does Swedbank state that it screens both client relationships and transaction flows against financial sanctions lists?",,Swedbank,Swedbank_0185,0.019931472837924957
952,"For ESRS governance and action-plan purposes, has Swedbank identified a specific internal programme that is accountable for monitoring progress toward its objective of lowering customer fraud losses?",,Swedbank,Swedbank_0186,0.019807107746601105
953,"For ESRS-aligned metrics-and-targets disclosure, does Swedbank present quantified, results-based targets and time-trend progress to evidence the effectiveness of its financial crime controls?",,Swedbank,Swedbank_0187,0.019632495939731598
954,Does Swedbank’s 2024 Sustainability Report satisfy ESRS 2 IRO‑2 by providing a cross-reference that identifies which ESRS disclosure topics are included in its sustainability statement?,,Swedbank,Swedbank_0188,0.019968128763139248
955,"For 2024, identify the total gross carrying amount that Swedbank reports as exposures excluded from the Green Asset Ratio numerator but still included in its denominator.",,Swedbank,Swedbank_0190,0.019906215369701385
956,"In Swedbank’s 2024 GAR turnover-based NACE sector disclosure, is the environmentally sustainable portion for NACE 49.50 (Transport via pipeline) explicitly quantified, and if so, what amount is reported?",,Swedbank,Swedbank_0191,0.02012483961880207
957,"For the 2024 period, does Swedbank disclose Green Asset Ratio (GAR) KPI stock under both turnover-based and capex-based methodologies, and do these tables explicitly state that the calculation is limited to assets counted in both the numerator and the denominator?",,Swedbank,Swedbank_0192,0.02077387273311615
958,"In Swedbank’s 2024 turnover-based GAR KPI total table, what percentage of total assets is stated as covered by the GAR calculation (i.e., assets included in both the numerator and the denominator)?",,Swedbank,Swedbank_0193,0.020023164339363575
959,"Within its 2024 EU Taxonomy KPI disclosures, does Swedbank indicate that the key ratios for the Fees and commissions and Trading portfolio segments are not yet provided and specify that their initial publication will occur in the 2025 Annual Report?",,Swedbank,Swedbank_0195,0.02022799290716648
960,"In its 2024 non-life underwriting KPI disclosure, does Swedbank state the current-year absolute premium amount and corresponding percentage for activities that are EU Taxonomy-eligible but do not meet alignment criteria, and what values are reported?",,Swedbank,Swedbank_0198,0.020162422209978104
961,"For 2024, does Swedbank disclose the capex-based denominator (gross amount and share of total) for Taxonomy‑aligned activities not covered by rows 1–6 within its Green ratio for Life insurance under the combined climate objectives (CCM+CCA), and if so, what figures are reported?",,Swedbank,Swedbank_0199,0.020932381972670555
962,"Within Swedbank’s 2024 capex-based presentation of taxonomy-eligible yet not taxonomy-aligned activities, does the bank quantify its exposure to electricity production from fossil gas under the Green ratio for financial guarantees (combined climate objectives), and if so, what gross amount and percentage are reported?",,Swedbank,Swedbank_0201,0.020655497908592224
963,"For ESRS governance and control disclosures, does UniCredit state that its Sustainability Reporting Manager provides recurring briefings to both the Board meeting on the consolidated annual financial statements and the Audit Committee, covering the sustainability reporting control system, identified deficiencies, remediation progress, and an attestation confirming regulatory conformity?",,UniCredit,UniCredit_0006,0.021147619001567364
964,"Under UniCredit’s IRO-1 methodology, does the bank apply a scoring adjustment that gives primacy to the gravity of potential human-rights harms over their probability, so that these items attain a higher rank in the final materiality outcome?",,UniCredit,UniCredit_0008,0.02022107969969511
965,"For ESRS-compliant transparency on climate scenario analysis, where does UniCredit state that the disclosure evidencing alignment between the climate scenarios it applies and the key climate-related assumptions reflected in its financial statements can be found?",,UniCredit,UniCredit_0009,0.020114975050091743
966,"Under its ESRS double materiality assessment, did UniCredit classify the pollution topic as non-material while considering the other environmental themes to be material?",,UniCredit,UniCredit_0010,0.020959321409463882
967,"Within its IRO-2 content index, does UniCredit demonstrate coverage of ESRS GOV-5 (risk oversight and internal control framework for sustainability reporting) and indicate the location of that disclosure?",,UniCredit,UniCredit_0013,0.02100321277976036
968,"For UniCredit’s civil nuclear sector rules, does the disclosure identify which internal body formally endorses the sensitive-sector guidelines and confirm that these rules bind UniCredit S.p.A. and all Group legal entities under the Operational Risk Oversight model?",,UniCredit,UniCredit_0018,0.02133492659777403
969,"For ESRS policy disclosure, does UniCredit expressly state that it will not provide financing for controversial armaments and nuclear weapons within its defence-sector framework?",,UniCredit,UniCredit_0020,0.020721969194710255
970,"Does UniCredit disclose the approving authority, the enterprise-wide scope, and the internal oversight framework for its tobacco sector commitment, as required for governance transparency under ESRS-style policy disclosures?",,UniCredit,UniCredit_0023,0.01992324646562338
971,"For ESRS-consistent disclosures on biodiversity governance, does UniCredit state which stakeholder constituencies informed the development of its Natural Capital and biodiversity statement?",,UniCredit,UniCredit_0025,0.01967524364590645
972,"Within UniCredit’s ESG Product Guidelines, is each UniCredit legal entity expressly obligated to establish its own procedures to validate the ESG characteristics of deals and products?",,UniCredit,UniCredit_0026,0.019882882945239544
973,"For UniCredit, is there a Group-wide People & Culture policy instrument that applies to all legal entities and foreign branches and is expressly intended to secure regulatory compliance and uniform human resources practices across the Group?",,UniCredit,UniCredit_0030,0.019941503182053566
974,"Within UniCredit, does the internal hiring policy expressly require adherence to applicable employment legislation and regulatory requirements as part of the recruitment framework?",,UniCredit,UniCredit_0031,0.019808133132755756
975,"For ESRS policy disclosures on workforce development, does UniCredit specify the organisational coverage of its Training and Education Guidelines, indicating they currently apply to UniCredit S.p.A. and are planned for roll-out to the Group’s legal entities?",,UniCredit,UniCredit_0032,0.0210151644423604
976,"Under ESRS expectations for workforce protection, does UniCredit confirm that its anti-harassment framework shields individuals who report misconduct—whether employees or third parties—from retaliatory treatment?",,UniCredit,UniCredit_0033,0.031160257756710052
977,"For UniCredit’s ESRS-aligned governance disclosures on conduct policies, does the report confirm that the Code of Conduct has formal sign-off at Board level?",,UniCredit,UniCredit_0037,0.020202246494591236
978,Has UniCredit designated a specific internal function with responsibility for implementing and updating its group tax strategy policy?,,UniCredit,UniCredit_0038,0.020524553954601288
979,"Within UniCredit’s anti-bribery and anti-corruption framework, is there a requirement that each UniCredit group legal entity applies the stricter local legal obligations whenever these are more demanding than the policy’s principles?",,UniCredit,UniCredit_0040,0.021953829564154148
980,"Under ESRS governance reporting on business conduct, has UniCredit specified which internal function holds accountability for implementing its anti-fraud policy across the Group?",,UniCredit,UniCredit_0041,0.020123652182519436
981,"For ESRS boundary-setting on value chain due diligence, does UniCredit indicate that its supplier vetting process and counterparty checks are only applied to purchases conducted centrally by Group Procurement, with purchases managed outside that function potentially excluded?",,UniCredit,UniCredit_0042,0.019648469053208828
982,"For ESRS policy disclosures, does UniCredit’s expenditure governance require application of the more stringent local legal provisions where these are stricter than the Group’s internal principles?",,UniCredit,UniCredit_0043,0.019587961956858635
983,Has UniCredit stated that exposures to counterparties not subject to mandatory non-financial reporting are excluded from its green asset ratio computation?,,UniCredit,UniCredit_0046,0.019408510997891426
984,"For ESRS governance reporting, does UniCredit identify a specific internal function as accountable for executing its anti-fraud policy across all Group entities?",,UniCredit,UniCredit_0050,0.01947367936372757
985,"For UniCredit, is there an ongoing post-qualification monitoring mechanism that alerts the bank to supplier risk incidents or changes in third‑party risk scores?",,UniCredit,UniCredit_0051,0.019399277865886688
986,"When a counterparty’s NFRD filing does not separate its Taxonomy KPIs between climate change mitigation and climate change adaptation, which presentation approach does UniCredit apply for those figures in its EU Taxonomy KPI tables?",,UniCredit,UniCredit_0057,0.01966086681932211
987,"For household-collateralised lending in Italy, does UniCredit state that properties built before 31 December 2020 are assessed for taxonomy alignment against a regional benchmark representing the most energy-efficient 15% of the building stock?",,UniCredit,UniCredit_0058,0.019750704057514668
988,"In UniCredit’s AuM KPI disclosure, does the bank state that the headline AuM covers all fund asset classes while the debt and equity subtotals include only those categories recognized by its third‑party data vendor, thereby accounting for situations where the headline exceeds the combined subtotals?",,UniCredit,UniCredit_0060,0.020523039624094963
989,"In UniCredit’s 31.12.2024 GAR KPI flow (capex-based) disclosure, does the bank make clear that the Green Asset Ratio is computed using the same set of covered assets for both the numerator and the denominator?",,UniCredit,UniCredit_0068,0.020352250896394253
990,"For UniCredit, does the capex-based off-balance-sheet KPI (as a percentage of total eligible off-balance-sheet assets) report, within the climate change mitigation (CCM) objective for financial guarantees, the portion of the taxonomy-aligned amount designated as transitional activities?",,UniCredit,UniCredit_0070,0.020408730022609234
991,"Under the capex-based off-balance-sheet exposure flow metric as of 31.12.2024, what share of UniCredit’s taxonomy-aligned financial guarantee exposures is designated as transitional?",,UniCredit,UniCredit_0072,0.022093220613896847
992,"For ESRS E1-3 on actions and resources, has UniCredit identified the specific consolidated financial statement line where the capital expenditures for its climate action plan (primarily ICT-related) are recognised?",,UniCredit,UniCredit_0090,0.019579563289880753
993,"Within UniCredit’s Strategy disclosure, does UniCredit clearly state that its 2024 exercise to identify industries with the highest exposure to nature-related risks remains at a preliminary stage due to limited data availability?",,UniCredit,UniCredit_0096,0.02011583000421524
994,"Under ESRS E5-3, does UniCredit state that it is relying on a transitional provision and, as a consequence, has not set quantitative targets for resource efficiency and circularity in its financed portfolio?",,UniCredit,UniCredit_0099,0.020281106233596802
995,"Under ESRS S1-17 paragraph 104, did UniCredit report whether any severe human rights incidents occurred in 2024?",,UniCredit,UniCredit_0103,0.019783807918429375
996,"For ESRS S3-3, does UniCredit state that it has put in place formal grievance channels for affected communities and defined remediation procedures for community-related adverse impacts?",,UniCredit,UniCredit_0108,0.019904700107872486
997,"Under ESRS S3-5, does UniCredit disclose that it currently has no defined targets to enhance positive community outcomes or to pursue material opportunities, and attribute this to the fact that it has not yet measured the positive impacts generated by its activities?",,UniCredit,UniCredit_0111,0.020418139174580574
998,"For UniCredit, are key performance indicators on cyber incidents formally adopted as ESG targets, or are they stated to be used only for internal monitoring purposes?",,UniCredit,UniCredit_0112,0.020135805942118168
999,"For ESRS G1-6 on payment practices, does UniCredit disclose the statistical confidence level applied when it sampled invoices because a full-population analysis was not feasible?",,UniCredit,UniCredit_0116,0.02050788514316082
