dataset,result_file,method,model,variant,top_m,doc_name,n_queries,accuracy_at_1,hit_at_5,mrr_at_5,document_accuracy_at_1,avg_latency_seconds,avg_top1_latency_seconds,avg_top5_latency_seconds,avg_input_tokens,avg_output_tokens,avg_total_tokens,avg_top1_input_tokens,avg_top1_output_tokens,avg_top1_total_tokens,avg_top5_input_tokens,avg_top5_output_tokens,avg_top5_total_tokens,successful_rows,accuracy_at_1_pct,hit_at_5_pct,mrr_at_5_pct,document_accuracy_at_1_pct
FinanceBench,bm25_query_results.jsonl,BM25,–,standard,,3M_2018_10K,2,0.0,0.0,0.0,0.0,0.043039499999999994,0.043039499999999994,0.043039499999999994,0.0,0.0,0.0,0.0,0.0,0.0,0.0,0.0,0.0,2,0.0,0.0,0.0,0.0
FinanceBench,bm25_query_results.jsonl,BM25,–,standard,,3M_2022_10K,2,0.0,0.5,0.25,0.5,0.025301999999999998,0.025301999999999998,0.025301999999999998,0.0,0.0,0.0,0.0,0.0,0.0,0.0,0.0,0.0,2,0.0,50.0,25.0,50.0
FinanceBench,bm25_query_results.jsonl,BM25,–,standard,,3M_2023Q2_10Q,3,0.0,0.0,0.0,0.0,0.02381,0.02381,0.02381,0.0,0.0,0.0,0.0,0.0,0.0,0.0,0.0,0.0,3,0.0,0.0,0.0,0.0
FinanceBench,bm25_query_results.jsonl,BM25,–,standard,,ADOBE_2016_10K,1,0.0,0.0,0.0,0.0,0.041713,0.041713,0.041713,0.0,0.0,0.0,0.0,0.0,0.0,0.0,0.0,0.0,1,0.0,0.0,0.0,0.0
FinanceBench,bm25_query_results.jsonl,BM25,–,standard,,ADOBE_2022_10K,2,0.0,0.0,0.0,0.0,0.021809000000000002,0.021809000000000002,0.021809000000000002,0.0,0.0,0.0,0.0,0.0,0.0,0.0,0.0,0.0,2,0.0,0.0,0.0,0.0
FinanceBench,bm25_query_results.jsonl,BM25,–,standard,,AES_2022_10K,1,0.0,0.0,0.0,0.0,0.035765,0.035765,0.035765,0.0,0.0,0.0,0.0,0.0,0.0,0.0,0.0,0.0,1,0.0,0.0,0.0,0.0
FinanceBench,bm25_query_results.jsonl,BM25,–,standard,,AMAZON_2017_10K,1,0.0,0.0,0.0,0.0,0.04356,0.04356,0.04356,0.0,0.0,0.0,0.0,0.0,0.0,0.0,0.0,0.0,1,0.0,0.0,0.0,0.0
FinanceBench,bm25_query_results.jsonl,BM25,–,standard,,AMAZON_2019_10K,1,0.0,0.0,0.0,0.0,0.031301,0.031301,0.031301,0.0,0.0,0.0,0.0,0.0,0.0,0.0,0.0,0.0,1,0.0,0.0,0.0,0.0
FinanceBench,bm25_query_results.jsonl,BM25,–,standard,,AMCOR_2020_10K,1,0.0,0.0,0.0,0.0,0.04331,0.04331,0.04331,0.0,0.0,0.0,0.0,0.0,0.0,0.0,0.0,0.0,1,0.0,0.0,0.0,0.0
FinanceBench,bm25_query_results.jsonl,BM25,–,standard,,AMCOR_2022_8K_dated-2022-07-01,1,0.0,0.0,0.0,0.0,0.019525,0.019525,0.019525,0.0,0.0,0.0,0.0,0.0,0.0,0.0,0.0,0.0,1,0.0,0.0,0.0,0.0
FinanceBench,bm25_query_results.jsonl,BM25,–,standard,,AMCOR_2023Q2_10Q,1,0.0,0.0,0.0,0.0,0.017875,0.017875,0.017875,0.0,0.0,0.0,0.0,0.0,0.0,0.0,0.0,0.0,1,0.0,0.0,0.0,0.0
FinanceBench,bm25_query_results.jsonl,BM25,–,standard,,AMCOR_2023Q4_EARNINGS,2,0.0,0.0,0.0,0.5,0.026737999999999998,0.026737999999999998,0.026737999999999998,0.0,0.0,0.0,0.0,0.0,0.0,0.0,0.0,0.0,2,0.0,0.0,0.0,50.0
FinanceBench,bm25_query_results.jsonl,BM25,–,standard,,AMCOR_2023_10K,4,0.0,0.0,0.0,0.25,0.0243,0.0243,0.0243,0.0,0.0,0.0,0.0,0.0,0.0,0.0,0.0,0.0,4,0.0,0.0,0.0,25.0
FinanceBench,bm25_query_results.jsonl,BM25,–,standard,,AMD_2022_10K,7,0.42857142857142855,0.7142857142857143,0.5238095238095238,0.7142857142857143,0.020809285714285714,0.020809285714285714,0.020809285714285714,0.0,0.0,0.0,0.0,0.0,0.0,0.0,0.0,0.0,7,42.857142857142854,71.42857142857143,52.38095238095239,71.42857142857143
FinanceBench,bm25_query_results.jsonl,BM25,–,standard,,AMERICANEXPRESS_2022_10K,7,0.14285714285714285,0.14285714285714285,0.14285714285714285,0.7142857142857143,0.02195942857142857,0.02195942857142857,0.02195942857142857,0.0,0.0,0.0,0.0,0.0,0.0,0.0,0.0,0.0,7,14.285714285714285,14.285714285714285,14.285714285714285,71.42857142857143
FinanceBench,bm25_query_results.jsonl,BM25,–,standard,,AMERICANWATERWORKS_2020_10K,1,0.0,0.0,0.0,1.0,0.039431,0.039431,0.039431,0.0,0.0,0.0,0.0,0.0,0.0,0.0,0.0,0.0,1,0.0,0.0,0.0,100.0
FinanceBench,bm25_query_results.jsonl,BM25,–,standard,,BESTBUY_2017_10K,1,0.0,0.0,0.0,0.0,0.048478,0.048478,0.048478,0.0,0.0,0.0,0.0,0.0,0.0,0.0,0.0,0.0,1,0.0,0.0,0.0,0.0
FinanceBench,bm25_query_results.jsonl,BM25,–,standard,,BESTBUY_2019_10K,1,0.0,0.0,0.0,0.0,0.04103,0.04103,0.04103,0.0,0.0,0.0,0.0,0.0,0.0,0.0,0.0,0.0,1,0.0,0.0,0.0,0.0
FinanceBench,bm25_query_results.jsonl,BM25,–,standard,,BESTBUY_2023_10K,3,0.0,0.0,0.0,0.3333333333333333,0.02562766666666667,0.02562766666666667,0.02562766666666667,0.0,0.0,0.0,0.0,0.0,0.0,0.0,0.0,0.0,3,0.0,0.0,0.0,33.33333333333333
FinanceBench,bm25_query_results.jsonl,BM25,–,standard,,BESTBUY_2024Q2_10Q,3,0.0,0.0,0.0,0.0,0.018999333333333333,0.018999333333333333,0.018999333333333333,0.0,0.0,0.0,0.0,0.0,0.0,0.0,0.0,0.0,3,0.0,0.0,0.0,0.0
FinanceBench,bm25_query_results.jsonl,BM25,–,standard,,BLOCK_2016_10K,1,0.0,0.0,0.0,0.0,0.054839,0.054839,0.054839,0.0,0.0,0.0,0.0,0.0,0.0,0.0,0.0,0.0,1,0.0,0.0,0.0,0.0
FinanceBench,bm25_query_results.jsonl,BM25,–,standard,,BLOCK_2020_10K,2,0.0,0.0,0.0,0.5,0.047686,0.047686,0.047686,0.0,0.0,0.0,0.0,0.0,0.0,0.0,0.0,0.0,2,0.0,0.0,0.0,50.0
FinanceBench,bm25_query_results.jsonl,BM25,–,standard,,BOEING_2018_10K,1,0.0,0.0,0.0,0.0,0.049406,0.049406,0.049406,0.0,0.0,0.0,0.0,0.0,0.0,0.0,0.0,0.0,1,0.0,0.0,0.0,0.0
FinanceBench,bm25_query_results.jsonl,BM25,–,standard,,BOEING_2022_10K,6,0.0,0.16666666666666666,0.041666666666666664,0.3333333333333333,0.019273666666666665,0.019273666666666665,0.019273666666666665,0.0,0.0,0.0,0.0,0.0,0.0,0.0,0.0,0.0,6,0.0,16.666666666666664,4.166666666666666,33.33333333333333
FinanceBench,bm25_query_results.jsonl,BM25,–,standard,,COCACOLA_2021_10K,1,0.0,0.0,0.0,0.0,0.034477,0.034477,0.034477,0.0,0.0,0.0,0.0,0.0,0.0,0.0,0.0,0.0,1,0.0,0.0,0.0,0.0
FinanceBench,bm25_query_results.jsonl,BM25,–,standard,,CORNING_2021_10K,1,0.0,1.0,0.25,0.0,0.054687,0.054687,0.054687,0.0,0.0,0.0,0.0,0.0,0.0,0.0,0.0,0.0,1,0.0,100.0,25.0,0.0
FinanceBench,bm25_query_results.jsonl,BM25,–,standard,,CORNING_2022_10K,2,0.0,0.0,0.0,0.5,0.0251655,0.0251655,0.0251655,0.0,0.0,0.0,0.0,0.0,0.0,0.0,0.0,0.0,2,0.0,0.0,0.0,50.0
FinanceBench,bm25_query_results.jsonl,BM25,–,standard,,COSTCO_2021_10K,1,1.0,1.0,1.0,1.0,0.031686,0.031686,0.031686,0.0,0.0,0.0,0.0,0.0,0.0,0.0,0.0,0.0,1,100.0,100.0,100.0,100.0
FinanceBench,bm25_query_results.jsonl,BM25,–,standard,,CVSHEALTH_2022_10K,1,0.0,1.0,0.5,1.0,0.018365,0.018365,0.018365,0.0,0.0,0.0,0.0,0.0,0.0,0.0,0.0,0.0,1,0.0,100.0,50.0,100.0
FinanceBench,bm25_query_results.jsonl,BM25,–,standard,,FOOTLOCKER_2022_8K_dated-2022-05-20,1,1.0,1.0,1.0,1.0,0.015754,0.015754,0.015754,0.0,0.0,0.0,0.0,0.0,0.0,0.0,0.0,0.0,1,100.0,100.0,100.0,100.0
FinanceBench,bm25_query_results.jsonl,BM25,–,standard,,FOOTLOCKER_2022_8K_dated_2022-08-19,1,0.0,0.0,0.0,1.0,0.02223,0.02223,0.02223,0.0,0.0,0.0,0.0,0.0,0.0,0.0,0.0,0.0,1,0.0,0.0,0.0,100.0
FinanceBench,bm25_query_results.jsonl,BM25,–,standard,,GENERALMILLS_2020_10K,2,0.0,0.0,0.0,0.0,0.0578285,0.0578285,0.0578285,0.0,0.0,0.0,0.0,0.0,0.0,0.0,0.0,0.0,2,0.0,0.0,0.0,0.0
FinanceBench,bm25_query_results.jsonl,BM25,–,standard,,JOHNSON_JOHNSON_2022Q4_EARNINGS,1,0.0,0.0,0.0,1.0,0.021764,0.021764,0.021764,0.0,0.0,0.0,0.0,0.0,0.0,0.0,0.0,0.0,1,0.0,0.0,0.0,100.0
FinanceBench,bm25_query_results.jsonl,BM25,–,standard,,JOHNSON_JOHNSON_2022_10K,2,0.0,0.0,0.0,0.0,0.0246515,0.0246515,0.0246515,0.0,0.0,0.0,0.0,0.0,0.0,0.0,0.0,0.0,2,0.0,0.0,0.0,0.0
FinanceBench,bm25_query_results.jsonl,BM25,–,standard,,JOHNSON_JOHNSON_2023Q2_EARNINGS,1,0.0,0.0,0.0,1.0,0.023416,0.023416,0.023416,0.0,0.0,0.0,0.0,0.0,0.0,0.0,0.0,0.0,1,0.0,0.0,0.0,100.0
FinanceBench,bm25_query_results.jsonl,BM25,–,standard,,JOHNSON_JOHNSON_2023_8K_dated-2023-08-30,3,1.0,1.0,1.0,1.0,0.025223,0.025223,0.025223,0.0,0.0,0.0,0.0,0.0,0.0,0.0,0.0,0.0,3,100.0,100.0,100.0,100.0
FinanceBench,bm25_query_results.jsonl,BM25,–,standard,,JPMORGAN_2021Q1_10Q,2,0.0,0.0,0.0,0.0,0.0224445,0.0224445,0.0224445,0.0,0.0,0.0,0.0,0.0,0.0,0.0,0.0,0.0,2,0.0,0.0,0.0,0.0
FinanceBench,bm25_query_results.jsonl,BM25,–,standard,,JPMORGAN_2022Q2_10Q,1,0.0,0.0,0.0,0.0,0.017418,0.017418,0.017418,0.0,0.0,0.0,0.0,0.0,0.0,0.0,0.0,0.0,1,0.0,0.0,0.0,0.0
FinanceBench,bm25_query_results.jsonl,BM25,–,standard,,JPMORGAN_2022_10K,1,0.0,0.0,0.0,0.0,0.036582,0.036582,0.036582,0.0,0.0,0.0,0.0,0.0,0.0,0.0,0.0,0.0,1,0.0,0.0,0.0,0.0
FinanceBench,bm25_query_results.jsonl,BM25,–,standard,,JPMORGAN_2023Q2_10Q,1,1.0,1.0,1.0,1.0,0.028422,0.028422,0.028422,0.0,0.0,0.0,0.0,0.0,0.0,0.0,0.0,0.0,1,100.0,100.0,100.0,100.0
FinanceBench,bm25_query_results.jsonl,BM25,–,standard,,LOCKHEEDMARTIN_2021_10K,1,0.0,0.0,0.0,0.0,0.09067,0.09067,0.09067,0.0,0.0,0.0,0.0,0.0,0.0,0.0,0.0,0.0,1,0.0,0.0,0.0,0.0
FinanceBench,bm25_query_results.jsonl,BM25,–,standard,,LOCKHEEDMARTIN_2022_10K,1,0.0,0.0,0.0,0.0,0.054727,0.054727,0.054727,0.0,0.0,0.0,0.0,0.0,0.0,0.0,0.0,0.0,1,0.0,0.0,0.0,0.0
FinanceBench,bm25_query_results.jsonl,BM25,–,standard,,MGMRESORTS_2018_10K,1,0.0,0.0,0.0,1.0,0.036641,0.036641,0.036641,0.0,0.0,0.0,0.0,0.0,0.0,0.0,0.0,0.0,1,0.0,0.0,0.0,100.0
FinanceBench,bm25_query_results.jsonl,BM25,–,standard,,MGMRESORTS_2022Q4_EARNINGS,2,0.0,0.5,0.125,0.0,0.0196995,0.0196995,0.0196995,0.0,0.0,0.0,0.0,0.0,0.0,0.0,0.0,0.0,2,0.0,50.0,12.5,0.0
FinanceBench,bm25_query_results.jsonl,BM25,–,standard,,MGMRESORTS_2022_10K,1,0.0,0.0,0.0,1.0,0.013996,0.013996,0.013996,0.0,0.0,0.0,0.0,0.0,0.0,0.0,0.0,0.0,1,0.0,0.0,0.0,100.0
FinanceBench,bm25_query_results.jsonl,BM25,–,standard,,MGMRESORTS_2023Q2_10Q,1,0.0,0.0,0.0,0.0,0.023552,0.023552,0.023552,0.0,0.0,0.0,0.0,0.0,0.0,0.0,0.0,0.0,1,0.0,0.0,0.0,0.0
FinanceBench,bm25_query_results.jsonl,BM25,–,standard,,MICROSOFT_2016_10K,1,0.0,0.0,0.0,0.0,0.027343,0.027343,0.027343,0.0,0.0,0.0,0.0,0.0,0.0,0.0,0.0,0.0,1,0.0,0.0,0.0,0.0
FinanceBench,bm25_query_results.jsonl,BM25,–,standard,,MICROSOFT_2023_10K,1,0.0,0.0,0.0,1.0,0.014144,0.014144,0.014144,0.0,0.0,0.0,0.0,0.0,0.0,0.0,0.0,0.0,1,0.0,0.0,0.0,100.0
FinanceBench,bm25_query_results.jsonl,BM25,–,standard,,NETFLIX_2017_10K,1,0.0,0.0,0.0,0.0,0.029093,0.029093,0.029093,0.0,0.0,0.0,0.0,0.0,0.0,0.0,0.0,0.0,1,0.0,0.0,0.0,0.0
FinanceBench,bm25_query_results.jsonl,BM25,–,standard,,NIKE_2018_10K,1,0.0,0.0,0.0,0.0,0.060984,0.060984,0.060984,0.0,0.0,0.0,0.0,0.0,0.0,0.0,0.0,0.0,1,0.0,0.0,0.0,0.0
FinanceBench,bm25_query_results.jsonl,BM25,–,standard,,NIKE_2019_10K,1,0.0,1.0,0.3333333333333333,0.0,0.034954,0.034954,0.034954,0.0,0.0,0.0,0.0,0.0,0.0,0.0,0.0,0.0,1,0.0,100.0,33.33333333333333,0.0
FinanceBench,bm25_query_results.jsonl,BM25,–,standard,,NIKE_2023_10K,1,0.0,0.0,0.0,0.0,0.026219,0.026219,0.026219,0.0,0.0,0.0,0.0,0.0,0.0,0.0,0.0,0.0,1,0.0,0.0,0.0,0.0
FinanceBench,bm25_query_results.jsonl,BM25,–,standard,,PAYPAL_2022_10K,1,0.0,0.0,0.0,1.0,0.036897,0.036897,0.036897,0.0,0.0,0.0,0.0,0.0,0.0,0.0,0.0,0.0,1,0.0,0.0,0.0,100.0
FinanceBench,bm25_query_results.jsonl,BM25,–,standard,,PEPSICO_2021_10K,1,0.0,0.0,0.0,0.0,0.038471,0.038471,0.038471,0.0,0.0,0.0,0.0,0.0,0.0,0.0,0.0,0.0,1,0.0,0.0,0.0,0.0
FinanceBench,bm25_query_results.jsonl,BM25,–,standard,,PEPSICO_2022_10K,2,0.0,0.0,0.0,0.0,0.021877,0.021877,0.021877,0.0,0.0,0.0,0.0,0.0,0.0,0.0,0.0,0.0,2,0.0,0.0,0.0,0.0
FinanceBench,bm25_query_results.jsonl,BM25,–,standard,,PEPSICO_2023Q1_EARNINGS,2,0.0,1.0,0.41666666666666663,1.0,0.020873,0.020873,0.020873,0.0,0.0,0.0,0.0,0.0,0.0,0.0,0.0,0.0,2,0.0,100.0,41.666666666666664,100.0
FinanceBench,bm25_query_results.jsonl,BM25,–,standard,,PEPSICO_2023_8K_dated-2023-05-05,1,1.0,1.0,1.0,1.0,0.034002,0.034002,0.034002,0.0,0.0,0.0,0.0,0.0,0.0,0.0,0.0,0.0,1,100.0,100.0,100.0,100.0
FinanceBench,bm25_query_results.jsonl,BM25,–,standard,,PEPSICO_2023_8K_dated-2023-05-30,2,1.0,1.0,1.0,1.0,0.0254185,0.0254185,0.0254185,0.0,0.0,0.0,0.0,0.0,0.0,0.0,0.0,0.0,2,100.0,100.0,100.0,100.0
FinanceBench,bm25_query_results.jsonl,BM25,–,standard,,PFIZER_2021_10K,2,0.0,0.0,0.0,0.0,0.0168815,0.0168815,0.0168815,0.0,0.0,0.0,0.0,0.0,0.0,0.0,0.0,0.0,2,0.0,0.0,0.0,0.0
FinanceBench,bm25_query_results.jsonl,BM25,–,standard,,ULTABEAUTY_2023Q4_EARNINGS,4,0.25,0.25,0.25,0.25,0.021017,0.021017,0.021017,0.0,0.0,0.0,0.0,0.0,0.0,0.0,0.0,0.0,4,25.0,25.0,25.0,25.0
FinanceBench,bm25_query_results.jsonl,BM25,–,standard,,ULTABEAUTY_2023_10K,2,0.5,0.5,0.5,1.0,0.0182485,0.0182485,0.0182485,0.0,0.0,0.0,0.0,0.0,0.0,0.0,0.0,0.0,2,50.0,50.0,50.0,100.0
FinanceBench,bm25_query_results.jsonl,BM25,–,standard,,VERIZON_2021_10K,1,0.0,1.0,0.3333333333333333,0.0,0.041892,0.041892,0.041892,0.0,0.0,0.0,0.0,0.0,0.0,0.0,0.0,0.0,1,0.0,100.0,33.33333333333333,0.0
FinanceBench,bm25_query_results.jsonl,BM25,–,standard,,VERIZON_2022_10K,2,0.0,0.0,0.0,0.0,0.0286335,0.0286335,0.0286335,0.0,0.0,0.0,0.0,0.0,0.0,0.0,0.0,0.0,2,0.0,0.0,0.0,0.0
FinanceBench,bm25_query_results.jsonl,BM25,–,standard,,WALMART_2019_10K,1,0.0,1.0,0.5,1.0,0.045627,0.045627,0.045627,0.0,0.0,0.0,0.0,0.0,0.0,0.0,0.0,0.0,1,0.0,100.0,50.0,100.0
FinanceBench,dense_harrier_oss_v1_0_6b_query_results.jsonl,Dense,Harrier,standard,,3M_2018_10K,2,0.5,1.0,0.6666666666666666,1.0,0.0025,0.0025,0.0025,0.0,0.0,0.0,0.0,0.0,0.0,0.0,0.0,0.0,2,50.0,100.0,66.66666666666666,100.0
FinanceBench,dense_harrier_oss_v1_0_6b_query_results.jsonl,Dense,Harrier,standard,,3M_2022_10K,2,0.0,1.0,0.375,1.0,0.002,0.002,0.002,0.0,0.0,0.0,0.0,0.0,0.0,0.0,0.0,0.0,2,0.0,100.0,37.5,100.0
FinanceBench,dense_harrier_oss_v1_0_6b_query_results.jsonl,Dense,Harrier,standard,,3M_2023Q2_10Q,3,0.3333333333333333,0.6666666666666666,0.39999999999999997,0.6666666666666666,0.002,0.002,0.002,0.0,0.0,0.0,0.0,0.0,0.0,0.0,0.0,0.0,3,33.33333333333333,66.66666666666666,40.0,66.66666666666666
FinanceBench,dense_harrier_oss_v1_0_6b_query_results.jsonl,Dense,Harrier,standard,,ADOBE_2016_10K,1,0.0,0.0,0.0,1.0,0.002,0.002,0.002,0.0,0.0,0.0,0.0,0.0,0.0,0.0,0.0,0.0,1,0.0,0.0,0.0,100.0
FinanceBench,dense_harrier_oss_v1_0_6b_query_results.jsonl,Dense,Harrier,standard,,ADOBE_2022_10K,2,0.0,0.5,0.16666666666666666,1.0,0.002,0.002,0.002,0.0,0.0,0.0,0.0,0.0,0.0,0.0,0.0,0.0,2,0.0,50.0,16.666666666666664,100.0
FinanceBench,dense_harrier_oss_v1_0_6b_query_results.jsonl,Dense,Harrier,standard,,AES_2022_10K,1,0.0,1.0,0.5,0.0,0.002,0.002,0.002,0.0,0.0,0.0,0.0,0.0,0.0,0.0,0.0,0.0,1,0.0,100.0,50.0,0.0
FinanceBench,dense_harrier_oss_v1_0_6b_query_results.jsonl,Dense,Harrier,standard,,AMAZON_2017_10K,1,0.0,0.0,0.0,1.0,0.002,0.002,0.002,0.0,0.0,0.0,0.0,0.0,0.0,0.0,0.0,0.0,1,0.0,0.0,0.0,100.0
FinanceBench,dense_harrier_oss_v1_0_6b_query_results.jsonl,Dense,Harrier,standard,,AMAZON_2019_10K,1,0.0,0.0,0.0,0.0,0.002,0.002,0.002,0.0,0.0,0.0,0.0,0.0,0.0,0.0,0.0,0.0,1,0.0,0.0,0.0,0.0
FinanceBench,dense_harrier_oss_v1_0_6b_query_results.jsonl,Dense,Harrier,standard,,AMCOR_2020_10K,1,0.0,0.0,0.0,1.0,0.002,0.002,0.002,0.0,0.0,0.0,0.0,0.0,0.0,0.0,0.0,0.0,1,0.0,0.0,0.0,100.0
FinanceBench,dense_harrier_oss_v1_0_6b_query_results.jsonl,Dense,Harrier,standard,,AMCOR_2022_8K_dated-2022-07-01,1,0.0,0.0,0.0,1.0,0.002,0.002,0.002,0.0,0.0,0.0,0.0,0.0,0.0,0.0,0.0,0.0,1,0.0,0.0,0.0,100.0
FinanceBench,dense_harrier_oss_v1_0_6b_query_results.jsonl,Dense,Harrier,standard,,AMCOR_2023Q2_10Q,1,0.0,1.0,0.5,0.0,0.002,0.002,0.002,0.0,0.0,0.0,0.0,0.0,0.0,0.0,0.0,0.0,1,0.0,100.0,50.0,0.0
FinanceBench,dense_harrier_oss_v1_0_6b_query_results.jsonl,Dense,Harrier,standard,,AMCOR_2023Q4_EARNINGS,2,0.5,0.5,0.5,0.5,0.002,0.002,0.002,0.0,0.0,0.0,0.0,0.0,0.0,0.0,0.0,0.0,2,50.0,50.0,50.0,50.0
FinanceBench,dense_harrier_oss_v1_0_6b_query_results.jsonl,Dense,Harrier,standard,,AMCOR_2023_10K,4,0.0,0.0,0.0,0.25,0.002,0.002,0.002,0.0,0.0,0.0,0.0,0.0,0.0,0.0,0.0,0.0,4,0.0,0.0,0.0,25.0
FinanceBench,dense_harrier_oss_v1_0_6b_query_results.jsonl,Dense,Harrier,standard,,AMD_2022_10K,7,0.42857142857142855,1.0,0.619047619047619,0.8571428571428571,0.002142857142857143,0.002142857142857143,0.002142857142857143,0.0,0.0,0.0,0.0,0.0,0.0,0.0,0.0,0.0,7,42.857142857142854,100.0,61.9047619047619,85.71428571428571
FinanceBench,dense_harrier_oss_v1_0_6b_query_results.jsonl,Dense,Harrier,standard,,AMERICANEXPRESS_2022_10K,7,0.14285714285714285,0.2857142857142857,0.19047619047619047,0.5714285714285714,0.002,0.002,0.002,0.0,0.0,0.0,0.0,0.0,0.0,0.0,0.0,0.0,7,14.285714285714285,28.57142857142857,19.047619047619047,57.14285714285714
FinanceBench,dense_harrier_oss_v1_0_6b_query_results.jsonl,Dense,Harrier,standard,,AMERICANWATERWORKS_2020_10K,1,1.0,1.0,1.0,1.0,0.002,0.002,0.002,0.0,0.0,0.0,0.0,0.0,0.0,0.0,0.0,0.0,1,100.0,100.0,100.0,100.0
FinanceBench,dense_harrier_oss_v1_0_6b_query_results.jsonl,Dense,Harrier,standard,,BESTBUY_2017_10K,1,0.0,0.0,0.0,1.0,0.002,0.002,0.002,0.0,0.0,0.0,0.0,0.0,0.0,0.0,0.0,0.0,1,0.0,0.0,0.0,100.0
FinanceBench,dense_harrier_oss_v1_0_6b_query_results.jsonl,Dense,Harrier,standard,,BESTBUY_2019_10K,1,0.0,0.0,0.0,0.0,0.002,0.002,0.002,0.0,0.0,0.0,0.0,0.0,0.0,0.0,0.0,0.0,1,0.0,0.0,0.0,0.0
FinanceBench,dense_harrier_oss_v1_0_6b_query_results.jsonl,Dense,Harrier,standard,,BESTBUY_2023_10K,3,0.0,0.0,0.0,0.3333333333333333,0.002,0.002,0.002,0.0,0.0,0.0,0.0,0.0,0.0,0.0,0.0,0.0,3,0.0,0.0,0.0,33.33333333333333
FinanceBench,dense_harrier_oss_v1_0_6b_query_results.jsonl,Dense,Harrier,standard,,BESTBUY_2024Q2_10Q,3,0.3333333333333333,0.6666666666666666,0.5,0.3333333333333333,0.002,0.002,0.002,0.0,0.0,0.0,0.0,0.0,0.0,0.0,0.0,0.0,3,33.33333333333333,66.66666666666666,50.0,33.33333333333333
FinanceBench,dense_harrier_oss_v1_0_6b_query_results.jsonl,Dense,Harrier,standard,,BLOCK_2016_10K,1,0.0,0.0,0.0,0.0,0.002,0.002,0.002,0.0,0.0,0.0,0.0,0.0,0.0,0.0,0.0,0.0,1,0.0,0.0,0.0,0.0
FinanceBench,dense_harrier_oss_v1_0_6b_query_results.jsonl,Dense,Harrier,standard,,BLOCK_2020_10K,2,0.5,1.0,0.75,1.0,0.002,0.002,0.002,0.0,0.0,0.0,0.0,0.0,0.0,0.0,0.0,0.0,2,50.0,100.0,75.0,100.0
FinanceBench,dense_harrier_oss_v1_0_6b_query_results.jsonl,Dense,Harrier,standard,,BOEING_2018_10K,1,1.0,1.0,1.0,1.0,0.002,0.002,0.002,0.0,0.0,0.0,0.0,0.0,0.0,0.0,0.0,0.0,1,100.0,100.0,100.0,100.0
FinanceBench,dense_harrier_oss_v1_0_6b_query_results.jsonl,Dense,Harrier,standard,,BOEING_2022_10K,6,0.16666666666666666,0.6666666666666666,0.3111111111111111,1.0,0.002,0.002,0.002,0.0,0.0,0.0,0.0,0.0,0.0,0.0,0.0,0.0,6,16.666666666666664,66.66666666666666,31.11111111111111,100.0
FinanceBench,dense_harrier_oss_v1_0_6b_query_results.jsonl,Dense,Harrier,standard,,COCACOLA_2021_10K,1,1.0,1.0,1.0,1.0,0.002,0.002,0.002,0.0,0.0,0.0,0.0,0.0,0.0,0.0,0.0,0.0,1,100.0,100.0,100.0,100.0
FinanceBench,dense_harrier_oss_v1_0_6b_query_results.jsonl,Dense,Harrier,standard,,CORNING_2021_10K,1,0.0,1.0,0.3333333333333333,1.0,0.002,0.002,0.002,0.0,0.0,0.0,0.0,0.0,0.0,0.0,0.0,0.0,1,0.0,100.0,33.33333333333333,100.0
FinanceBench,dense_harrier_oss_v1_0_6b_query_results.jsonl,Dense,Harrier,standard,,CORNING_2022_10K,2,0.0,0.0,0.0,0.5,0.002,0.002,0.002,0.0,0.0,0.0,0.0,0.0,0.0,0.0,0.0,0.0,2,0.0,0.0,0.0,50.0
FinanceBench,dense_harrier_oss_v1_0_6b_query_results.jsonl,Dense,Harrier,standard,,COSTCO_2021_10K,1,0.0,0.0,0.0,0.0,0.002,0.002,0.002,0.0,0.0,0.0,0.0,0.0,0.0,0.0,0.0,0.0,1,0.0,0.0,0.0,0.0
FinanceBench,dense_harrier_oss_v1_0_6b_query_results.jsonl,Dense,Harrier,standard,,CVSHEALTH_2022_10K,1,0.0,1.0,0.3333333333333333,1.0,0.002,0.002,0.002,0.0,0.0,0.0,0.0,0.0,0.0,0.0,0.0,0.0,1,0.0,100.0,33.33333333333333,100.0
FinanceBench,dense_harrier_oss_v1_0_6b_query_results.jsonl,Dense,Harrier,standard,,FOOTLOCKER_2022_8K_dated-2022-05-20,1,1.0,1.0,1.0,1.0,0.002,0.002,0.002,0.0,0.0,0.0,0.0,0.0,0.0,0.0,0.0,0.0,1,100.0,100.0,100.0,100.0
FinanceBench,dense_harrier_oss_v1_0_6b_query_results.jsonl,Dense,Harrier,standard,,FOOTLOCKER_2022_8K_dated_2022-08-19,1,0.0,1.0,0.3333333333333333,1.0,0.002,0.002,0.002,0.0,0.0,0.0,0.0,0.0,0.0,0.0,0.0,0.0,1,0.0,100.0,33.33333333333333,100.0
FinanceBench,dense_harrier_oss_v1_0_6b_query_results.jsonl,Dense,Harrier,standard,,GENERALMILLS_2020_10K,2,0.5,1.0,0.6666666666666666,1.0,0.002,0.002,0.002,0.0,0.0,0.0,0.0,0.0,0.0,0.0,0.0,0.0,2,50.0,100.0,66.66666666666666,100.0
FinanceBench,dense_harrier_oss_v1_0_6b_query_results.jsonl,Dense,Harrier,standard,,JOHNSON_JOHNSON_2022Q4_EARNINGS,1,0.0,0.0,0.0,0.0,0.002,0.002,0.002,0.0,0.0,0.0,0.0,0.0,0.0,0.0,0.0,0.0,1,0.0,0.0,0.0,0.0
FinanceBench,dense_harrier_oss_v1_0_6b_query_results.jsonl,Dense,Harrier,standard,,JOHNSON_JOHNSON_2022_10K,2,0.0,0.5,0.16666666666666666,0.0,0.002,0.002,0.002,0.0,0.0,0.0,0.0,0.0,0.0,0.0,0.0,0.0,2,0.0,50.0,16.666666666666664,0.0
FinanceBench,dense_harrier_oss_v1_0_6b_query_results.jsonl,Dense,Harrier,standard,,JOHNSON_JOHNSON_2023Q2_EARNINGS,1,0.0,0.0,0.0,0.0,0.002,0.002,0.002,0.0,0.0,0.0,0.0,0.0,0.0,0.0,0.0,0.0,1,0.0,0.0,0.0,0.0
FinanceBench,dense_harrier_oss_v1_0_6b_query_results.jsonl,Dense,Harrier,standard,,JOHNSON_JOHNSON_2023_8K_dated-2023-08-30,3,0.0,0.6666666666666666,0.2333333333333333,1.0,0.002,0.002,0.002,0.0,0.0,0.0,0.0,0.0,0.0,0.0,0.0,0.0,3,0.0,66.66666666666666,23.333333333333332,100.0
FinanceBench,dense_harrier_oss_v1_0_6b_query_results.jsonl,Dense,Harrier,standard,,JPMORGAN_2021Q1_10Q,2,0.0,0.0,0.0,0.0,0.002,0.002,0.002,0.0,0.0,0.0,0.0,0.0,0.0,0.0,0.0,0.0,2,0.0,0.0,0.0,0.0
FinanceBench,dense_harrier_oss_v1_0_6b_query_results.jsonl,Dense,Harrier,standard,,JPMORGAN_2022Q2_10Q,1,0.0,0.0,0.0,0.0,0.002,0.002,0.002,0.0,0.0,0.0,0.0,0.0,0.0,0.0,0.0,0.0,1,0.0,0.0,0.0,0.0
FinanceBench,dense_harrier_oss_v1_0_6b_query_results.jsonl,Dense,Harrier,standard,,JPMORGAN_2022_10K,1,0.0,0.0,0.0,0.0,0.002,0.002,0.002,0.0,0.0,0.0,0.0,0.0,0.0,0.0,0.0,0.0,1,0.0,0.0,0.0,0.0
FinanceBench,dense_harrier_oss_v1_0_6b_query_results.jsonl,Dense,Harrier,standard,,JPMORGAN_2023Q2_10Q,1,0.0,1.0,0.25,0.0,0.002,0.002,0.002,0.0,0.0,0.0,0.0,0.0,0.0,0.0,0.0,0.0,1,0.0,100.0,25.0,0.0
FinanceBench,dense_harrier_oss_v1_0_6b_query_results.jsonl,Dense,Harrier,standard,,LOCKHEEDMARTIN_2021_10K,1,1.0,1.0,1.0,1.0,0.002,0.002,0.002,0.0,0.0,0.0,0.0,0.0,0.0,0.0,0.0,0.0,1,100.0,100.0,100.0,100.0
FinanceBench,dense_harrier_oss_v1_0_6b_query_results.jsonl,Dense,Harrier,standard,,LOCKHEEDMARTIN_2022_10K,1,0.0,0.0,0.0,0.0,0.002,0.002,0.002,0.0,0.0,0.0,0.0,0.0,0.0,0.0,0.0,0.0,1,0.0,0.0,0.0,0.0
FinanceBench,dense_harrier_oss_v1_0_6b_query_results.jsonl,Dense,Harrier,standard,,MGMRESORTS_2018_10K,1,0.0,0.0,0.0,1.0,0.002,0.002,0.002,0.0,0.0,0.0,0.0,0.0,0.0,0.0,0.0,0.0,1,0.0,0.0,0.0,100.0
FinanceBench,dense_harrier_oss_v1_0_6b_query_results.jsonl,Dense,Harrier,standard,,MGMRESORTS_2022Q4_EARNINGS,2,0.0,0.0,0.0,1.0,0.002,0.002,0.002,0.0,0.0,0.0,0.0,0.0,0.0,0.0,0.0,0.0,2,0.0,0.0,0.0,100.0
FinanceBench,dense_harrier_oss_v1_0_6b_query_results.jsonl,Dense,Harrier,standard,,MGMRESORTS_2022_10K,1,0.0,0.0,0.0,0.0,0.002,0.002,0.002,0.0,0.0,0.0,0.0,0.0,0.0,0.0,0.0,0.0,1,0.0,0.0,0.0,0.0
FinanceBench,dense_harrier_oss_v1_0_6b_query_results.jsonl,Dense,Harrier,standard,,MGMRESORTS_2023Q2_10Q,1,0.0,0.0,0.0,0.0,0.002,0.002,0.002,0.0,0.0,0.0,0.0,0.0,0.0,0.0,0.0,0.0,1,0.0,0.0,0.0,0.0
FinanceBench,dense_harrier_oss_v1_0_6b_query_results.jsonl,Dense,Harrier,standard,,MICROSOFT_2016_10K,1,0.0,0.0,0.0,1.0,0.002,0.002,0.002,0.0,0.0,0.0,0.0,0.0,0.0,0.0,0.0,0.0,1,0.0,0.0,0.0,100.0
FinanceBench,dense_harrier_oss_v1_0_6b_query_results.jsonl,Dense,Harrier,standard,,MICROSOFT_2023_10K,1,1.0,1.0,1.0,1.0,0.002,0.002,0.002,0.0,0.0,0.0,0.0,0.0,0.0,0.0,0.0,0.0,1,100.0,100.0,100.0,100.0
FinanceBench,dense_harrier_oss_v1_0_6b_query_results.jsonl,Dense,Harrier,standard,,NETFLIX_2017_10K,1,0.0,1.0,0.5,1.0,0.002,0.002,0.002,0.0,0.0,0.0,0.0,0.0,0.0,0.0,0.0,0.0,1,0.0,100.0,50.0,100.0
FinanceBench,dense_harrier_oss_v1_0_6b_query_results.jsonl,Dense,Harrier,standard,,NIKE_2018_10K,1,0.0,0.0,0.0,0.0,0.002,0.002,0.002,0.0,0.0,0.0,0.0,0.0,0.0,0.0,0.0,0.0,1,0.0,0.0,0.0,0.0
FinanceBench,dense_harrier_oss_v1_0_6b_query_results.jsonl,Dense,Harrier,standard,,NIKE_2019_10K,1,0.0,0.0,0.0,1.0,0.002,0.002,0.002,0.0,0.0,0.0,0.0,0.0,0.0,0.0,0.0,0.0,1,0.0,0.0,0.0,100.0
FinanceBench,dense_harrier_oss_v1_0_6b_query_results.jsonl,Dense,Harrier,standard,,NIKE_2023_10K,1,0.0,0.0,0.0,1.0,0.002,0.002,0.002,0.0,0.0,0.0,0.0,0.0,0.0,0.0,0.0,0.0,1,0.0,0.0,0.0,100.0
FinanceBench,dense_harrier_oss_v1_0_6b_query_results.jsonl,Dense,Harrier,standard,,PAYPAL_2022_10K,1,0.0,1.0,0.25,0.0,0.002,0.002,0.002,0.0,0.0,0.0,0.0,0.0,0.0,0.0,0.0,0.0,1,0.0,100.0,25.0,0.0
FinanceBench,dense_harrier_oss_v1_0_6b_query_results.jsonl,Dense,Harrier,standard,,PEPSICO_2021_10K,1,0.0,0.0,0.0,0.0,0.002,0.002,0.002,0.0,0.0,0.0,0.0,0.0,0.0,0.0,0.0,0.0,1,0.0,0.0,0.0,0.0
FinanceBench,dense_harrier_oss_v1_0_6b_query_results.jsonl,Dense,Harrier,standard,,PEPSICO_2022_10K,2,0.0,0.5,0.16666666666666666,0.5,0.002,0.002,0.002,0.0,0.0,0.0,0.0,0.0,0.0,0.0,0.0,0.0,2,0.0,50.0,16.666666666666664,50.0
FinanceBench,dense_harrier_oss_v1_0_6b_query_results.jsonl,Dense,Harrier,standard,,PEPSICO_2023Q1_EARNINGS,2,1.0,1.0,1.0,1.0,0.002,0.002,0.002,0.0,0.0,0.0,0.0,0.0,0.0,0.0,0.0,0.0,2,100.0,100.0,100.0,100.0
FinanceBench,dense_harrier_oss_v1_0_6b_query_results.jsonl,Dense,Harrier,standard,,PEPSICO_2023_8K_dated-2023-05-05,1,1.0,1.0,1.0,1.0,0.002,0.002,0.002,0.0,0.0,0.0,0.0,0.0,0.0,0.0,0.0,0.0,1,100.0,100.0,100.0,100.0
FinanceBench,dense_harrier_oss_v1_0_6b_query_results.jsonl,Dense,Harrier,standard,,PEPSICO_2023_8K_dated-2023-05-30,2,1.0,1.0,1.0,1.0,0.002,0.002,0.002,0.0,0.0,0.0,0.0,0.0,0.0,0.0,0.0,0.0,2,100.0,100.0,100.0,100.0
FinanceBench,dense_harrier_oss_v1_0_6b_query_results.jsonl,Dense,Harrier,standard,,PFIZER_2021_10K,2,0.0,0.0,0.0,0.5,0.002,0.002,0.002,0.0,0.0,0.0,0.0,0.0,0.0,0.0,0.0,0.0,2,0.0,0.0,0.0,50.0
FinanceBench,dense_harrier_oss_v1_0_6b_query_results.jsonl,Dense,Harrier,standard,,ULTABEAUTY_2023Q4_EARNINGS,4,0.0,0.5,0.1125,0.5,0.002,0.002,0.002,0.0,0.0,0.0,0.0,0.0,0.0,0.0,0.0,0.0,4,0.0,50.0,11.25,50.0
FinanceBench,dense_harrier_oss_v1_0_6b_query_results.jsonl,Dense,Harrier,standard,,ULTABEAUTY_2023_10K,2,0.0,0.5,0.1,0.5,0.002,0.002,0.002,0.0,0.0,0.0,0.0,0.0,0.0,0.0,0.0,0.0,2,0.0,50.0,10.0,50.0
FinanceBench,dense_harrier_oss_v1_0_6b_query_results.jsonl,Dense,Harrier,standard,,VERIZON_2021_10K,1,1.0,1.0,1.0,1.0,0.002,0.002,0.002,0.0,0.0,0.0,0.0,0.0,0.0,0.0,0.0,0.0,1,100.0,100.0,100.0,100.0
FinanceBench,dense_harrier_oss_v1_0_6b_query_results.jsonl,Dense,Harrier,standard,,VERIZON_2022_10K,2,0.5,1.0,0.6,1.0,0.002,0.002,0.002,0.0,0.0,0.0,0.0,0.0,0.0,0.0,0.0,0.0,2,50.0,100.0,60.0,100.0
FinanceBench,dense_harrier_oss_v1_0_6b_query_results.jsonl,Dense,Harrier,standard,,WALMART_2019_10K,1,0.0,0.0,0.0,1.0,0.002,0.002,0.002,0.0,0.0,0.0,0.0,0.0,0.0,0.0,0.0,0.0,1,0.0,0.0,0.0,100.0
FinanceBench,dense_linq_embed_mistral_query_results.jsonl,Dense,Linq-Embed-Mistral,standard,,3M_2018_10K,2,0.5,1.0,0.6,0.5,0.0085,0.0085,0.0085,0.0,0.0,0.0,0.0,0.0,0.0,0.0,0.0,0.0,2,50.0,100.0,60.0,50.0
FinanceBench,dense_linq_embed_mistral_query_results.jsonl,Dense,Linq-Embed-Mistral,standard,,3M_2022_10K,2,0.5,0.5,0.5,0.5,0.007,0.007,0.007,0.0,0.0,0.0,0.0,0.0,0.0,0.0,0.0,0.0,2,50.0,50.0,50.0,50.0
FinanceBench,dense_linq_embed_mistral_query_results.jsonl,Dense,Linq-Embed-Mistral,standard,,3M_2023Q2_10Q,3,0.0,0.3333333333333333,0.08333333333333333,0.6666666666666666,0.007333333333333333,0.007333333333333333,0.007333333333333333,0.0,0.0,0.0,0.0,0.0,0.0,0.0,0.0,0.0,3,0.0,33.33333333333333,8.333333333333332,66.66666666666666
FinanceBench,dense_linq_embed_mistral_query_results.jsonl,Dense,Linq-Embed-Mistral,standard,,ADOBE_2016_10K,1,0.0,0.0,0.0,1.0,0.007,0.007,0.007,0.0,0.0,0.0,0.0,0.0,0.0,0.0,0.0,0.0,1,0.0,0.0,0.0,100.0
FinanceBench,dense_linq_embed_mistral_query_results.jsonl,Dense,Linq-Embed-Mistral,standard,,ADOBE_2022_10K,2,0.0,0.0,0.0,0.0,0.007,0.007,0.007,0.0,0.0,0.0,0.0,0.0,0.0,0.0,0.0,0.0,2,0.0,0.0,0.0,0.0
FinanceBench,dense_linq_embed_mistral_query_results.jsonl,Dense,Linq-Embed-Mistral,standard,,AES_2022_10K,1,0.0,1.0,0.3333333333333333,0.0,0.007,0.007,0.007,0.0,0.0,0.0,0.0,0.0,0.0,0.0,0.0,0.0,1,0.0,100.0,33.33333333333333,0.0
FinanceBench,dense_linq_embed_mistral_query_results.jsonl,Dense,Linq-Embed-Mistral,standard,,AMAZON_2017_10K,1,0.0,0.0,0.0,1.0,0.008,0.008,0.008,0.0,0.0,0.0,0.0,0.0,0.0,0.0,0.0,0.0,1,0.0,0.0,0.0,100.0
FinanceBench,dense_linq_embed_mistral_query_results.jsonl,Dense,Linq-Embed-Mistral,standard,,AMAZON_2019_10K,1,0.0,0.0,0.0,1.0,0.007,0.007,0.007,0.0,0.0,0.0,0.0,0.0,0.0,0.0,0.0,0.0,1,0.0,0.0,0.0,100.0
FinanceBench,dense_linq_embed_mistral_query_results.jsonl,Dense,Linq-Embed-Mistral,standard,,AMCOR_2020_10K,1,0.0,1.0,0.25,1.0,0.008,0.008,0.008,0.0,0.0,0.0,0.0,0.0,0.0,0.0,0.0,0.0,1,0.0,100.0,25.0,100.0
FinanceBench,dense_linq_embed_mistral_query_results.jsonl,Dense,Linq-Embed-Mistral,standard,,AMCOR_2022_8K_dated-2022-07-01,1,0.0,1.0,0.25,1.0,0.008,0.008,0.008,0.0,0.0,0.0,0.0,0.0,0.0,0.0,0.0,0.0,1,0.0,100.0,25.0,100.0
FinanceBench,dense_linq_embed_mistral_query_results.jsonl,Dense,Linq-Embed-Mistral,standard,,AMCOR_2023Q2_10Q,1,0.0,0.0,0.0,0.0,0.007,0.007,0.007,0.0,0.0,0.0,0.0,0.0,0.0,0.0,0.0,0.0,1,0.0,0.0,0.0,0.0
FinanceBench,dense_linq_embed_mistral_query_results.jsonl,Dense,Linq-Embed-Mistral,standard,,AMCOR_2023Q4_EARNINGS,2,0.0,0.5,0.1,1.0,0.007,0.007,0.007,0.0,0.0,0.0,0.0,0.0,0.0,0.0,0.0,0.0,2,0.0,50.0,10.0,100.0
FinanceBench,dense_linq_embed_mistral_query_results.jsonl,Dense,Linq-Embed-Mistral,standard,,AMCOR_2023_10K,4,0.0,0.25,0.125,0.0,0.007,0.007,0.007,0.0,0.0,0.0,0.0,0.0,0.0,0.0,0.0,0.0,4,0.0,25.0,12.5,0.0
FinanceBench,dense_linq_embed_mistral_query_results.jsonl,Dense,Linq-Embed-Mistral,standard,,AMD_2022_10K,7,0.2857142857142857,0.2857142857142857,0.2857142857142857,0.42857142857142855,0.007,0.007,0.007,0.0,0.0,0.0,0.0,0.0,0.0,0.0,0.0,0.0,7,28.57142857142857,28.57142857142857,28.57142857142857,42.857142857142854
FinanceBench,dense_linq_embed_mistral_query_results.jsonl,Dense,Linq-Embed-Mistral,standard,,AMERICANEXPRESS_2022_10K,7,0.14285714285714285,0.2857142857142857,0.19047619047619047,0.7142857142857143,0.007,0.007,0.007,0.0,0.0,0.0,0.0,0.0,0.0,0.0,0.0,0.0,7,14.285714285714285,28.57142857142857,19.047619047619047,71.42857142857143
FinanceBench,dense_linq_embed_mistral_query_results.jsonl,Dense,Linq-Embed-Mistral,standard,,AMERICANWATERWORKS_2020_10K,1,1.0,1.0,1.0,1.0,0.007,0.007,0.007,0.0,0.0,0.0,0.0,0.0,0.0,0.0,0.0,0.0,1,100.0,100.0,100.0,100.0
FinanceBench,dense_linq_embed_mistral_query_results.jsonl,Dense,Linq-Embed-Mistral,standard,,BESTBUY_2017_10K,1,0.0,1.0,0.25,1.0,0.007,0.007,0.007,0.0,0.0,0.0,0.0,0.0,0.0,0.0,0.0,0.0,1,0.0,100.0,25.0,100.0
FinanceBench,dense_linq_embed_mistral_query_results.jsonl,Dense,Linq-Embed-Mistral,standard,,BESTBUY_2019_10K,1,1.0,1.0,1.0,1.0,0.007,0.007,0.007,0.0,0.0,0.0,0.0,0.0,0.0,0.0,0.0,0.0,1,100.0,100.0,100.0,100.0
FinanceBench,dense_linq_embed_mistral_query_results.jsonl,Dense,Linq-Embed-Mistral,standard,,BESTBUY_2023_10K,3,0.0,0.0,0.0,0.0,0.007,0.007,0.007,0.0,0.0,0.0,0.0,0.0,0.0,0.0,0.0,0.0,3,0.0,0.0,0.0,0.0
FinanceBench,dense_linq_embed_mistral_query_results.jsonl,Dense,Linq-Embed-Mistral,standard,,BESTBUY_2024Q2_10Q,3,0.0,0.0,0.0,0.0,0.007,0.007,0.007,0.0,0.0,0.0,0.0,0.0,0.0,0.0,0.0,0.0,3,0.0,0.0,0.0,0.0
FinanceBench,dense_linq_embed_mistral_query_results.jsonl,Dense,Linq-Embed-Mistral,standard,,BLOCK_2016_10K,1,0.0,1.0,0.3333333333333333,0.0,0.007,0.007,0.007,0.0,0.0,0.0,0.0,0.0,0.0,0.0,0.0,0.0,1,0.0,100.0,33.33333333333333,0.0
FinanceBench,dense_linq_embed_mistral_query_results.jsonl,Dense,Linq-Embed-Mistral,standard,,BLOCK_2020_10K,2,0.0,1.0,0.5,0.0,0.007,0.007,0.007,0.0,0.0,0.0,0.0,0.0,0.0,0.0,0.0,0.0,2,0.0,100.0,50.0,0.0
FinanceBench,dense_linq_embed_mistral_query_results.jsonl,Dense,Linq-Embed-Mistral,standard,,BOEING_2018_10K,1,1.0,1.0,1.0,1.0,0.007,0.007,0.007,0.0,0.0,0.0,0.0,0.0,0.0,0.0,0.0,0.0,1,100.0,100.0,100.0,100.0
FinanceBench,dense_linq_embed_mistral_query_results.jsonl,Dense,Linq-Embed-Mistral,standard,,BOEING_2022_10K,6,0.3333333333333333,0.3333333333333333,0.3333333333333333,0.8333333333333334,0.007,0.007,0.007,0.0,0.0,0.0,0.0,0.0,0.0,0.0,0.0,0.0,6,33.33333333333333,33.33333333333333,33.33333333333333,83.33333333333334
FinanceBench,dense_linq_embed_mistral_query_results.jsonl,Dense,Linq-Embed-Mistral,standard,,COCACOLA_2021_10K,1,1.0,1.0,1.0,1.0,0.007,0.007,0.007,0.0,0.0,0.0,0.0,0.0,0.0,0.0,0.0,0.0,1,100.0,100.0,100.0,100.0
FinanceBench,dense_linq_embed_mistral_query_results.jsonl,Dense,Linq-Embed-Mistral,standard,,CORNING_2021_10K,1,0.0,1.0,0.5,0.0,0.007,0.007,0.007,0.0,0.0,0.0,0.0,0.0,0.0,0.0,0.0,0.0,1,0.0,100.0,50.0,0.0
FinanceBench,dense_linq_embed_mistral_query_results.jsonl,Dense,Linq-Embed-Mistral,standard,,CORNING_2022_10K,2,0.0,0.0,0.0,0.5,0.0075,0.0075,0.0075,0.0,0.0,0.0,0.0,0.0,0.0,0.0,0.0,0.0,2,0.0,0.0,0.0,50.0
FinanceBench,dense_linq_embed_mistral_query_results.jsonl,Dense,Linq-Embed-Mistral,standard,,COSTCO_2021_10K,1,0.0,0.0,0.0,1.0,0.007,0.007,0.007,0.0,0.0,0.0,0.0,0.0,0.0,0.0,0.0,0.0,1,0.0,0.0,0.0,100.0
FinanceBench,dense_linq_embed_mistral_query_results.jsonl,Dense,Linq-Embed-Mistral,standard,,CVSHEALTH_2022_10K,1,0.0,1.0,0.3333333333333333,1.0,0.007,0.007,0.007,0.0,0.0,0.0,0.0,0.0,0.0,0.0,0.0,0.0,1,0.0,100.0,33.33333333333333,100.0
FinanceBench,dense_linq_embed_mistral_query_results.jsonl,Dense,Linq-Embed-Mistral,standard,,FOOTLOCKER_2022_8K_dated-2022-05-20,1,0.0,1.0,0.5,0.0,0.007,0.007,0.007,0.0,0.0,0.0,0.0,0.0,0.0,0.0,0.0,0.0,1,0.0,100.0,50.0,0.0
FinanceBench,dense_linq_embed_mistral_query_results.jsonl,Dense,Linq-Embed-Mistral,standard,,FOOTLOCKER_2022_8K_dated_2022-08-19,1,0.0,1.0,0.3333333333333333,1.0,0.007,0.007,0.007,0.0,0.0,0.0,0.0,0.0,0.0,0.0,0.0,0.0,1,0.0,100.0,33.33333333333333,100.0
FinanceBench,dense_linq_embed_mistral_query_results.jsonl,Dense,Linq-Embed-Mistral,standard,,GENERALMILLS_2020_10K,2,1.0,1.0,1.0,1.0,0.007,0.007,0.007,0.0,0.0,0.0,0.0,0.0,0.0,0.0,0.0,0.0,2,100.0,100.0,100.0,100.0
FinanceBench,dense_linq_embed_mistral_query_results.jsonl,Dense,Linq-Embed-Mistral,standard,,JOHNSON_JOHNSON_2022Q4_EARNINGS,1,0.0,0.0,0.0,0.0,0.007,0.007,0.007,0.0,0.0,0.0,0.0,0.0,0.0,0.0,0.0,0.0,1,0.0,0.0,0.0,0.0
FinanceBench,dense_linq_embed_mistral_query_results.jsonl,Dense,Linq-Embed-Mistral,standard,,JOHNSON_JOHNSON_2022_10K,2,0.0,0.0,0.0,0.0,0.007,0.007,0.007,0.0,0.0,0.0,0.0,0.0,0.0,0.0,0.0,0.0,2,0.0,0.0,0.0,0.0
FinanceBench,dense_linq_embed_mistral_query_results.jsonl,Dense,Linq-Embed-Mistral,standard,,JOHNSON_JOHNSON_2023Q2_EARNINGS,1,0.0,0.0,0.0,1.0,0.007,0.007,0.007,0.0,0.0,0.0,0.0,0.0,0.0,0.0,0.0,0.0,1,0.0,0.0,0.0,100.0
FinanceBench,dense_linq_embed_mistral_query_results.jsonl,Dense,Linq-Embed-Mistral,standard,,JOHNSON_JOHNSON_2023_8K_dated-2023-08-30,3,0.0,0.3333333333333333,0.1111111111111111,0.6666666666666666,0.007,0.007,0.007,0.0,0.0,0.0,0.0,0.0,0.0,0.0,0.0,0.0,3,0.0,33.33333333333333,11.11111111111111,66.66666666666666
FinanceBench,dense_linq_embed_mistral_query_results.jsonl,Dense,Linq-Embed-Mistral,standard,,JPMORGAN_2021Q1_10Q,2,0.0,0.0,0.0,1.0,0.0075,0.0075,0.0075,0.0,0.0,0.0,0.0,0.0,0.0,0.0,0.0,0.0,2,0.0,0.0,0.0,100.0
FinanceBench,dense_linq_embed_mistral_query_results.jsonl,Dense,Linq-Embed-Mistral,standard,,JPMORGAN_2022Q2_10Q,1,0.0,1.0,0.5,1.0,0.007,0.007,0.007,0.0,0.0,0.0,0.0,0.0,0.0,0.0,0.0,0.0,1,0.0,100.0,50.0,100.0
FinanceBench,dense_linq_embed_mistral_query_results.jsonl,Dense,Linq-Embed-Mistral,standard,,JPMORGAN_2022_10K,1,0.0,0.0,0.0,0.0,0.008,0.008,0.008,0.0,0.0,0.0,0.0,0.0,0.0,0.0,0.0,0.0,1,0.0,0.0,0.0,0.0
FinanceBench,dense_linq_embed_mistral_query_results.jsonl,Dense,Linq-Embed-Mistral,standard,,JPMORGAN_2023Q2_10Q,1,0.0,1.0,0.3333333333333333,0.0,0.008,0.008,0.008,0.0,0.0,0.0,0.0,0.0,0.0,0.0,0.0,0.0,1,0.0,100.0,33.33333333333333,0.0
FinanceBench,dense_linq_embed_mistral_query_results.jsonl,Dense,Linq-Embed-Mistral,standard,,LOCKHEEDMARTIN_2021_10K,1,1.0,1.0,1.0,1.0,0.007,0.007,0.007,0.0,0.0,0.0,0.0,0.0,0.0,0.0,0.0,0.0,1,100.0,100.0,100.0,100.0
FinanceBench,dense_linq_embed_mistral_query_results.jsonl,Dense,Linq-Embed-Mistral,standard,,LOCKHEEDMARTIN_2022_10K,1,0.0,1.0,0.25,0.0,0.01,0.01,0.01,0.0,0.0,0.0,0.0,0.0,0.0,0.0,0.0,0.0,1,0.0,100.0,25.0,0.0
FinanceBench,dense_linq_embed_mistral_query_results.jsonl,Dense,Linq-Embed-Mistral,standard,,MGMRESORTS_2018_10K,1,0.0,1.0,0.5,0.0,0.01,0.01,0.01,0.0,0.0,0.0,0.0,0.0,0.0,0.0,0.0,0.0,1,0.0,100.0,50.0,0.0
FinanceBench,dense_linq_embed_mistral_query_results.jsonl,Dense,Linq-Embed-Mistral,standard,,MGMRESORTS_2022Q4_EARNINGS,2,0.0,0.0,0.0,1.0,0.0075,0.0075,0.0075,0.0,0.0,0.0,0.0,0.0,0.0,0.0,0.0,0.0,2,0.0,0.0,0.0,100.0
FinanceBench,dense_linq_embed_mistral_query_results.jsonl,Dense,Linq-Embed-Mistral,standard,,MGMRESORTS_2022_10K,1,0.0,0.0,0.0,0.0,0.008,0.008,0.008,0.0,0.0,0.0,0.0,0.0,0.0,0.0,0.0,0.0,1,0.0,0.0,0.0,0.0
FinanceBench,dense_linq_embed_mistral_query_results.jsonl,Dense,Linq-Embed-Mistral,standard,,MGMRESORTS_2023Q2_10Q,1,0.0,0.0,0.0,0.0,0.007,0.007,0.007,0.0,0.0,0.0,0.0,0.0,0.0,0.0,0.0,0.0,1,0.0,0.0,0.0,0.0
FinanceBench,dense_linq_embed_mistral_query_results.jsonl,Dense,Linq-Embed-Mistral,standard,,MICROSOFT_2016_10K,1,0.0,0.0,0.0,1.0,0.008,0.008,0.008,0.0,0.0,0.0,0.0,0.0,0.0,0.0,0.0,0.0,1,0.0,0.0,0.0,100.0
FinanceBench,dense_linq_embed_mistral_query_results.jsonl,Dense,Linq-Embed-Mistral,standard,,MICROSOFT_2023_10K,1,0.0,0.0,0.0,0.0,0.007,0.007,0.007,0.0,0.0,0.0,0.0,0.0,0.0,0.0,0.0,0.0,1,0.0,0.0,0.0,0.0
FinanceBench,dense_linq_embed_mistral_query_results.jsonl,Dense,Linq-Embed-Mistral,standard,,NETFLIX_2017_10K,1,0.0,0.0,0.0,1.0,0.008,0.008,0.008,0.0,0.0,0.0,0.0,0.0,0.0,0.0,0.0,0.0,1,0.0,0.0,0.0,100.0
FinanceBench,dense_linq_embed_mistral_query_results.jsonl,Dense,Linq-Embed-Mistral,standard,,NIKE_2018_10K,1,0.0,0.0,0.0,0.0,0.007,0.007,0.007,0.0,0.0,0.0,0.0,0.0,0.0,0.0,0.0,0.0,1,0.0,0.0,0.0,0.0
FinanceBench,dense_linq_embed_mistral_query_results.jsonl,Dense,Linq-Embed-Mistral,standard,,NIKE_2019_10K,1,0.0,0.0,0.0,1.0,0.008,0.008,0.008,0.0,0.0,0.0,0.0,0.0,0.0,0.0,0.0,0.0,1,0.0,0.0,0.0,100.0
FinanceBench,dense_linq_embed_mistral_query_results.jsonl,Dense,Linq-Embed-Mistral,standard,,NIKE_2023_10K,1,0.0,0.0,0.0,0.0,0.007,0.007,0.007,0.0,0.0,0.0,0.0,0.0,0.0,0.0,0.0,0.0,1,0.0,0.0,0.0,0.0
FinanceBench,dense_linq_embed_mistral_query_results.jsonl,Dense,Linq-Embed-Mistral,standard,,PAYPAL_2022_10K,1,0.0,1.0,0.3333333333333333,1.0,0.007,0.007,0.007,0.0,0.0,0.0,0.0,0.0,0.0,0.0,0.0,0.0,1,0.0,100.0,33.33333333333333,100.0
FinanceBench,dense_linq_embed_mistral_query_results.jsonl,Dense,Linq-Embed-Mistral,standard,,PEPSICO_2021_10K,1,0.0,0.0,0.0,0.0,0.01,0.01,0.01,0.0,0.0,0.0,0.0,0.0,0.0,0.0,0.0,0.0,1,0.0,0.0,0.0,0.0
FinanceBench,dense_linq_embed_mistral_query_results.jsonl,Dense,Linq-Embed-Mistral,standard,,PEPSICO_2022_10K,2,0.0,0.5,0.25,0.5,0.0075,0.0075,0.0075,0.0,0.0,0.0,0.0,0.0,0.0,0.0,0.0,0.0,2,0.0,50.0,25.0,50.0
FinanceBench,dense_linq_embed_mistral_query_results.jsonl,Dense,Linq-Embed-Mistral,standard,,PEPSICO_2023Q1_EARNINGS,2,1.0,1.0,1.0,1.0,0.007,0.007,0.007,0.0,0.0,0.0,0.0,0.0,0.0,0.0,0.0,0.0,2,100.0,100.0,100.0,100.0
FinanceBench,dense_linq_embed_mistral_query_results.jsonl,Dense,Linq-Embed-Mistral,standard,,PEPSICO_2023_8K_dated-2023-05-05,1,1.0,1.0,1.0,1.0,0.007,0.007,0.007,0.0,0.0,0.0,0.0,0.0,0.0,0.0,0.0,0.0,1,100.0,100.0,100.0,100.0
FinanceBench,dense_linq_embed_mistral_query_results.jsonl,Dense,Linq-Embed-Mistral,standard,,PEPSICO_2023_8K_dated-2023-05-30,2,1.0,1.0,1.0,1.0,0.007,0.007,0.007,0.0,0.0,0.0,0.0,0.0,0.0,0.0,0.0,0.0,2,100.0,100.0,100.0,100.0
FinanceBench,dense_linq_embed_mistral_query_results.jsonl,Dense,Linq-Embed-Mistral,standard,,PFIZER_2021_10K,2,0.0,0.0,0.0,1.0,0.007,0.007,0.007,0.0,0.0,0.0,0.0,0.0,0.0,0.0,0.0,0.0,2,0.0,0.0,0.0,100.0
FinanceBench,dense_linq_embed_mistral_query_results.jsonl,Dense,Linq-Embed-Mistral,standard,,ULTABEAUTY_2023Q4_EARNINGS,4,0.0,0.5,0.125,0.5,0.007,0.007,0.007,0.0,0.0,0.0,0.0,0.0,0.0,0.0,0.0,0.0,4,0.0,50.0,12.5,50.0
FinanceBench,dense_linq_embed_mistral_query_results.jsonl,Dense,Linq-Embed-Mistral,standard,,ULTABEAUTY_2023_10K,2,0.0,0.0,0.0,1.0,0.007,0.007,0.007,0.0,0.0,0.0,0.0,0.0,0.0,0.0,0.0,0.0,2,0.0,0.0,0.0,100.0
FinanceBench,dense_linq_embed_mistral_query_results.jsonl,Dense,Linq-Embed-Mistral,standard,,VERIZON_2021_10K,1,1.0,1.0,1.0,1.0,0.008,0.008,0.008,0.0,0.0,0.0,0.0,0.0,0.0,0.0,0.0,0.0,1,100.0,100.0,100.0,100.0
FinanceBench,dense_linq_embed_mistral_query_results.jsonl,Dense,Linq-Embed-Mistral,standard,,VERIZON_2022_10K,2,0.0,0.5,0.125,0.0,0.007,0.007,0.007,0.0,0.0,0.0,0.0,0.0,0.0,0.0,0.0,0.0,2,0.0,50.0,12.5,0.0
FinanceBench,dense_linq_embed_mistral_query_results.jsonl,Dense,Linq-Embed-Mistral,standard,,WALMART_2019_10K,1,0.0,0.0,0.0,1.0,0.007,0.007,0.007,0.0,0.0,0.0,0.0,0.0,0.0,0.0,0.0,0.0,1,0.0,0.0,0.0,100.0
FinanceBench,hybrid_pageindex_chunk_rerank_harrier_oss_v1_0_6b_top_m_10_query_results.jsonl,Hybrid PageIndex,Harrier,chunk_rerank,10.0,3M_2018_10K,2,0.0,0.5,0.25,1.0,0.001,0.001,0.001,0.0,0.0,0.0,0.0,0.0,0.0,0.0,0.0,0.0,2,0.0,50.0,25.0,100.0
FinanceBench,hybrid_pageindex_chunk_rerank_harrier_oss_v1_0_6b_top_m_10_query_results.jsonl,Hybrid PageIndex,Harrier,chunk_rerank,10.0,3M_2022_10K,2,0.5,1.0,0.75,1.0,0.0005,0.0005,0.0005,0.0,0.0,0.0,0.0,0.0,0.0,0.0,0.0,0.0,2,50.0,100.0,75.0,100.0
FinanceBench,hybrid_pageindex_chunk_rerank_harrier_oss_v1_0_6b_top_m_10_query_results.jsonl,Hybrid PageIndex,Harrier,chunk_rerank,10.0,3M_2023Q2_10Q,3,0.3333333333333333,0.3333333333333333,0.3333333333333333,0.6666666666666666,0.0,0.0,0.0,0.0,0.0,0.0,0.0,0.0,0.0,0.0,0.0,0.0,3,33.33333333333333,33.33333333333333,33.33333333333333,66.66666666666666
FinanceBench,hybrid_pageindex_chunk_rerank_harrier_oss_v1_0_6b_top_m_10_query_results.jsonl,Hybrid PageIndex,Harrier,chunk_rerank,10.0,ADOBE_2016_10K,1,0.0,0.0,0.0,1.0,0.0,0.0,0.0,0.0,0.0,0.0,0.0,0.0,0.0,0.0,0.0,0.0,1,0.0,0.0,0.0,100.0
FinanceBench,hybrid_pageindex_chunk_rerank_harrier_oss_v1_0_6b_top_m_10_query_results.jsonl,Hybrid PageIndex,Harrier,chunk_rerank,10.0,ADOBE_2022_10K,2,0.0,1.0,0.3333333333333333,1.0,0.0005,0.0005,0.0005,0.0,0.0,0.0,0.0,0.0,0.0,0.0,0.0,0.0,2,0.0,100.0,33.33333333333333,100.0
FinanceBench,hybrid_pageindex_chunk_rerank_harrier_oss_v1_0_6b_top_m_10_query_results.jsonl,Hybrid PageIndex,Harrier,chunk_rerank,10.0,AES_2022_10K,1,1.0,1.0,1.0,1.0,0.001,0.001,0.001,0.0,0.0,0.0,0.0,0.0,0.0,0.0,0.0,0.0,1,100.0,100.0,100.0,100.0
FinanceBench,hybrid_pageindex_chunk_rerank_harrier_oss_v1_0_6b_top_m_10_query_results.jsonl,Hybrid PageIndex,Harrier,chunk_rerank,10.0,AMAZON_2017_10K,1,0.0,1.0,0.5,1.0,0.0,0.0,0.0,0.0,0.0,0.0,0.0,0.0,0.0,0.0,0.0,0.0,1,0.0,100.0,50.0,100.0
FinanceBench,hybrid_pageindex_chunk_rerank_harrier_oss_v1_0_6b_top_m_10_query_results.jsonl,Hybrid PageIndex,Harrier,chunk_rerank,10.0,AMAZON_2019_10K,1,0.0,1.0,0.5,1.0,0.0,0.0,0.0,0.0,0.0,0.0,0.0,0.0,0.0,0.0,0.0,0.0,1,0.0,100.0,50.0,100.0
FinanceBench,hybrid_pageindex_chunk_rerank_harrier_oss_v1_0_6b_top_m_10_query_results.jsonl,Hybrid PageIndex,Harrier,chunk_rerank,10.0,AMCOR_2020_10K,1,0.0,0.0,0.0,0.0,0.0,0.0,0.0,0.0,0.0,0.0,0.0,0.0,0.0,0.0,0.0,0.0,1,0.0,0.0,0.0,0.0
FinanceBench,hybrid_pageindex_chunk_rerank_harrier_oss_v1_0_6b_top_m_10_query_results.jsonl,Hybrid PageIndex,Harrier,chunk_rerank,10.0,AMCOR_2022_8K_dated-2022-07-01,1,0.0,1.0,0.3333333333333333,1.0,0.0,0.0,0.0,0.0,0.0,0.0,0.0,0.0,0.0,0.0,0.0,0.0,1,0.0,100.0,33.33333333333333,100.0
FinanceBench,hybrid_pageindex_chunk_rerank_harrier_oss_v1_0_6b_top_m_10_query_results.jsonl,Hybrid PageIndex,Harrier,chunk_rerank,10.0,AMCOR_2023Q2_10Q,1,0.0,0.0,0.0,0.0,0.0,0.0,0.0,0.0,0.0,0.0,0.0,0.0,0.0,0.0,0.0,0.0,1,0.0,0.0,0.0,0.0
FinanceBench,hybrid_pageindex_chunk_rerank_harrier_oss_v1_0_6b_top_m_10_query_results.jsonl,Hybrid PageIndex,Harrier,chunk_rerank,10.0,AMCOR_2023Q4_EARNINGS,2,0.5,0.5,0.5,0.5,0.0,0.0,0.0,0.0,0.0,0.0,0.0,0.0,0.0,0.0,0.0,0.0,2,50.0,50.0,50.0,50.0
FinanceBench,hybrid_pageindex_chunk_rerank_harrier_oss_v1_0_6b_top_m_10_query_results.jsonl,Hybrid PageIndex,Harrier,chunk_rerank,10.0,AMCOR_2023_10K,4,0.0,0.25,0.0625,0.5,0.0,0.0,0.0,0.0,0.0,0.0,0.0,0.0,0.0,0.0,0.0,0.0,4,0.0,25.0,6.25,50.0
FinanceBench,hybrid_pageindex_chunk_rerank_harrier_oss_v1_0_6b_top_m_10_query_results.jsonl,Hybrid PageIndex,Harrier,chunk_rerank,10.0,AMD_2022_10K,7,0.42857142857142855,1.0,0.6904761904761905,1.0,0.0,0.0,0.0,0.0,0.0,0.0,0.0,0.0,0.0,0.0,0.0,0.0,7,42.857142857142854,100.0,69.04761904761905,100.0
FinanceBench,hybrid_pageindex_chunk_rerank_harrier_oss_v1_0_6b_top_m_10_query_results.jsonl,Hybrid PageIndex,Harrier,chunk_rerank,10.0,AMERICANEXPRESS_2022_10K,7,0.2857142857142857,0.42857142857142855,0.35714285714285715,1.0,0.0007142857142857143,0.0007142857142857143,0.0007142857142857143,0.0,0.0,0.0,0.0,0.0,0.0,0.0,0.0,0.0,7,28.57142857142857,42.857142857142854,35.714285714285715,100.0
FinanceBench,hybrid_pageindex_chunk_rerank_harrier_oss_v1_0_6b_top_m_10_query_results.jsonl,Hybrid PageIndex,Harrier,chunk_rerank,10.0,AMERICANWATERWORKS_2020_10K,1,0.0,0.0,0.0,1.0,0.0,0.0,0.0,0.0,0.0,0.0,0.0,0.0,0.0,0.0,0.0,0.0,1,0.0,0.0,0.0,100.0
FinanceBench,hybrid_pageindex_chunk_rerank_harrier_oss_v1_0_6b_top_m_10_query_results.jsonl,Hybrid PageIndex,Harrier,chunk_rerank,10.0,BESTBUY_2017_10K,1,0.0,0.0,0.0,0.0,0.0,0.0,0.0,0.0,0.0,0.0,0.0,0.0,0.0,0.0,0.0,0.0,1,0.0,0.0,0.0,0.0
FinanceBench,hybrid_pageindex_chunk_rerank_harrier_oss_v1_0_6b_top_m_10_query_results.jsonl,Hybrid PageIndex,Harrier,chunk_rerank,10.0,BESTBUY_2019_10K,1,0.0,0.0,0.0,0.0,0.0,0.0,0.0,0.0,0.0,0.0,0.0,0.0,0.0,0.0,0.0,0.0,1,0.0,0.0,0.0,0.0
FinanceBench,hybrid_pageindex_chunk_rerank_harrier_oss_v1_0_6b_top_m_10_query_results.jsonl,Hybrid PageIndex,Harrier,chunk_rerank,10.0,BESTBUY_2023_10K,3,0.0,0.0,0.0,0.6666666666666666,0.0,0.0,0.0,0.0,0.0,0.0,0.0,0.0,0.0,0.0,0.0,0.0,3,0.0,0.0,0.0,66.66666666666666
FinanceBench,hybrid_pageindex_chunk_rerank_harrier_oss_v1_0_6b_top_m_10_query_results.jsonl,Hybrid PageIndex,Harrier,chunk_rerank,10.0,BESTBUY_2024Q2_10Q,3,0.3333333333333333,0.6666666666666666,0.4166666666666667,0.6666666666666666,0.0,0.0,0.0,0.0,0.0,0.0,0.0,0.0,0.0,0.0,0.0,0.0,3,33.33333333333333,66.66666666666666,41.66666666666667,66.66666666666666
FinanceBench,hybrid_pageindex_chunk_rerank_harrier_oss_v1_0_6b_top_m_10_query_results.jsonl,Hybrid PageIndex,Harrier,chunk_rerank,10.0,BLOCK_2016_10K,1,0.0,0.0,0.0,1.0,0.001,0.001,0.001,0.0,0.0,0.0,0.0,0.0,0.0,0.0,0.0,0.0,1,0.0,0.0,0.0,100.0
FinanceBench,hybrid_pageindex_chunk_rerank_harrier_oss_v1_0_6b_top_m_10_query_results.jsonl,Hybrid PageIndex,Harrier,chunk_rerank,10.0,BLOCK_2020_10K,2,0.5,1.0,0.625,1.0,0.001,0.001,0.001,0.0,0.0,0.0,0.0,0.0,0.0,0.0,0.0,0.0,2,50.0,100.0,62.5,100.0
FinanceBench,hybrid_pageindex_chunk_rerank_harrier_oss_v1_0_6b_top_m_10_query_results.jsonl,Hybrid PageIndex,Harrier,chunk_rerank,10.0,BOEING_2018_10K,1,1.0,1.0,1.0,1.0,0.0,0.0,0.0,0.0,0.0,0.0,0.0,0.0,0.0,0.0,0.0,0.0,1,100.0,100.0,100.0,100.0
FinanceBench,hybrid_pageindex_chunk_rerank_harrier_oss_v1_0_6b_top_m_10_query_results.jsonl,Hybrid PageIndex,Harrier,chunk_rerank,10.0,BOEING_2022_10K,6,0.3333333333333333,0.8333333333333334,0.5138888888888888,1.0,0.0003333333333333333,0.0003333333333333333,0.0003333333333333333,0.0,0.0,0.0,0.0,0.0,0.0,0.0,0.0,0.0,6,33.33333333333333,83.33333333333334,51.388888888888886,100.0
FinanceBench,hybrid_pageindex_chunk_rerank_harrier_oss_v1_0_6b_top_m_10_query_results.jsonl,Hybrid PageIndex,Harrier,chunk_rerank,10.0,COCACOLA_2021_10K,1,1.0,1.0,1.0,1.0,0.001,0.001,0.001,0.0,0.0,0.0,0.0,0.0,0.0,0.0,0.0,0.0,1,100.0,100.0,100.0,100.0
FinanceBench,hybrid_pageindex_chunk_rerank_harrier_oss_v1_0_6b_top_m_10_query_results.jsonl,Hybrid PageIndex,Harrier,chunk_rerank,10.0,CORNING_2021_10K,1,0.0,0.0,0.0,1.0,0.0,0.0,0.0,0.0,0.0,0.0,0.0,0.0,0.0,0.0,0.0,0.0,1,0.0,0.0,0.0,100.0
FinanceBench,hybrid_pageindex_chunk_rerank_harrier_oss_v1_0_6b_top_m_10_query_results.jsonl,Hybrid PageIndex,Harrier,chunk_rerank,10.0,CORNING_2022_10K,2,0.0,0.5,0.1,1.0,0.0005,0.0005,0.0005,0.0,0.0,0.0,0.0,0.0,0.0,0.0,0.0,0.0,2,0.0,50.0,10.0,100.0
FinanceBench,hybrid_pageindex_chunk_rerank_harrier_oss_v1_0_6b_top_m_10_query_results.jsonl,Hybrid PageIndex,Harrier,chunk_rerank,10.0,COSTCO_2021_10K,1,0.0,1.0,0.25,1.0,0.0,0.0,0.0,0.0,0.0,0.0,0.0,0.0,0.0,0.0,0.0,0.0,1,0.0,100.0,25.0,100.0
FinanceBench,hybrid_pageindex_chunk_rerank_harrier_oss_v1_0_6b_top_m_10_query_results.jsonl,Hybrid PageIndex,Harrier,chunk_rerank,10.0,CVSHEALTH_2022_10K,1,0.0,1.0,0.5,1.0,0.0,0.0,0.0,0.0,0.0,0.0,0.0,0.0,0.0,0.0,0.0,0.0,1,0.0,100.0,50.0,100.0
FinanceBench,hybrid_pageindex_chunk_rerank_harrier_oss_v1_0_6b_top_m_10_query_results.jsonl,Hybrid PageIndex,Harrier,chunk_rerank,10.0,FOOTLOCKER_2022_8K_dated-2022-05-20,1,0.0,0.0,0.0,0.0,0.0,0.0,0.0,0.0,0.0,0.0,0.0,0.0,0.0,0.0,0.0,0.0,1,0.0,0.0,0.0,0.0
FinanceBench,hybrid_pageindex_chunk_rerank_harrier_oss_v1_0_6b_top_m_10_query_results.jsonl,Hybrid PageIndex,Harrier,chunk_rerank,10.0,FOOTLOCKER_2022_8K_dated_2022-08-19,1,0.0,1.0,0.3333333333333333,1.0,0.0,0.0,0.0,0.0,0.0,0.0,0.0,0.0,0.0,0.0,0.0,0.0,1,0.0,100.0,33.33333333333333,100.0
FinanceBench,hybrid_pageindex_chunk_rerank_harrier_oss_v1_0_6b_top_m_10_query_results.jsonl,Hybrid PageIndex,Harrier,chunk_rerank,10.0,GENERALMILLS_2020_10K,2,0.5,1.0,0.6666666666666666,1.0,0.001,0.001,0.001,0.0,0.0,0.0,0.0,0.0,0.0,0.0,0.0,0.0,2,50.0,100.0,66.66666666666666,100.0
FinanceBench,hybrid_pageindex_chunk_rerank_harrier_oss_v1_0_6b_top_m_10_query_results.jsonl,Hybrid PageIndex,Harrier,chunk_rerank,10.0,JOHNSON_JOHNSON_2022Q4_EARNINGS,1,0.0,0.0,0.0,0.0,0.0,0.0,0.0,0.0,0.0,0.0,0.0,0.0,0.0,0.0,0.0,0.0,1,0.0,0.0,0.0,0.0
FinanceBench,hybrid_pageindex_chunk_rerank_harrier_oss_v1_0_6b_top_m_10_query_results.jsonl,Hybrid PageIndex,Harrier,chunk_rerank,10.0,JOHNSON_JOHNSON_2022_10K,2,1.0,1.0,1.0,1.0,0.0,0.0,0.0,0.0,0.0,0.0,0.0,0.0,0.0,0.0,0.0,0.0,2,100.0,100.0,100.0,100.0
FinanceBench,hybrid_pageindex_chunk_rerank_harrier_oss_v1_0_6b_top_m_10_query_results.jsonl,Hybrid PageIndex,Harrier,chunk_rerank,10.0,JOHNSON_JOHNSON_2023Q2_EARNINGS,1,0.0,1.0,0.25,1.0,0.0,0.0,0.0,0.0,0.0,0.0,0.0,0.0,0.0,0.0,0.0,0.0,1,0.0,100.0,25.0,100.0
FinanceBench,hybrid_pageindex_chunk_rerank_harrier_oss_v1_0_6b_top_m_10_query_results.jsonl,Hybrid PageIndex,Harrier,chunk_rerank,10.0,JOHNSON_JOHNSON_2023_8K_dated-2023-08-30,3,0.3333333333333333,0.6666666666666666,0.5,1.0,0.0003333333333333333,0.0003333333333333333,0.0003333333333333333,0.0,0.0,0.0,0.0,0.0,0.0,0.0,0.0,0.0,3,33.33333333333333,66.66666666666666,50.0,100.0
FinanceBench,hybrid_pageindex_chunk_rerank_harrier_oss_v1_0_6b_top_m_10_query_results.jsonl,Hybrid PageIndex,Harrier,chunk_rerank,10.0,JPMORGAN_2021Q1_10Q,2,0.0,0.0,0.0,1.0,0.0,0.0,0.0,0.0,0.0,0.0,0.0,0.0,0.0,0.0,0.0,0.0,2,0.0,0.0,0.0,100.0
FinanceBench,hybrid_pageindex_chunk_rerank_harrier_oss_v1_0_6b_top_m_10_query_results.jsonl,Hybrid PageIndex,Harrier,chunk_rerank,10.0,JPMORGAN_2022Q2_10Q,1,0.0,0.0,0.0,0.0,0.001,0.001,0.001,0.0,0.0,0.0,0.0,0.0,0.0,0.0,0.0,0.0,1,0.0,0.0,0.0,0.0
FinanceBench,hybrid_pageindex_chunk_rerank_harrier_oss_v1_0_6b_top_m_10_query_results.jsonl,Hybrid PageIndex,Harrier,chunk_rerank,10.0,JPMORGAN_2022_10K,1,0.0,0.0,0.0,0.0,0.001,0.001,0.001,0.0,0.0,0.0,0.0,0.0,0.0,0.0,0.0,0.0,1,0.0,0.0,0.0,0.0
FinanceBench,hybrid_pageindex_chunk_rerank_harrier_oss_v1_0_6b_top_m_10_query_results.jsonl,Hybrid PageIndex,Harrier,chunk_rerank,10.0,JPMORGAN_2023Q2_10Q,1,0.0,0.0,0.0,1.0,0.0,0.0,0.0,0.0,0.0,0.0,0.0,0.0,0.0,0.0,0.0,0.0,1,0.0,0.0,0.0,100.0
FinanceBench,hybrid_pageindex_chunk_rerank_harrier_oss_v1_0_6b_top_m_10_query_results.jsonl,Hybrid PageIndex,Harrier,chunk_rerank,10.0,LOCKHEEDMARTIN_2021_10K,1,0.0,0.0,0.0,0.0,0.0,0.0,0.0,0.0,0.0,0.0,0.0,0.0,0.0,0.0,0.0,0.0,1,0.0,0.0,0.0,0.0
FinanceBench,hybrid_pageindex_chunk_rerank_harrier_oss_v1_0_6b_top_m_10_query_results.jsonl,Hybrid PageIndex,Harrier,chunk_rerank,10.0,LOCKHEEDMARTIN_2022_10K,1,0.0,0.0,0.0,1.0,0.0,0.0,0.0,0.0,0.0,0.0,0.0,0.0,0.0,0.0,0.0,0.0,1,0.0,0.0,0.0,100.0
FinanceBench,hybrid_pageindex_chunk_rerank_harrier_oss_v1_0_6b_top_m_10_query_results.jsonl,Hybrid PageIndex,Harrier,chunk_rerank,10.0,MGMRESORTS_2018_10K,1,0.0,0.0,0.0,1.0,0.0,0.0,0.0,0.0,0.0,0.0,0.0,0.0,0.0,0.0,0.0,0.0,1,0.0,0.0,0.0,100.0
FinanceBench,hybrid_pageindex_chunk_rerank_harrier_oss_v1_0_6b_top_m_10_query_results.jsonl,Hybrid PageIndex,Harrier,chunk_rerank,10.0,MGMRESORTS_2022Q4_EARNINGS,2,0.0,1.0,0.26666666666666666,1.0,0.0,0.0,0.0,0.0,0.0,0.0,0.0,0.0,0.0,0.0,0.0,0.0,2,0.0,100.0,26.666666666666668,100.0
FinanceBench,hybrid_pageindex_chunk_rerank_harrier_oss_v1_0_6b_top_m_10_query_results.jsonl,Hybrid PageIndex,Harrier,chunk_rerank,10.0,MGMRESORTS_2022_10K,1,0.0,0.0,0.0,0.0,0.0,0.0,0.0,0.0,0.0,0.0,0.0,0.0,0.0,0.0,0.0,0.0,1,0.0,0.0,0.0,0.0
FinanceBench,hybrid_pageindex_chunk_rerank_harrier_oss_v1_0_6b_top_m_10_query_results.jsonl,Hybrid PageIndex,Harrier,chunk_rerank,10.0,MGMRESORTS_2023Q2_10Q,1,0.0,0.0,0.0,1.0,0.0,0.0,0.0,0.0,0.0,0.0,0.0,0.0,0.0,0.0,0.0,0.0,1,0.0,0.0,0.0,100.0
FinanceBench,hybrid_pageindex_chunk_rerank_harrier_oss_v1_0_6b_top_m_10_query_results.jsonl,Hybrid PageIndex,Harrier,chunk_rerank,10.0,MICROSOFT_2016_10K,1,0.0,0.0,0.0,0.0,0.0,0.0,0.0,0.0,0.0,0.0,0.0,0.0,0.0,0.0,0.0,0.0,1,0.0,0.0,0.0,0.0
FinanceBench,hybrid_pageindex_chunk_rerank_harrier_oss_v1_0_6b_top_m_10_query_results.jsonl,Hybrid PageIndex,Harrier,chunk_rerank,10.0,MICROSOFT_2023_10K,1,1.0,1.0,1.0,1.0,0.0,0.0,0.0,0.0,0.0,0.0,0.0,0.0,0.0,0.0,0.0,0.0,1,100.0,100.0,100.0,100.0
FinanceBench,hybrid_pageindex_chunk_rerank_harrier_oss_v1_0_6b_top_m_10_query_results.jsonl,Hybrid PageIndex,Harrier,chunk_rerank,10.0,NETFLIX_2017_10K,1,1.0,1.0,1.0,1.0,0.0,0.0,0.0,0.0,0.0,0.0,0.0,0.0,0.0,0.0,0.0,0.0,1,100.0,100.0,100.0,100.0
FinanceBench,hybrid_pageindex_chunk_rerank_harrier_oss_v1_0_6b_top_m_10_query_results.jsonl,Hybrid PageIndex,Harrier,chunk_rerank,10.0,NIKE_2018_10K,1,0.0,1.0,0.3333333333333333,1.0,0.001,0.001,0.001,0.0,0.0,0.0,0.0,0.0,0.0,0.0,0.0,0.0,1,0.0,100.0,33.33333333333333,100.0
FinanceBench,hybrid_pageindex_chunk_rerank_harrier_oss_v1_0_6b_top_m_10_query_results.jsonl,Hybrid PageIndex,Harrier,chunk_rerank,10.0,NIKE_2019_10K,1,0.0,0.0,0.0,0.0,0.0,0.0,0.0,0.0,0.0,0.0,0.0,0.0,0.0,0.0,0.0,0.0,1,0.0,0.0,0.0,0.0
FinanceBench,hybrid_pageindex_chunk_rerank_harrier_oss_v1_0_6b_top_m_10_query_results.jsonl,Hybrid PageIndex,Harrier,chunk_rerank,10.0,NIKE_2023_10K,1,0.0,1.0,0.25,1.0,0.0,0.0,0.0,0.0,0.0,0.0,0.0,0.0,0.0,0.0,0.0,0.0,1,0.0,100.0,25.0,100.0
FinanceBench,hybrid_pageindex_chunk_rerank_harrier_oss_v1_0_6b_top_m_10_query_results.jsonl,Hybrid PageIndex,Harrier,chunk_rerank,10.0,PAYPAL_2022_10K,1,0.0,0.0,0.0,1.0,0.0,0.0,0.0,0.0,0.0,0.0,0.0,0.0,0.0,0.0,0.0,0.0,1,0.0,0.0,0.0,100.0
FinanceBench,hybrid_pageindex_chunk_rerank_harrier_oss_v1_0_6b_top_m_10_query_results.jsonl,Hybrid PageIndex,Harrier,chunk_rerank,10.0,PEPSICO_2021_10K,1,0.0,0.0,0.0,1.0,0.001,0.001,0.001,0.0,0.0,0.0,0.0,0.0,0.0,0.0,0.0,0.0,1,0.0,0.0,0.0,100.0
FinanceBench,hybrid_pageindex_chunk_rerank_harrier_oss_v1_0_6b_top_m_10_query_results.jsonl,Hybrid PageIndex,Harrier,chunk_rerank,10.0,PEPSICO_2022_10K,2,0.0,0.0,0.0,0.0,0.0,0.0,0.0,0.0,0.0,0.0,0.0,0.0,0.0,0.0,0.0,0.0,2,0.0,0.0,0.0,0.0
FinanceBench,hybrid_pageindex_chunk_rerank_harrier_oss_v1_0_6b_top_m_10_query_results.jsonl,Hybrid PageIndex,Harrier,chunk_rerank,10.0,PEPSICO_2023Q1_EARNINGS,2,1.0,1.0,1.0,1.0,0.0,0.0,0.0,0.0,0.0,0.0,0.0,0.0,0.0,0.0,0.0,0.0,2,100.0,100.0,100.0,100.0
FinanceBench,hybrid_pageindex_chunk_rerank_harrier_oss_v1_0_6b_top_m_10_query_results.jsonl,Hybrid PageIndex,Harrier,chunk_rerank,10.0,PEPSICO_2023_8K_dated-2023-05-05,1,1.0,1.0,1.0,1.0,0.0,0.0,0.0,0.0,0.0,0.0,0.0,0.0,0.0,0.0,0.0,0.0,1,100.0,100.0,100.0,100.0
FinanceBench,hybrid_pageindex_chunk_rerank_harrier_oss_v1_0_6b_top_m_10_query_results.jsonl,Hybrid PageIndex,Harrier,chunk_rerank,10.0,PEPSICO_2023_8K_dated-2023-05-30,2,1.0,1.0,1.0,1.0,0.0005,0.0005,0.0005,0.0,0.0,0.0,0.0,0.0,0.0,0.0,0.0,0.0,2,100.0,100.0,100.0,100.0
FinanceBench,hybrid_pageindex_chunk_rerank_harrier_oss_v1_0_6b_top_m_10_query_results.jsonl,Hybrid PageIndex,Harrier,chunk_rerank,10.0,PFIZER_2021_10K,2,0.0,0.0,0.0,1.0,0.001,0.001,0.001,0.0,0.0,0.0,0.0,0.0,0.0,0.0,0.0,0.0,2,0.0,0.0,0.0,100.0
FinanceBench,hybrid_pageindex_chunk_rerank_harrier_oss_v1_0_6b_top_m_10_query_results.jsonl,Hybrid PageIndex,Harrier,chunk_rerank,10.0,ULTABEAUTY_2023Q4_EARNINGS,4,0.0,0.5,0.16666666666666666,0.5,0.0,0.0,0.0,0.0,0.0,0.0,0.0,0.0,0.0,0.0,0.0,0.0,4,0.0,50.0,16.666666666666664,50.0
FinanceBench,hybrid_pageindex_chunk_rerank_harrier_oss_v1_0_6b_top_m_10_query_results.jsonl,Hybrid PageIndex,Harrier,chunk_rerank,10.0,ULTABEAUTY_2023_10K,2,0.0,1.0,0.375,1.0,0.0,0.0,0.0,0.0,0.0,0.0,0.0,0.0,0.0,0.0,0.0,0.0,2,0.0,100.0,37.5,100.0
FinanceBench,hybrid_pageindex_chunk_rerank_harrier_oss_v1_0_6b_top_m_10_query_results.jsonl,Hybrid PageIndex,Harrier,chunk_rerank,10.0,VERIZON_2021_10K,1,0.0,0.0,0.0,1.0,0.0,0.0,0.0,0.0,0.0,0.0,0.0,0.0,0.0,0.0,0.0,0.0,1,0.0,0.0,0.0,100.0
FinanceBench,hybrid_pageindex_chunk_rerank_harrier_oss_v1_0_6b_top_m_10_query_results.jsonl,Hybrid PageIndex,Harrier,chunk_rerank,10.0,VERIZON_2022_10K,2,0.0,0.0,0.0,1.0,0.0,0.0,0.0,0.0,0.0,0.0,0.0,0.0,0.0,0.0,0.0,0.0,2,0.0,0.0,0.0,100.0
FinanceBench,hybrid_pageindex_chunk_rerank_harrier_oss_v1_0_6b_top_m_10_query_results.jsonl,Hybrid PageIndex,Harrier,chunk_rerank,10.0,WALMART_2019_10K,1,0.0,0.0,0.0,1.0,0.0,0.0,0.0,0.0,0.0,0.0,0.0,0.0,0.0,0.0,0.0,0.0,1,0.0,0.0,0.0,100.0
FinanceBench,hybrid_pageindex_chunk_rerank_harrier_oss_v1_0_6b_top_m_5_query_results.jsonl,Hybrid PageIndex,Harrier,chunk_rerank,5.0,3M_2018_10K,2,0.0,0.5,0.25,1.0,0.001,0.001,0.001,0.0,0.0,0.0,0.0,0.0,0.0,0.0,0.0,0.0,2,0.0,50.0,25.0,100.0
FinanceBench,hybrid_pageindex_chunk_rerank_harrier_oss_v1_0_6b_top_m_5_query_results.jsonl,Hybrid PageIndex,Harrier,chunk_rerank,5.0,3M_2022_10K,2,0.5,1.0,0.75,1.0,0.001,0.001,0.001,0.0,0.0,0.0,0.0,0.0,0.0,0.0,0.0,0.0,2,50.0,100.0,75.0,100.0
FinanceBench,hybrid_pageindex_chunk_rerank_harrier_oss_v1_0_6b_top_m_5_query_results.jsonl,Hybrid PageIndex,Harrier,chunk_rerank,5.0,3M_2023Q2_10Q,3,0.3333333333333333,0.3333333333333333,0.3333333333333333,0.6666666666666666,0.0003333333333333333,0.0003333333333333333,0.0003333333333333333,0.0,0.0,0.0,0.0,0.0,0.0,0.0,0.0,0.0,3,33.33333333333333,33.33333333333333,33.33333333333333,66.66666666666666
FinanceBench,hybrid_pageindex_chunk_rerank_harrier_oss_v1_0_6b_top_m_5_query_results.jsonl,Hybrid PageIndex,Harrier,chunk_rerank,5.0,ADOBE_2016_10K,1,0.0,0.0,0.0,1.0,0.0,0.0,0.0,0.0,0.0,0.0,0.0,0.0,0.0,0.0,0.0,0.0,1,0.0,0.0,0.0,100.0
FinanceBench,hybrid_pageindex_chunk_rerank_harrier_oss_v1_0_6b_top_m_5_query_results.jsonl,Hybrid PageIndex,Harrier,chunk_rerank,5.0,ADOBE_2022_10K,2,0.0,1.0,0.3333333333333333,1.0,0.0,0.0,0.0,0.0,0.0,0.0,0.0,0.0,0.0,0.0,0.0,0.0,2,0.0,100.0,33.33333333333333,100.0
FinanceBench,hybrid_pageindex_chunk_rerank_harrier_oss_v1_0_6b_top_m_5_query_results.jsonl,Hybrid PageIndex,Harrier,chunk_rerank,5.0,AES_2022_10K,1,1.0,1.0,1.0,1.0,0.0,0.0,0.0,0.0,0.0,0.0,0.0,0.0,0.0,0.0,0.0,0.0,1,100.0,100.0,100.0,100.0
FinanceBench,hybrid_pageindex_chunk_rerank_harrier_oss_v1_0_6b_top_m_5_query_results.jsonl,Hybrid PageIndex,Harrier,chunk_rerank,5.0,AMAZON_2017_10K,1,1.0,1.0,1.0,1.0,0.0,0.0,0.0,0.0,0.0,0.0,0.0,0.0,0.0,0.0,0.0,0.0,1,100.0,100.0,100.0,100.0
FinanceBench,hybrid_pageindex_chunk_rerank_harrier_oss_v1_0_6b_top_m_5_query_results.jsonl,Hybrid PageIndex,Harrier,chunk_rerank,5.0,AMAZON_2019_10K,1,0.0,1.0,0.5,1.0,0.0,0.0,0.0,0.0,0.0,0.0,0.0,0.0,0.0,0.0,0.0,0.0,1,0.0,100.0,50.0,100.0
FinanceBench,hybrid_pageindex_chunk_rerank_harrier_oss_v1_0_6b_top_m_5_query_results.jsonl,Hybrid PageIndex,Harrier,chunk_rerank,5.0,AMCOR_2020_10K,1,0.0,0.0,0.0,0.0,0.0,0.0,0.0,0.0,0.0,0.0,0.0,0.0,0.0,0.0,0.0,0.0,1,0.0,0.0,0.0,0.0
FinanceBench,hybrid_pageindex_chunk_rerank_harrier_oss_v1_0_6b_top_m_5_query_results.jsonl,Hybrid PageIndex,Harrier,chunk_rerank,5.0,AMCOR_2022_8K_dated-2022-07-01,1,0.0,1.0,0.3333333333333333,1.0,0.0,0.0,0.0,0.0,0.0,0.0,0.0,0.0,0.0,0.0,0.0,0.0,1,0.0,100.0,33.33333333333333,100.0
FinanceBench,hybrid_pageindex_chunk_rerank_harrier_oss_v1_0_6b_top_m_5_query_results.jsonl,Hybrid PageIndex,Harrier,chunk_rerank,5.0,AMCOR_2023Q2_10Q,1,0.0,0.0,0.0,0.0,0.0,0.0,0.0,0.0,0.0,0.0,0.0,0.0,0.0,0.0,0.0,0.0,1,0.0,0.0,0.0,0.0
FinanceBench,hybrid_pageindex_chunk_rerank_harrier_oss_v1_0_6b_top_m_5_query_results.jsonl,Hybrid PageIndex,Harrier,chunk_rerank,5.0,AMCOR_2023Q4_EARNINGS,2,0.5,0.5,0.5,0.5,0.0,0.0,0.0,0.0,0.0,0.0,0.0,0.0,0.0,0.0,0.0,0.0,2,50.0,50.0,50.0,50.0
FinanceBench,hybrid_pageindex_chunk_rerank_harrier_oss_v1_0_6b_top_m_5_query_results.jsonl,Hybrid PageIndex,Harrier,chunk_rerank,5.0,AMCOR_2023_10K,4,0.0,0.0,0.0,0.5,0.0,0.0,0.0,0.0,0.0,0.0,0.0,0.0,0.0,0.0,0.0,0.0,4,0.0,0.0,0.0,50.0
FinanceBench,hybrid_pageindex_chunk_rerank_harrier_oss_v1_0_6b_top_m_5_query_results.jsonl,Hybrid PageIndex,Harrier,chunk_rerank,5.0,AMD_2022_10K,7,0.42857142857142855,0.8571428571428571,0.6428571428571429,1.0,0.0,0.0,0.0,0.0,0.0,0.0,0.0,0.0,0.0,0.0,0.0,0.0,7,42.857142857142854,85.71428571428571,64.28571428571429,100.0
FinanceBench,hybrid_pageindex_chunk_rerank_harrier_oss_v1_0_6b_top_m_5_query_results.jsonl,Hybrid PageIndex,Harrier,chunk_rerank,5.0,AMERICANEXPRESS_2022_10K,7,0.2857142857142857,0.42857142857142855,0.35714285714285715,1.0,0.00014285714285714287,0.00014285714285714287,0.00014285714285714287,0.0,0.0,0.0,0.0,0.0,0.0,0.0,0.0,0.0,7,28.57142857142857,42.857142857142854,35.714285714285715,100.0
FinanceBench,hybrid_pageindex_chunk_rerank_harrier_oss_v1_0_6b_top_m_5_query_results.jsonl,Hybrid PageIndex,Harrier,chunk_rerank,5.0,AMERICANWATERWORKS_2020_10K,1,0.0,0.0,0.0,1.0,0.0,0.0,0.0,0.0,0.0,0.0,0.0,0.0,0.0,0.0,0.0,0.0,1,0.0,0.0,0.0,100.0
FinanceBench,hybrid_pageindex_chunk_rerank_harrier_oss_v1_0_6b_top_m_5_query_results.jsonl,Hybrid PageIndex,Harrier,chunk_rerank,5.0,BESTBUY_2017_10K,1,0.0,0.0,0.0,0.0,0.0,0.0,0.0,0.0,0.0,0.0,0.0,0.0,0.0,0.0,0.0,0.0,1,0.0,0.0,0.0,0.0
FinanceBench,hybrid_pageindex_chunk_rerank_harrier_oss_v1_0_6b_top_m_5_query_results.jsonl,Hybrid PageIndex,Harrier,chunk_rerank,5.0,BESTBUY_2019_10K,1,0.0,0.0,0.0,0.0,0.0,0.0,0.0,0.0,0.0,0.0,0.0,0.0,0.0,0.0,0.0,0.0,1,0.0,0.0,0.0,0.0
FinanceBench,hybrid_pageindex_chunk_rerank_harrier_oss_v1_0_6b_top_m_5_query_results.jsonl,Hybrid PageIndex,Harrier,chunk_rerank,5.0,BESTBUY_2023_10K,3,0.0,0.6666666666666666,0.16666666666666666,0.6666666666666666,0.0,0.0,0.0,0.0,0.0,0.0,0.0,0.0,0.0,0.0,0.0,0.0,3,0.0,66.66666666666666,16.666666666666664,66.66666666666666
FinanceBench,hybrid_pageindex_chunk_rerank_harrier_oss_v1_0_6b_top_m_5_query_results.jsonl,Hybrid PageIndex,Harrier,chunk_rerank,5.0,BESTBUY_2024Q2_10Q,3,0.3333333333333333,0.6666666666666666,0.5,0.6666666666666666,0.0,0.0,0.0,0.0,0.0,0.0,0.0,0.0,0.0,0.0,0.0,0.0,3,33.33333333333333,66.66666666666666,50.0,66.66666666666666
FinanceBench,hybrid_pageindex_chunk_rerank_harrier_oss_v1_0_6b_top_m_5_query_results.jsonl,Hybrid PageIndex,Harrier,chunk_rerank,5.0,BLOCK_2016_10K,1,0.0,0.0,0.0,1.0,0.0,0.0,0.0,0.0,0.0,0.0,0.0,0.0,0.0,0.0,0.0,0.0,1,0.0,0.0,0.0,100.0
FinanceBench,hybrid_pageindex_chunk_rerank_harrier_oss_v1_0_6b_top_m_5_query_results.jsonl,Hybrid PageIndex,Harrier,chunk_rerank,5.0,BLOCK_2020_10K,2,0.5,0.5,0.5,1.0,0.0005,0.0005,0.0005,0.0,0.0,0.0,0.0,0.0,0.0,0.0,0.0,0.0,2,50.0,50.0,50.0,100.0
FinanceBench,hybrid_pageindex_chunk_rerank_harrier_oss_v1_0_6b_top_m_5_query_results.jsonl,Hybrid PageIndex,Harrier,chunk_rerank,5.0,BOEING_2018_10K,1,1.0,1.0,1.0,1.0,0.001,0.001,0.001,0.0,0.0,0.0,0.0,0.0,0.0,0.0,0.0,0.0,1,100.0,100.0,100.0,100.0
FinanceBench,hybrid_pageindex_chunk_rerank_harrier_oss_v1_0_6b_top_m_5_query_results.jsonl,Hybrid PageIndex,Harrier,chunk_rerank,5.0,BOEING_2022_10K,6,0.16666666666666666,0.6666666666666666,0.33888888888888885,1.0,0.00016666666666666666,0.00016666666666666666,0.00016666666666666666,0.0,0.0,0.0,0.0,0.0,0.0,0.0,0.0,0.0,6,16.666666666666664,66.66666666666666,33.888888888888886,100.0
FinanceBench,hybrid_pageindex_chunk_rerank_harrier_oss_v1_0_6b_top_m_5_query_results.jsonl,Hybrid PageIndex,Harrier,chunk_rerank,5.0,COCACOLA_2021_10K,1,1.0,1.0,1.0,1.0,0.0,0.0,0.0,0.0,0.0,0.0,0.0,0.0,0.0,0.0,0.0,0.0,1,100.0,100.0,100.0,100.0
FinanceBench,hybrid_pageindex_chunk_rerank_harrier_oss_v1_0_6b_top_m_5_query_results.jsonl,Hybrid PageIndex,Harrier,chunk_rerank,5.0,CORNING_2021_10K,1,0.0,0.0,0.0,1.0,0.0,0.0,0.0,0.0,0.0,0.0,0.0,0.0,0.0,0.0,0.0,0.0,1,0.0,0.0,0.0,100.0
FinanceBench,hybrid_pageindex_chunk_rerank_harrier_oss_v1_0_6b_top_m_5_query_results.jsonl,Hybrid PageIndex,Harrier,chunk_rerank,5.0,CORNING_2022_10K,2,0.0,0.0,0.0,1.0,0.0,0.0,0.0,0.0,0.0,0.0,0.0,0.0,0.0,0.0,0.0,0.0,2,0.0,0.0,0.0,100.0
FinanceBench,hybrid_pageindex_chunk_rerank_harrier_oss_v1_0_6b_top_m_5_query_results.jsonl,Hybrid PageIndex,Harrier,chunk_rerank,5.0,COSTCO_2021_10K,1,0.0,1.0,0.3333333333333333,1.0,0.0,0.0,0.0,0.0,0.0,0.0,0.0,0.0,0.0,0.0,0.0,0.0,1,0.0,100.0,33.33333333333333,100.0
FinanceBench,hybrid_pageindex_chunk_rerank_harrier_oss_v1_0_6b_top_m_5_query_results.jsonl,Hybrid PageIndex,Harrier,chunk_rerank,5.0,CVSHEALTH_2022_10K,1,0.0,1.0,0.5,1.0,0.001,0.001,0.001,0.0,0.0,0.0,0.0,0.0,0.0,0.0,0.0,0.0,1,0.0,100.0,50.0,100.0
FinanceBench,hybrid_pageindex_chunk_rerank_harrier_oss_v1_0_6b_top_m_5_query_results.jsonl,Hybrid PageIndex,Harrier,chunk_rerank,5.0,FOOTLOCKER_2022_8K_dated-2022-05-20,1,0.0,0.0,0.0,0.0,0.0,0.0,0.0,0.0,0.0,0.0,0.0,0.0,0.0,0.0,0.0,0.0,1,0.0,0.0,0.0,0.0
FinanceBench,hybrid_pageindex_chunk_rerank_harrier_oss_v1_0_6b_top_m_5_query_results.jsonl,Hybrid PageIndex,Harrier,chunk_rerank,5.0,FOOTLOCKER_2022_8K_dated_2022-08-19,1,0.0,1.0,0.3333333333333333,1.0,0.0,0.0,0.0,0.0,0.0,0.0,0.0,0.0,0.0,0.0,0.0,0.0,1,0.0,100.0,33.33333333333333,100.0
FinanceBench,hybrid_pageindex_chunk_rerank_harrier_oss_v1_0_6b_top_m_5_query_results.jsonl,Hybrid PageIndex,Harrier,chunk_rerank,5.0,GENERALMILLS_2020_10K,2,0.0,0.0,0.0,1.0,0.0,0.0,0.0,0.0,0.0,0.0,0.0,0.0,0.0,0.0,0.0,0.0,2,0.0,0.0,0.0,100.0
FinanceBench,hybrid_pageindex_chunk_rerank_harrier_oss_v1_0_6b_top_m_5_query_results.jsonl,Hybrid PageIndex,Harrier,chunk_rerank,5.0,JOHNSON_JOHNSON_2022Q4_EARNINGS,1,0.0,0.0,0.0,0.0,0.0,0.0,0.0,0.0,0.0,0.0,0.0,0.0,0.0,0.0,0.0,0.0,1,0.0,0.0,0.0,0.0
FinanceBench,hybrid_pageindex_chunk_rerank_harrier_oss_v1_0_6b_top_m_5_query_results.jsonl,Hybrid PageIndex,Harrier,chunk_rerank,5.0,JOHNSON_JOHNSON_2022_10K,2,1.0,1.0,1.0,1.0,0.0,0.0,0.0,0.0,0.0,0.0,0.0,0.0,0.0,0.0,0.0,0.0,2,100.0,100.0,100.0,100.0
FinanceBench,hybrid_pageindex_chunk_rerank_harrier_oss_v1_0_6b_top_m_5_query_results.jsonl,Hybrid PageIndex,Harrier,chunk_rerank,5.0,JOHNSON_JOHNSON_2023Q2_EARNINGS,1,0.0,1.0,0.3333333333333333,1.0,0.0,0.0,0.0,0.0,0.0,0.0,0.0,0.0,0.0,0.0,0.0,0.0,1,0.0,100.0,33.33333333333333,100.0
FinanceBench,hybrid_pageindex_chunk_rerank_harrier_oss_v1_0_6b_top_m_5_query_results.jsonl,Hybrid PageIndex,Harrier,chunk_rerank,5.0,JOHNSON_JOHNSON_2023_8K_dated-2023-08-30,3,0.3333333333333333,1.0,0.5666666666666667,1.0,0.0,0.0,0.0,0.0,0.0,0.0,0.0,0.0,0.0,0.0,0.0,0.0,3,33.33333333333333,100.0,56.666666666666664,100.0
FinanceBench,hybrid_pageindex_chunk_rerank_harrier_oss_v1_0_6b_top_m_5_query_results.jsonl,Hybrid PageIndex,Harrier,chunk_rerank,5.0,JPMORGAN_2021Q1_10Q,2,0.0,0.0,0.0,1.0,0.0005,0.0005,0.0005,0.0,0.0,0.0,0.0,0.0,0.0,0.0,0.0,0.0,2,0.0,0.0,0.0,100.0
FinanceBench,hybrid_pageindex_chunk_rerank_harrier_oss_v1_0_6b_top_m_5_query_results.jsonl,Hybrid PageIndex,Harrier,chunk_rerank,5.0,JPMORGAN_2022Q2_10Q,1,0.0,0.0,0.0,0.0,0.0,0.0,0.0,0.0,0.0,0.0,0.0,0.0,0.0,0.0,0.0,0.0,1,0.0,0.0,0.0,0.0
FinanceBench,hybrid_pageindex_chunk_rerank_harrier_oss_v1_0_6b_top_m_5_query_results.jsonl,Hybrid PageIndex,Harrier,chunk_rerank,5.0,JPMORGAN_2022_10K,1,0.0,0.0,0.0,0.0,0.0,0.0,0.0,0.0,0.0,0.0,0.0,0.0,0.0,0.0,0.0,0.0,1,0.0,0.0,0.0,0.0
FinanceBench,hybrid_pageindex_chunk_rerank_harrier_oss_v1_0_6b_top_m_5_query_results.jsonl,Hybrid PageIndex,Harrier,chunk_rerank,5.0,JPMORGAN_2023Q2_10Q,1,0.0,0.0,0.0,1.0,0.0,0.0,0.0,0.0,0.0,0.0,0.0,0.0,0.0,0.0,0.0,0.0,1,0.0,0.0,0.0,100.0
FinanceBench,hybrid_pageindex_chunk_rerank_harrier_oss_v1_0_6b_top_m_5_query_results.jsonl,Hybrid PageIndex,Harrier,chunk_rerank,5.0,LOCKHEEDMARTIN_2021_10K,1,0.0,0.0,0.0,0.0,0.0,0.0,0.0,0.0,0.0,0.0,0.0,0.0,0.0,0.0,0.0,0.0,1,0.0,0.0,0.0,0.0
FinanceBench,hybrid_pageindex_chunk_rerank_harrier_oss_v1_0_6b_top_m_5_query_results.jsonl,Hybrid PageIndex,Harrier,chunk_rerank,5.0,LOCKHEEDMARTIN_2022_10K,1,0.0,0.0,0.0,1.0,0.001,0.001,0.001,0.0,0.0,0.0,0.0,0.0,0.0,0.0,0.0,0.0,1,0.0,0.0,0.0,100.0
FinanceBench,hybrid_pageindex_chunk_rerank_harrier_oss_v1_0_6b_top_m_5_query_results.jsonl,Hybrid PageIndex,Harrier,chunk_rerank,5.0,MGMRESORTS_2018_10K,1,0.0,1.0,0.25,1.0,0.0,0.0,0.0,0.0,0.0,0.0,0.0,0.0,0.0,0.0,0.0,0.0,1,0.0,100.0,25.0,100.0
FinanceBench,hybrid_pageindex_chunk_rerank_harrier_oss_v1_0_6b_top_m_5_query_results.jsonl,Hybrid PageIndex,Harrier,chunk_rerank,5.0,MGMRESORTS_2022Q4_EARNINGS,2,0.0,1.0,0.41666666666666663,1.0,0.0,0.0,0.0,0.0,0.0,0.0,0.0,0.0,0.0,0.0,0.0,0.0,2,0.0,100.0,41.666666666666664,100.0
FinanceBench,hybrid_pageindex_chunk_rerank_harrier_oss_v1_0_6b_top_m_5_query_results.jsonl,Hybrid PageIndex,Harrier,chunk_rerank,5.0,MGMRESORTS_2022_10K,1,0.0,0.0,0.0,0.0,0.0,0.0,0.0,0.0,0.0,0.0,0.0,0.0,0.0,0.0,0.0,0.0,1,0.0,0.0,0.0,0.0
FinanceBench,hybrid_pageindex_chunk_rerank_harrier_oss_v1_0_6b_top_m_5_query_results.jsonl,Hybrid PageIndex,Harrier,chunk_rerank,5.0,MGMRESORTS_2023Q2_10Q,1,0.0,0.0,0.0,1.0,0.0,0.0,0.0,0.0,0.0,0.0,0.0,0.0,0.0,0.0,0.0,0.0,1,0.0,0.0,0.0,100.0
FinanceBench,hybrid_pageindex_chunk_rerank_harrier_oss_v1_0_6b_top_m_5_query_results.jsonl,Hybrid PageIndex,Harrier,chunk_rerank,5.0,MICROSOFT_2016_10K,1,0.0,0.0,0.0,0.0,0.0,0.0,0.0,0.0,0.0,0.0,0.0,0.0,0.0,0.0,0.0,0.0,1,0.0,0.0,0.0,0.0
FinanceBench,hybrid_pageindex_chunk_rerank_harrier_oss_v1_0_6b_top_m_5_query_results.jsonl,Hybrid PageIndex,Harrier,chunk_rerank,5.0,MICROSOFT_2023_10K,1,1.0,1.0,1.0,1.0,0.0,0.0,0.0,0.0,0.0,0.0,0.0,0.0,0.0,0.0,0.0,0.0,1,100.0,100.0,100.0,100.0
FinanceBench,hybrid_pageindex_chunk_rerank_harrier_oss_v1_0_6b_top_m_5_query_results.jsonl,Hybrid PageIndex,Harrier,chunk_rerank,5.0,NETFLIX_2017_10K,1,1.0,1.0,1.0,1.0,0.0,0.0,0.0,0.0,0.0,0.0,0.0,0.0,0.0,0.0,0.0,0.0,1,100.0,100.0,100.0,100.0
FinanceBench,hybrid_pageindex_chunk_rerank_harrier_oss_v1_0_6b_top_m_5_query_results.jsonl,Hybrid PageIndex,Harrier,chunk_rerank,5.0,NIKE_2018_10K,1,0.0,0.0,0.0,1.0,0.0,0.0,0.0,0.0,0.0,0.0,0.0,0.0,0.0,0.0,0.0,0.0,1,0.0,0.0,0.0,100.0
FinanceBench,hybrid_pageindex_chunk_rerank_harrier_oss_v1_0_6b_top_m_5_query_results.jsonl,Hybrid PageIndex,Harrier,chunk_rerank,5.0,NIKE_2019_10K,1,0.0,0.0,0.0,0.0,0.0,0.0,0.0,0.0,0.0,0.0,0.0,0.0,0.0,0.0,0.0,0.0,1,0.0,0.0,0.0,0.0
FinanceBench,hybrid_pageindex_chunk_rerank_harrier_oss_v1_0_6b_top_m_5_query_results.jsonl,Hybrid PageIndex,Harrier,chunk_rerank,5.0,NIKE_2023_10K,1,0.0,1.0,0.3333333333333333,1.0,0.001,0.001,0.001,0.0,0.0,0.0,0.0,0.0,0.0,0.0,0.0,0.0,1,0.0,100.0,33.33333333333333,100.0
FinanceBench,hybrid_pageindex_chunk_rerank_harrier_oss_v1_0_6b_top_m_5_query_results.jsonl,Hybrid PageIndex,Harrier,chunk_rerank,5.0,PAYPAL_2022_10K,1,0.0,0.0,0.0,1.0,0.0,0.0,0.0,0.0,0.0,0.0,0.0,0.0,0.0,0.0,0.0,0.0,1,0.0,0.0,0.0,100.0
FinanceBench,hybrid_pageindex_chunk_rerank_harrier_oss_v1_0_6b_top_m_5_query_results.jsonl,Hybrid PageIndex,Harrier,chunk_rerank,5.0,PEPSICO_2021_10K,1,0.0,0.0,0.0,1.0,0.0,0.0,0.0,0.0,0.0,0.0,0.0,0.0,0.0,0.0,0.0,0.0,1,0.0,0.0,0.0,100.0
FinanceBench,hybrid_pageindex_chunk_rerank_harrier_oss_v1_0_6b_top_m_5_query_results.jsonl,Hybrid PageIndex,Harrier,chunk_rerank,5.0,PEPSICO_2022_10K,2,0.0,0.0,0.0,0.0,0.0,0.0,0.0,0.0,0.0,0.0,0.0,0.0,0.0,0.0,0.0,0.0,2,0.0,0.0,0.0,0.0
FinanceBench,hybrid_pageindex_chunk_rerank_harrier_oss_v1_0_6b_top_m_5_query_results.jsonl,Hybrid PageIndex,Harrier,chunk_rerank,5.0,PEPSICO_2023Q1_EARNINGS,2,1.0,1.0,1.0,1.0,0.0,0.0,0.0,0.0,0.0,0.0,0.0,0.0,0.0,0.0,0.0,0.0,2,100.0,100.0,100.0,100.0
FinanceBench,hybrid_pageindex_chunk_rerank_harrier_oss_v1_0_6b_top_m_5_query_results.jsonl,Hybrid PageIndex,Harrier,chunk_rerank,5.0,PEPSICO_2023_8K_dated-2023-05-05,1,1.0,1.0,1.0,1.0,0.0,0.0,0.0,0.0,0.0,0.0,0.0,0.0,0.0,0.0,0.0,0.0,1,100.0,100.0,100.0,100.0
FinanceBench,hybrid_pageindex_chunk_rerank_harrier_oss_v1_0_6b_top_m_5_query_results.jsonl,Hybrid PageIndex,Harrier,chunk_rerank,5.0,PEPSICO_2023_8K_dated-2023-05-30,2,1.0,1.0,1.0,1.0,0.001,0.001,0.001,0.0,0.0,0.0,0.0,0.0,0.0,0.0,0.0,0.0,2,100.0,100.0,100.0,100.0
FinanceBench,hybrid_pageindex_chunk_rerank_harrier_oss_v1_0_6b_top_m_5_query_results.jsonl,Hybrid PageIndex,Harrier,chunk_rerank,5.0,PFIZER_2021_10K,2,0.0,0.0,0.0,1.0,0.0,0.0,0.0,0.0,0.0,0.0,0.0,0.0,0.0,0.0,0.0,0.0,2,0.0,0.0,0.0,100.0
FinanceBench,hybrid_pageindex_chunk_rerank_harrier_oss_v1_0_6b_top_m_5_query_results.jsonl,Hybrid PageIndex,Harrier,chunk_rerank,5.0,ULTABEAUTY_2023Q4_EARNINGS,4,0.0,0.25,0.08333333333333333,0.5,0.0,0.0,0.0,0.0,0.0,0.0,0.0,0.0,0.0,0.0,0.0,0.0,4,0.0,25.0,8.333333333333332,50.0
FinanceBench,hybrid_pageindex_chunk_rerank_harrier_oss_v1_0_6b_top_m_5_query_results.jsonl,Hybrid PageIndex,Harrier,chunk_rerank,5.0,ULTABEAUTY_2023_10K,2,0.5,0.5,0.5,1.0,0.0005,0.0005,0.0005,0.0,0.0,0.0,0.0,0.0,0.0,0.0,0.0,0.0,2,50.0,50.0,50.0,100.0
FinanceBench,hybrid_pageindex_chunk_rerank_harrier_oss_v1_0_6b_top_m_5_query_results.jsonl,Hybrid PageIndex,Harrier,chunk_rerank,5.0,VERIZON_2021_10K,1,0.0,0.0,0.0,1.0,0.0,0.0,0.0,0.0,0.0,0.0,0.0,0.0,0.0,0.0,0.0,0.0,1,0.0,0.0,0.0,100.0
FinanceBench,hybrid_pageindex_chunk_rerank_harrier_oss_v1_0_6b_top_m_5_query_results.jsonl,Hybrid PageIndex,Harrier,chunk_rerank,5.0,VERIZON_2022_10K,2,0.0,0.0,0.0,1.0,0.0005,0.0005,0.0005,0.0,0.0,0.0,0.0,0.0,0.0,0.0,0.0,0.0,2,0.0,0.0,0.0,100.0
FinanceBench,hybrid_pageindex_chunk_rerank_harrier_oss_v1_0_6b_top_m_5_query_results.jsonl,Hybrid PageIndex,Harrier,chunk_rerank,5.0,WALMART_2019_10K,1,0.0,1.0,0.2,1.0,0.001,0.001,0.001,0.0,0.0,0.0,0.0,0.0,0.0,0.0,0.0,0.0,1,0.0,100.0,20.0,100.0
FinanceBench,hybrid_pageindex_chunk_rerank_harrier_oss_v1_0_6b_top_m_7_query_results.jsonl,Hybrid PageIndex,Harrier,chunk_rerank,7.0,3M_2018_10K,2,0.0,0.5,0.25,1.0,0.001,0.001,0.001,0.0,0.0,0.0,0.0,0.0,0.0,0.0,0.0,0.0,2,0.0,50.0,25.0,100.0
FinanceBench,hybrid_pageindex_chunk_rerank_harrier_oss_v1_0_6b_top_m_7_query_results.jsonl,Hybrid PageIndex,Harrier,chunk_rerank,7.0,3M_2022_10K,2,0.5,1.0,0.75,1.0,0.0,0.0,0.0,0.0,0.0,0.0,0.0,0.0,0.0,0.0,0.0,0.0,2,50.0,100.0,75.0,100.0
FinanceBench,hybrid_pageindex_chunk_rerank_harrier_oss_v1_0_6b_top_m_7_query_results.jsonl,Hybrid PageIndex,Harrier,chunk_rerank,7.0,3M_2023Q2_10Q,3,0.3333333333333333,0.3333333333333333,0.3333333333333333,0.6666666666666666,0.0003333333333333333,0.0003333333333333333,0.0003333333333333333,0.0,0.0,0.0,0.0,0.0,0.0,0.0,0.0,0.0,3,33.33333333333333,33.33333333333333,33.33333333333333,66.66666666666666
FinanceBench,hybrid_pageindex_chunk_rerank_harrier_oss_v1_0_6b_top_m_7_query_results.jsonl,Hybrid PageIndex,Harrier,chunk_rerank,7.0,ADOBE_2016_10K,1,0.0,0.0,0.0,1.0,0.0,0.0,0.0,0.0,0.0,0.0,0.0,0.0,0.0,0.0,0.0,0.0,1,0.0,0.0,0.0,100.0
FinanceBench,hybrid_pageindex_chunk_rerank_harrier_oss_v1_0_6b_top_m_7_query_results.jsonl,Hybrid PageIndex,Harrier,chunk_rerank,7.0,ADOBE_2022_10K,2,0.0,1.0,0.3333333333333333,1.0,0.0,0.0,0.0,0.0,0.0,0.0,0.0,0.0,0.0,0.0,0.0,0.0,2,0.0,100.0,33.33333333333333,100.0
FinanceBench,hybrid_pageindex_chunk_rerank_harrier_oss_v1_0_6b_top_m_7_query_results.jsonl,Hybrid PageIndex,Harrier,chunk_rerank,7.0,AES_2022_10K,1,1.0,1.0,1.0,1.0,0.0,0.0,0.0,0.0,0.0,0.0,0.0,0.0,0.0,0.0,0.0,0.0,1,100.0,100.0,100.0,100.0
FinanceBench,hybrid_pageindex_chunk_rerank_harrier_oss_v1_0_6b_top_m_7_query_results.jsonl,Hybrid PageIndex,Harrier,chunk_rerank,7.0,AMAZON_2017_10K,1,0.0,1.0,0.5,1.0,0.0,0.0,0.0,0.0,0.0,0.0,0.0,0.0,0.0,0.0,0.0,0.0,1,0.0,100.0,50.0,100.0
FinanceBench,hybrid_pageindex_chunk_rerank_harrier_oss_v1_0_6b_top_m_7_query_results.jsonl,Hybrid PageIndex,Harrier,chunk_rerank,7.0,AMAZON_2019_10K,1,0.0,1.0,0.5,1.0,0.0,0.0,0.0,0.0,0.0,0.0,0.0,0.0,0.0,0.0,0.0,0.0,1,0.0,100.0,50.0,100.0
FinanceBench,hybrid_pageindex_chunk_rerank_harrier_oss_v1_0_6b_top_m_7_query_results.jsonl,Hybrid PageIndex,Harrier,chunk_rerank,7.0,AMCOR_2020_10K,1,0.0,0.0,0.0,0.0,0.0,0.0,0.0,0.0,0.0,0.0,0.0,0.0,0.0,0.0,0.0,0.0,1,0.0,0.0,0.0,0.0
FinanceBench,hybrid_pageindex_chunk_rerank_harrier_oss_v1_0_6b_top_m_7_query_results.jsonl,Hybrid PageIndex,Harrier,chunk_rerank,7.0,AMCOR_2022_8K_dated-2022-07-01,1,0.0,1.0,0.3333333333333333,1.0,0.0,0.0,0.0,0.0,0.0,0.0,0.0,0.0,0.0,0.0,0.0,0.0,1,0.0,100.0,33.33333333333333,100.0
FinanceBench,hybrid_pageindex_chunk_rerank_harrier_oss_v1_0_6b_top_m_7_query_results.jsonl,Hybrid PageIndex,Harrier,chunk_rerank,7.0,AMCOR_2023Q2_10Q,1,0.0,0.0,0.0,0.0,0.0,0.0,0.0,0.0,0.0,0.0,0.0,0.0,0.0,0.0,0.0,0.0,1,0.0,0.0,0.0,0.0
FinanceBench,hybrid_pageindex_chunk_rerank_harrier_oss_v1_0_6b_top_m_7_query_results.jsonl,Hybrid PageIndex,Harrier,chunk_rerank,7.0,AMCOR_2023Q4_EARNINGS,2,0.5,0.5,0.5,0.5,0.0,0.0,0.0,0.0,0.0,0.0,0.0,0.0,0.0,0.0,0.0,0.0,2,50.0,50.0,50.0,50.0
FinanceBench,hybrid_pageindex_chunk_rerank_harrier_oss_v1_0_6b_top_m_7_query_results.jsonl,Hybrid PageIndex,Harrier,chunk_rerank,7.0,AMCOR_2023_10K,4,0.0,0.5,0.14583333333333331,0.5,0.0,0.0,0.0,0.0,0.0,0.0,0.0,0.0,0.0,0.0,0.0,0.0,4,0.0,50.0,14.583333333333332,50.0
FinanceBench,hybrid_pageindex_chunk_rerank_harrier_oss_v1_0_6b_top_m_7_query_results.jsonl,Hybrid PageIndex,Harrier,chunk_rerank,7.0,AMD_2022_10K,7,0.42857142857142855,0.8571428571428571,0.6428571428571429,1.0,0.0,0.0,0.0,0.0,0.0,0.0,0.0,0.0,0.0,0.0,0.0,0.0,7,42.857142857142854,85.71428571428571,64.28571428571429,100.0
FinanceBench,hybrid_pageindex_chunk_rerank_harrier_oss_v1_0_6b_top_m_7_query_results.jsonl,Hybrid PageIndex,Harrier,chunk_rerank,7.0,AMERICANEXPRESS_2022_10K,7,0.2857142857142857,0.42857142857142855,0.35714285714285715,1.0,0.00028571428571428574,0.00028571428571428574,0.00028571428571428574,0.0,0.0,0.0,0.0,0.0,0.0,0.0,0.0,0.0,7,28.57142857142857,42.857142857142854,35.714285714285715,100.0
FinanceBench,hybrid_pageindex_chunk_rerank_harrier_oss_v1_0_6b_top_m_7_query_results.jsonl,Hybrid PageIndex,Harrier,chunk_rerank,7.0,AMERICANWATERWORKS_2020_10K,1,0.0,0.0,0.0,1.0,0.0,0.0,0.0,0.0,0.0,0.0,0.0,0.0,0.0,0.0,0.0,0.0,1,0.0,0.0,0.0,100.0
FinanceBench,hybrid_pageindex_chunk_rerank_harrier_oss_v1_0_6b_top_m_7_query_results.jsonl,Hybrid PageIndex,Harrier,chunk_rerank,7.0,BESTBUY_2017_10K,1,0.0,0.0,0.0,0.0,0.0,0.0,0.0,0.0,0.0,0.0,0.0,0.0,0.0,0.0,0.0,0.0,1,0.0,0.0,0.0,0.0
FinanceBench,hybrid_pageindex_chunk_rerank_harrier_oss_v1_0_6b_top_m_7_query_results.jsonl,Hybrid PageIndex,Harrier,chunk_rerank,7.0,BESTBUY_2019_10K,1,0.0,0.0,0.0,0.0,0.0,0.0,0.0,0.0,0.0,0.0,0.0,0.0,0.0,0.0,0.0,0.0,1,0.0,0.0,0.0,0.0
FinanceBench,hybrid_pageindex_chunk_rerank_harrier_oss_v1_0_6b_top_m_7_query_results.jsonl,Hybrid PageIndex,Harrier,chunk_rerank,7.0,BESTBUY_2023_10K,3,0.0,0.0,0.0,0.6666666666666666,0.0,0.0,0.0,0.0,0.0,0.0,0.0,0.0,0.0,0.0,0.0,0.0,3,0.0,0.0,0.0,66.66666666666666
FinanceBench,hybrid_pageindex_chunk_rerank_harrier_oss_v1_0_6b_top_m_7_query_results.jsonl,Hybrid PageIndex,Harrier,chunk_rerank,7.0,BESTBUY_2024Q2_10Q,3,0.3333333333333333,0.6666666666666666,0.4444444444444444,0.6666666666666666,0.0,0.0,0.0,0.0,0.0,0.0,0.0,0.0,0.0,0.0,0.0,0.0,3,33.33333333333333,66.66666666666666,44.44444444444444,66.66666666666666
FinanceBench,hybrid_pageindex_chunk_rerank_harrier_oss_v1_0_6b_top_m_7_query_results.jsonl,Hybrid PageIndex,Harrier,chunk_rerank,7.0,BLOCK_2016_10K,1,0.0,0.0,0.0,1.0,0.0,0.0,0.0,0.0,0.0,0.0,0.0,0.0,0.0,0.0,0.0,0.0,1,0.0,0.0,0.0,100.0
FinanceBench,hybrid_pageindex_chunk_rerank_harrier_oss_v1_0_6b_top_m_7_query_results.jsonl,Hybrid PageIndex,Harrier,chunk_rerank,7.0,BLOCK_2020_10K,2,0.5,1.0,0.625,1.0,0.001,0.001,0.001,0.0,0.0,0.0,0.0,0.0,0.0,0.0,0.0,0.0,2,50.0,100.0,62.5,100.0
FinanceBench,hybrid_pageindex_chunk_rerank_harrier_oss_v1_0_6b_top_m_7_query_results.jsonl,Hybrid PageIndex,Harrier,chunk_rerank,7.0,BOEING_2018_10K,1,1.0,1.0,1.0,1.0,0.0,0.0,0.0,0.0,0.0,0.0,0.0,0.0,0.0,0.0,0.0,0.0,1,100.0,100.0,100.0,100.0
FinanceBench,hybrid_pageindex_chunk_rerank_harrier_oss_v1_0_6b_top_m_7_query_results.jsonl,Hybrid PageIndex,Harrier,chunk_rerank,7.0,BOEING_2022_10K,6,0.16666666666666666,0.5,0.3055555555555555,1.0,0.0,0.0,0.0,0.0,0.0,0.0,0.0,0.0,0.0,0.0,0.0,0.0,6,16.666666666666664,50.0,30.555555555555554,100.0
FinanceBench,hybrid_pageindex_chunk_rerank_harrier_oss_v1_0_6b_top_m_7_query_results.jsonl,Hybrid PageIndex,Harrier,chunk_rerank,7.0,COCACOLA_2021_10K,1,1.0,1.0,1.0,1.0,0.0,0.0,0.0,0.0,0.0,0.0,0.0,0.0,0.0,0.0,0.0,0.0,1,100.0,100.0,100.0,100.0
FinanceBench,hybrid_pageindex_chunk_rerank_harrier_oss_v1_0_6b_top_m_7_query_results.jsonl,Hybrid PageIndex,Harrier,chunk_rerank,7.0,CORNING_2021_10K,1,0.0,0.0,0.0,1.0,0.0,0.0,0.0,0.0,0.0,0.0,0.0,0.0,0.0,0.0,0.0,0.0,1,0.0,0.0,0.0,100.0
FinanceBench,hybrid_pageindex_chunk_rerank_harrier_oss_v1_0_6b_top_m_7_query_results.jsonl,Hybrid PageIndex,Harrier,chunk_rerank,7.0,CORNING_2022_10K,2,0.0,0.5,0.1,1.0,0.0,0.0,0.0,0.0,0.0,0.0,0.0,0.0,0.0,0.0,0.0,0.0,2,0.0,50.0,10.0,100.0
FinanceBench,hybrid_pageindex_chunk_rerank_harrier_oss_v1_0_6b_top_m_7_query_results.jsonl,Hybrid PageIndex,Harrier,chunk_rerank,7.0,COSTCO_2021_10K,1,0.0,1.0,0.25,1.0,0.0,0.0,0.0,0.0,0.0,0.0,0.0,0.0,0.0,0.0,0.0,0.0,1,0.0,100.0,25.0,100.0
FinanceBench,hybrid_pageindex_chunk_rerank_harrier_oss_v1_0_6b_top_m_7_query_results.jsonl,Hybrid PageIndex,Harrier,chunk_rerank,7.0,CVSHEALTH_2022_10K,1,0.0,1.0,0.5,1.0,0.001,0.001,0.001,0.0,0.0,0.0,0.0,0.0,0.0,0.0,0.0,0.0,1,0.0,100.0,50.0,100.0
FinanceBench,hybrid_pageindex_chunk_rerank_harrier_oss_v1_0_6b_top_m_7_query_results.jsonl,Hybrid PageIndex,Harrier,chunk_rerank,7.0,FOOTLOCKER_2022_8K_dated-2022-05-20,1,0.0,0.0,0.0,0.0,0.0,0.0,0.0,0.0,0.0,0.0,0.0,0.0,0.0,0.0,0.0,0.0,1,0.0,0.0,0.0,0.0
FinanceBench,hybrid_pageindex_chunk_rerank_harrier_oss_v1_0_6b_top_m_7_query_results.jsonl,Hybrid PageIndex,Harrier,chunk_rerank,7.0,FOOTLOCKER_2022_8K_dated_2022-08-19,1,0.0,1.0,0.3333333333333333,1.0,0.0,0.0,0.0,0.0,0.0,0.0,0.0,0.0,0.0,0.0,0.0,0.0,1,0.0,100.0,33.33333333333333,100.0
FinanceBench,hybrid_pageindex_chunk_rerank_harrier_oss_v1_0_6b_top_m_7_query_results.jsonl,Hybrid PageIndex,Harrier,chunk_rerank,7.0,GENERALMILLS_2020_10K,2,0.0,0.5,0.16666666666666666,1.0,0.0005,0.0005,0.0005,0.0,0.0,0.0,0.0,0.0,0.0,0.0,0.0,0.0,2,0.0,50.0,16.666666666666664,100.0
FinanceBench,hybrid_pageindex_chunk_rerank_harrier_oss_v1_0_6b_top_m_7_query_results.jsonl,Hybrid PageIndex,Harrier,chunk_rerank,7.0,JOHNSON_JOHNSON_2022Q4_EARNINGS,1,0.0,0.0,0.0,0.0,0.0,0.0,0.0,0.0,0.0,0.0,0.0,0.0,0.0,0.0,0.0,0.0,1,0.0,0.0,0.0,0.0
FinanceBench,hybrid_pageindex_chunk_rerank_harrier_oss_v1_0_6b_top_m_7_query_results.jsonl,Hybrid PageIndex,Harrier,chunk_rerank,7.0,JOHNSON_JOHNSON_2022_10K,2,1.0,1.0,1.0,1.0,0.0005,0.0005,0.0005,0.0,0.0,0.0,0.0,0.0,0.0,0.0,0.0,0.0,2,100.0,100.0,100.0,100.0
FinanceBench,hybrid_pageindex_chunk_rerank_harrier_oss_v1_0_6b_top_m_7_query_results.jsonl,Hybrid PageIndex,Harrier,chunk_rerank,7.0,JOHNSON_JOHNSON_2023Q2_EARNINGS,1,0.0,1.0,0.25,1.0,0.0,0.0,0.0,0.0,0.0,0.0,0.0,0.0,0.0,0.0,0.0,0.0,1,0.0,100.0,25.0,100.0
FinanceBench,hybrid_pageindex_chunk_rerank_harrier_oss_v1_0_6b_top_m_7_query_results.jsonl,Hybrid PageIndex,Harrier,chunk_rerank,7.0,JOHNSON_JOHNSON_2023_8K_dated-2023-08-30,3,0.3333333333333333,0.6666666666666666,0.5,1.0,0.0,0.0,0.0,0.0,0.0,0.0,0.0,0.0,0.0,0.0,0.0,0.0,3,33.33333333333333,66.66666666666666,50.0,100.0
FinanceBench,hybrid_pageindex_chunk_rerank_harrier_oss_v1_0_6b_top_m_7_query_results.jsonl,Hybrid PageIndex,Harrier,chunk_rerank,7.0,JPMORGAN_2021Q1_10Q,2,0.0,0.0,0.0,1.0,0.0005,0.0005,0.0005,0.0,0.0,0.0,0.0,0.0,0.0,0.0,0.0,0.0,2,0.0,0.0,0.0,100.0
FinanceBench,hybrid_pageindex_chunk_rerank_harrier_oss_v1_0_6b_top_m_7_query_results.jsonl,Hybrid PageIndex,Harrier,chunk_rerank,7.0,JPMORGAN_2022Q2_10Q,1,0.0,0.0,0.0,0.0,0.0,0.0,0.0,0.0,0.0,0.0,0.0,0.0,0.0,0.0,0.0,0.0,1,0.0,0.0,0.0,0.0
FinanceBench,hybrid_pageindex_chunk_rerank_harrier_oss_v1_0_6b_top_m_7_query_results.jsonl,Hybrid PageIndex,Harrier,chunk_rerank,7.0,JPMORGAN_2022_10K,1,0.0,0.0,0.0,0.0,0.0,0.0,0.0,0.0,0.0,0.0,0.0,0.0,0.0,0.0,0.0,0.0,1,0.0,0.0,0.0,0.0
FinanceBench,hybrid_pageindex_chunk_rerank_harrier_oss_v1_0_6b_top_m_7_query_results.jsonl,Hybrid PageIndex,Harrier,chunk_rerank,7.0,JPMORGAN_2023Q2_10Q,1,0.0,0.0,0.0,1.0,0.0,0.0,0.0,0.0,0.0,0.0,0.0,0.0,0.0,0.0,0.0,0.0,1,0.0,0.0,0.0,100.0
FinanceBench,hybrid_pageindex_chunk_rerank_harrier_oss_v1_0_6b_top_m_7_query_results.jsonl,Hybrid PageIndex,Harrier,chunk_rerank,7.0,LOCKHEEDMARTIN_2021_10K,1,0.0,0.0,0.0,0.0,0.0,0.0,0.0,0.0,0.0,0.0,0.0,0.0,0.0,0.0,0.0,0.0,1,0.0,0.0,0.0,0.0
FinanceBench,hybrid_pageindex_chunk_rerank_harrier_oss_v1_0_6b_top_m_7_query_results.jsonl,Hybrid PageIndex,Harrier,chunk_rerank,7.0,LOCKHEEDMARTIN_2022_10K,1,0.0,0.0,0.0,1.0,0.0,0.0,0.0,0.0,0.0,0.0,0.0,0.0,0.0,0.0,0.0,0.0,1,0.0,0.0,0.0,100.0
FinanceBench,hybrid_pageindex_chunk_rerank_harrier_oss_v1_0_6b_top_m_7_query_results.jsonl,Hybrid PageIndex,Harrier,chunk_rerank,7.0,MGMRESORTS_2018_10K,1,0.0,1.0,0.25,1.0,0.0,0.0,0.0,0.0,0.0,0.0,0.0,0.0,0.0,0.0,0.0,0.0,1,0.0,100.0,25.0,100.0
FinanceBench,hybrid_pageindex_chunk_rerank_harrier_oss_v1_0_6b_top_m_7_query_results.jsonl,Hybrid PageIndex,Harrier,chunk_rerank,7.0,MGMRESORTS_2022Q4_EARNINGS,2,0.0,1.0,0.29166666666666663,1.0,0.0,0.0,0.0,0.0,0.0,0.0,0.0,0.0,0.0,0.0,0.0,0.0,2,0.0,100.0,29.166666666666664,100.0
FinanceBench,hybrid_pageindex_chunk_rerank_harrier_oss_v1_0_6b_top_m_7_query_results.jsonl,Hybrid PageIndex,Harrier,chunk_rerank,7.0,MGMRESORTS_2022_10K,1,0.0,0.0,0.0,0.0,0.0,0.0,0.0,0.0,0.0,0.0,0.0,0.0,0.0,0.0,0.0,0.0,1,0.0,0.0,0.0,0.0
FinanceBench,hybrid_pageindex_chunk_rerank_harrier_oss_v1_0_6b_top_m_7_query_results.jsonl,Hybrid PageIndex,Harrier,chunk_rerank,7.0,MGMRESORTS_2023Q2_10Q,1,0.0,0.0,0.0,1.0,0.0,0.0,0.0,0.0,0.0,0.0,0.0,0.0,0.0,0.0,0.0,0.0,1,0.0,0.0,0.0,100.0
FinanceBench,hybrid_pageindex_chunk_rerank_harrier_oss_v1_0_6b_top_m_7_query_results.jsonl,Hybrid PageIndex,Harrier,chunk_rerank,7.0,MICROSOFT_2016_10K,1,0.0,0.0,0.0,0.0,0.0,0.0,0.0,0.0,0.0,0.0,0.0,0.0,0.0,0.0,0.0,0.0,1,0.0,0.0,0.0,0.0
FinanceBench,hybrid_pageindex_chunk_rerank_harrier_oss_v1_0_6b_top_m_7_query_results.jsonl,Hybrid PageIndex,Harrier,chunk_rerank,7.0,MICROSOFT_2023_10K,1,1.0,1.0,1.0,1.0,0.0,0.0,0.0,0.0,0.0,0.0,0.0,0.0,0.0,0.0,0.0,0.0,1,100.0,100.0,100.0,100.0
FinanceBench,hybrid_pageindex_chunk_rerank_harrier_oss_v1_0_6b_top_m_7_query_results.jsonl,Hybrid PageIndex,Harrier,chunk_rerank,7.0,NETFLIX_2017_10K,1,1.0,1.0,1.0,1.0,0.0,0.0,0.0,0.0,0.0,0.0,0.0,0.0,0.0,0.0,0.0,0.0,1,100.0,100.0,100.0,100.0
FinanceBench,hybrid_pageindex_chunk_rerank_harrier_oss_v1_0_6b_top_m_7_query_results.jsonl,Hybrid PageIndex,Harrier,chunk_rerank,7.0,NIKE_2018_10K,1,0.0,0.0,0.0,1.0,0.0,0.0,0.0,0.0,0.0,0.0,0.0,0.0,0.0,0.0,0.0,0.0,1,0.0,0.0,0.0,100.0
FinanceBench,hybrid_pageindex_chunk_rerank_harrier_oss_v1_0_6b_top_m_7_query_results.jsonl,Hybrid PageIndex,Harrier,chunk_rerank,7.0,NIKE_2019_10K,1,0.0,0.0,0.0,0.0,0.0,0.0,0.0,0.0,0.0,0.0,0.0,0.0,0.0,0.0,0.0,0.0,1,0.0,0.0,0.0,0.0
FinanceBench,hybrid_pageindex_chunk_rerank_harrier_oss_v1_0_6b_top_m_7_query_results.jsonl,Hybrid PageIndex,Harrier,chunk_rerank,7.0,NIKE_2023_10K,1,0.0,1.0,0.3333333333333333,1.0,0.0,0.0,0.0,0.0,0.0,0.0,0.0,0.0,0.0,0.0,0.0,0.0,1,0.0,100.0,33.33333333333333,100.0
FinanceBench,hybrid_pageindex_chunk_rerank_harrier_oss_v1_0_6b_top_m_7_query_results.jsonl,Hybrid PageIndex,Harrier,chunk_rerank,7.0,PAYPAL_2022_10K,1,0.0,0.0,0.0,1.0,0.0,0.0,0.0,0.0,0.0,0.0,0.0,0.0,0.0,0.0,0.0,0.0,1,0.0,0.0,0.0,100.0
FinanceBench,hybrid_pageindex_chunk_rerank_harrier_oss_v1_0_6b_top_m_7_query_results.jsonl,Hybrid PageIndex,Harrier,chunk_rerank,7.0,PEPSICO_2021_10K,1,0.0,0.0,0.0,1.0,0.001,0.001,0.001,0.0,0.0,0.0,0.0,0.0,0.0,0.0,0.0,0.0,1,0.0,0.0,0.0,100.0
FinanceBench,hybrid_pageindex_chunk_rerank_harrier_oss_v1_0_6b_top_m_7_query_results.jsonl,Hybrid PageIndex,Harrier,chunk_rerank,7.0,PEPSICO_2022_10K,2,0.0,0.0,0.0,0.0,0.0,0.0,0.0,0.0,0.0,0.0,0.0,0.0,0.0,0.0,0.0,0.0,2,0.0,0.0,0.0,0.0
FinanceBench,hybrid_pageindex_chunk_rerank_harrier_oss_v1_0_6b_top_m_7_query_results.jsonl,Hybrid PageIndex,Harrier,chunk_rerank,7.0,PEPSICO_2023Q1_EARNINGS,2,1.0,1.0,1.0,1.0,0.0,0.0,0.0,0.0,0.0,0.0,0.0,0.0,0.0,0.0,0.0,0.0,2,100.0,100.0,100.0,100.0
FinanceBench,hybrid_pageindex_chunk_rerank_harrier_oss_v1_0_6b_top_m_7_query_results.jsonl,Hybrid PageIndex,Harrier,chunk_rerank,7.0,PEPSICO_2023_8K_dated-2023-05-05,1,1.0,1.0,1.0,1.0,0.0,0.0,0.0,0.0,0.0,0.0,0.0,0.0,0.0,0.0,0.0,0.0,1,100.0,100.0,100.0,100.0
FinanceBench,hybrid_pageindex_chunk_rerank_harrier_oss_v1_0_6b_top_m_7_query_results.jsonl,Hybrid PageIndex,Harrier,chunk_rerank,7.0,PEPSICO_2023_8K_dated-2023-05-30,2,1.0,1.0,1.0,1.0,0.001,0.001,0.001,0.0,0.0,0.0,0.0,0.0,0.0,0.0,0.0,0.0,2,100.0,100.0,100.0,100.0
FinanceBench,hybrid_pageindex_chunk_rerank_harrier_oss_v1_0_6b_top_m_7_query_results.jsonl,Hybrid PageIndex,Harrier,chunk_rerank,7.0,PFIZER_2021_10K,2,0.0,0.0,0.0,1.0,0.0005,0.0005,0.0005,0.0,0.0,0.0,0.0,0.0,0.0,0.0,0.0,0.0,2,0.0,0.0,0.0,100.0
FinanceBench,hybrid_pageindex_chunk_rerank_harrier_oss_v1_0_6b_top_m_7_query_results.jsonl,Hybrid PageIndex,Harrier,chunk_rerank,7.0,ULTABEAUTY_2023Q4_EARNINGS,4,0.0,0.5,0.16666666666666666,0.5,0.0,0.0,0.0,0.0,0.0,0.0,0.0,0.0,0.0,0.0,0.0,0.0,4,0.0,50.0,16.666666666666664,50.0
FinanceBench,hybrid_pageindex_chunk_rerank_harrier_oss_v1_0_6b_top_m_7_query_results.jsonl,Hybrid PageIndex,Harrier,chunk_rerank,7.0,ULTABEAUTY_2023_10K,2,0.5,0.5,0.5,1.0,0.0,0.0,0.0,0.0,0.0,0.0,0.0,0.0,0.0,0.0,0.0,0.0,2,50.0,50.0,50.0,100.0
FinanceBench,hybrid_pageindex_chunk_rerank_harrier_oss_v1_0_6b_top_m_7_query_results.jsonl,Hybrid PageIndex,Harrier,chunk_rerank,7.0,VERIZON_2021_10K,1,0.0,0.0,0.0,1.0,0.0,0.0,0.0,0.0,0.0,0.0,0.0,0.0,0.0,0.0,0.0,0.0,1,0.0,0.0,0.0,100.0
FinanceBench,hybrid_pageindex_chunk_rerank_harrier_oss_v1_0_6b_top_m_7_query_results.jsonl,Hybrid PageIndex,Harrier,chunk_rerank,7.0,VERIZON_2022_10K,2,0.0,0.0,0.0,1.0,0.0,0.0,0.0,0.0,0.0,0.0,0.0,0.0,0.0,0.0,0.0,0.0,2,0.0,0.0,0.0,100.0
FinanceBench,hybrid_pageindex_chunk_rerank_harrier_oss_v1_0_6b_top_m_7_query_results.jsonl,Hybrid PageIndex,Harrier,chunk_rerank,7.0,WALMART_2019_10K,1,0.0,0.0,0.0,1.0,0.0,0.0,0.0,0.0,0.0,0.0,0.0,0.0,0.0,0.0,0.0,0.0,1,0.0,0.0,0.0,100.0
FinanceBench,hybrid_pageindex_chunk_rerank_linq_embed_mistral_top_m_10_query_results.jsonl,Hybrid PageIndex,Linq-Embed-Mistral,chunk_rerank,10.0,3M_2018_10K,2,0.5,0.5,0.5,1.0,0.0005,0.0005,0.0005,0.0,0.0,0.0,0.0,0.0,0.0,0.0,0.0,0.0,2,50.0,50.0,50.0,100.0
FinanceBench,hybrid_pageindex_chunk_rerank_linq_embed_mistral_top_m_10_query_results.jsonl,Hybrid PageIndex,Linq-Embed-Mistral,chunk_rerank,10.0,3M_2022_10K,2,0.5,1.0,0.625,1.0,0.0,0.0,0.0,0.0,0.0,0.0,0.0,0.0,0.0,0.0,0.0,0.0,2,50.0,100.0,62.5,100.0
FinanceBench,hybrid_pageindex_chunk_rerank_linq_embed_mistral_top_m_10_query_results.jsonl,Hybrid PageIndex,Linq-Embed-Mistral,chunk_rerank,10.0,3M_2023Q2_10Q,3,0.0,0.0,0.0,0.3333333333333333,0.0003333333333333333,0.0003333333333333333,0.0003333333333333333,0.0,0.0,0.0,0.0,0.0,0.0,0.0,0.0,0.0,3,0.0,0.0,0.0,33.33333333333333
FinanceBench,hybrid_pageindex_chunk_rerank_linq_embed_mistral_top_m_10_query_results.jsonl,Hybrid PageIndex,Linq-Embed-Mistral,chunk_rerank,10.0,ADOBE_2016_10K,1,0.0,0.0,0.0,1.0,0.0,0.0,0.0,0.0,0.0,0.0,0.0,0.0,0.0,0.0,0.0,0.0,1,0.0,0.0,0.0,100.0
FinanceBench,hybrid_pageindex_chunk_rerank_linq_embed_mistral_top_m_10_query_results.jsonl,Hybrid PageIndex,Linq-Embed-Mistral,chunk_rerank,10.0,ADOBE_2022_10K,2,0.0,0.5,0.125,1.0,0.0005,0.0005,0.0005,0.0,0.0,0.0,0.0,0.0,0.0,0.0,0.0,0.0,2,0.0,50.0,12.5,100.0
FinanceBench,hybrid_pageindex_chunk_rerank_linq_embed_mistral_top_m_10_query_results.jsonl,Hybrid PageIndex,Linq-Embed-Mistral,chunk_rerank,10.0,AES_2022_10K,1,1.0,1.0,1.0,1.0,0.0,0.0,0.0,0.0,0.0,0.0,0.0,0.0,0.0,0.0,0.0,0.0,1,100.0,100.0,100.0,100.0
FinanceBench,hybrid_pageindex_chunk_rerank_linq_embed_mistral_top_m_10_query_results.jsonl,Hybrid PageIndex,Linq-Embed-Mistral,chunk_rerank,10.0,AMAZON_2017_10K,1,0.0,1.0,0.2,1.0,0.0,0.0,0.0,0.0,0.0,0.0,0.0,0.0,0.0,0.0,0.0,0.0,1,0.0,100.0,20.0,100.0
FinanceBench,hybrid_pageindex_chunk_rerank_linq_embed_mistral_top_m_10_query_results.jsonl,Hybrid PageIndex,Linq-Embed-Mistral,chunk_rerank,10.0,AMAZON_2019_10K,1,0.0,1.0,0.25,1.0,0.001,0.001,0.001,0.0,0.0,0.0,0.0,0.0,0.0,0.0,0.0,0.0,1,0.0,100.0,25.0,100.0
FinanceBench,hybrid_pageindex_chunk_rerank_linq_embed_mistral_top_m_10_query_results.jsonl,Hybrid PageIndex,Linq-Embed-Mistral,chunk_rerank,10.0,AMCOR_2020_10K,1,0.0,1.0,0.3333333333333333,1.0,0.001,0.001,0.001,0.0,0.0,0.0,0.0,0.0,0.0,0.0,0.0,0.0,1,0.0,100.0,33.33333333333333,100.0
FinanceBench,hybrid_pageindex_chunk_rerank_linq_embed_mistral_top_m_10_query_results.jsonl,Hybrid PageIndex,Linq-Embed-Mistral,chunk_rerank,10.0,AMCOR_2022_8K_dated-2022-07-01,1,0.0,1.0,0.3333333333333333,1.0,0.0,0.0,0.0,0.0,0.0,0.0,0.0,0.0,0.0,0.0,0.0,0.0,1,0.0,100.0,33.33333333333333,100.0
FinanceBench,hybrid_pageindex_chunk_rerank_linq_embed_mistral_top_m_10_query_results.jsonl,Hybrid PageIndex,Linq-Embed-Mistral,chunk_rerank,10.0,AMCOR_2023Q2_10Q,1,0.0,1.0,0.5,1.0,0.0,0.0,0.0,0.0,0.0,0.0,0.0,0.0,0.0,0.0,0.0,0.0,1,0.0,100.0,50.0,100.0
FinanceBench,hybrid_pageindex_chunk_rerank_linq_embed_mistral_top_m_10_query_results.jsonl,Hybrid PageIndex,Linq-Embed-Mistral,chunk_rerank,10.0,AMCOR_2023Q4_EARNINGS,2,0.0,0.5,0.125,1.0,0.0,0.0,0.0,0.0,0.0,0.0,0.0,0.0,0.0,0.0,0.0,0.0,2,0.0,50.0,12.5,100.0
FinanceBench,hybrid_pageindex_chunk_rerank_linq_embed_mistral_top_m_10_query_results.jsonl,Hybrid PageIndex,Linq-Embed-Mistral,chunk_rerank,10.0,AMCOR_2023_10K,4,0.0,0.25,0.05,0.25,0.0005,0.0005,0.0005,0.0,0.0,0.0,0.0,0.0,0.0,0.0,0.0,0.0,4,0.0,25.0,5.0,25.0
FinanceBench,hybrid_pageindex_chunk_rerank_linq_embed_mistral_top_m_10_query_results.jsonl,Hybrid PageIndex,Linq-Embed-Mistral,chunk_rerank,10.0,AMD_2022_10K,7,0.42857142857142855,1.0,0.6357142857142858,1.0,0.00028571428571428574,0.00028571428571428574,0.00028571428571428574,0.0,0.0,0.0,0.0,0.0,0.0,0.0,0.0,0.0,7,42.857142857142854,100.0,63.57142857142858,100.0
FinanceBench,hybrid_pageindex_chunk_rerank_linq_embed_mistral_top_m_10_query_results.jsonl,Hybrid PageIndex,Linq-Embed-Mistral,chunk_rerank,10.0,AMERICANEXPRESS_2022_10K,7,0.14285714285714285,0.14285714285714285,0.14285714285714285,1.0,0.0004285714285714286,0.0004285714285714286,0.0004285714285714286,0.0,0.0,0.0,0.0,0.0,0.0,0.0,0.0,0.0,7,14.285714285714285,14.285714285714285,14.285714285714285,100.0
FinanceBench,hybrid_pageindex_chunk_rerank_linq_embed_mistral_top_m_10_query_results.jsonl,Hybrid PageIndex,Linq-Embed-Mistral,chunk_rerank,10.0,AMERICANWATERWORKS_2020_10K,1,1.0,1.0,1.0,1.0,0.001,0.001,0.001,0.0,0.0,0.0,0.0,0.0,0.0,0.0,0.0,0.0,1,100.0,100.0,100.0,100.0
FinanceBench,hybrid_pageindex_chunk_rerank_linq_embed_mistral_top_m_10_query_results.jsonl,Hybrid PageIndex,Linq-Embed-Mistral,chunk_rerank,10.0,BESTBUY_2017_10K,1,0.0,0.0,0.0,1.0,0.001,0.001,0.001,0.0,0.0,0.0,0.0,0.0,0.0,0.0,0.0,0.0,1,0.0,0.0,0.0,100.0
FinanceBench,hybrid_pageindex_chunk_rerank_linq_embed_mistral_top_m_10_query_results.jsonl,Hybrid PageIndex,Linq-Embed-Mistral,chunk_rerank,10.0,BESTBUY_2019_10K,1,0.0,0.0,0.0,1.0,0.001,0.001,0.001,0.0,0.0,0.0,0.0,0.0,0.0,0.0,0.0,0.0,1,0.0,0.0,0.0,100.0
FinanceBench,hybrid_pageindex_chunk_rerank_linq_embed_mistral_top_m_10_query_results.jsonl,Hybrid PageIndex,Linq-Embed-Mistral,chunk_rerank,10.0,BESTBUY_2023_10K,3,0.0,0.3333333333333333,0.06666666666666667,0.6666666666666666,0.0,0.0,0.0,0.0,0.0,0.0,0.0,0.0,0.0,0.0,0.0,0.0,3,0.0,33.33333333333333,6.666666666666667,66.66666666666666
FinanceBench,hybrid_pageindex_chunk_rerank_linq_embed_mistral_top_m_10_query_results.jsonl,Hybrid PageIndex,Linq-Embed-Mistral,chunk_rerank,10.0,BESTBUY_2024Q2_10Q,3,0.0,0.6666666666666666,0.19444444444444442,0.6666666666666666,0.0003333333333333333,0.0003333333333333333,0.0003333333333333333,0.0,0.0,0.0,0.0,0.0,0.0,0.0,0.0,0.0,3,0.0,66.66666666666666,19.444444444444443,66.66666666666666
FinanceBench,hybrid_pageindex_chunk_rerank_linq_embed_mistral_top_m_10_query_results.jsonl,Hybrid PageIndex,Linq-Embed-Mistral,chunk_rerank,10.0,BLOCK_2016_10K,1,0.0,0.0,0.0,1.0,0.001,0.001,0.001,0.0,0.0,0.0,0.0,0.0,0.0,0.0,0.0,0.0,1,0.0,0.0,0.0,100.0
FinanceBench,hybrid_pageindex_chunk_rerank_linq_embed_mistral_top_m_10_query_results.jsonl,Hybrid PageIndex,Linq-Embed-Mistral,chunk_rerank,10.0,BLOCK_2020_10K,2,0.0,1.0,0.41666666666666663,1.0,0.001,0.001,0.001,0.0,0.0,0.0,0.0,0.0,0.0,0.0,0.0,0.0,2,0.0,100.0,41.666666666666664,100.0
FinanceBench,hybrid_pageindex_chunk_rerank_linq_embed_mistral_top_m_10_query_results.jsonl,Hybrid PageIndex,Linq-Embed-Mistral,chunk_rerank,10.0,BOEING_2018_10K,1,1.0,1.0,1.0,1.0,0.001,0.001,0.001,0.0,0.0,0.0,0.0,0.0,0.0,0.0,0.0,0.0,1,100.0,100.0,100.0,100.0
FinanceBench,hybrid_pageindex_chunk_rerank_linq_embed_mistral_top_m_10_query_results.jsonl,Hybrid PageIndex,Linq-Embed-Mistral,chunk_rerank,10.0,BOEING_2022_10K,6,0.3333333333333333,0.5,0.3666666666666667,0.8333333333333334,0.0005,0.0005,0.0005,0.0,0.0,0.0,0.0,0.0,0.0,0.0,0.0,0.0,6,33.33333333333333,50.0,36.66666666666667,83.33333333333334
FinanceBench,hybrid_pageindex_chunk_rerank_linq_embed_mistral_top_m_10_query_results.jsonl,Hybrid PageIndex,Linq-Embed-Mistral,chunk_rerank,10.0,COCACOLA_2021_10K,1,1.0,1.0,1.0,1.0,0.001,0.001,0.001,0.0,0.0,0.0,0.0,0.0,0.0,0.0,0.0,0.0,1,100.0,100.0,100.0,100.0
FinanceBench,hybrid_pageindex_chunk_rerank_linq_embed_mistral_top_m_10_query_results.jsonl,Hybrid PageIndex,Linq-Embed-Mistral,chunk_rerank,10.0,CORNING_2021_10K,1,0.0,0.0,0.0,0.0,0.001,0.001,0.001,0.0,0.0,0.0,0.0,0.0,0.0,0.0,0.0,0.0,1,0.0,0.0,0.0,0.0
FinanceBench,hybrid_pageindex_chunk_rerank_linq_embed_mistral_top_m_10_query_results.jsonl,Hybrid PageIndex,Linq-Embed-Mistral,chunk_rerank,10.0,CORNING_2022_10K,2,0.0,0.0,0.0,1.0,0.001,0.001,0.001,0.0,0.0,0.0,0.0,0.0,0.0,0.0,0.0,0.0,2,0.0,0.0,0.0,100.0
FinanceBench,hybrid_pageindex_chunk_rerank_linq_embed_mistral_top_m_10_query_results.jsonl,Hybrid PageIndex,Linq-Embed-Mistral,chunk_rerank,10.0,COSTCO_2021_10K,1,0.0,1.0,0.5,1.0,0.0,0.0,0.0,0.0,0.0,0.0,0.0,0.0,0.0,0.0,0.0,0.0,1,0.0,100.0,50.0,100.0
FinanceBench,hybrid_pageindex_chunk_rerank_linq_embed_mistral_top_m_10_query_results.jsonl,Hybrid PageIndex,Linq-Embed-Mistral,chunk_rerank,10.0,CVSHEALTH_2022_10K,1,0.0,1.0,0.5,1.0,0.001,0.001,0.001,0.0,0.0,0.0,0.0,0.0,0.0,0.0,0.0,0.0,1,0.0,100.0,50.0,100.0
FinanceBench,hybrid_pageindex_chunk_rerank_linq_embed_mistral_top_m_10_query_results.jsonl,Hybrid PageIndex,Linq-Embed-Mistral,chunk_rerank,10.0,FOOTLOCKER_2022_8K_dated-2022-05-20,1,0.0,0.0,0.0,0.0,0.0,0.0,0.0,0.0,0.0,0.0,0.0,0.0,0.0,0.0,0.0,0.0,1,0.0,0.0,0.0,0.0
FinanceBench,hybrid_pageindex_chunk_rerank_linq_embed_mistral_top_m_10_query_results.jsonl,Hybrid PageIndex,Linq-Embed-Mistral,chunk_rerank,10.0,FOOTLOCKER_2022_8K_dated_2022-08-19,1,0.0,1.0,0.5,1.0,0.0,0.0,0.0,0.0,0.0,0.0,0.0,0.0,0.0,0.0,0.0,0.0,1,0.0,100.0,50.0,100.0
FinanceBench,hybrid_pageindex_chunk_rerank_linq_embed_mistral_top_m_10_query_results.jsonl,Hybrid PageIndex,Linq-Embed-Mistral,chunk_rerank,10.0,GENERALMILLS_2020_10K,2,1.0,1.0,1.0,1.0,0.001,0.001,0.001,0.0,0.0,0.0,0.0,0.0,0.0,0.0,0.0,0.0,2,100.0,100.0,100.0,100.0
FinanceBench,hybrid_pageindex_chunk_rerank_linq_embed_mistral_top_m_10_query_results.jsonl,Hybrid PageIndex,Linq-Embed-Mistral,chunk_rerank,10.0,JOHNSON_JOHNSON_2022Q4_EARNINGS,1,0.0,0.0,0.0,0.0,0.0,0.0,0.0,0.0,0.0,0.0,0.0,0.0,0.0,0.0,0.0,0.0,1,0.0,0.0,0.0,0.0
FinanceBench,hybrid_pageindex_chunk_rerank_linq_embed_mistral_top_m_10_query_results.jsonl,Hybrid PageIndex,Linq-Embed-Mistral,chunk_rerank,10.0,JOHNSON_JOHNSON_2022_10K,2,0.0,0.0,0.0,0.0,0.0,0.0,0.0,0.0,0.0,0.0,0.0,0.0,0.0,0.0,0.0,0.0,2,0.0,0.0,0.0,0.0
FinanceBench,hybrid_pageindex_chunk_rerank_linq_embed_mistral_top_m_10_query_results.jsonl,Hybrid PageIndex,Linq-Embed-Mistral,chunk_rerank,10.0,JOHNSON_JOHNSON_2023Q2_EARNINGS,1,0.0,0.0,0.0,1.0,0.0,0.0,0.0,0.0,0.0,0.0,0.0,0.0,0.0,0.0,0.0,0.0,1,0.0,0.0,0.0,100.0
FinanceBench,hybrid_pageindex_chunk_rerank_linq_embed_mistral_top_m_10_query_results.jsonl,Hybrid PageIndex,Linq-Embed-Mistral,chunk_rerank,10.0,JOHNSON_JOHNSON_2023_8K_dated-2023-08-30,3,0.0,1.0,0.4444444444444444,1.0,0.0,0.0,0.0,0.0,0.0,0.0,0.0,0.0,0.0,0.0,0.0,0.0,3,0.0,100.0,44.44444444444444,100.0
FinanceBench,hybrid_pageindex_chunk_rerank_linq_embed_mistral_top_m_10_query_results.jsonl,Hybrid PageIndex,Linq-Embed-Mistral,chunk_rerank,10.0,JPMORGAN_2021Q1_10Q,2,0.0,0.5,0.16666666666666666,1.0,0.001,0.001,0.001,0.0,0.0,0.0,0.0,0.0,0.0,0.0,0.0,0.0,2,0.0,50.0,16.666666666666664,100.0
FinanceBench,hybrid_pageindex_chunk_rerank_linq_embed_mistral_top_m_10_query_results.jsonl,Hybrid PageIndex,Linq-Embed-Mistral,chunk_rerank,10.0,JPMORGAN_2022Q2_10Q,1,0.0,0.0,0.0,0.0,0.001,0.001,0.001,0.0,0.0,0.0,0.0,0.0,0.0,0.0,0.0,0.0,1,0.0,0.0,0.0,0.0
FinanceBench,hybrid_pageindex_chunk_rerank_linq_embed_mistral_top_m_10_query_results.jsonl,Hybrid PageIndex,Linq-Embed-Mistral,chunk_rerank,10.0,JPMORGAN_2022_10K,1,0.0,0.0,0.0,1.0,0.001,0.001,0.001,0.0,0.0,0.0,0.0,0.0,0.0,0.0,0.0,0.0,1,0.0,0.0,0.0,100.0
FinanceBench,hybrid_pageindex_chunk_rerank_linq_embed_mistral_top_m_10_query_results.jsonl,Hybrid PageIndex,Linq-Embed-Mistral,chunk_rerank,10.0,JPMORGAN_2023Q2_10Q,1,0.0,0.0,0.0,1.0,0.0,0.0,0.0,0.0,0.0,0.0,0.0,0.0,0.0,0.0,0.0,0.0,1,0.0,0.0,0.0,100.0
FinanceBench,hybrid_pageindex_chunk_rerank_linq_embed_mistral_top_m_10_query_results.jsonl,Hybrid PageIndex,Linq-Embed-Mistral,chunk_rerank,10.0,LOCKHEEDMARTIN_2021_10K,1,1.0,1.0,1.0,1.0,0.001,0.001,0.001,0.0,0.0,0.0,0.0,0.0,0.0,0.0,0.0,0.0,1,100.0,100.0,100.0,100.0
FinanceBench,hybrid_pageindex_chunk_rerank_linq_embed_mistral_top_m_10_query_results.jsonl,Hybrid PageIndex,Linq-Embed-Mistral,chunk_rerank,10.0,LOCKHEEDMARTIN_2022_10K,1,0.0,0.0,0.0,0.0,0.001,0.001,0.001,0.0,0.0,0.0,0.0,0.0,0.0,0.0,0.0,0.0,1,0.0,0.0,0.0,0.0
FinanceBench,hybrid_pageindex_chunk_rerank_linq_embed_mistral_top_m_10_query_results.jsonl,Hybrid PageIndex,Linq-Embed-Mistral,chunk_rerank,10.0,MGMRESORTS_2018_10K,1,1.0,1.0,1.0,1.0,0.001,0.001,0.001,0.0,0.0,0.0,0.0,0.0,0.0,0.0,0.0,0.0,1,100.0,100.0,100.0,100.0
FinanceBench,hybrid_pageindex_chunk_rerank_linq_embed_mistral_top_m_10_query_results.jsonl,Hybrid PageIndex,Linq-Embed-Mistral,chunk_rerank,10.0,MGMRESORTS_2022Q4_EARNINGS,2,0.0,0.0,0.0,1.0,0.0,0.0,0.0,0.0,0.0,0.0,0.0,0.0,0.0,0.0,0.0,0.0,2,0.0,0.0,0.0,100.0
FinanceBench,hybrid_pageindex_chunk_rerank_linq_embed_mistral_top_m_10_query_results.jsonl,Hybrid PageIndex,Linq-Embed-Mistral,chunk_rerank,10.0,MGMRESORTS_2022_10K,1,0.0,0.0,0.0,0.0,0.0,0.0,0.0,0.0,0.0,0.0,0.0,0.0,0.0,0.0,0.0,0.0,1,0.0,0.0,0.0,0.0
FinanceBench,hybrid_pageindex_chunk_rerank_linq_embed_mistral_top_m_10_query_results.jsonl,Hybrid PageIndex,Linq-Embed-Mistral,chunk_rerank,10.0,MGMRESORTS_2023Q2_10Q,1,0.0,1.0,0.5,1.0,0.001,0.001,0.001,0.0,0.0,0.0,0.0,0.0,0.0,0.0,0.0,0.0,1,0.0,100.0,50.0,100.0
FinanceBench,hybrid_pageindex_chunk_rerank_linq_embed_mistral_top_m_10_query_results.jsonl,Hybrid PageIndex,Linq-Embed-Mistral,chunk_rerank,10.0,MICROSOFT_2016_10K,1,0.0,0.0,0.0,1.0,0.0,0.0,0.0,0.0,0.0,0.0,0.0,0.0,0.0,0.0,0.0,0.0,1,0.0,0.0,0.0,100.0
FinanceBench,hybrid_pageindex_chunk_rerank_linq_embed_mistral_top_m_10_query_results.jsonl,Hybrid PageIndex,Linq-Embed-Mistral,chunk_rerank,10.0,MICROSOFT_2023_10K,1,1.0,1.0,1.0,1.0,0.0,0.0,0.0,0.0,0.0,0.0,0.0,0.0,0.0,0.0,0.0,0.0,1,100.0,100.0,100.0,100.0
FinanceBench,hybrid_pageindex_chunk_rerank_linq_embed_mistral_top_m_10_query_results.jsonl,Hybrid PageIndex,Linq-Embed-Mistral,chunk_rerank,10.0,NETFLIX_2017_10K,1,0.0,0.0,0.0,1.0,0.0,0.0,0.0,0.0,0.0,0.0,0.0,0.0,0.0,0.0,0.0,0.0,1,0.0,0.0,0.0,100.0
FinanceBench,hybrid_pageindex_chunk_rerank_linq_embed_mistral_top_m_10_query_results.jsonl,Hybrid PageIndex,Linq-Embed-Mistral,chunk_rerank,10.0,NIKE_2018_10K,1,1.0,1.0,1.0,1.0,0.001,0.001,0.001,0.0,0.0,0.0,0.0,0.0,0.0,0.0,0.0,0.0,1,100.0,100.0,100.0,100.0
FinanceBench,hybrid_pageindex_chunk_rerank_linq_embed_mistral_top_m_10_query_results.jsonl,Hybrid PageIndex,Linq-Embed-Mistral,chunk_rerank,10.0,NIKE_2019_10K,1,0.0,1.0,0.3333333333333333,1.0,0.001,0.001,0.001,0.0,0.0,0.0,0.0,0.0,0.0,0.0,0.0,0.0,1,0.0,100.0,33.33333333333333,100.0
FinanceBench,hybrid_pageindex_chunk_rerank_linq_embed_mistral_top_m_10_query_results.jsonl,Hybrid PageIndex,Linq-Embed-Mistral,chunk_rerank,10.0,NIKE_2023_10K,1,0.0,1.0,0.3333333333333333,1.0,0.001,0.001,0.001,0.0,0.0,0.0,0.0,0.0,0.0,0.0,0.0,0.0,1,0.0,100.0,33.33333333333333,100.0
FinanceBench,hybrid_pageindex_chunk_rerank_linq_embed_mistral_top_m_10_query_results.jsonl,Hybrid PageIndex,Linq-Embed-Mistral,chunk_rerank,10.0,PAYPAL_2022_10K,1,0.0,0.0,0.0,1.0,0.0,0.0,0.0,0.0,0.0,0.0,0.0,0.0,0.0,0.0,0.0,0.0,1,0.0,0.0,0.0,100.0
FinanceBench,hybrid_pageindex_chunk_rerank_linq_embed_mistral_top_m_10_query_results.jsonl,Hybrid PageIndex,Linq-Embed-Mistral,chunk_rerank,10.0,PEPSICO_2021_10K,1,0.0,0.0,0.0,1.0,0.001,0.001,0.001,0.0,0.0,0.0,0.0,0.0,0.0,0.0,0.0,0.0,1,0.0,0.0,0.0,100.0
FinanceBench,hybrid_pageindex_chunk_rerank_linq_embed_mistral_top_m_10_query_results.jsonl,Hybrid PageIndex,Linq-Embed-Mistral,chunk_rerank,10.0,PEPSICO_2022_10K,2,0.0,0.0,0.0,0.0,0.001,0.001,0.001,0.0,0.0,0.0,0.0,0.0,0.0,0.0,0.0,0.0,2,0.0,0.0,0.0,0.0
FinanceBench,hybrid_pageindex_chunk_rerank_linq_embed_mistral_top_m_10_query_results.jsonl,Hybrid PageIndex,Linq-Embed-Mistral,chunk_rerank,10.0,PEPSICO_2023Q1_EARNINGS,2,1.0,1.0,1.0,1.0,0.0,0.0,0.0,0.0,0.0,0.0,0.0,0.0,0.0,0.0,0.0,0.0,2,100.0,100.0,100.0,100.0
FinanceBench,hybrid_pageindex_chunk_rerank_linq_embed_mistral_top_m_10_query_results.jsonl,Hybrid PageIndex,Linq-Embed-Mistral,chunk_rerank,10.0,PEPSICO_2023_8K_dated-2023-05-05,1,1.0,1.0,1.0,1.0,0.0,0.0,0.0,0.0,0.0,0.0,0.0,0.0,0.0,0.0,0.0,0.0,1,100.0,100.0,100.0,100.0
FinanceBench,hybrid_pageindex_chunk_rerank_linq_embed_mistral_top_m_10_query_results.jsonl,Hybrid PageIndex,Linq-Embed-Mistral,chunk_rerank,10.0,PEPSICO_2023_8K_dated-2023-05-30,2,1.0,1.0,1.0,1.0,0.001,0.001,0.001,0.0,0.0,0.0,0.0,0.0,0.0,0.0,0.0,0.0,2,100.0,100.0,100.0,100.0
FinanceBench,hybrid_pageindex_chunk_rerank_linq_embed_mistral_top_m_10_query_results.jsonl,Hybrid PageIndex,Linq-Embed-Mistral,chunk_rerank,10.0,PFIZER_2021_10K,2,0.0,0.0,0.0,1.0,0.001,0.001,0.001,0.0,0.0,0.0,0.0,0.0,0.0,0.0,0.0,0.0,2,0.0,0.0,0.0,100.0
FinanceBench,hybrid_pageindex_chunk_rerank_linq_embed_mistral_top_m_10_query_results.jsonl,Hybrid PageIndex,Linq-Embed-Mistral,chunk_rerank,10.0,ULTABEAUTY_2023Q4_EARNINGS,4,0.0,0.5,0.14583333333333331,0.5,0.0,0.0,0.0,0.0,0.0,0.0,0.0,0.0,0.0,0.0,0.0,0.0,4,0.0,50.0,14.583333333333332,50.0
FinanceBench,hybrid_pageindex_chunk_rerank_linq_embed_mistral_top_m_10_query_results.jsonl,Hybrid PageIndex,Linq-Embed-Mistral,chunk_rerank,10.0,ULTABEAUTY_2023_10K,2,0.0,0.0,0.0,1.0,0.0005,0.0005,0.0005,0.0,0.0,0.0,0.0,0.0,0.0,0.0,0.0,0.0,2,0.0,0.0,0.0,100.0
FinanceBench,hybrid_pageindex_chunk_rerank_linq_embed_mistral_top_m_10_query_results.jsonl,Hybrid PageIndex,Linq-Embed-Mistral,chunk_rerank,10.0,VERIZON_2021_10K,1,0.0,0.0,0.0,1.0,0.0,0.0,0.0,0.0,0.0,0.0,0.0,0.0,0.0,0.0,0.0,0.0,1,0.0,0.0,0.0,100.0
FinanceBench,hybrid_pageindex_chunk_rerank_linq_embed_mistral_top_m_10_query_results.jsonl,Hybrid PageIndex,Linq-Embed-Mistral,chunk_rerank,10.0,VERIZON_2022_10K,2,0.0,0.0,0.0,1.0,0.0,0.0,0.0,0.0,0.0,0.0,0.0,0.0,0.0,0.0,0.0,0.0,2,0.0,0.0,0.0,100.0
FinanceBench,hybrid_pageindex_chunk_rerank_linq_embed_mistral_top_m_10_query_results.jsonl,Hybrid PageIndex,Linq-Embed-Mistral,chunk_rerank,10.0,WALMART_2019_10K,1,0.0,0.0,0.0,1.0,0.0,0.0,0.0,0.0,0.0,0.0,0.0,0.0,0.0,0.0,0.0,0.0,1,0.0,0.0,0.0,100.0
FinanceBench,hybrid_pageindex_chunk_rerank_linq_embed_mistral_top_m_5_query_results.jsonl,Hybrid PageIndex,Linq-Embed-Mistral,chunk_rerank,5.0,3M_2018_10K,2,0.5,0.5,0.5,1.0,0.001,0.001,0.001,0.0,0.0,0.0,0.0,0.0,0.0,0.0,0.0,0.0,2,50.0,50.0,50.0,100.0
FinanceBench,hybrid_pageindex_chunk_rerank_linq_embed_mistral_top_m_5_query_results.jsonl,Hybrid PageIndex,Linq-Embed-Mistral,chunk_rerank,5.0,3M_2022_10K,2,0.5,1.0,0.6666666666666666,1.0,0.001,0.001,0.001,0.0,0.0,0.0,0.0,0.0,0.0,0.0,0.0,0.0,2,50.0,100.0,66.66666666666666,100.0
FinanceBench,hybrid_pageindex_chunk_rerank_linq_embed_mistral_top_m_5_query_results.jsonl,Hybrid PageIndex,Linq-Embed-Mistral,chunk_rerank,5.0,3M_2023Q2_10Q,3,0.0,0.0,0.0,0.3333333333333333,0.001,0.001,0.001,0.0,0.0,0.0,0.0,0.0,0.0,0.0,0.0,0.0,3,0.0,0.0,0.0,33.33333333333333
FinanceBench,hybrid_pageindex_chunk_rerank_linq_embed_mistral_top_m_5_query_results.jsonl,Hybrid PageIndex,Linq-Embed-Mistral,chunk_rerank,5.0,ADOBE_2016_10K,1,0.0,0.0,0.0,1.0,0.0,0.0,0.0,0.0,0.0,0.0,0.0,0.0,0.0,0.0,0.0,0.0,1,0.0,0.0,0.0,100.0
FinanceBench,hybrid_pageindex_chunk_rerank_linq_embed_mistral_top_m_5_query_results.jsonl,Hybrid PageIndex,Linq-Embed-Mistral,chunk_rerank,5.0,ADOBE_2022_10K,2,0.0,1.0,0.25,1.0,0.0,0.0,0.0,0.0,0.0,0.0,0.0,0.0,0.0,0.0,0.0,0.0,2,0.0,100.0,25.0,100.0
FinanceBench,hybrid_pageindex_chunk_rerank_linq_embed_mistral_top_m_5_query_results.jsonl,Hybrid PageIndex,Linq-Embed-Mistral,chunk_rerank,5.0,AES_2022_10K,1,1.0,1.0,1.0,1.0,0.001,0.001,0.001,0.0,0.0,0.0,0.0,0.0,0.0,0.0,0.0,0.0,1,100.0,100.0,100.0,100.0
FinanceBench,hybrid_pageindex_chunk_rerank_linq_embed_mistral_top_m_5_query_results.jsonl,Hybrid PageIndex,Linq-Embed-Mistral,chunk_rerank,5.0,AMAZON_2017_10K,1,0.0,1.0,0.5,1.0,0.0,0.0,0.0,0.0,0.0,0.0,0.0,0.0,0.0,0.0,0.0,0.0,1,0.0,100.0,50.0,100.0
FinanceBench,hybrid_pageindex_chunk_rerank_linq_embed_mistral_top_m_5_query_results.jsonl,Hybrid PageIndex,Linq-Embed-Mistral,chunk_rerank,5.0,AMAZON_2019_10K,1,0.0,1.0,0.3333333333333333,1.0,0.0,0.0,0.0,0.0,0.0,0.0,0.0,0.0,0.0,0.0,0.0,0.0,1,0.0,100.0,33.33333333333333,100.0
FinanceBench,hybrid_pageindex_chunk_rerank_linq_embed_mistral_top_m_5_query_results.jsonl,Hybrid PageIndex,Linq-Embed-Mistral,chunk_rerank,5.0,AMCOR_2020_10K,1,0.0,1.0,0.3333333333333333,1.0,0.0,0.0,0.0,0.0,0.0,0.0,0.0,0.0,0.0,0.0,0.0,0.0,1,0.0,100.0,33.33333333333333,100.0
FinanceBench,hybrid_pageindex_chunk_rerank_linq_embed_mistral_top_m_5_query_results.jsonl,Hybrid PageIndex,Linq-Embed-Mistral,chunk_rerank,5.0,AMCOR_2022_8K_dated-2022-07-01,1,0.0,1.0,0.3333333333333333,1.0,0.0,0.0,0.0,0.0,0.0,0.0,0.0,0.0,0.0,0.0,0.0,0.0,1,0.0,100.0,33.33333333333333,100.0
FinanceBench,hybrid_pageindex_chunk_rerank_linq_embed_mistral_top_m_5_query_results.jsonl,Hybrid PageIndex,Linq-Embed-Mistral,chunk_rerank,5.0,AMCOR_2023Q2_10Q,1,0.0,1.0,0.5,1.0,0.0,0.0,0.0,0.0,0.0,0.0,0.0,0.0,0.0,0.0,0.0,0.0,1,0.0,100.0,50.0,100.0
FinanceBench,hybrid_pageindex_chunk_rerank_linq_embed_mistral_top_m_5_query_results.jsonl,Hybrid PageIndex,Linq-Embed-Mistral,chunk_rerank,5.0,AMCOR_2023Q4_EARNINGS,2,0.0,0.5,0.25,1.0,0.0,0.0,0.0,0.0,0.0,0.0,0.0,0.0,0.0,0.0,0.0,0.0,2,0.0,50.0,25.0,100.0
FinanceBench,hybrid_pageindex_chunk_rerank_linq_embed_mistral_top_m_5_query_results.jsonl,Hybrid PageIndex,Linq-Embed-Mistral,chunk_rerank,5.0,AMCOR_2023_10K,4,0.0,0.25,0.0625,0.25,0.0,0.0,0.0,0.0,0.0,0.0,0.0,0.0,0.0,0.0,0.0,0.0,4,0.0,25.0,6.25,25.0
FinanceBench,hybrid_pageindex_chunk_rerank_linq_embed_mistral_top_m_5_query_results.jsonl,Hybrid PageIndex,Linq-Embed-Mistral,chunk_rerank,5.0,AMD_2022_10K,7,0.5714285714285714,0.8571428571428571,0.6904761904761905,1.0,0.0004285714285714286,0.0004285714285714286,0.0004285714285714286,0.0,0.0,0.0,0.0,0.0,0.0,0.0,0.0,0.0,7,57.14285714285714,85.71428571428571,69.04761904761905,100.0
FinanceBench,hybrid_pageindex_chunk_rerank_linq_embed_mistral_top_m_5_query_results.jsonl,Hybrid PageIndex,Linq-Embed-Mistral,chunk_rerank,5.0,AMERICANEXPRESS_2022_10K,7,0.14285714285714285,0.14285714285714285,0.14285714285714285,1.0,0.00014285714285714287,0.00014285714285714287,0.00014285714285714287,0.0,0.0,0.0,0.0,0.0,0.0,0.0,0.0,0.0,7,14.285714285714285,14.285714285714285,14.285714285714285,100.0
FinanceBench,hybrid_pageindex_chunk_rerank_linq_embed_mistral_top_m_5_query_results.jsonl,Hybrid PageIndex,Linq-Embed-Mistral,chunk_rerank,5.0,AMERICANWATERWORKS_2020_10K,1,0.0,0.0,0.0,1.0,0.001,0.001,0.001,0.0,0.0,0.0,0.0,0.0,0.0,0.0,0.0,0.0,1,0.0,0.0,0.0,100.0
FinanceBench,hybrid_pageindex_chunk_rerank_linq_embed_mistral_top_m_5_query_results.jsonl,Hybrid PageIndex,Linq-Embed-Mistral,chunk_rerank,5.0,BESTBUY_2017_10K,1,0.0,0.0,0.0,1.0,0.0,0.0,0.0,0.0,0.0,0.0,0.0,0.0,0.0,0.0,0.0,0.0,1,0.0,0.0,0.0,100.0
FinanceBench,hybrid_pageindex_chunk_rerank_linq_embed_mistral_top_m_5_query_results.jsonl,Hybrid PageIndex,Linq-Embed-Mistral,chunk_rerank,5.0,BESTBUY_2019_10K,1,0.0,0.0,0.0,1.0,0.0,0.0,0.0,0.0,0.0,0.0,0.0,0.0,0.0,0.0,0.0,0.0,1,0.0,0.0,0.0,100.0
FinanceBench,hybrid_pageindex_chunk_rerank_linq_embed_mistral_top_m_5_query_results.jsonl,Hybrid PageIndex,Linq-Embed-Mistral,chunk_rerank,5.0,BESTBUY_2023_10K,3,0.0,0.3333333333333333,0.1111111111111111,0.6666666666666666,0.0003333333333333333,0.0003333333333333333,0.0003333333333333333,0.0,0.0,0.0,0.0,0.0,0.0,0.0,0.0,0.0,3,0.0,33.33333333333333,11.11111111111111,66.66666666666666
FinanceBench,hybrid_pageindex_chunk_rerank_linq_embed_mistral_top_m_5_query_results.jsonl,Hybrid PageIndex,Linq-Embed-Mistral,chunk_rerank,5.0,BESTBUY_2024Q2_10Q,3,0.0,0.6666666666666666,0.2222222222222222,0.6666666666666666,0.0,0.0,0.0,0.0,0.0,0.0,0.0,0.0,0.0,0.0,0.0,0.0,3,0.0,66.66666666666666,22.22222222222222,66.66666666666666
FinanceBench,hybrid_pageindex_chunk_rerank_linq_embed_mistral_top_m_5_query_results.jsonl,Hybrid PageIndex,Linq-Embed-Mistral,chunk_rerank,5.0,BLOCK_2016_10K,1,0.0,0.0,0.0,1.0,0.001,0.001,0.001,0.0,0.0,0.0,0.0,0.0,0.0,0.0,0.0,0.0,1,0.0,0.0,0.0,100.0
FinanceBench,hybrid_pageindex_chunk_rerank_linq_embed_mistral_top_m_5_query_results.jsonl,Hybrid PageIndex,Linq-Embed-Mistral,chunk_rerank,5.0,BLOCK_2020_10K,2,0.0,0.0,0.0,1.0,0.0005,0.0005,0.0005,0.0,0.0,0.0,0.0,0.0,0.0,0.0,0.0,0.0,2,0.0,0.0,0.0,100.0
FinanceBench,hybrid_pageindex_chunk_rerank_linq_embed_mistral_top_m_5_query_results.jsonl,Hybrid PageIndex,Linq-Embed-Mistral,chunk_rerank,5.0,BOEING_2018_10K,1,1.0,1.0,1.0,1.0,0.0,0.0,0.0,0.0,0.0,0.0,0.0,0.0,0.0,0.0,0.0,0.0,1,100.0,100.0,100.0,100.0
FinanceBench,hybrid_pageindex_chunk_rerank_linq_embed_mistral_top_m_5_query_results.jsonl,Hybrid PageIndex,Linq-Embed-Mistral,chunk_rerank,5.0,BOEING_2022_10K,6,0.3333333333333333,0.5,0.375,0.8333333333333334,0.0,0.0,0.0,0.0,0.0,0.0,0.0,0.0,0.0,0.0,0.0,0.0,6,33.33333333333333,50.0,37.5,83.33333333333334
FinanceBench,hybrid_pageindex_chunk_rerank_linq_embed_mistral_top_m_5_query_results.jsonl,Hybrid PageIndex,Linq-Embed-Mistral,chunk_rerank,5.0,COCACOLA_2021_10K,1,1.0,1.0,1.0,1.0,0.0,0.0,0.0,0.0,0.0,0.0,0.0,0.0,0.0,0.0,0.0,0.0,1,100.0,100.0,100.0,100.0
FinanceBench,hybrid_pageindex_chunk_rerank_linq_embed_mistral_top_m_5_query_results.jsonl,Hybrid PageIndex,Linq-Embed-Mistral,chunk_rerank,5.0,CORNING_2021_10K,1,0.0,0.0,0.0,0.0,0.0,0.0,0.0,0.0,0.0,0.0,0.0,0.0,0.0,0.0,0.0,0.0,1,0.0,0.0,0.0,0.0
FinanceBench,hybrid_pageindex_chunk_rerank_linq_embed_mistral_top_m_5_query_results.jsonl,Hybrid PageIndex,Linq-Embed-Mistral,chunk_rerank,5.0,CORNING_2022_10K,2,0.0,0.0,0.0,1.0,0.0,0.0,0.0,0.0,0.0,0.0,0.0,0.0,0.0,0.0,0.0,0.0,2,0.0,0.0,0.0,100.0
FinanceBench,hybrid_pageindex_chunk_rerank_linq_embed_mistral_top_m_5_query_results.jsonl,Hybrid PageIndex,Linq-Embed-Mistral,chunk_rerank,5.0,COSTCO_2021_10K,1,0.0,1.0,0.5,1.0,0.0,0.0,0.0,0.0,0.0,0.0,0.0,0.0,0.0,0.0,0.0,0.0,1,0.0,100.0,50.0,100.0
FinanceBench,hybrid_pageindex_chunk_rerank_linq_embed_mistral_top_m_5_query_results.jsonl,Hybrid PageIndex,Linq-Embed-Mistral,chunk_rerank,5.0,CVSHEALTH_2022_10K,1,1.0,1.0,1.0,1.0,0.0,0.0,0.0,0.0,0.0,0.0,0.0,0.0,0.0,0.0,0.0,0.0,1,100.0,100.0,100.0,100.0
FinanceBench,hybrid_pageindex_chunk_rerank_linq_embed_mistral_top_m_5_query_results.jsonl,Hybrid PageIndex,Linq-Embed-Mistral,chunk_rerank,5.0,FOOTLOCKER_2022_8K_dated-2022-05-20,1,0.0,0.0,0.0,0.0,0.0,0.0,0.0,0.0,0.0,0.0,0.0,0.0,0.0,0.0,0.0,0.0,1,0.0,0.0,0.0,0.0
FinanceBench,hybrid_pageindex_chunk_rerank_linq_embed_mistral_top_m_5_query_results.jsonl,Hybrid PageIndex,Linq-Embed-Mistral,chunk_rerank,5.0,FOOTLOCKER_2022_8K_dated_2022-08-19,1,0.0,1.0,0.5,1.0,0.0,0.0,0.0,0.0,0.0,0.0,0.0,0.0,0.0,0.0,0.0,0.0,1,0.0,100.0,50.0,100.0
FinanceBench,hybrid_pageindex_chunk_rerank_linq_embed_mistral_top_m_5_query_results.jsonl,Hybrid PageIndex,Linq-Embed-Mistral,chunk_rerank,5.0,GENERALMILLS_2020_10K,2,1.0,1.0,1.0,1.0,0.001,0.001,0.001,0.0,0.0,0.0,0.0,0.0,0.0,0.0,0.0,0.0,2,100.0,100.0,100.0,100.0
FinanceBench,hybrid_pageindex_chunk_rerank_linq_embed_mistral_top_m_5_query_results.jsonl,Hybrid PageIndex,Linq-Embed-Mistral,chunk_rerank,5.0,JOHNSON_JOHNSON_2022Q4_EARNINGS,1,0.0,0.0,0.0,0.0,0.0,0.0,0.0,0.0,0.0,0.0,0.0,0.0,0.0,0.0,0.0,0.0,1,0.0,0.0,0.0,0.0
FinanceBench,hybrid_pageindex_chunk_rerank_linq_embed_mistral_top_m_5_query_results.jsonl,Hybrid PageIndex,Linq-Embed-Mistral,chunk_rerank,5.0,JOHNSON_JOHNSON_2022_10K,2,0.0,0.0,0.0,0.0,0.0,0.0,0.0,0.0,0.0,0.0,0.0,0.0,0.0,0.0,0.0,0.0,2,0.0,0.0,0.0,0.0
FinanceBench,hybrid_pageindex_chunk_rerank_linq_embed_mistral_top_m_5_query_results.jsonl,Hybrid PageIndex,Linq-Embed-Mistral,chunk_rerank,5.0,JOHNSON_JOHNSON_2023Q2_EARNINGS,1,0.0,0.0,0.0,1.0,0.0,0.0,0.0,0.0,0.0,0.0,0.0,0.0,0.0,0.0,0.0,0.0,1,0.0,0.0,0.0,100.0
FinanceBench,hybrid_pageindex_chunk_rerank_linq_embed_mistral_top_m_5_query_results.jsonl,Hybrid PageIndex,Linq-Embed-Mistral,chunk_rerank,5.0,JOHNSON_JOHNSON_2023_8K_dated-2023-08-30,3,0.0,1.0,0.4444444444444444,1.0,0.0,0.0,0.0,0.0,0.0,0.0,0.0,0.0,0.0,0.0,0.0,0.0,3,0.0,100.0,44.44444444444444,100.0
FinanceBench,hybrid_pageindex_chunk_rerank_linq_embed_mistral_top_m_5_query_results.jsonl,Hybrid PageIndex,Linq-Embed-Mistral,chunk_rerank,5.0,JPMORGAN_2021Q1_10Q,2,0.0,1.0,0.35,1.0,0.0005,0.0005,0.0005,0.0,0.0,0.0,0.0,0.0,0.0,0.0,0.0,0.0,2,0.0,100.0,35.0,100.0
FinanceBench,hybrid_pageindex_chunk_rerank_linq_embed_mistral_top_m_5_query_results.jsonl,Hybrid PageIndex,Linq-Embed-Mistral,chunk_rerank,5.0,JPMORGAN_2022Q2_10Q,1,0.0,0.0,0.0,0.0,0.0,0.0,0.0,0.0,0.0,0.0,0.0,0.0,0.0,0.0,0.0,0.0,1,0.0,0.0,0.0,0.0
FinanceBench,hybrid_pageindex_chunk_rerank_linq_embed_mistral_top_m_5_query_results.jsonl,Hybrid PageIndex,Linq-Embed-Mistral,chunk_rerank,5.0,JPMORGAN_2022_10K,1,0.0,0.0,0.0,1.0,0.001,0.001,0.001,0.0,0.0,0.0,0.0,0.0,0.0,0.0,0.0,0.0,1,0.0,0.0,0.0,100.0
FinanceBench,hybrid_pageindex_chunk_rerank_linq_embed_mistral_top_m_5_query_results.jsonl,Hybrid PageIndex,Linq-Embed-Mistral,chunk_rerank,5.0,JPMORGAN_2023Q2_10Q,1,0.0,0.0,0.0,1.0,0.0,0.0,0.0,0.0,0.0,0.0,0.0,0.0,0.0,0.0,0.0,0.0,1,0.0,0.0,0.0,100.0
FinanceBench,hybrid_pageindex_chunk_rerank_linq_embed_mistral_top_m_5_query_results.jsonl,Hybrid PageIndex,Linq-Embed-Mistral,chunk_rerank,5.0,LOCKHEEDMARTIN_2021_10K,1,0.0,0.0,0.0,1.0,0.0,0.0,0.0,0.0,0.0,0.0,0.0,0.0,0.0,0.0,0.0,0.0,1,0.0,0.0,0.0,100.0
FinanceBench,hybrid_pageindex_chunk_rerank_linq_embed_mistral_top_m_5_query_results.jsonl,Hybrid PageIndex,Linq-Embed-Mistral,chunk_rerank,5.0,LOCKHEEDMARTIN_2022_10K,1,0.0,0.0,0.0,0.0,0.0,0.0,0.0,0.0,0.0,0.0,0.0,0.0,0.0,0.0,0.0,0.0,1,0.0,0.0,0.0,0.0
FinanceBench,hybrid_pageindex_chunk_rerank_linq_embed_mistral_top_m_5_query_results.jsonl,Hybrid PageIndex,Linq-Embed-Mistral,chunk_rerank,5.0,MGMRESORTS_2018_10K,1,1.0,1.0,1.0,1.0,0.0,0.0,0.0,0.0,0.0,0.0,0.0,0.0,0.0,0.0,0.0,0.0,1,100.0,100.0,100.0,100.0
FinanceBench,hybrid_pageindex_chunk_rerank_linq_embed_mistral_top_m_5_query_results.jsonl,Hybrid PageIndex,Linq-Embed-Mistral,chunk_rerank,5.0,MGMRESORTS_2022Q4_EARNINGS,2,0.0,1.0,0.2,1.0,0.0,0.0,0.0,0.0,0.0,0.0,0.0,0.0,0.0,0.0,0.0,0.0,2,0.0,100.0,20.0,100.0
FinanceBench,hybrid_pageindex_chunk_rerank_linq_embed_mistral_top_m_5_query_results.jsonl,Hybrid PageIndex,Linq-Embed-Mistral,chunk_rerank,5.0,MGMRESORTS_2022_10K,1,0.0,0.0,0.0,0.0,0.0,0.0,0.0,0.0,0.0,0.0,0.0,0.0,0.0,0.0,0.0,0.0,1,0.0,0.0,0.0,0.0
FinanceBench,hybrid_pageindex_chunk_rerank_linq_embed_mistral_top_m_5_query_results.jsonl,Hybrid PageIndex,Linq-Embed-Mistral,chunk_rerank,5.0,MGMRESORTS_2023Q2_10Q,1,0.0,1.0,0.5,1.0,0.0,0.0,0.0,0.0,0.0,0.0,0.0,0.0,0.0,0.0,0.0,0.0,1,0.0,100.0,50.0,100.0
FinanceBench,hybrid_pageindex_chunk_rerank_linq_embed_mistral_top_m_5_query_results.jsonl,Hybrid PageIndex,Linq-Embed-Mistral,chunk_rerank,5.0,MICROSOFT_2016_10K,1,0.0,0.0,0.0,1.0,0.001,0.001,0.001,0.0,0.0,0.0,0.0,0.0,0.0,0.0,0.0,0.0,1,0.0,0.0,0.0,100.0
FinanceBench,hybrid_pageindex_chunk_rerank_linq_embed_mistral_top_m_5_query_results.jsonl,Hybrid PageIndex,Linq-Embed-Mistral,chunk_rerank,5.0,MICROSOFT_2023_10K,1,1.0,1.0,1.0,1.0,0.0,0.0,0.0,0.0,0.0,0.0,0.0,0.0,0.0,0.0,0.0,0.0,1,100.0,100.0,100.0,100.0
FinanceBench,hybrid_pageindex_chunk_rerank_linq_embed_mistral_top_m_5_query_results.jsonl,Hybrid PageIndex,Linq-Embed-Mistral,chunk_rerank,5.0,NETFLIX_2017_10K,1,0.0,1.0,0.25,1.0,0.0,0.0,0.0,0.0,0.0,0.0,0.0,0.0,0.0,0.0,0.0,0.0,1,0.0,100.0,25.0,100.0
FinanceBench,hybrid_pageindex_chunk_rerank_linq_embed_mistral_top_m_5_query_results.jsonl,Hybrid PageIndex,Linq-Embed-Mistral,chunk_rerank,5.0,NIKE_2018_10K,1,0.0,0.0,0.0,1.0,0.0,0.0,0.0,0.0,0.0,0.0,0.0,0.0,0.0,0.0,0.0,0.0,1,0.0,0.0,0.0,100.0
FinanceBench,hybrid_pageindex_chunk_rerank_linq_embed_mistral_top_m_5_query_results.jsonl,Hybrid PageIndex,Linq-Embed-Mistral,chunk_rerank,5.0,NIKE_2019_10K,1,0.0,1.0,0.3333333333333333,1.0,0.0,0.0,0.0,0.0,0.0,0.0,0.0,0.0,0.0,0.0,0.0,0.0,1,0.0,100.0,33.33333333333333,100.0
FinanceBench,hybrid_pageindex_chunk_rerank_linq_embed_mistral_top_m_5_query_results.jsonl,Hybrid PageIndex,Linq-Embed-Mistral,chunk_rerank,5.0,NIKE_2023_10K,1,0.0,1.0,0.5,1.0,0.001,0.001,0.001,0.0,0.0,0.0,0.0,0.0,0.0,0.0,0.0,0.0,1,0.0,100.0,50.0,100.0
FinanceBench,hybrid_pageindex_chunk_rerank_linq_embed_mistral_top_m_5_query_results.jsonl,Hybrid PageIndex,Linq-Embed-Mistral,chunk_rerank,5.0,PAYPAL_2022_10K,1,0.0,0.0,0.0,1.0,0.0,0.0,0.0,0.0,0.0,0.0,0.0,0.0,0.0,0.0,0.0,0.0,1,0.0,0.0,0.0,100.0
FinanceBench,hybrid_pageindex_chunk_rerank_linq_embed_mistral_top_m_5_query_results.jsonl,Hybrid PageIndex,Linq-Embed-Mistral,chunk_rerank,5.0,PEPSICO_2021_10K,1,0.0,0.0,0.0,1.0,0.001,0.001,0.001,0.0,0.0,0.0,0.0,0.0,0.0,0.0,0.0,0.0,1,0.0,0.0,0.0,100.0
FinanceBench,hybrid_pageindex_chunk_rerank_linq_embed_mistral_top_m_5_query_results.jsonl,Hybrid PageIndex,Linq-Embed-Mistral,chunk_rerank,5.0,PEPSICO_2022_10K,2,0.0,0.0,0.0,0.0,0.0,0.0,0.0,0.0,0.0,0.0,0.0,0.0,0.0,0.0,0.0,0.0,2,0.0,0.0,0.0,0.0
FinanceBench,hybrid_pageindex_chunk_rerank_linq_embed_mistral_top_m_5_query_results.jsonl,Hybrid PageIndex,Linq-Embed-Mistral,chunk_rerank,5.0,PEPSICO_2023Q1_EARNINGS,2,1.0,1.0,1.0,1.0,0.0,0.0,0.0,0.0,0.0,0.0,0.0,0.0,0.0,0.0,0.0,0.0,2,100.0,100.0,100.0,100.0
FinanceBench,hybrid_pageindex_chunk_rerank_linq_embed_mistral_top_m_5_query_results.jsonl,Hybrid PageIndex,Linq-Embed-Mistral,chunk_rerank,5.0,PEPSICO_2023_8K_dated-2023-05-05,1,1.0,1.0,1.0,1.0,0.0,0.0,0.0,0.0,0.0,0.0,0.0,0.0,0.0,0.0,0.0,0.0,1,100.0,100.0,100.0,100.0
FinanceBench,hybrid_pageindex_chunk_rerank_linq_embed_mistral_top_m_5_query_results.jsonl,Hybrid PageIndex,Linq-Embed-Mistral,chunk_rerank,5.0,PEPSICO_2023_8K_dated-2023-05-30,2,1.0,1.0,1.0,1.0,0.001,0.001,0.001,0.0,0.0,0.0,0.0,0.0,0.0,0.0,0.0,0.0,2,100.0,100.0,100.0,100.0
FinanceBench,hybrid_pageindex_chunk_rerank_linq_embed_mistral_top_m_5_query_results.jsonl,Hybrid PageIndex,Linq-Embed-Mistral,chunk_rerank,5.0,PFIZER_2021_10K,2,0.0,0.0,0.0,1.0,0.0005,0.0005,0.0005,0.0,0.0,0.0,0.0,0.0,0.0,0.0,0.0,0.0,2,0.0,0.0,0.0,100.0
FinanceBench,hybrid_pageindex_chunk_rerank_linq_embed_mistral_top_m_5_query_results.jsonl,Hybrid PageIndex,Linq-Embed-Mistral,chunk_rerank,5.0,ULTABEAUTY_2023Q4_EARNINGS,4,0.0,0.0,0.0,0.5,0.00025,0.00025,0.00025,0.0,0.0,0.0,0.0,0.0,0.0,0.0,0.0,0.0,4,0.0,0.0,0.0,50.0
FinanceBench,hybrid_pageindex_chunk_rerank_linq_embed_mistral_top_m_5_query_results.jsonl,Hybrid PageIndex,Linq-Embed-Mistral,chunk_rerank,5.0,ULTABEAUTY_2023_10K,2,0.0,0.5,0.1,1.0,0.0,0.0,0.0,0.0,0.0,0.0,0.0,0.0,0.0,0.0,0.0,0.0,2,0.0,50.0,10.0,100.0
FinanceBench,hybrid_pageindex_chunk_rerank_linq_embed_mistral_top_m_5_query_results.jsonl,Hybrid PageIndex,Linq-Embed-Mistral,chunk_rerank,5.0,VERIZON_2021_10K,1,0.0,0.0,0.0,1.0,0.0,0.0,0.0,0.0,0.0,0.0,0.0,0.0,0.0,0.0,0.0,0.0,1,0.0,0.0,0.0,100.0
FinanceBench,hybrid_pageindex_chunk_rerank_linq_embed_mistral_top_m_5_query_results.jsonl,Hybrid PageIndex,Linq-Embed-Mistral,chunk_rerank,5.0,VERIZON_2022_10K,2,0.0,0.0,0.0,1.0,0.0,0.0,0.0,0.0,0.0,0.0,0.0,0.0,0.0,0.0,0.0,0.0,2,0.0,0.0,0.0,100.0
FinanceBench,hybrid_pageindex_chunk_rerank_linq_embed_mistral_top_m_5_query_results.jsonl,Hybrid PageIndex,Linq-Embed-Mistral,chunk_rerank,5.0,WALMART_2019_10K,1,0.0,1.0,0.2,1.0,0.0,0.0,0.0,0.0,0.0,0.0,0.0,0.0,0.0,0.0,0.0,0.0,1,0.0,100.0,20.0,100.0
FinanceBench,hybrid_pageindex_chunk_rerank_linq_embed_mistral_top_m_7_query_results.jsonl,Hybrid PageIndex,Linq-Embed-Mistral,chunk_rerank,7.0,3M_2018_10K,2,0.5,0.5,0.5,1.0,0.001,0.001,0.001,0.0,0.0,0.0,0.0,0.0,0.0,0.0,0.0,0.0,2,50.0,50.0,50.0,100.0
FinanceBench,hybrid_pageindex_chunk_rerank_linq_embed_mistral_top_m_7_query_results.jsonl,Hybrid PageIndex,Linq-Embed-Mistral,chunk_rerank,7.0,3M_2022_10K,2,0.5,1.0,0.625,1.0,0.0005,0.0005,0.0005,0.0,0.0,0.0,0.0,0.0,0.0,0.0,0.0,0.0,2,50.0,100.0,62.5,100.0
FinanceBench,hybrid_pageindex_chunk_rerank_linq_embed_mistral_top_m_7_query_results.jsonl,Hybrid PageIndex,Linq-Embed-Mistral,chunk_rerank,7.0,3M_2023Q2_10Q,3,0.0,0.0,0.0,0.3333333333333333,0.0003333333333333333,0.0003333333333333333,0.0003333333333333333,0.0,0.0,0.0,0.0,0.0,0.0,0.0,0.0,0.0,3,0.0,0.0,0.0,33.33333333333333
FinanceBench,hybrid_pageindex_chunk_rerank_linq_embed_mistral_top_m_7_query_results.jsonl,Hybrid PageIndex,Linq-Embed-Mistral,chunk_rerank,7.0,ADOBE_2016_10K,1,0.0,0.0,0.0,1.0,0.001,0.001,0.001,0.0,0.0,0.0,0.0,0.0,0.0,0.0,0.0,0.0,1,0.0,0.0,0.0,100.0
FinanceBench,hybrid_pageindex_chunk_rerank_linq_embed_mistral_top_m_7_query_results.jsonl,Hybrid PageIndex,Linq-Embed-Mistral,chunk_rerank,7.0,ADOBE_2022_10K,2,0.0,1.0,0.225,1.0,0.001,0.001,0.001,0.0,0.0,0.0,0.0,0.0,0.0,0.0,0.0,0.0,2,0.0,100.0,22.5,100.0
FinanceBench,hybrid_pageindex_chunk_rerank_linq_embed_mistral_top_m_7_query_results.jsonl,Hybrid PageIndex,Linq-Embed-Mistral,chunk_rerank,7.0,AES_2022_10K,1,1.0,1.0,1.0,1.0,0.001,0.001,0.001,0.0,0.0,0.0,0.0,0.0,0.0,0.0,0.0,0.0,1,100.0,100.0,100.0,100.0
FinanceBench,hybrid_pageindex_chunk_rerank_linq_embed_mistral_top_m_7_query_results.jsonl,Hybrid PageIndex,Linq-Embed-Mistral,chunk_rerank,7.0,AMAZON_2017_10K,1,0.0,1.0,0.25,1.0,0.001,0.001,0.001,0.0,0.0,0.0,0.0,0.0,0.0,0.0,0.0,0.0,1,0.0,100.0,25.0,100.0
FinanceBench,hybrid_pageindex_chunk_rerank_linq_embed_mistral_top_m_7_query_results.jsonl,Hybrid PageIndex,Linq-Embed-Mistral,chunk_rerank,7.0,AMAZON_2019_10K,1,0.0,1.0,0.25,1.0,0.0,0.0,0.0,0.0,0.0,0.0,0.0,0.0,0.0,0.0,0.0,0.0,1,0.0,100.0,25.0,100.0
FinanceBench,hybrid_pageindex_chunk_rerank_linq_embed_mistral_top_m_7_query_results.jsonl,Hybrid PageIndex,Linq-Embed-Mistral,chunk_rerank,7.0,AMCOR_2020_10K,1,0.0,1.0,0.3333333333333333,1.0,0.001,0.001,0.001,0.0,0.0,0.0,0.0,0.0,0.0,0.0,0.0,0.0,1,0.0,100.0,33.33333333333333,100.0
FinanceBench,hybrid_pageindex_chunk_rerank_linq_embed_mistral_top_m_7_query_results.jsonl,Hybrid PageIndex,Linq-Embed-Mistral,chunk_rerank,7.0,AMCOR_2022_8K_dated-2022-07-01,1,0.0,1.0,0.3333333333333333,1.0,0.001,0.001,0.001,0.0,0.0,0.0,0.0,0.0,0.0,0.0,0.0,0.0,1,0.0,100.0,33.33333333333333,100.0
FinanceBench,hybrid_pageindex_chunk_rerank_linq_embed_mistral_top_m_7_query_results.jsonl,Hybrid PageIndex,Linq-Embed-Mistral,chunk_rerank,7.0,AMCOR_2023Q2_10Q,1,0.0,1.0,0.5,1.0,0.0,0.0,0.0,0.0,0.0,0.0,0.0,0.0,0.0,0.0,0.0,0.0,1,0.0,100.0,50.0,100.0
FinanceBench,hybrid_pageindex_chunk_rerank_linq_embed_mistral_top_m_7_query_results.jsonl,Hybrid PageIndex,Linq-Embed-Mistral,chunk_rerank,7.0,AMCOR_2023Q4_EARNINGS,2,0.0,0.5,0.25,1.0,0.0,0.0,0.0,0.0,0.0,0.0,0.0,0.0,0.0,0.0,0.0,0.0,2,0.0,50.0,25.0,100.0
FinanceBench,hybrid_pageindex_chunk_rerank_linq_embed_mistral_top_m_7_query_results.jsonl,Hybrid PageIndex,Linq-Embed-Mistral,chunk_rerank,7.0,AMCOR_2023_10K,4,0.0,0.25,0.05,0.25,0.00025,0.00025,0.00025,0.0,0.0,0.0,0.0,0.0,0.0,0.0,0.0,0.0,4,0.0,25.0,5.0,25.0
FinanceBench,hybrid_pageindex_chunk_rerank_linq_embed_mistral_top_m_7_query_results.jsonl,Hybrid PageIndex,Linq-Embed-Mistral,chunk_rerank,7.0,AMD_2022_10K,7,0.42857142857142855,0.8571428571428571,0.5833333333333333,1.0,0.00028571428571428574,0.00028571428571428574,0.00028571428571428574,0.0,0.0,0.0,0.0,0.0,0.0,0.0,0.0,0.0,7,42.857142857142854,85.71428571428571,58.33333333333333,100.0
FinanceBench,hybrid_pageindex_chunk_rerank_linq_embed_mistral_top_m_7_query_results.jsonl,Hybrid PageIndex,Linq-Embed-Mistral,chunk_rerank,7.0,AMERICANEXPRESS_2022_10K,7,0.14285714285714285,0.14285714285714285,0.14285714285714285,1.0,0.0004285714285714286,0.0004285714285714286,0.0004285714285714286,0.0,0.0,0.0,0.0,0.0,0.0,0.0,0.0,0.0,7,14.285714285714285,14.285714285714285,14.285714285714285,100.0
FinanceBench,hybrid_pageindex_chunk_rerank_linq_embed_mistral_top_m_7_query_results.jsonl,Hybrid PageIndex,Linq-Embed-Mistral,chunk_rerank,7.0,AMERICANWATERWORKS_2020_10K,1,1.0,1.0,1.0,1.0,0.001,0.001,0.001,0.0,0.0,0.0,0.0,0.0,0.0,0.0,0.0,0.0,1,100.0,100.0,100.0,100.0
FinanceBench,hybrid_pageindex_chunk_rerank_linq_embed_mistral_top_m_7_query_results.jsonl,Hybrid PageIndex,Linq-Embed-Mistral,chunk_rerank,7.0,BESTBUY_2017_10K,1,0.0,0.0,0.0,1.0,0.0,0.0,0.0,0.0,0.0,0.0,0.0,0.0,0.0,0.0,0.0,0.0,1,0.0,0.0,0.0,100.0
FinanceBench,hybrid_pageindex_chunk_rerank_linq_embed_mistral_top_m_7_query_results.jsonl,Hybrid PageIndex,Linq-Embed-Mistral,chunk_rerank,7.0,BESTBUY_2019_10K,1,0.0,0.0,0.0,1.0,0.001,0.001,0.001,0.0,0.0,0.0,0.0,0.0,0.0,0.0,0.0,0.0,1,0.0,0.0,0.0,100.0
FinanceBench,hybrid_pageindex_chunk_rerank_linq_embed_mistral_top_m_7_query_results.jsonl,Hybrid PageIndex,Linq-Embed-Mistral,chunk_rerank,7.0,BESTBUY_2023_10K,3,0.0,0.3333333333333333,0.08333333333333333,0.6666666666666666,0.0003333333333333333,0.0003333333333333333,0.0003333333333333333,0.0,0.0,0.0,0.0,0.0,0.0,0.0,0.0,0.0,3,0.0,33.33333333333333,8.333333333333332,66.66666666666666
FinanceBench,hybrid_pageindex_chunk_rerank_linq_embed_mistral_top_m_7_query_results.jsonl,Hybrid PageIndex,Linq-Embed-Mistral,chunk_rerank,7.0,BESTBUY_2024Q2_10Q,3,0.0,0.6666666666666666,0.2222222222222222,0.6666666666666666,0.0,0.0,0.0,0.0,0.0,0.0,0.0,0.0,0.0,0.0,0.0,0.0,3,0.0,66.66666666666666,22.22222222222222,66.66666666666666
FinanceBench,hybrid_pageindex_chunk_rerank_linq_embed_mistral_top_m_7_query_results.jsonl,Hybrid PageIndex,Linq-Embed-Mistral,chunk_rerank,7.0,BLOCK_2016_10K,1,0.0,0.0,0.0,1.0,0.001,0.001,0.001,0.0,0.0,0.0,0.0,0.0,0.0,0.0,0.0,0.0,1,0.0,0.0,0.0,100.0
FinanceBench,hybrid_pageindex_chunk_rerank_linq_embed_mistral_top_m_7_query_results.jsonl,Hybrid PageIndex,Linq-Embed-Mistral,chunk_rerank,7.0,BLOCK_2020_10K,2,0.5,1.0,0.6666666666666666,1.0,0.001,0.001,0.001,0.0,0.0,0.0,0.0,0.0,0.0,0.0,0.0,0.0,2,50.0,100.0,66.66666666666666,100.0
FinanceBench,hybrid_pageindex_chunk_rerank_linq_embed_mistral_top_m_7_query_results.jsonl,Hybrid PageIndex,Linq-Embed-Mistral,chunk_rerank,7.0,BOEING_2018_10K,1,1.0,1.0,1.0,1.0,0.001,0.001,0.001,0.0,0.0,0.0,0.0,0.0,0.0,0.0,0.0,0.0,1,100.0,100.0,100.0,100.0
FinanceBench,hybrid_pageindex_chunk_rerank_linq_embed_mistral_top_m_7_query_results.jsonl,Hybrid PageIndex,Linq-Embed-Mistral,chunk_rerank,7.0,BOEING_2022_10K,6,0.3333333333333333,0.5,0.3666666666666667,0.8333333333333334,0.0005,0.0005,0.0005,0.0,0.0,0.0,0.0,0.0,0.0,0.0,0.0,0.0,6,33.33333333333333,50.0,36.66666666666667,83.33333333333334
FinanceBench,hybrid_pageindex_chunk_rerank_linq_embed_mistral_top_m_7_query_results.jsonl,Hybrid PageIndex,Linq-Embed-Mistral,chunk_rerank,7.0,COCACOLA_2021_10K,1,1.0,1.0,1.0,1.0,0.001,0.001,0.001,0.0,0.0,0.0,0.0,0.0,0.0,0.0,0.0,0.0,1,100.0,100.0,100.0,100.0
FinanceBench,hybrid_pageindex_chunk_rerank_linq_embed_mistral_top_m_7_query_results.jsonl,Hybrid PageIndex,Linq-Embed-Mistral,chunk_rerank,7.0,CORNING_2021_10K,1,0.0,0.0,0.0,0.0,0.0,0.0,0.0,0.0,0.0,0.0,0.0,0.0,0.0,0.0,0.0,0.0,1,0.0,0.0,0.0,0.0
FinanceBench,hybrid_pageindex_chunk_rerank_linq_embed_mistral_top_m_7_query_results.jsonl,Hybrid PageIndex,Linq-Embed-Mistral,chunk_rerank,7.0,CORNING_2022_10K,2,0.0,0.0,0.0,1.0,0.0005,0.0005,0.0005,0.0,0.0,0.0,0.0,0.0,0.0,0.0,0.0,0.0,2,0.0,0.0,0.0,100.0
FinanceBench,hybrid_pageindex_chunk_rerank_linq_embed_mistral_top_m_7_query_results.jsonl,Hybrid PageIndex,Linq-Embed-Mistral,chunk_rerank,7.0,COSTCO_2021_10K,1,0.0,1.0,0.5,1.0,0.0,0.0,0.0,0.0,0.0,0.0,0.0,0.0,0.0,0.0,0.0,0.0,1,0.0,100.0,50.0,100.0
FinanceBench,hybrid_pageindex_chunk_rerank_linq_embed_mistral_top_m_7_query_results.jsonl,Hybrid PageIndex,Linq-Embed-Mistral,chunk_rerank,7.0,CVSHEALTH_2022_10K,1,1.0,1.0,1.0,1.0,0.001,0.001,0.001,0.0,0.0,0.0,0.0,0.0,0.0,0.0,0.0,0.0,1,100.0,100.0,100.0,100.0
FinanceBench,hybrid_pageindex_chunk_rerank_linq_embed_mistral_top_m_7_query_results.jsonl,Hybrid PageIndex,Linq-Embed-Mistral,chunk_rerank,7.0,FOOTLOCKER_2022_8K_dated-2022-05-20,1,0.0,0.0,0.0,0.0,0.0,0.0,0.0,0.0,0.0,0.0,0.0,0.0,0.0,0.0,0.0,0.0,1,0.0,0.0,0.0,0.0
FinanceBench,hybrid_pageindex_chunk_rerank_linq_embed_mistral_top_m_7_query_results.jsonl,Hybrid PageIndex,Linq-Embed-Mistral,chunk_rerank,7.0,FOOTLOCKER_2022_8K_dated_2022-08-19,1,0.0,1.0,0.5,1.0,0.0,0.0,0.0,0.0,0.0,0.0,0.0,0.0,0.0,0.0,0.0,0.0,1,0.0,100.0,50.0,100.0
FinanceBench,hybrid_pageindex_chunk_rerank_linq_embed_mistral_top_m_7_query_results.jsonl,Hybrid PageIndex,Linq-Embed-Mistral,chunk_rerank,7.0,GENERALMILLS_2020_10K,2,1.0,1.0,1.0,1.0,0.001,0.001,0.001,0.0,0.0,0.0,0.0,0.0,0.0,0.0,0.0,0.0,2,100.0,100.0,100.0,100.0
FinanceBench,hybrid_pageindex_chunk_rerank_linq_embed_mistral_top_m_7_query_results.jsonl,Hybrid PageIndex,Linq-Embed-Mistral,chunk_rerank,7.0,JOHNSON_JOHNSON_2022Q4_EARNINGS,1,0.0,0.0,0.0,0.0,0.0,0.0,0.0,0.0,0.0,0.0,0.0,0.0,0.0,0.0,0.0,0.0,1,0.0,0.0,0.0,0.0
FinanceBench,hybrid_pageindex_chunk_rerank_linq_embed_mistral_top_m_7_query_results.jsonl,Hybrid PageIndex,Linq-Embed-Mistral,chunk_rerank,7.0,JOHNSON_JOHNSON_2022_10K,2,0.0,0.0,0.0,0.0,0.0,0.0,0.0,0.0,0.0,0.0,0.0,0.0,0.0,0.0,0.0,0.0,2,0.0,0.0,0.0,0.0
FinanceBench,hybrid_pageindex_chunk_rerank_linq_embed_mistral_top_m_7_query_results.jsonl,Hybrid PageIndex,Linq-Embed-Mistral,chunk_rerank,7.0,JOHNSON_JOHNSON_2023Q2_EARNINGS,1,0.0,0.0,0.0,1.0,0.0,0.0,0.0,0.0,0.0,0.0,0.0,0.0,0.0,0.0,0.0,0.0,1,0.0,0.0,0.0,100.0
FinanceBench,hybrid_pageindex_chunk_rerank_linq_embed_mistral_top_m_7_query_results.jsonl,Hybrid PageIndex,Linq-Embed-Mistral,chunk_rerank,7.0,JOHNSON_JOHNSON_2023_8K_dated-2023-08-30,3,0.0,1.0,0.4444444444444444,1.0,0.0,0.0,0.0,0.0,0.0,0.0,0.0,0.0,0.0,0.0,0.0,0.0,3,0.0,100.0,44.44444444444444,100.0
FinanceBench,hybrid_pageindex_chunk_rerank_linq_embed_mistral_top_m_7_query_results.jsonl,Hybrid PageIndex,Linq-Embed-Mistral,chunk_rerank,7.0,JPMORGAN_2021Q1_10Q,2,0.0,0.5,0.25,1.0,0.0005,0.0005,0.0005,0.0,0.0,0.0,0.0,0.0,0.0,0.0,0.0,0.0,2,0.0,50.0,25.0,100.0
FinanceBench,hybrid_pageindex_chunk_rerank_linq_embed_mistral_top_m_7_query_results.jsonl,Hybrid PageIndex,Linq-Embed-Mistral,chunk_rerank,7.0,JPMORGAN_2022Q2_10Q,1,0.0,0.0,0.0,0.0,0.001,0.001,0.001,0.0,0.0,0.0,0.0,0.0,0.0,0.0,0.0,0.0,1,0.0,0.0,0.0,0.0
FinanceBench,hybrid_pageindex_chunk_rerank_linq_embed_mistral_top_m_7_query_results.jsonl,Hybrid PageIndex,Linq-Embed-Mistral,chunk_rerank,7.0,JPMORGAN_2022_10K,1,0.0,0.0,0.0,1.0,0.001,0.001,0.001,0.0,0.0,0.0,0.0,0.0,0.0,0.0,0.0,0.0,1,0.0,0.0,0.0,100.0
FinanceBench,hybrid_pageindex_chunk_rerank_linq_embed_mistral_top_m_7_query_results.jsonl,Hybrid PageIndex,Linq-Embed-Mistral,chunk_rerank,7.0,JPMORGAN_2023Q2_10Q,1,0.0,0.0,0.0,1.0,0.0,0.0,0.0,0.0,0.0,0.0,0.0,0.0,0.0,0.0,0.0,0.0,1,0.0,0.0,0.0,100.0
FinanceBench,hybrid_pageindex_chunk_rerank_linq_embed_mistral_top_m_7_query_results.jsonl,Hybrid PageIndex,Linq-Embed-Mistral,chunk_rerank,7.0,LOCKHEEDMARTIN_2021_10K,1,1.0,1.0,1.0,1.0,0.001,0.001,0.001,0.0,0.0,0.0,0.0,0.0,0.0,0.0,0.0,0.0,1,100.0,100.0,100.0,100.0
FinanceBench,hybrid_pageindex_chunk_rerank_linq_embed_mistral_top_m_7_query_results.jsonl,Hybrid PageIndex,Linq-Embed-Mistral,chunk_rerank,7.0,LOCKHEEDMARTIN_2022_10K,1,0.0,0.0,0.0,0.0,0.001,0.001,0.001,0.0,0.0,0.0,0.0,0.0,0.0,0.0,0.0,0.0,1,0.0,0.0,0.0,0.0
FinanceBench,hybrid_pageindex_chunk_rerank_linq_embed_mistral_top_m_7_query_results.jsonl,Hybrid PageIndex,Linq-Embed-Mistral,chunk_rerank,7.0,MGMRESORTS_2018_10K,1,1.0,1.0,1.0,1.0,0.0,0.0,0.0,0.0,0.0,0.0,0.0,0.0,0.0,0.0,0.0,0.0,1,100.0,100.0,100.0,100.0
FinanceBench,hybrid_pageindex_chunk_rerank_linq_embed_mistral_top_m_7_query_results.jsonl,Hybrid PageIndex,Linq-Embed-Mistral,chunk_rerank,7.0,MGMRESORTS_2022Q4_EARNINGS,2,0.0,0.0,0.0,1.0,0.0,0.0,0.0,0.0,0.0,0.0,0.0,0.0,0.0,0.0,0.0,0.0,2,0.0,0.0,0.0,100.0
FinanceBench,hybrid_pageindex_chunk_rerank_linq_embed_mistral_top_m_7_query_results.jsonl,Hybrid PageIndex,Linq-Embed-Mistral,chunk_rerank,7.0,MGMRESORTS_2022_10K,1,0.0,0.0,0.0,0.0,0.0,0.0,0.0,0.0,0.0,0.0,0.0,0.0,0.0,0.0,0.0,0.0,1,0.0,0.0,0.0,0.0
FinanceBench,hybrid_pageindex_chunk_rerank_linq_embed_mistral_top_m_7_query_results.jsonl,Hybrid PageIndex,Linq-Embed-Mistral,chunk_rerank,7.0,MGMRESORTS_2023Q2_10Q,1,0.0,1.0,0.5,1.0,0.0,0.0,0.0,0.0,0.0,0.0,0.0,0.0,0.0,0.0,0.0,0.0,1,0.0,100.0,50.0,100.0
FinanceBench,hybrid_pageindex_chunk_rerank_linq_embed_mistral_top_m_7_query_results.jsonl,Hybrid PageIndex,Linq-Embed-Mistral,chunk_rerank,7.0,MICROSOFT_2016_10K,1,0.0,0.0,0.0,1.0,0.0,0.0,0.0,0.0,0.0,0.0,0.0,0.0,0.0,0.0,0.0,0.0,1,0.0,0.0,0.0,100.0
FinanceBench,hybrid_pageindex_chunk_rerank_linq_embed_mistral_top_m_7_query_results.jsonl,Hybrid PageIndex,Linq-Embed-Mistral,chunk_rerank,7.0,MICROSOFT_2023_10K,1,1.0,1.0,1.0,1.0,0.0,0.0,0.0,0.0,0.0,0.0,0.0,0.0,0.0,0.0,0.0,0.0,1,100.0,100.0,100.0,100.0
FinanceBench,hybrid_pageindex_chunk_rerank_linq_embed_mistral_top_m_7_query_results.jsonl,Hybrid PageIndex,Linq-Embed-Mistral,chunk_rerank,7.0,NETFLIX_2017_10K,1,0.0,1.0,0.2,1.0,0.001,0.001,0.001,0.0,0.0,0.0,0.0,0.0,0.0,0.0,0.0,0.0,1,0.0,100.0,20.0,100.0
FinanceBench,hybrid_pageindex_chunk_rerank_linq_embed_mistral_top_m_7_query_results.jsonl,Hybrid PageIndex,Linq-Embed-Mistral,chunk_rerank,7.0,NIKE_2018_10K,1,0.0,0.0,0.0,1.0,0.001,0.001,0.001,0.0,0.0,0.0,0.0,0.0,0.0,0.0,0.0,0.0,1,0.0,0.0,0.0,100.0
FinanceBench,hybrid_pageindex_chunk_rerank_linq_embed_mistral_top_m_7_query_results.jsonl,Hybrid PageIndex,Linq-Embed-Mistral,chunk_rerank,7.0,NIKE_2019_10K,1,0.0,1.0,0.3333333333333333,1.0,0.0,0.0,0.0,0.0,0.0,0.0,0.0,0.0,0.0,0.0,0.0,0.0,1,0.0,100.0,33.33333333333333,100.0
FinanceBench,hybrid_pageindex_chunk_rerank_linq_embed_mistral_top_m_7_query_results.jsonl,Hybrid PageIndex,Linq-Embed-Mistral,chunk_rerank,7.0,NIKE_2023_10K,1,0.0,1.0,0.5,1.0,0.001,0.001,0.001,0.0,0.0,0.0,0.0,0.0,0.0,0.0,0.0,0.0,1,0.0,100.0,50.0,100.0
FinanceBench,hybrid_pageindex_chunk_rerank_linq_embed_mistral_top_m_7_query_results.jsonl,Hybrid PageIndex,Linq-Embed-Mistral,chunk_rerank,7.0,PAYPAL_2022_10K,1,0.0,0.0,0.0,1.0,0.0,0.0,0.0,0.0,0.0,0.0,0.0,0.0,0.0,0.0,0.0,0.0,1,0.0,0.0,0.0,100.0
FinanceBench,hybrid_pageindex_chunk_rerank_linq_embed_mistral_top_m_7_query_results.jsonl,Hybrid PageIndex,Linq-Embed-Mistral,chunk_rerank,7.0,PEPSICO_2021_10K,1,0.0,0.0,0.0,1.0,0.001,0.001,0.001,0.0,0.0,0.0,0.0,0.0,0.0,0.0,0.0,0.0,1,0.0,0.0,0.0,100.0
FinanceBench,hybrid_pageindex_chunk_rerank_linq_embed_mistral_top_m_7_query_results.jsonl,Hybrid PageIndex,Linq-Embed-Mistral,chunk_rerank,7.0,PEPSICO_2022_10K,2,0.0,0.0,0.0,0.0,0.0005,0.0005,0.0005,0.0,0.0,0.0,0.0,0.0,0.0,0.0,0.0,0.0,2,0.0,0.0,0.0,0.0
FinanceBench,hybrid_pageindex_chunk_rerank_linq_embed_mistral_top_m_7_query_results.jsonl,Hybrid PageIndex,Linq-Embed-Mistral,chunk_rerank,7.0,PEPSICO_2023Q1_EARNINGS,2,1.0,1.0,1.0,1.0,0.0,0.0,0.0,0.0,0.0,0.0,0.0,0.0,0.0,0.0,0.0,0.0,2,100.0,100.0,100.0,100.0
FinanceBench,hybrid_pageindex_chunk_rerank_linq_embed_mistral_top_m_7_query_results.jsonl,Hybrid PageIndex,Linq-Embed-Mistral,chunk_rerank,7.0,PEPSICO_2023_8K_dated-2023-05-05,1,1.0,1.0,1.0,1.0,0.0,0.0,0.0,0.0,0.0,0.0,0.0,0.0,0.0,0.0,0.0,0.0,1,100.0,100.0,100.0,100.0
FinanceBench,hybrid_pageindex_chunk_rerank_linq_embed_mistral_top_m_7_query_results.jsonl,Hybrid PageIndex,Linq-Embed-Mistral,chunk_rerank,7.0,PEPSICO_2023_8K_dated-2023-05-30,2,1.0,1.0,1.0,1.0,0.001,0.001,0.001,0.0,0.0,0.0,0.0,0.0,0.0,0.0,0.0,0.0,2,100.0,100.0,100.0,100.0
FinanceBench,hybrid_pageindex_chunk_rerank_linq_embed_mistral_top_m_7_query_results.jsonl,Hybrid PageIndex,Linq-Embed-Mistral,chunk_rerank,7.0,PFIZER_2021_10K,2,0.0,0.0,0.0,1.0,0.001,0.001,0.001,0.0,0.0,0.0,0.0,0.0,0.0,0.0,0.0,0.0,2,0.0,0.0,0.0,100.0
FinanceBench,hybrid_pageindex_chunk_rerank_linq_embed_mistral_top_m_7_query_results.jsonl,Hybrid PageIndex,Linq-Embed-Mistral,chunk_rerank,7.0,ULTABEAUTY_2023Q4_EARNINGS,4,0.0,0.5,0.14583333333333331,0.5,0.0,0.0,0.0,0.0,0.0,0.0,0.0,0.0,0.0,0.0,0.0,0.0,4,0.0,50.0,14.583333333333332,50.0
FinanceBench,hybrid_pageindex_chunk_rerank_linq_embed_mistral_top_m_7_query_results.jsonl,Hybrid PageIndex,Linq-Embed-Mistral,chunk_rerank,7.0,ULTABEAUTY_2023_10K,2,0.0,0.5,0.1,1.0,0.001,0.001,0.001,0.0,0.0,0.0,0.0,0.0,0.0,0.0,0.0,0.0,2,0.0,50.0,10.0,100.0
FinanceBench,hybrid_pageindex_chunk_rerank_linq_embed_mistral_top_m_7_query_results.jsonl,Hybrid PageIndex,Linq-Embed-Mistral,chunk_rerank,7.0,VERIZON_2021_10K,1,0.0,0.0,0.0,1.0,0.0,0.0,0.0,0.0,0.0,0.0,0.0,0.0,0.0,0.0,0.0,0.0,1,0.0,0.0,0.0,100.0
FinanceBench,hybrid_pageindex_chunk_rerank_linq_embed_mistral_top_m_7_query_results.jsonl,Hybrid PageIndex,Linq-Embed-Mistral,chunk_rerank,7.0,VERIZON_2022_10K,2,0.0,0.0,0.0,1.0,0.0,0.0,0.0,0.0,0.0,0.0,0.0,0.0,0.0,0.0,0.0,0.0,2,0.0,0.0,0.0,100.0
FinanceBench,hybrid_pageindex_chunk_rerank_linq_embed_mistral_top_m_7_query_results.jsonl,Hybrid PageIndex,Linq-Embed-Mistral,chunk_rerank,7.0,WALMART_2019_10K,1,0.0,1.0,0.2,1.0,0.0,0.0,0.0,0.0,0.0,0.0,0.0,0.0,0.0,0.0,0.0,0.0,1,0.0,100.0,20.0,100.0
FinanceBench,hybrid_pageindex_harrier_oss_v1_0_6b_top_m_10_query_results.jsonl,Hybrid PageIndex,Harrier,node,10.0,3M_2018_10K,2,0.0,0.5,0.125,1.0,0.0005,0.0005,0.0005,0.0,0.0,0.0,0.0,0.0,0.0,0.0,0.0,0.0,2,0.0,50.0,12.5,100.0
FinanceBench,hybrid_pageindex_harrier_oss_v1_0_6b_top_m_10_query_results.jsonl,Hybrid PageIndex,Harrier,node,10.0,3M_2022_10K,2,0.5,1.0,0.75,1.0,0.0,0.0,0.0,0.0,0.0,0.0,0.0,0.0,0.0,0.0,0.0,0.0,2,50.0,100.0,75.0,100.0
FinanceBench,hybrid_pageindex_harrier_oss_v1_0_6b_top_m_10_query_results.jsonl,Hybrid PageIndex,Harrier,node,10.0,3M_2023Q2_10Q,3,0.3333333333333333,0.3333333333333333,0.3333333333333333,0.6666666666666666,0.0,0.0,0.0,0.0,0.0,0.0,0.0,0.0,0.0,0.0,0.0,0.0,3,33.33333333333333,33.33333333333333,33.33333333333333,66.66666666666666
FinanceBench,hybrid_pageindex_harrier_oss_v1_0_6b_top_m_10_query_results.jsonl,Hybrid PageIndex,Harrier,node,10.0,ADOBE_2016_10K,1,0.0,0.0,0.0,1.0,0.0,0.0,0.0,0.0,0.0,0.0,0.0,0.0,0.0,0.0,0.0,0.0,1,0.0,0.0,0.0,100.0
FinanceBench,hybrid_pageindex_harrier_oss_v1_0_6b_top_m_10_query_results.jsonl,Hybrid PageIndex,Harrier,node,10.0,ADOBE_2022_10K,2,1.0,1.0,1.0,1.0,0.0,0.0,0.0,0.0,0.0,0.0,0.0,0.0,0.0,0.0,0.0,0.0,2,100.0,100.0,100.0,100.0
FinanceBench,hybrid_pageindex_harrier_oss_v1_0_6b_top_m_10_query_results.jsonl,Hybrid PageIndex,Harrier,node,10.0,AES_2022_10K,1,1.0,1.0,1.0,1.0,0.0,0.0,0.0,0.0,0.0,0.0,0.0,0.0,0.0,0.0,0.0,0.0,1,100.0,100.0,100.0,100.0
FinanceBench,hybrid_pageindex_harrier_oss_v1_0_6b_top_m_10_query_results.jsonl,Hybrid PageIndex,Harrier,node,10.0,AMAZON_2017_10K,1,1.0,1.0,1.0,1.0,0.0,0.0,0.0,0.0,0.0,0.0,0.0,0.0,0.0,0.0,0.0,0.0,1,100.0,100.0,100.0,100.0
FinanceBench,hybrid_pageindex_harrier_oss_v1_0_6b_top_m_10_query_results.jsonl,Hybrid PageIndex,Harrier,node,10.0,AMAZON_2019_10K,1,1.0,1.0,1.0,1.0,0.0,0.0,0.0,0.0,0.0,0.0,0.0,0.0,0.0,0.0,0.0,0.0,1,100.0,100.0,100.0,100.0
FinanceBench,hybrid_pageindex_harrier_oss_v1_0_6b_top_m_10_query_results.jsonl,Hybrid PageIndex,Harrier,node,10.0,AMCOR_2020_10K,1,0.0,0.0,0.0,0.0,0.0,0.0,0.0,0.0,0.0,0.0,0.0,0.0,0.0,0.0,0.0,0.0,1,0.0,0.0,0.0,0.0
FinanceBench,hybrid_pageindex_harrier_oss_v1_0_6b_top_m_10_query_results.jsonl,Hybrid PageIndex,Harrier,node,10.0,AMCOR_2022_8K_dated-2022-07-01,1,0.0,0.0,0.0,1.0,0.0,0.0,0.0,0.0,0.0,0.0,0.0,0.0,0.0,0.0,0.0,0.0,1,0.0,0.0,0.0,100.0
FinanceBench,hybrid_pageindex_harrier_oss_v1_0_6b_top_m_10_query_results.jsonl,Hybrid PageIndex,Harrier,node,10.0,AMCOR_2023Q2_10Q,1,0.0,0.0,0.0,0.0,0.0,0.0,0.0,0.0,0.0,0.0,0.0,0.0,0.0,0.0,0.0,0.0,1,0.0,0.0,0.0,0.0
FinanceBench,hybrid_pageindex_harrier_oss_v1_0_6b_top_m_10_query_results.jsonl,Hybrid PageIndex,Harrier,node,10.0,AMCOR_2023Q4_EARNINGS,2,0.5,0.5,0.5,0.5,0.0,0.0,0.0,0.0,0.0,0.0,0.0,0.0,0.0,0.0,0.0,0.0,2,50.0,50.0,50.0,50.0
FinanceBench,hybrid_pageindex_harrier_oss_v1_0_6b_top_m_10_query_results.jsonl,Hybrid PageIndex,Harrier,node,10.0,AMCOR_2023_10K,4,0.0,0.0,0.0,0.5,0.0,0.0,0.0,0.0,0.0,0.0,0.0,0.0,0.0,0.0,0.0,0.0,4,0.0,0.0,0.0,50.0
FinanceBench,hybrid_pageindex_harrier_oss_v1_0_6b_top_m_10_query_results.jsonl,Hybrid PageIndex,Harrier,node,10.0,AMD_2022_10K,7,0.14285714285714285,0.8571428571428571,0.41666666666666663,1.0,0.0,0.0,0.0,0.0,0.0,0.0,0.0,0.0,0.0,0.0,0.0,0.0,7,14.285714285714285,85.71428571428571,41.666666666666664,100.0
FinanceBench,hybrid_pageindex_harrier_oss_v1_0_6b_top_m_10_query_results.jsonl,Hybrid PageIndex,Harrier,node,10.0,AMERICANEXPRESS_2022_10K,7,0.14285714285714285,0.42857142857142855,0.24285714285714285,1.0,0.0,0.0,0.0,0.0,0.0,0.0,0.0,0.0,0.0,0.0,0.0,0.0,7,14.285714285714285,42.857142857142854,24.285714285714285,100.0
FinanceBench,hybrid_pageindex_harrier_oss_v1_0_6b_top_m_10_query_results.jsonl,Hybrid PageIndex,Harrier,node,10.0,AMERICANWATERWORKS_2020_10K,1,0.0,0.0,0.0,1.0,0.0,0.0,0.0,0.0,0.0,0.0,0.0,0.0,0.0,0.0,0.0,0.0,1,0.0,0.0,0.0,100.0
FinanceBench,hybrid_pageindex_harrier_oss_v1_0_6b_top_m_10_query_results.jsonl,Hybrid PageIndex,Harrier,node,10.0,BESTBUY_2017_10K,1,0.0,0.0,0.0,0.0,0.0,0.0,0.0,0.0,0.0,0.0,0.0,0.0,0.0,0.0,0.0,0.0,1,0.0,0.0,0.0,0.0
FinanceBench,hybrid_pageindex_harrier_oss_v1_0_6b_top_m_10_query_results.jsonl,Hybrid PageIndex,Harrier,node,10.0,BESTBUY_2019_10K,1,0.0,0.0,0.0,0.0,0.0,0.0,0.0,0.0,0.0,0.0,0.0,0.0,0.0,0.0,0.0,0.0,1,0.0,0.0,0.0,0.0
FinanceBench,hybrid_pageindex_harrier_oss_v1_0_6b_top_m_10_query_results.jsonl,Hybrid PageIndex,Harrier,node,10.0,BESTBUY_2023_10K,3,0.0,0.6666666666666666,0.2333333333333333,0.6666666666666666,0.0,0.0,0.0,0.0,0.0,0.0,0.0,0.0,0.0,0.0,0.0,0.0,3,0.0,66.66666666666666,23.333333333333332,66.66666666666666
FinanceBench,hybrid_pageindex_harrier_oss_v1_0_6b_top_m_10_query_results.jsonl,Hybrid PageIndex,Harrier,node,10.0,BESTBUY_2024Q2_10Q,3,0.3333333333333333,0.6666666666666666,0.4444444444444444,0.6666666666666666,0.0,0.0,0.0,0.0,0.0,0.0,0.0,0.0,0.0,0.0,0.0,0.0,3,33.33333333333333,66.66666666666666,44.44444444444444,66.66666666666666
FinanceBench,hybrid_pageindex_harrier_oss_v1_0_6b_top_m_10_query_results.jsonl,Hybrid PageIndex,Harrier,node,10.0,BLOCK_2016_10K,1,0.0,0.0,0.0,1.0,0.001,0.001,0.001,0.0,0.0,0.0,0.0,0.0,0.0,0.0,0.0,0.0,1,0.0,0.0,0.0,100.0
FinanceBench,hybrid_pageindex_harrier_oss_v1_0_6b_top_m_10_query_results.jsonl,Hybrid PageIndex,Harrier,node,10.0,BLOCK_2020_10K,2,0.0,0.0,0.0,1.0,0.001,0.001,0.001,0.0,0.0,0.0,0.0,0.0,0.0,0.0,0.0,0.0,2,0.0,0.0,0.0,100.0
FinanceBench,hybrid_pageindex_harrier_oss_v1_0_6b_top_m_10_query_results.jsonl,Hybrid PageIndex,Harrier,node,10.0,BOEING_2018_10K,1,1.0,1.0,1.0,1.0,0.0,0.0,0.0,0.0,0.0,0.0,0.0,0.0,0.0,0.0,0.0,0.0,1,100.0,100.0,100.0,100.0
FinanceBench,hybrid_pageindex_harrier_oss_v1_0_6b_top_m_10_query_results.jsonl,Hybrid PageIndex,Harrier,node,10.0,BOEING_2022_10K,6,0.3333333333333333,0.8333333333333334,0.48333333333333334,1.0,0.0003333333333333333,0.0003333333333333333,0.0003333333333333333,0.0,0.0,0.0,0.0,0.0,0.0,0.0,0.0,0.0,6,33.33333333333333,83.33333333333334,48.333333333333336,100.0
FinanceBench,hybrid_pageindex_harrier_oss_v1_0_6b_top_m_10_query_results.jsonl,Hybrid PageIndex,Harrier,node,10.0,COCACOLA_2021_10K,1,1.0,1.0,1.0,1.0,0.001,0.001,0.001,0.0,0.0,0.0,0.0,0.0,0.0,0.0,0.0,0.0,1,100.0,100.0,100.0,100.0
FinanceBench,hybrid_pageindex_harrier_oss_v1_0_6b_top_m_10_query_results.jsonl,Hybrid PageIndex,Harrier,node,10.0,CORNING_2021_10K,1,0.0,0.0,0.0,1.0,0.0,0.0,0.0,0.0,0.0,0.0,0.0,0.0,0.0,0.0,0.0,0.0,1,0.0,0.0,0.0,100.0
FinanceBench,hybrid_pageindex_harrier_oss_v1_0_6b_top_m_10_query_results.jsonl,Hybrid PageIndex,Harrier,node,10.0,CORNING_2022_10K,2,0.0,0.0,0.0,1.0,0.0,0.0,0.0,0.0,0.0,0.0,0.0,0.0,0.0,0.0,0.0,0.0,2,0.0,0.0,0.0,100.0
FinanceBench,hybrid_pageindex_harrier_oss_v1_0_6b_top_m_10_query_results.jsonl,Hybrid PageIndex,Harrier,node,10.0,COSTCO_2021_10K,1,1.0,1.0,1.0,1.0,0.0,0.0,0.0,0.0,0.0,0.0,0.0,0.0,0.0,0.0,0.0,0.0,1,100.0,100.0,100.0,100.0
FinanceBench,hybrid_pageindex_harrier_oss_v1_0_6b_top_m_10_query_results.jsonl,Hybrid PageIndex,Harrier,node,10.0,CVSHEALTH_2022_10K,1,0.0,1.0,0.3333333333333333,1.0,0.001,0.001,0.001,0.0,0.0,0.0,0.0,0.0,0.0,0.0,0.0,0.0,1,0.0,100.0,33.33333333333333,100.0
FinanceBench,hybrid_pageindex_harrier_oss_v1_0_6b_top_m_10_query_results.jsonl,Hybrid PageIndex,Harrier,node,10.0,FOOTLOCKER_2022_8K_dated-2022-05-20,1,0.0,0.0,0.0,0.0,0.0,0.0,0.0,0.0,0.0,0.0,0.0,0.0,0.0,0.0,0.0,0.0,1,0.0,0.0,0.0,0.0
FinanceBench,hybrid_pageindex_harrier_oss_v1_0_6b_top_m_10_query_results.jsonl,Hybrid PageIndex,Harrier,node,10.0,FOOTLOCKER_2022_8K_dated_2022-08-19,1,0.0,1.0,0.5,1.0,0.001,0.001,0.001,0.0,0.0,0.0,0.0,0.0,0.0,0.0,0.0,0.0,1,0.0,100.0,50.0,100.0
FinanceBench,hybrid_pageindex_harrier_oss_v1_0_6b_top_m_10_query_results.jsonl,Hybrid PageIndex,Harrier,node,10.0,GENERALMILLS_2020_10K,2,0.5,0.5,0.5,1.0,0.0,0.0,0.0,0.0,0.0,0.0,0.0,0.0,0.0,0.0,0.0,0.0,2,50.0,50.0,50.0,100.0
FinanceBench,hybrid_pageindex_harrier_oss_v1_0_6b_top_m_10_query_results.jsonl,Hybrid PageIndex,Harrier,node,10.0,JOHNSON_JOHNSON_2022Q4_EARNINGS,1,0.0,0.0,0.0,0.0,0.0,0.0,0.0,0.0,0.0,0.0,0.0,0.0,0.0,0.0,0.0,0.0,1,0.0,0.0,0.0,0.0
FinanceBench,hybrid_pageindex_harrier_oss_v1_0_6b_top_m_10_query_results.jsonl,Hybrid PageIndex,Harrier,node,10.0,JOHNSON_JOHNSON_2022_10K,2,1.0,1.0,1.0,1.0,0.0005,0.0005,0.0005,0.0,0.0,0.0,0.0,0.0,0.0,0.0,0.0,0.0,2,100.0,100.0,100.0,100.0
FinanceBench,hybrid_pageindex_harrier_oss_v1_0_6b_top_m_10_query_results.jsonl,Hybrid PageIndex,Harrier,node,10.0,JOHNSON_JOHNSON_2023Q2_EARNINGS,1,0.0,1.0,0.3333333333333333,1.0,0.0,0.0,0.0,0.0,0.0,0.0,0.0,0.0,0.0,0.0,0.0,0.0,1,0.0,100.0,33.33333333333333,100.0
FinanceBench,hybrid_pageindex_harrier_oss_v1_0_6b_top_m_10_query_results.jsonl,Hybrid PageIndex,Harrier,node,10.0,JOHNSON_JOHNSON_2023_8K_dated-2023-08-30,3,0.0,0.6666666666666666,0.13333333333333333,1.0,0.0,0.0,0.0,0.0,0.0,0.0,0.0,0.0,0.0,0.0,0.0,0.0,3,0.0,66.66666666666666,13.333333333333334,100.0
FinanceBench,hybrid_pageindex_harrier_oss_v1_0_6b_top_m_10_query_results.jsonl,Hybrid PageIndex,Harrier,node,10.0,JPMORGAN_2021Q1_10Q,2,0.0,0.0,0.0,1.0,0.0,0.0,0.0,0.0,0.0,0.0,0.0,0.0,0.0,0.0,0.0,0.0,2,0.0,0.0,0.0,100.0
FinanceBench,hybrid_pageindex_harrier_oss_v1_0_6b_top_m_10_query_results.jsonl,Hybrid PageIndex,Harrier,node,10.0,JPMORGAN_2022Q2_10Q,1,0.0,0.0,0.0,0.0,0.0,0.0,0.0,0.0,0.0,0.0,0.0,0.0,0.0,0.0,0.0,0.0,1,0.0,0.0,0.0,0.0
FinanceBench,hybrid_pageindex_harrier_oss_v1_0_6b_top_m_10_query_results.jsonl,Hybrid PageIndex,Harrier,node,10.0,JPMORGAN_2022_10K,1,0.0,0.0,0.0,0.0,0.0,0.0,0.0,0.0,0.0,0.0,0.0,0.0,0.0,0.0,0.0,0.0,1,0.0,0.0,0.0,0.0
FinanceBench,hybrid_pageindex_harrier_oss_v1_0_6b_top_m_10_query_results.jsonl,Hybrid PageIndex,Harrier,node,10.0,JPMORGAN_2023Q2_10Q,1,0.0,0.0,0.0,1.0,0.0,0.0,0.0,0.0,0.0,0.0,0.0,0.0,0.0,0.0,0.0,0.0,1,0.0,0.0,0.0,100.0
FinanceBench,hybrid_pageindex_harrier_oss_v1_0_6b_top_m_10_query_results.jsonl,Hybrid PageIndex,Harrier,node,10.0,LOCKHEEDMARTIN_2021_10K,1,0.0,0.0,0.0,0.0,0.0,0.0,0.0,0.0,0.0,0.0,0.0,0.0,0.0,0.0,0.0,0.0,1,0.0,0.0,0.0,0.0
FinanceBench,hybrid_pageindex_harrier_oss_v1_0_6b_top_m_10_query_results.jsonl,Hybrid PageIndex,Harrier,node,10.0,LOCKHEEDMARTIN_2022_10K,1,0.0,0.0,0.0,1.0,0.001,0.001,0.001,0.0,0.0,0.0,0.0,0.0,0.0,0.0,0.0,0.0,1,0.0,0.0,0.0,100.0
FinanceBench,hybrid_pageindex_harrier_oss_v1_0_6b_top_m_10_query_results.jsonl,Hybrid PageIndex,Harrier,node,10.0,MGMRESORTS_2018_10K,1,0.0,1.0,0.5,1.0,0.0,0.0,0.0,0.0,0.0,0.0,0.0,0.0,0.0,0.0,0.0,0.0,1,0.0,100.0,50.0,100.0
FinanceBench,hybrid_pageindex_harrier_oss_v1_0_6b_top_m_10_query_results.jsonl,Hybrid PageIndex,Harrier,node,10.0,MGMRESORTS_2022Q4_EARNINGS,2,0.0,0.0,0.0,1.0,0.0,0.0,0.0,0.0,0.0,0.0,0.0,0.0,0.0,0.0,0.0,0.0,2,0.0,0.0,0.0,100.0
FinanceBench,hybrid_pageindex_harrier_oss_v1_0_6b_top_m_10_query_results.jsonl,Hybrid PageIndex,Harrier,node,10.0,MGMRESORTS_2022_10K,1,0.0,0.0,0.0,0.0,0.0,0.0,0.0,0.0,0.0,0.0,0.0,0.0,0.0,0.0,0.0,0.0,1,0.0,0.0,0.0,0.0
FinanceBench,hybrid_pageindex_harrier_oss_v1_0_6b_top_m_10_query_results.jsonl,Hybrid PageIndex,Harrier,node,10.0,MGMRESORTS_2023Q2_10Q,1,0.0,0.0,0.0,1.0,0.0,0.0,0.0,0.0,0.0,0.0,0.0,0.0,0.0,0.0,0.0,0.0,1,0.0,0.0,0.0,100.0
FinanceBench,hybrid_pageindex_harrier_oss_v1_0_6b_top_m_10_query_results.jsonl,Hybrid PageIndex,Harrier,node,10.0,MICROSOFT_2016_10K,1,0.0,0.0,0.0,0.0,0.0,0.0,0.0,0.0,0.0,0.0,0.0,0.0,0.0,0.0,0.0,0.0,1,0.0,0.0,0.0,0.0
FinanceBench,hybrid_pageindex_harrier_oss_v1_0_6b_top_m_10_query_results.jsonl,Hybrid PageIndex,Harrier,node,10.0,MICROSOFT_2023_10K,1,1.0,1.0,1.0,1.0,0.0,0.0,0.0,0.0,0.0,0.0,0.0,0.0,0.0,0.0,0.0,0.0,1,100.0,100.0,100.0,100.0
FinanceBench,hybrid_pageindex_harrier_oss_v1_0_6b_top_m_10_query_results.jsonl,Hybrid PageIndex,Harrier,node,10.0,NETFLIX_2017_10K,1,1.0,1.0,1.0,1.0,0.0,0.0,0.0,0.0,0.0,0.0,0.0,0.0,0.0,0.0,0.0,0.0,1,100.0,100.0,100.0,100.0
FinanceBench,hybrid_pageindex_harrier_oss_v1_0_6b_top_m_10_query_results.jsonl,Hybrid PageIndex,Harrier,node,10.0,NIKE_2018_10K,1,0.0,0.0,0.0,1.0,0.0,0.0,0.0,0.0,0.0,0.0,0.0,0.0,0.0,0.0,0.0,0.0,1,0.0,0.0,0.0,100.0
FinanceBench,hybrid_pageindex_harrier_oss_v1_0_6b_top_m_10_query_results.jsonl,Hybrid PageIndex,Harrier,node,10.0,NIKE_2019_10K,1,0.0,0.0,0.0,0.0,0.0,0.0,0.0,0.0,0.0,0.0,0.0,0.0,0.0,0.0,0.0,0.0,1,0.0,0.0,0.0,0.0
FinanceBench,hybrid_pageindex_harrier_oss_v1_0_6b_top_m_10_query_results.jsonl,Hybrid PageIndex,Harrier,node,10.0,NIKE_2023_10K,1,0.0,1.0,0.25,1.0,0.0,0.0,0.0,0.0,0.0,0.0,0.0,0.0,0.0,0.0,0.0,0.0,1,0.0,100.0,25.0,100.0
FinanceBench,hybrid_pageindex_harrier_oss_v1_0_6b_top_m_10_query_results.jsonl,Hybrid PageIndex,Harrier,node,10.0,PAYPAL_2022_10K,1,0.0,0.0,0.0,1.0,0.0,0.0,0.0,0.0,0.0,0.0,0.0,0.0,0.0,0.0,0.0,0.0,1,0.0,0.0,0.0,100.0
FinanceBench,hybrid_pageindex_harrier_oss_v1_0_6b_top_m_10_query_results.jsonl,Hybrid PageIndex,Harrier,node,10.0,PEPSICO_2021_10K,1,0.0,0.0,0.0,1.0,0.001,0.001,0.001,0.0,0.0,0.0,0.0,0.0,0.0,0.0,0.0,0.0,1,0.0,0.0,0.0,100.0
FinanceBench,hybrid_pageindex_harrier_oss_v1_0_6b_top_m_10_query_results.jsonl,Hybrid PageIndex,Harrier,node,10.0,PEPSICO_2022_10K,2,0.0,0.0,0.0,0.0,0.0,0.0,0.0,0.0,0.0,0.0,0.0,0.0,0.0,0.0,0.0,0.0,2,0.0,0.0,0.0,0.0
FinanceBench,hybrid_pageindex_harrier_oss_v1_0_6b_top_m_10_query_results.jsonl,Hybrid PageIndex,Harrier,node,10.0,PEPSICO_2023Q1_EARNINGS,2,0.0,1.0,0.3333333333333333,1.0,0.0,0.0,0.0,0.0,0.0,0.0,0.0,0.0,0.0,0.0,0.0,0.0,2,0.0,100.0,33.33333333333333,100.0
FinanceBench,hybrid_pageindex_harrier_oss_v1_0_6b_top_m_10_query_results.jsonl,Hybrid PageIndex,Harrier,node,10.0,PEPSICO_2023_8K_dated-2023-05-05,1,1.0,1.0,1.0,1.0,0.0,0.0,0.0,0.0,0.0,0.0,0.0,0.0,0.0,0.0,0.0,0.0,1,100.0,100.0,100.0,100.0
FinanceBench,hybrid_pageindex_harrier_oss_v1_0_6b_top_m_10_query_results.jsonl,Hybrid PageIndex,Harrier,node,10.0,PEPSICO_2023_8K_dated-2023-05-30,2,1.0,1.0,1.0,1.0,0.0005,0.0005,0.0005,0.0,0.0,0.0,0.0,0.0,0.0,0.0,0.0,0.0,2,100.0,100.0,100.0,100.0
FinanceBench,hybrid_pageindex_harrier_oss_v1_0_6b_top_m_10_query_results.jsonl,Hybrid PageIndex,Harrier,node,10.0,PFIZER_2021_10K,2,0.0,0.0,0.0,1.0,0.0,0.0,0.0,0.0,0.0,0.0,0.0,0.0,0.0,0.0,0.0,0.0,2,0.0,0.0,0.0,100.0
FinanceBench,hybrid_pageindex_harrier_oss_v1_0_6b_top_m_10_query_results.jsonl,Hybrid PageIndex,Harrier,node,10.0,ULTABEAUTY_2023Q4_EARNINGS,4,0.0,0.25,0.05,0.5,0.0,0.0,0.0,0.0,0.0,0.0,0.0,0.0,0.0,0.0,0.0,0.0,4,0.0,25.0,5.0,50.0
FinanceBench,hybrid_pageindex_harrier_oss_v1_0_6b_top_m_10_query_results.jsonl,Hybrid PageIndex,Harrier,node,10.0,ULTABEAUTY_2023_10K,2,0.0,0.5,0.25,1.0,0.0,0.0,0.0,0.0,0.0,0.0,0.0,0.0,0.0,0.0,0.0,0.0,2,0.0,50.0,25.0,100.0
FinanceBench,hybrid_pageindex_harrier_oss_v1_0_6b_top_m_10_query_results.jsonl,Hybrid PageIndex,Harrier,node,10.0,VERIZON_2021_10K,1,0.0,0.0,0.0,1.0,0.0,0.0,0.0,0.0,0.0,0.0,0.0,0.0,0.0,0.0,0.0,0.0,1,0.0,0.0,0.0,100.0
FinanceBench,hybrid_pageindex_harrier_oss_v1_0_6b_top_m_10_query_results.jsonl,Hybrid PageIndex,Harrier,node,10.0,VERIZON_2022_10K,2,0.0,0.0,0.0,1.0,0.0,0.0,0.0,0.0,0.0,0.0,0.0,0.0,0.0,0.0,0.0,0.0,2,0.0,0.0,0.0,100.0
FinanceBench,hybrid_pageindex_harrier_oss_v1_0_6b_top_m_10_query_results.jsonl,Hybrid PageIndex,Harrier,node,10.0,WALMART_2019_10K,1,1.0,1.0,1.0,1.0,0.0,0.0,0.0,0.0,0.0,0.0,0.0,0.0,0.0,0.0,0.0,0.0,1,100.0,100.0,100.0,100.0
FinanceBench,hybrid_pageindex_harrier_oss_v1_0_6b_top_m_5_query_results.jsonl,Hybrid PageIndex,Harrier,node,5.0,3M_2018_10K,2,0.0,0.5,0.125,1.0,0.0005,0.0005,0.0005,0.0,0.0,0.0,0.0,0.0,0.0,0.0,0.0,0.0,2,0.0,50.0,12.5,100.0
FinanceBench,hybrid_pageindex_harrier_oss_v1_0_6b_top_m_5_query_results.jsonl,Hybrid PageIndex,Harrier,node,5.0,3M_2022_10K,2,0.5,1.0,0.75,1.0,0.0,0.0,0.0,0.0,0.0,0.0,0.0,0.0,0.0,0.0,0.0,0.0,2,50.0,100.0,75.0,100.0
FinanceBench,hybrid_pageindex_harrier_oss_v1_0_6b_top_m_5_query_results.jsonl,Hybrid PageIndex,Harrier,node,5.0,3M_2023Q2_10Q,3,0.3333333333333333,0.3333333333333333,0.3333333333333333,0.6666666666666666,0.0,0.0,0.0,0.0,0.0,0.0,0.0,0.0,0.0,0.0,0.0,0.0,3,33.33333333333333,33.33333333333333,33.33333333333333,66.66666666666666
FinanceBench,hybrid_pageindex_harrier_oss_v1_0_6b_top_m_5_query_results.jsonl,Hybrid PageIndex,Harrier,node,5.0,ADOBE_2016_10K,1,0.0,0.0,0.0,1.0,0.0,0.0,0.0,0.0,0.0,0.0,0.0,0.0,0.0,0.0,0.0,0.0,1,0.0,0.0,0.0,100.0
FinanceBench,hybrid_pageindex_harrier_oss_v1_0_6b_top_m_5_query_results.jsonl,Hybrid PageIndex,Harrier,node,5.0,ADOBE_2022_10K,2,1.0,1.0,1.0,1.0,0.0,0.0,0.0,0.0,0.0,0.0,0.0,0.0,0.0,0.0,0.0,0.0,2,100.0,100.0,100.0,100.0
FinanceBench,hybrid_pageindex_harrier_oss_v1_0_6b_top_m_5_query_results.jsonl,Hybrid PageIndex,Harrier,node,5.0,AES_2022_10K,1,1.0,1.0,1.0,1.0,0.001,0.001,0.001,0.0,0.0,0.0,0.0,0.0,0.0,0.0,0.0,0.0,1,100.0,100.0,100.0,100.0
FinanceBench,hybrid_pageindex_harrier_oss_v1_0_6b_top_m_5_query_results.jsonl,Hybrid PageIndex,Harrier,node,5.0,AMAZON_2017_10K,1,1.0,1.0,1.0,1.0,0.0,0.0,0.0,0.0,0.0,0.0,0.0,0.0,0.0,0.0,0.0,0.0,1,100.0,100.0,100.0,100.0
FinanceBench,hybrid_pageindex_harrier_oss_v1_0_6b_top_m_5_query_results.jsonl,Hybrid PageIndex,Harrier,node,5.0,AMAZON_2019_10K,1,1.0,1.0,1.0,1.0,0.0,0.0,0.0,0.0,0.0,0.0,0.0,0.0,0.0,0.0,0.0,0.0,1,100.0,100.0,100.0,100.0
FinanceBench,hybrid_pageindex_harrier_oss_v1_0_6b_top_m_5_query_results.jsonl,Hybrid PageIndex,Harrier,node,5.0,AMCOR_2020_10K,1,0.0,0.0,0.0,0.0,0.0,0.0,0.0,0.0,0.0,0.0,0.0,0.0,0.0,0.0,0.0,0.0,1,0.0,0.0,0.0,0.0
FinanceBench,hybrid_pageindex_harrier_oss_v1_0_6b_top_m_5_query_results.jsonl,Hybrid PageIndex,Harrier,node,5.0,AMCOR_2022_8K_dated-2022-07-01,1,0.0,1.0,0.2,1.0,0.0,0.0,0.0,0.0,0.0,0.0,0.0,0.0,0.0,0.0,0.0,0.0,1,0.0,100.0,20.0,100.0
FinanceBench,hybrid_pageindex_harrier_oss_v1_0_6b_top_m_5_query_results.jsonl,Hybrid PageIndex,Harrier,node,5.0,AMCOR_2023Q2_10Q,1,0.0,0.0,0.0,0.0,0.0,0.0,0.0,0.0,0.0,0.0,0.0,0.0,0.0,0.0,0.0,0.0,1,0.0,0.0,0.0,0.0
FinanceBench,hybrid_pageindex_harrier_oss_v1_0_6b_top_m_5_query_results.jsonl,Hybrid PageIndex,Harrier,node,5.0,AMCOR_2023Q4_EARNINGS,2,0.5,0.5,0.5,0.5,0.0,0.0,0.0,0.0,0.0,0.0,0.0,0.0,0.0,0.0,0.0,0.0,2,50.0,50.0,50.0,50.0
FinanceBench,hybrid_pageindex_harrier_oss_v1_0_6b_top_m_5_query_results.jsonl,Hybrid PageIndex,Harrier,node,5.0,AMCOR_2023_10K,4,0.0,0.0,0.0,0.5,0.0,0.0,0.0,0.0,0.0,0.0,0.0,0.0,0.0,0.0,0.0,0.0,4,0.0,0.0,0.0,50.0
FinanceBench,hybrid_pageindex_harrier_oss_v1_0_6b_top_m_5_query_results.jsonl,Hybrid PageIndex,Harrier,node,5.0,AMD_2022_10K,7,0.14285714285714285,0.8571428571428571,0.41666666666666663,1.0,0.0,0.0,0.0,0.0,0.0,0.0,0.0,0.0,0.0,0.0,0.0,0.0,7,14.285714285714285,85.71428571428571,41.666666666666664,100.0
FinanceBench,hybrid_pageindex_harrier_oss_v1_0_6b_top_m_5_query_results.jsonl,Hybrid PageIndex,Harrier,node,5.0,AMERICANEXPRESS_2022_10K,7,0.14285714285714285,0.42857142857142855,0.24285714285714285,1.0,0.0,0.0,0.0,0.0,0.0,0.0,0.0,0.0,0.0,0.0,0.0,0.0,7,14.285714285714285,42.857142857142854,24.285714285714285,100.0
FinanceBench,hybrid_pageindex_harrier_oss_v1_0_6b_top_m_5_query_results.jsonl,Hybrid PageIndex,Harrier,node,5.0,AMERICANWATERWORKS_2020_10K,1,0.0,0.0,0.0,1.0,0.0,0.0,0.0,0.0,0.0,0.0,0.0,0.0,0.0,0.0,0.0,0.0,1,0.0,0.0,0.0,100.0
FinanceBench,hybrid_pageindex_harrier_oss_v1_0_6b_top_m_5_query_results.jsonl,Hybrid PageIndex,Harrier,node,5.0,BESTBUY_2017_10K,1,0.0,0.0,0.0,0.0,0.0,0.0,0.0,0.0,0.0,0.0,0.0,0.0,0.0,0.0,0.0,0.0,1,0.0,0.0,0.0,0.0
FinanceBench,hybrid_pageindex_harrier_oss_v1_0_6b_top_m_5_query_results.jsonl,Hybrid PageIndex,Harrier,node,5.0,BESTBUY_2019_10K,1,0.0,0.0,0.0,0.0,0.0,0.0,0.0,0.0,0.0,0.0,0.0,0.0,0.0,0.0,0.0,0.0,1,0.0,0.0,0.0,0.0
FinanceBench,hybrid_pageindex_harrier_oss_v1_0_6b_top_m_5_query_results.jsonl,Hybrid PageIndex,Harrier,node,5.0,BESTBUY_2023_10K,3,0.0,0.6666666666666666,0.2333333333333333,0.6666666666666666,0.0,0.0,0.0,0.0,0.0,0.0,0.0,0.0,0.0,0.0,0.0,0.0,3,0.0,66.66666666666666,23.333333333333332,66.66666666666666
FinanceBench,hybrid_pageindex_harrier_oss_v1_0_6b_top_m_5_query_results.jsonl,Hybrid PageIndex,Harrier,node,5.0,BESTBUY_2024Q2_10Q,3,0.3333333333333333,0.6666666666666666,0.4444444444444444,0.6666666666666666,0.0,0.0,0.0,0.0,0.0,0.0,0.0,0.0,0.0,0.0,0.0,0.0,3,33.33333333333333,66.66666666666666,44.44444444444444,66.66666666666666
FinanceBench,hybrid_pageindex_harrier_oss_v1_0_6b_top_m_5_query_results.jsonl,Hybrid PageIndex,Harrier,node,5.0,BLOCK_2016_10K,1,0.0,0.0,0.0,1.0,0.0,0.0,0.0,0.0,0.0,0.0,0.0,0.0,0.0,0.0,0.0,0.0,1,0.0,0.0,0.0,100.0
FinanceBench,hybrid_pageindex_harrier_oss_v1_0_6b_top_m_5_query_results.jsonl,Hybrid PageIndex,Harrier,node,5.0,BLOCK_2020_10K,2,0.0,0.0,0.0,1.0,0.0,0.0,0.0,0.0,0.0,0.0,0.0,0.0,0.0,0.0,0.0,0.0,2,0.0,0.0,0.0,100.0
FinanceBench,hybrid_pageindex_harrier_oss_v1_0_6b_top_m_5_query_results.jsonl,Hybrid PageIndex,Harrier,node,5.0,BOEING_2018_10K,1,1.0,1.0,1.0,1.0,0.0,0.0,0.0,0.0,0.0,0.0,0.0,0.0,0.0,0.0,0.0,0.0,1,100.0,100.0,100.0,100.0
FinanceBench,hybrid_pageindex_harrier_oss_v1_0_6b_top_m_5_query_results.jsonl,Hybrid PageIndex,Harrier,node,5.0,BOEING_2022_10K,6,0.16666666666666666,0.6666666666666666,0.31666666666666665,1.0,0.0,0.0,0.0,0.0,0.0,0.0,0.0,0.0,0.0,0.0,0.0,0.0,6,16.666666666666664,66.66666666666666,31.666666666666664,100.0
FinanceBench,hybrid_pageindex_harrier_oss_v1_0_6b_top_m_5_query_results.jsonl,Hybrid PageIndex,Harrier,node,5.0,COCACOLA_2021_10K,1,1.0,1.0,1.0,1.0,0.0,0.0,0.0,0.0,0.0,0.0,0.0,0.0,0.0,0.0,0.0,0.0,1,100.0,100.0,100.0,100.0
FinanceBench,hybrid_pageindex_harrier_oss_v1_0_6b_top_m_5_query_results.jsonl,Hybrid PageIndex,Harrier,node,5.0,CORNING_2021_10K,1,0.0,0.0,0.0,1.0,0.0,0.0,0.0,0.0,0.0,0.0,0.0,0.0,0.0,0.0,0.0,0.0,1,0.0,0.0,0.0,100.0
FinanceBench,hybrid_pageindex_harrier_oss_v1_0_6b_top_m_5_query_results.jsonl,Hybrid PageIndex,Harrier,node,5.0,CORNING_2022_10K,2,0.0,0.0,0.0,1.0,0.0005,0.0005,0.0005,0.0,0.0,0.0,0.0,0.0,0.0,0.0,0.0,0.0,2,0.0,0.0,0.0,100.0
FinanceBench,hybrid_pageindex_harrier_oss_v1_0_6b_top_m_5_query_results.jsonl,Hybrid PageIndex,Harrier,node,5.0,COSTCO_2021_10K,1,1.0,1.0,1.0,1.0,0.0,0.0,0.0,0.0,0.0,0.0,0.0,0.0,0.0,0.0,0.0,0.0,1,100.0,100.0,100.0,100.0
FinanceBench,hybrid_pageindex_harrier_oss_v1_0_6b_top_m_5_query_results.jsonl,Hybrid PageIndex,Harrier,node,5.0,CVSHEALTH_2022_10K,1,0.0,1.0,0.3333333333333333,1.0,0.001,0.001,0.001,0.0,0.0,0.0,0.0,0.0,0.0,0.0,0.0,0.0,1,0.0,100.0,33.33333333333333,100.0
FinanceBench,hybrid_pageindex_harrier_oss_v1_0_6b_top_m_5_query_results.jsonl,Hybrid PageIndex,Harrier,node,5.0,FOOTLOCKER_2022_8K_dated-2022-05-20,1,0.0,0.0,0.0,0.0,0.0,0.0,0.0,0.0,0.0,0.0,0.0,0.0,0.0,0.0,0.0,0.0,1,0.0,0.0,0.0,0.0
FinanceBench,hybrid_pageindex_harrier_oss_v1_0_6b_top_m_5_query_results.jsonl,Hybrid PageIndex,Harrier,node,5.0,FOOTLOCKER_2022_8K_dated_2022-08-19,1,0.0,1.0,0.5,1.0,0.0,0.0,0.0,0.0,0.0,0.0,0.0,0.0,0.0,0.0,0.0,0.0,1,0.0,100.0,50.0,100.0
FinanceBench,hybrid_pageindex_harrier_oss_v1_0_6b_top_m_5_query_results.jsonl,Hybrid PageIndex,Harrier,node,5.0,GENERALMILLS_2020_10K,2,0.0,0.0,0.0,1.0,0.0,0.0,0.0,0.0,0.0,0.0,0.0,0.0,0.0,0.0,0.0,0.0,2,0.0,0.0,0.0,100.0
FinanceBench,hybrid_pageindex_harrier_oss_v1_0_6b_top_m_5_query_results.jsonl,Hybrid PageIndex,Harrier,node,5.0,JOHNSON_JOHNSON_2022Q4_EARNINGS,1,0.0,0.0,0.0,0.0,0.0,0.0,0.0,0.0,0.0,0.0,0.0,0.0,0.0,0.0,0.0,0.0,1,0.0,0.0,0.0,0.0
FinanceBench,hybrid_pageindex_harrier_oss_v1_0_6b_top_m_5_query_results.jsonl,Hybrid PageIndex,Harrier,node,5.0,JOHNSON_JOHNSON_2022_10K,2,1.0,1.0,1.0,1.0,0.001,0.001,0.001,0.0,0.0,0.0,0.0,0.0,0.0,0.0,0.0,0.0,2,100.0,100.0,100.0,100.0
FinanceBench,hybrid_pageindex_harrier_oss_v1_0_6b_top_m_5_query_results.jsonl,Hybrid PageIndex,Harrier,node,5.0,JOHNSON_JOHNSON_2023Q2_EARNINGS,1,0.0,1.0,0.3333333333333333,1.0,0.0,0.0,0.0,0.0,0.0,0.0,0.0,0.0,0.0,0.0,0.0,0.0,1,0.0,100.0,33.33333333333333,100.0
FinanceBench,hybrid_pageindex_harrier_oss_v1_0_6b_top_m_5_query_results.jsonl,Hybrid PageIndex,Harrier,node,5.0,JOHNSON_JOHNSON_2023_8K_dated-2023-08-30,3,0.0,0.6666666666666666,0.13333333333333333,1.0,0.0,0.0,0.0,0.0,0.0,0.0,0.0,0.0,0.0,0.0,0.0,0.0,3,0.0,66.66666666666666,13.333333333333334,100.0
FinanceBench,hybrid_pageindex_harrier_oss_v1_0_6b_top_m_5_query_results.jsonl,Hybrid PageIndex,Harrier,node,5.0,JPMORGAN_2021Q1_10Q,2,0.0,0.0,0.0,1.0,0.0,0.0,0.0,0.0,0.0,0.0,0.0,0.0,0.0,0.0,0.0,0.0,2,0.0,0.0,0.0,100.0
FinanceBench,hybrid_pageindex_harrier_oss_v1_0_6b_top_m_5_query_results.jsonl,Hybrid PageIndex,Harrier,node,5.0,JPMORGAN_2022Q2_10Q,1,0.0,0.0,0.0,0.0,0.001,0.001,0.001,0.0,0.0,0.0,0.0,0.0,0.0,0.0,0.0,0.0,1,0.0,0.0,0.0,0.0
FinanceBench,hybrid_pageindex_harrier_oss_v1_0_6b_top_m_5_query_results.jsonl,Hybrid PageIndex,Harrier,node,5.0,JPMORGAN_2022_10K,1,0.0,0.0,0.0,0.0,0.001,0.001,0.001,0.0,0.0,0.0,0.0,0.0,0.0,0.0,0.0,0.0,1,0.0,0.0,0.0,0.0
FinanceBench,hybrid_pageindex_harrier_oss_v1_0_6b_top_m_5_query_results.jsonl,Hybrid PageIndex,Harrier,node,5.0,JPMORGAN_2023Q2_10Q,1,0.0,0.0,0.0,1.0,0.0,0.0,0.0,0.0,0.0,0.0,0.0,0.0,0.0,0.0,0.0,0.0,1,0.0,0.0,0.0,100.0
FinanceBench,hybrid_pageindex_harrier_oss_v1_0_6b_top_m_5_query_results.jsonl,Hybrid PageIndex,Harrier,node,5.0,LOCKHEEDMARTIN_2021_10K,1,0.0,0.0,0.0,0.0,0.0,0.0,0.0,0.0,0.0,0.0,0.0,0.0,0.0,0.0,0.0,0.0,1,0.0,0.0,0.0,0.0
FinanceBench,hybrid_pageindex_harrier_oss_v1_0_6b_top_m_5_query_results.jsonl,Hybrid PageIndex,Harrier,node,5.0,LOCKHEEDMARTIN_2022_10K,1,0.0,0.0,0.0,1.0,0.0,0.0,0.0,0.0,0.0,0.0,0.0,0.0,0.0,0.0,0.0,0.0,1,0.0,0.0,0.0,100.0
FinanceBench,hybrid_pageindex_harrier_oss_v1_0_6b_top_m_5_query_results.jsonl,Hybrid PageIndex,Harrier,node,5.0,MGMRESORTS_2018_10K,1,0.0,1.0,0.5,1.0,0.0,0.0,0.0,0.0,0.0,0.0,0.0,0.0,0.0,0.0,0.0,0.0,1,0.0,100.0,50.0,100.0
FinanceBench,hybrid_pageindex_harrier_oss_v1_0_6b_top_m_5_query_results.jsonl,Hybrid PageIndex,Harrier,node,5.0,MGMRESORTS_2022Q4_EARNINGS,2,0.0,0.0,0.0,1.0,0.0,0.0,0.0,0.0,0.0,0.0,0.0,0.0,0.0,0.0,0.0,0.0,2,0.0,0.0,0.0,100.0
FinanceBench,hybrid_pageindex_harrier_oss_v1_0_6b_top_m_5_query_results.jsonl,Hybrid PageIndex,Harrier,node,5.0,MGMRESORTS_2022_10K,1,0.0,0.0,0.0,0.0,0.0,0.0,0.0,0.0,0.0,0.0,0.0,0.0,0.0,0.0,0.0,0.0,1,0.0,0.0,0.0,0.0
FinanceBench,hybrid_pageindex_harrier_oss_v1_0_6b_top_m_5_query_results.jsonl,Hybrid PageIndex,Harrier,node,5.0,MGMRESORTS_2023Q2_10Q,1,0.0,0.0,0.0,1.0,0.0,0.0,0.0,0.0,0.0,0.0,0.0,0.0,0.0,0.0,0.0,0.0,1,0.0,0.0,0.0,100.0
FinanceBench,hybrid_pageindex_harrier_oss_v1_0_6b_top_m_5_query_results.jsonl,Hybrid PageIndex,Harrier,node,5.0,MICROSOFT_2016_10K,1,0.0,0.0,0.0,0.0,0.0,0.0,0.0,0.0,0.0,0.0,0.0,0.0,0.0,0.0,0.0,0.0,1,0.0,0.0,0.0,0.0
FinanceBench,hybrid_pageindex_harrier_oss_v1_0_6b_top_m_5_query_results.jsonl,Hybrid PageIndex,Harrier,node,5.0,MICROSOFT_2023_10K,1,1.0,1.0,1.0,1.0,0.0,0.0,0.0,0.0,0.0,0.0,0.0,0.0,0.0,0.0,0.0,0.0,1,100.0,100.0,100.0,100.0
FinanceBench,hybrid_pageindex_harrier_oss_v1_0_6b_top_m_5_query_results.jsonl,Hybrid PageIndex,Harrier,node,5.0,NETFLIX_2017_10K,1,1.0,1.0,1.0,1.0,0.0,0.0,0.0,0.0,0.0,0.0,0.0,0.0,0.0,0.0,0.0,0.0,1,100.0,100.0,100.0,100.0
FinanceBench,hybrid_pageindex_harrier_oss_v1_0_6b_top_m_5_query_results.jsonl,Hybrid PageIndex,Harrier,node,5.0,NIKE_2018_10K,1,0.0,0.0,0.0,1.0,0.0,0.0,0.0,0.0,0.0,0.0,0.0,0.0,0.0,0.0,0.0,0.0,1,0.0,0.0,0.0,100.0
FinanceBench,hybrid_pageindex_harrier_oss_v1_0_6b_top_m_5_query_results.jsonl,Hybrid PageIndex,Harrier,node,5.0,NIKE_2019_10K,1,0.0,0.0,0.0,0.0,0.0,0.0,0.0,0.0,0.0,0.0,0.0,0.0,0.0,0.0,0.0,0.0,1,0.0,0.0,0.0,0.0
FinanceBench,hybrid_pageindex_harrier_oss_v1_0_6b_top_m_5_query_results.jsonl,Hybrid PageIndex,Harrier,node,5.0,NIKE_2023_10K,1,0.0,1.0,0.25,1.0,0.001,0.001,0.001,0.0,0.0,0.0,0.0,0.0,0.0,0.0,0.0,0.0,1,0.0,100.0,25.0,100.0
FinanceBench,hybrid_pageindex_harrier_oss_v1_0_6b_top_m_5_query_results.jsonl,Hybrid PageIndex,Harrier,node,5.0,PAYPAL_2022_10K,1,0.0,0.0,0.0,1.0,0.0,0.0,0.0,0.0,0.0,0.0,0.0,0.0,0.0,0.0,0.0,0.0,1,0.0,0.0,0.0,100.0
FinanceBench,hybrid_pageindex_harrier_oss_v1_0_6b_top_m_5_query_results.jsonl,Hybrid PageIndex,Harrier,node,5.0,PEPSICO_2021_10K,1,0.0,0.0,0.0,1.0,0.0,0.0,0.0,0.0,0.0,0.0,0.0,0.0,0.0,0.0,0.0,0.0,1,0.0,0.0,0.0,100.0
FinanceBench,hybrid_pageindex_harrier_oss_v1_0_6b_top_m_5_query_results.jsonl,Hybrid PageIndex,Harrier,node,5.0,PEPSICO_2022_10K,2,0.0,0.0,0.0,0.0,0.0,0.0,0.0,0.0,0.0,0.0,0.0,0.0,0.0,0.0,0.0,0.0,2,0.0,0.0,0.0,0.0
FinanceBench,hybrid_pageindex_harrier_oss_v1_0_6b_top_m_5_query_results.jsonl,Hybrid PageIndex,Harrier,node,5.0,PEPSICO_2023Q1_EARNINGS,2,0.0,1.0,0.3333333333333333,1.0,0.0,0.0,0.0,0.0,0.0,0.0,0.0,0.0,0.0,0.0,0.0,0.0,2,0.0,100.0,33.33333333333333,100.0
FinanceBench,hybrid_pageindex_harrier_oss_v1_0_6b_top_m_5_query_results.jsonl,Hybrid PageIndex,Harrier,node,5.0,PEPSICO_2023_8K_dated-2023-05-05,1,1.0,1.0,1.0,1.0,0.0,0.0,0.0,0.0,0.0,0.0,0.0,0.0,0.0,0.0,0.0,0.0,1,100.0,100.0,100.0,100.0
FinanceBench,hybrid_pageindex_harrier_oss_v1_0_6b_top_m_5_query_results.jsonl,Hybrid PageIndex,Harrier,node,5.0,PEPSICO_2023_8K_dated-2023-05-30,2,1.0,1.0,1.0,1.0,0.0005,0.0005,0.0005,0.0,0.0,0.0,0.0,0.0,0.0,0.0,0.0,0.0,2,100.0,100.0,100.0,100.0
FinanceBench,hybrid_pageindex_harrier_oss_v1_0_6b_top_m_5_query_results.jsonl,Hybrid PageIndex,Harrier,node,5.0,PFIZER_2021_10K,2,0.0,0.0,0.0,1.0,0.0,0.0,0.0,0.0,0.0,0.0,0.0,0.0,0.0,0.0,0.0,0.0,2,0.0,0.0,0.0,100.0
FinanceBench,hybrid_pageindex_harrier_oss_v1_0_6b_top_m_5_query_results.jsonl,Hybrid PageIndex,Harrier,node,5.0,ULTABEAUTY_2023Q4_EARNINGS,4,0.0,0.25,0.05,0.5,0.0,0.0,0.0,0.0,0.0,0.0,0.0,0.0,0.0,0.0,0.0,0.0,4,0.0,25.0,5.0,50.0
FinanceBench,hybrid_pageindex_harrier_oss_v1_0_6b_top_m_5_query_results.jsonl,Hybrid PageIndex,Harrier,node,5.0,ULTABEAUTY_2023_10K,2,0.0,0.5,0.25,1.0,0.0,0.0,0.0,0.0,0.0,0.0,0.0,0.0,0.0,0.0,0.0,0.0,2,0.0,50.0,25.0,100.0
FinanceBench,hybrid_pageindex_harrier_oss_v1_0_6b_top_m_5_query_results.jsonl,Hybrid PageIndex,Harrier,node,5.0,VERIZON_2021_10K,1,0.0,0.0,0.0,1.0,0.0,0.0,0.0,0.0,0.0,0.0,0.0,0.0,0.0,0.0,0.0,0.0,1,0.0,0.0,0.0,100.0
FinanceBench,hybrid_pageindex_harrier_oss_v1_0_6b_top_m_5_query_results.jsonl,Hybrid PageIndex,Harrier,node,5.0,VERIZON_2022_10K,2,0.0,0.0,0.0,1.0,0.0005,0.0005,0.0005,0.0,0.0,0.0,0.0,0.0,0.0,0.0,0.0,0.0,2,0.0,0.0,0.0,100.0
FinanceBench,hybrid_pageindex_harrier_oss_v1_0_6b_top_m_5_query_results.jsonl,Hybrid PageIndex,Harrier,node,5.0,WALMART_2019_10K,1,1.0,1.0,1.0,1.0,0.0,0.0,0.0,0.0,0.0,0.0,0.0,0.0,0.0,0.0,0.0,0.0,1,100.0,100.0,100.0,100.0
FinanceBench,hybrid_pageindex_harrier_oss_v1_0_6b_top_m_7_query_results.jsonl,Hybrid PageIndex,Harrier,node,7.0,3M_2018_10K,2,0.0,0.5,0.125,1.0,0.0005,0.0005,0.0005,0.0,0.0,0.0,0.0,0.0,0.0,0.0,0.0,0.0,2,0.0,50.0,12.5,100.0
FinanceBench,hybrid_pageindex_harrier_oss_v1_0_6b_top_m_7_query_results.jsonl,Hybrid PageIndex,Harrier,node,7.0,3M_2022_10K,2,0.5,1.0,0.75,1.0,0.0,0.0,0.0,0.0,0.0,0.0,0.0,0.0,0.0,0.0,0.0,0.0,2,50.0,100.0,75.0,100.0
FinanceBench,hybrid_pageindex_harrier_oss_v1_0_6b_top_m_7_query_results.jsonl,Hybrid PageIndex,Harrier,node,7.0,3M_2023Q2_10Q,3,0.3333333333333333,0.3333333333333333,0.3333333333333333,0.6666666666666666,0.0,0.0,0.0,0.0,0.0,0.0,0.0,0.0,0.0,0.0,0.0,0.0,3,33.33333333333333,33.33333333333333,33.33333333333333,66.66666666666666
FinanceBench,hybrid_pageindex_harrier_oss_v1_0_6b_top_m_7_query_results.jsonl,Hybrid PageIndex,Harrier,node,7.0,ADOBE_2016_10K,1,0.0,0.0,0.0,1.0,0.0,0.0,0.0,0.0,0.0,0.0,0.0,0.0,0.0,0.0,0.0,0.0,1,0.0,0.0,0.0,100.0
FinanceBench,hybrid_pageindex_harrier_oss_v1_0_6b_top_m_7_query_results.jsonl,Hybrid PageIndex,Harrier,node,7.0,ADOBE_2022_10K,2,1.0,1.0,1.0,1.0,0.0,0.0,0.0,0.0,0.0,0.0,0.0,0.0,0.0,0.0,0.0,0.0,2,100.0,100.0,100.0,100.0
FinanceBench,hybrid_pageindex_harrier_oss_v1_0_6b_top_m_7_query_results.jsonl,Hybrid PageIndex,Harrier,node,7.0,AES_2022_10K,1,1.0,1.0,1.0,1.0,0.0,0.0,0.0,0.0,0.0,0.0,0.0,0.0,0.0,0.0,0.0,0.0,1,100.0,100.0,100.0,100.0
FinanceBench,hybrid_pageindex_harrier_oss_v1_0_6b_top_m_7_query_results.jsonl,Hybrid PageIndex,Harrier,node,7.0,AMAZON_2017_10K,1,1.0,1.0,1.0,1.0,0.0,0.0,0.0,0.0,0.0,0.0,0.0,0.0,0.0,0.0,0.0,0.0,1,100.0,100.0,100.0,100.0
FinanceBench,hybrid_pageindex_harrier_oss_v1_0_6b_top_m_7_query_results.jsonl,Hybrid PageIndex,Harrier,node,7.0,AMAZON_2019_10K,1,1.0,1.0,1.0,1.0,0.0,0.0,0.0,0.0,0.0,0.0,0.0,0.0,0.0,0.0,0.0,0.0,1,100.0,100.0,100.0,100.0
FinanceBench,hybrid_pageindex_harrier_oss_v1_0_6b_top_m_7_query_results.jsonl,Hybrid PageIndex,Harrier,node,7.0,AMCOR_2020_10K,1,0.0,0.0,0.0,0.0,0.0,0.0,0.0,0.0,0.0,0.0,0.0,0.0,0.0,0.0,0.0,0.0,1,0.0,0.0,0.0,0.0
FinanceBench,hybrid_pageindex_harrier_oss_v1_0_6b_top_m_7_query_results.jsonl,Hybrid PageIndex,Harrier,node,7.0,AMCOR_2022_8K_dated-2022-07-01,1,0.0,0.0,0.0,1.0,0.0,0.0,0.0,0.0,0.0,0.0,0.0,0.0,0.0,0.0,0.0,0.0,1,0.0,0.0,0.0,100.0
FinanceBench,hybrid_pageindex_harrier_oss_v1_0_6b_top_m_7_query_results.jsonl,Hybrid PageIndex,Harrier,node,7.0,AMCOR_2023Q2_10Q,1,0.0,0.0,0.0,0.0,0.0,0.0,0.0,0.0,0.0,0.0,0.0,0.0,0.0,0.0,0.0,0.0,1,0.0,0.0,0.0,0.0
FinanceBench,hybrid_pageindex_harrier_oss_v1_0_6b_top_m_7_query_results.jsonl,Hybrid PageIndex,Harrier,node,7.0,AMCOR_2023Q4_EARNINGS,2,0.5,0.5,0.5,0.5,0.0,0.0,0.0,0.0,0.0,0.0,0.0,0.0,0.0,0.0,0.0,0.0,2,50.0,50.0,50.0,50.0
FinanceBench,hybrid_pageindex_harrier_oss_v1_0_6b_top_m_7_query_results.jsonl,Hybrid PageIndex,Harrier,node,7.0,AMCOR_2023_10K,4,0.0,0.0,0.0,0.5,0.0,0.0,0.0,0.0,0.0,0.0,0.0,0.0,0.0,0.0,0.0,0.0,4,0.0,0.0,0.0,50.0
FinanceBench,hybrid_pageindex_harrier_oss_v1_0_6b_top_m_7_query_results.jsonl,Hybrid PageIndex,Harrier,node,7.0,AMD_2022_10K,7,0.14285714285714285,0.8571428571428571,0.41666666666666663,1.0,0.0,0.0,0.0,0.0,0.0,0.0,0.0,0.0,0.0,0.0,0.0,0.0,7,14.285714285714285,85.71428571428571,41.666666666666664,100.0
FinanceBench,hybrid_pageindex_harrier_oss_v1_0_6b_top_m_7_query_results.jsonl,Hybrid PageIndex,Harrier,node,7.0,AMERICANEXPRESS_2022_10K,7,0.14285714285714285,0.42857142857142855,0.24285714285714285,1.0,0.00014285714285714287,0.00014285714285714287,0.00014285714285714287,0.0,0.0,0.0,0.0,0.0,0.0,0.0,0.0,0.0,7,14.285714285714285,42.857142857142854,24.285714285714285,100.0
FinanceBench,hybrid_pageindex_harrier_oss_v1_0_6b_top_m_7_query_results.jsonl,Hybrid PageIndex,Harrier,node,7.0,AMERICANWATERWORKS_2020_10K,1,0.0,0.0,0.0,1.0,0.0,0.0,0.0,0.0,0.0,0.0,0.0,0.0,0.0,0.0,0.0,0.0,1,0.0,0.0,0.0,100.0
FinanceBench,hybrid_pageindex_harrier_oss_v1_0_6b_top_m_7_query_results.jsonl,Hybrid PageIndex,Harrier,node,7.0,BESTBUY_2017_10K,1,0.0,0.0,0.0,0.0,0.0,0.0,0.0,0.0,0.0,0.0,0.0,0.0,0.0,0.0,0.0,0.0,1,0.0,0.0,0.0,0.0
FinanceBench,hybrid_pageindex_harrier_oss_v1_0_6b_top_m_7_query_results.jsonl,Hybrid PageIndex,Harrier,node,7.0,BESTBUY_2019_10K,1,0.0,0.0,0.0,0.0,0.0,0.0,0.0,0.0,0.0,0.0,0.0,0.0,0.0,0.0,0.0,0.0,1,0.0,0.0,0.0,0.0
FinanceBench,hybrid_pageindex_harrier_oss_v1_0_6b_top_m_7_query_results.jsonl,Hybrid PageIndex,Harrier,node,7.0,BESTBUY_2023_10K,3,0.0,0.6666666666666666,0.2333333333333333,0.6666666666666666,0.0,0.0,0.0,0.0,0.0,0.0,0.0,0.0,0.0,0.0,0.0,0.0,3,0.0,66.66666666666666,23.333333333333332,66.66666666666666
FinanceBench,hybrid_pageindex_harrier_oss_v1_0_6b_top_m_7_query_results.jsonl,Hybrid PageIndex,Harrier,node,7.0,BESTBUY_2024Q2_10Q,3,0.3333333333333333,0.6666666666666666,0.4444444444444444,0.6666666666666666,0.0,0.0,0.0,0.0,0.0,0.0,0.0,0.0,0.0,0.0,0.0,0.0,3,33.33333333333333,66.66666666666666,44.44444444444444,66.66666666666666
FinanceBench,hybrid_pageindex_harrier_oss_v1_0_6b_top_m_7_query_results.jsonl,Hybrid PageIndex,Harrier,node,7.0,BLOCK_2016_10K,1,0.0,0.0,0.0,1.0,0.0,0.0,0.0,0.0,0.0,0.0,0.0,0.0,0.0,0.0,0.0,0.0,1,0.0,0.0,0.0,100.0
FinanceBench,hybrid_pageindex_harrier_oss_v1_0_6b_top_m_7_query_results.jsonl,Hybrid PageIndex,Harrier,node,7.0,BLOCK_2020_10K,2,0.0,0.0,0.0,1.0,0.0,0.0,0.0,0.0,0.0,0.0,0.0,0.0,0.0,0.0,0.0,0.0,2,0.0,0.0,0.0,100.0
FinanceBench,hybrid_pageindex_harrier_oss_v1_0_6b_top_m_7_query_results.jsonl,Hybrid PageIndex,Harrier,node,7.0,BOEING_2018_10K,1,1.0,1.0,1.0,1.0,0.001,0.001,0.001,0.0,0.0,0.0,0.0,0.0,0.0,0.0,0.0,0.0,1,100.0,100.0,100.0,100.0
FinanceBench,hybrid_pageindex_harrier_oss_v1_0_6b_top_m_7_query_results.jsonl,Hybrid PageIndex,Harrier,node,7.0,BOEING_2022_10K,6,0.16666666666666666,0.6666666666666666,0.31666666666666665,1.0,0.00016666666666666666,0.00016666666666666666,0.00016666666666666666,0.0,0.0,0.0,0.0,0.0,0.0,0.0,0.0,0.0,6,16.666666666666664,66.66666666666666,31.666666666666664,100.0
FinanceBench,hybrid_pageindex_harrier_oss_v1_0_6b_top_m_7_query_results.jsonl,Hybrid PageIndex,Harrier,node,7.0,COCACOLA_2021_10K,1,1.0,1.0,1.0,1.0,0.0,0.0,0.0,0.0,0.0,0.0,0.0,0.0,0.0,0.0,0.0,0.0,1,100.0,100.0,100.0,100.0
FinanceBench,hybrid_pageindex_harrier_oss_v1_0_6b_top_m_7_query_results.jsonl,Hybrid PageIndex,Harrier,node,7.0,CORNING_2021_10K,1,0.0,0.0,0.0,1.0,0.0,0.0,0.0,0.0,0.0,0.0,0.0,0.0,0.0,0.0,0.0,0.0,1,0.0,0.0,0.0,100.0
FinanceBench,hybrid_pageindex_harrier_oss_v1_0_6b_top_m_7_query_results.jsonl,Hybrid PageIndex,Harrier,node,7.0,CORNING_2022_10K,2,0.0,0.0,0.0,1.0,0.0,0.0,0.0,0.0,0.0,0.0,0.0,0.0,0.0,0.0,0.0,0.0,2,0.0,0.0,0.0,100.0
FinanceBench,hybrid_pageindex_harrier_oss_v1_0_6b_top_m_7_query_results.jsonl,Hybrid PageIndex,Harrier,node,7.0,COSTCO_2021_10K,1,1.0,1.0,1.0,1.0,0.0,0.0,0.0,0.0,0.0,0.0,0.0,0.0,0.0,0.0,0.0,0.0,1,100.0,100.0,100.0,100.0
FinanceBench,hybrid_pageindex_harrier_oss_v1_0_6b_top_m_7_query_results.jsonl,Hybrid PageIndex,Harrier,node,7.0,CVSHEALTH_2022_10K,1,0.0,1.0,0.3333333333333333,1.0,0.0,0.0,0.0,0.0,0.0,0.0,0.0,0.0,0.0,0.0,0.0,0.0,1,0.0,100.0,33.33333333333333,100.0
FinanceBench,hybrid_pageindex_harrier_oss_v1_0_6b_top_m_7_query_results.jsonl,Hybrid PageIndex,Harrier,node,7.0,FOOTLOCKER_2022_8K_dated-2022-05-20,1,0.0,0.0,0.0,0.0,0.0,0.0,0.0,0.0,0.0,0.0,0.0,0.0,0.0,0.0,0.0,0.0,1,0.0,0.0,0.0,0.0
FinanceBench,hybrid_pageindex_harrier_oss_v1_0_6b_top_m_7_query_results.jsonl,Hybrid PageIndex,Harrier,node,7.0,FOOTLOCKER_2022_8K_dated_2022-08-19,1,0.0,1.0,0.5,1.0,0.0,0.0,0.0,0.0,0.0,0.0,0.0,0.0,0.0,0.0,0.0,0.0,1,0.0,100.0,50.0,100.0
FinanceBench,hybrid_pageindex_harrier_oss_v1_0_6b_top_m_7_query_results.jsonl,Hybrid PageIndex,Harrier,node,7.0,GENERALMILLS_2020_10K,2,0.0,0.0,0.0,1.0,0.0,0.0,0.0,0.0,0.0,0.0,0.0,0.0,0.0,0.0,0.0,0.0,2,0.0,0.0,0.0,100.0
FinanceBench,hybrid_pageindex_harrier_oss_v1_0_6b_top_m_7_query_results.jsonl,Hybrid PageIndex,Harrier,node,7.0,JOHNSON_JOHNSON_2022Q4_EARNINGS,1,0.0,0.0,0.0,0.0,0.0,0.0,0.0,0.0,0.0,0.0,0.0,0.0,0.0,0.0,0.0,0.0,1,0.0,0.0,0.0,0.0
FinanceBench,hybrid_pageindex_harrier_oss_v1_0_6b_top_m_7_query_results.jsonl,Hybrid PageIndex,Harrier,node,7.0,JOHNSON_JOHNSON_2022_10K,2,1.0,1.0,1.0,1.0,0.0,0.0,0.0,0.0,0.0,0.0,0.0,0.0,0.0,0.0,0.0,0.0,2,100.0,100.0,100.0,100.0
FinanceBench,hybrid_pageindex_harrier_oss_v1_0_6b_top_m_7_query_results.jsonl,Hybrid PageIndex,Harrier,node,7.0,JOHNSON_JOHNSON_2023Q2_EARNINGS,1,0.0,1.0,0.3333333333333333,1.0,0.0,0.0,0.0,0.0,0.0,0.0,0.0,0.0,0.0,0.0,0.0,0.0,1,0.0,100.0,33.33333333333333,100.0
FinanceBench,hybrid_pageindex_harrier_oss_v1_0_6b_top_m_7_query_results.jsonl,Hybrid PageIndex,Harrier,node,7.0,JOHNSON_JOHNSON_2023_8K_dated-2023-08-30,3,0.0,0.6666666666666666,0.13333333333333333,1.0,0.0,0.0,0.0,0.0,0.0,0.0,0.0,0.0,0.0,0.0,0.0,0.0,3,0.0,66.66666666666666,13.333333333333334,100.0
FinanceBench,hybrid_pageindex_harrier_oss_v1_0_6b_top_m_7_query_results.jsonl,Hybrid PageIndex,Harrier,node,7.0,JPMORGAN_2021Q1_10Q,2,0.0,0.0,0.0,1.0,0.0,0.0,0.0,0.0,0.0,0.0,0.0,0.0,0.0,0.0,0.0,0.0,2,0.0,0.0,0.0,100.0
FinanceBench,hybrid_pageindex_harrier_oss_v1_0_6b_top_m_7_query_results.jsonl,Hybrid PageIndex,Harrier,node,7.0,JPMORGAN_2022Q2_10Q,1,0.0,0.0,0.0,0.0,0.0,0.0,0.0,0.0,0.0,0.0,0.0,0.0,0.0,0.0,0.0,0.0,1,0.0,0.0,0.0,0.0
FinanceBench,hybrid_pageindex_harrier_oss_v1_0_6b_top_m_7_query_results.jsonl,Hybrid PageIndex,Harrier,node,7.0,JPMORGAN_2022_10K,1,0.0,0.0,0.0,0.0,0.001,0.001,0.001,0.0,0.0,0.0,0.0,0.0,0.0,0.0,0.0,0.0,1,0.0,0.0,0.0,0.0
FinanceBench,hybrid_pageindex_harrier_oss_v1_0_6b_top_m_7_query_results.jsonl,Hybrid PageIndex,Harrier,node,7.0,JPMORGAN_2023Q2_10Q,1,0.0,0.0,0.0,1.0,0.0,0.0,0.0,0.0,0.0,0.0,0.0,0.0,0.0,0.0,0.0,0.0,1,0.0,0.0,0.0,100.0
FinanceBench,hybrid_pageindex_harrier_oss_v1_0_6b_top_m_7_query_results.jsonl,Hybrid PageIndex,Harrier,node,7.0,LOCKHEEDMARTIN_2021_10K,1,0.0,0.0,0.0,0.0,0.0,0.0,0.0,0.0,0.0,0.0,0.0,0.0,0.0,0.0,0.0,0.0,1,0.0,0.0,0.0,0.0
FinanceBench,hybrid_pageindex_harrier_oss_v1_0_6b_top_m_7_query_results.jsonl,Hybrid PageIndex,Harrier,node,7.0,LOCKHEEDMARTIN_2022_10K,1,0.0,0.0,0.0,1.0,0.0,0.0,0.0,0.0,0.0,0.0,0.0,0.0,0.0,0.0,0.0,0.0,1,0.0,0.0,0.0,100.0
FinanceBench,hybrid_pageindex_harrier_oss_v1_0_6b_top_m_7_query_results.jsonl,Hybrid PageIndex,Harrier,node,7.0,MGMRESORTS_2018_10K,1,0.0,1.0,0.5,1.0,0.0,0.0,0.0,0.0,0.0,0.0,0.0,0.0,0.0,0.0,0.0,0.0,1,0.0,100.0,50.0,100.0
FinanceBench,hybrid_pageindex_harrier_oss_v1_0_6b_top_m_7_query_results.jsonl,Hybrid PageIndex,Harrier,node,7.0,MGMRESORTS_2022Q4_EARNINGS,2,0.0,0.0,0.0,1.0,0.0005,0.0005,0.0005,0.0,0.0,0.0,0.0,0.0,0.0,0.0,0.0,0.0,2,0.0,0.0,0.0,100.0
FinanceBench,hybrid_pageindex_harrier_oss_v1_0_6b_top_m_7_query_results.jsonl,Hybrid PageIndex,Harrier,node,7.0,MGMRESORTS_2022_10K,1,0.0,0.0,0.0,0.0,0.0,0.0,0.0,0.0,0.0,0.0,0.0,0.0,0.0,0.0,0.0,0.0,1,0.0,0.0,0.0,0.0
FinanceBench,hybrid_pageindex_harrier_oss_v1_0_6b_top_m_7_query_results.jsonl,Hybrid PageIndex,Harrier,node,7.0,MGMRESORTS_2023Q2_10Q,1,0.0,0.0,0.0,1.0,0.0,0.0,0.0,0.0,0.0,0.0,0.0,0.0,0.0,0.0,0.0,0.0,1,0.0,0.0,0.0,100.0
FinanceBench,hybrid_pageindex_harrier_oss_v1_0_6b_top_m_7_query_results.jsonl,Hybrid PageIndex,Harrier,node,7.0,MICROSOFT_2016_10K,1,0.0,0.0,0.0,0.0,0.0,0.0,0.0,0.0,0.0,0.0,0.0,0.0,0.0,0.0,0.0,0.0,1,0.0,0.0,0.0,0.0
FinanceBench,hybrid_pageindex_harrier_oss_v1_0_6b_top_m_7_query_results.jsonl,Hybrid PageIndex,Harrier,node,7.0,MICROSOFT_2023_10K,1,1.0,1.0,1.0,1.0,0.0,0.0,0.0,0.0,0.0,0.0,0.0,0.0,0.0,0.0,0.0,0.0,1,100.0,100.0,100.0,100.0
FinanceBench,hybrid_pageindex_harrier_oss_v1_0_6b_top_m_7_query_results.jsonl,Hybrid PageIndex,Harrier,node,7.0,NETFLIX_2017_10K,1,1.0,1.0,1.0,1.0,0.0,0.0,0.0,0.0,0.0,0.0,0.0,0.0,0.0,0.0,0.0,0.0,1,100.0,100.0,100.0,100.0
FinanceBench,hybrid_pageindex_harrier_oss_v1_0_6b_top_m_7_query_results.jsonl,Hybrid PageIndex,Harrier,node,7.0,NIKE_2018_10K,1,0.0,0.0,0.0,1.0,0.0,0.0,0.0,0.0,0.0,0.0,0.0,0.0,0.0,0.0,0.0,0.0,1,0.0,0.0,0.0,100.0
FinanceBench,hybrid_pageindex_harrier_oss_v1_0_6b_top_m_7_query_results.jsonl,Hybrid PageIndex,Harrier,node,7.0,NIKE_2019_10K,1,0.0,0.0,0.0,0.0,0.0,0.0,0.0,0.0,0.0,0.0,0.0,0.0,0.0,0.0,0.0,0.0,1,0.0,0.0,0.0,0.0
FinanceBench,hybrid_pageindex_harrier_oss_v1_0_6b_top_m_7_query_results.jsonl,Hybrid PageIndex,Harrier,node,7.0,NIKE_2023_10K,1,0.0,1.0,0.25,1.0,0.0,0.0,0.0,0.0,0.0,0.0,0.0,0.0,0.0,0.0,0.0,0.0,1,0.0,100.0,25.0,100.0
FinanceBench,hybrid_pageindex_harrier_oss_v1_0_6b_top_m_7_query_results.jsonl,Hybrid PageIndex,Harrier,node,7.0,PAYPAL_2022_10K,1,0.0,0.0,0.0,1.0,0.0,0.0,0.0,0.0,0.0,0.0,0.0,0.0,0.0,0.0,0.0,0.0,1,0.0,0.0,0.0,100.0
FinanceBench,hybrid_pageindex_harrier_oss_v1_0_6b_top_m_7_query_results.jsonl,Hybrid PageIndex,Harrier,node,7.0,PEPSICO_2021_10K,1,0.0,0.0,0.0,1.0,0.0,0.0,0.0,0.0,0.0,0.0,0.0,0.0,0.0,0.0,0.0,0.0,1,0.0,0.0,0.0,100.0
FinanceBench,hybrid_pageindex_harrier_oss_v1_0_6b_top_m_7_query_results.jsonl,Hybrid PageIndex,Harrier,node,7.0,PEPSICO_2022_10K,2,0.0,0.0,0.0,0.0,0.0005,0.0005,0.0005,0.0,0.0,0.0,0.0,0.0,0.0,0.0,0.0,0.0,2,0.0,0.0,0.0,0.0
FinanceBench,hybrid_pageindex_harrier_oss_v1_0_6b_top_m_7_query_results.jsonl,Hybrid PageIndex,Harrier,node,7.0,PEPSICO_2023Q1_EARNINGS,2,0.0,1.0,0.3333333333333333,1.0,0.0,0.0,0.0,0.0,0.0,0.0,0.0,0.0,0.0,0.0,0.0,0.0,2,0.0,100.0,33.33333333333333,100.0
FinanceBench,hybrid_pageindex_harrier_oss_v1_0_6b_top_m_7_query_results.jsonl,Hybrid PageIndex,Harrier,node,7.0,PEPSICO_2023_8K_dated-2023-05-05,1,1.0,1.0,1.0,1.0,0.0,0.0,0.0,0.0,0.0,0.0,0.0,0.0,0.0,0.0,0.0,0.0,1,100.0,100.0,100.0,100.0
FinanceBench,hybrid_pageindex_harrier_oss_v1_0_6b_top_m_7_query_results.jsonl,Hybrid PageIndex,Harrier,node,7.0,PEPSICO_2023_8K_dated-2023-05-30,2,1.0,1.0,1.0,1.0,0.001,0.001,0.001,0.0,0.0,0.0,0.0,0.0,0.0,0.0,0.0,0.0,2,100.0,100.0,100.0,100.0
FinanceBench,hybrid_pageindex_harrier_oss_v1_0_6b_top_m_7_query_results.jsonl,Hybrid PageIndex,Harrier,node,7.0,PFIZER_2021_10K,2,0.0,0.0,0.0,1.0,0.0005,0.0005,0.0005,0.0,0.0,0.0,0.0,0.0,0.0,0.0,0.0,0.0,2,0.0,0.0,0.0,100.0
FinanceBench,hybrid_pageindex_harrier_oss_v1_0_6b_top_m_7_query_results.jsonl,Hybrid PageIndex,Harrier,node,7.0,ULTABEAUTY_2023Q4_EARNINGS,4,0.0,0.25,0.05,0.5,0.0005,0.0005,0.0005,0.0,0.0,0.0,0.0,0.0,0.0,0.0,0.0,0.0,4,0.0,25.0,5.0,50.0
FinanceBench,hybrid_pageindex_harrier_oss_v1_0_6b_top_m_7_query_results.jsonl,Hybrid PageIndex,Harrier,node,7.0,ULTABEAUTY_2023_10K,2,0.0,0.5,0.25,1.0,0.0,0.0,0.0,0.0,0.0,0.0,0.0,0.0,0.0,0.0,0.0,0.0,2,0.0,50.0,25.0,100.0
FinanceBench,hybrid_pageindex_harrier_oss_v1_0_6b_top_m_7_query_results.jsonl,Hybrid PageIndex,Harrier,node,7.0,VERIZON_2021_10K,1,0.0,0.0,0.0,1.0,0.0,0.0,0.0,0.0,0.0,0.0,0.0,0.0,0.0,0.0,0.0,0.0,1,0.0,0.0,0.0,100.0
FinanceBench,hybrid_pageindex_harrier_oss_v1_0_6b_top_m_7_query_results.jsonl,Hybrid PageIndex,Harrier,node,7.0,VERIZON_2022_10K,2,0.0,0.0,0.0,1.0,0.0,0.0,0.0,0.0,0.0,0.0,0.0,0.0,0.0,0.0,0.0,0.0,2,0.0,0.0,0.0,100.0
FinanceBench,hybrid_pageindex_harrier_oss_v1_0_6b_top_m_7_query_results.jsonl,Hybrid PageIndex,Harrier,node,7.0,WALMART_2019_10K,1,1.0,1.0,1.0,1.0,0.0,0.0,0.0,0.0,0.0,0.0,0.0,0.0,0.0,0.0,0.0,0.0,1,100.0,100.0,100.0,100.0
FinanceBench,hybrid_pageindex_linq_embed_mistral_top_m_10_query_results.jsonl,Hybrid PageIndex,Linq-Embed-Mistral,node,10.0,3M_2018_10K,2,0.0,0.5,0.16666666666666666,1.0,0.001,0.001,0.001,0.0,0.0,0.0,0.0,0.0,0.0,0.0,0.0,0.0,2,0.0,50.0,16.666666666666664,100.0
FinanceBench,hybrid_pageindex_linq_embed_mistral_top_m_10_query_results.jsonl,Hybrid PageIndex,Linq-Embed-Mistral,node,10.0,3M_2022_10K,2,0.5,1.0,0.625,1.0,0.0005,0.0005,0.0005,0.0,0.0,0.0,0.0,0.0,0.0,0.0,0.0,0.0,2,50.0,100.0,62.5,100.0
FinanceBench,hybrid_pageindex_linq_embed_mistral_top_m_10_query_results.jsonl,Hybrid PageIndex,Linq-Embed-Mistral,node,10.0,3M_2023Q2_10Q,3,0.0,0.0,0.0,0.3333333333333333,0.0003333333333333333,0.0003333333333333333,0.0003333333333333333,0.0,0.0,0.0,0.0,0.0,0.0,0.0,0.0,0.0,3,0.0,0.0,0.0,33.33333333333333
FinanceBench,hybrid_pageindex_linq_embed_mistral_top_m_10_query_results.jsonl,Hybrid PageIndex,Linq-Embed-Mistral,node,10.0,ADOBE_2016_10K,1,0.0,0.0,0.0,1.0,0.001,0.001,0.001,0.0,0.0,0.0,0.0,0.0,0.0,0.0,0.0,0.0,1,0.0,0.0,0.0,100.0
FinanceBench,hybrid_pageindex_linq_embed_mistral_top_m_10_query_results.jsonl,Hybrid PageIndex,Linq-Embed-Mistral,node,10.0,ADOBE_2022_10K,2,0.0,1.0,0.35,1.0,0.0005,0.0005,0.0005,0.0,0.0,0.0,0.0,0.0,0.0,0.0,0.0,0.0,2,0.0,100.0,35.0,100.0
FinanceBench,hybrid_pageindex_linq_embed_mistral_top_m_10_query_results.jsonl,Hybrid PageIndex,Linq-Embed-Mistral,node,10.0,AES_2022_10K,1,1.0,1.0,1.0,1.0,0.0,0.0,0.0,0.0,0.0,0.0,0.0,0.0,0.0,0.0,0.0,0.0,1,100.0,100.0,100.0,100.0
FinanceBench,hybrid_pageindex_linq_embed_mistral_top_m_10_query_results.jsonl,Hybrid PageIndex,Linq-Embed-Mistral,node,10.0,AMAZON_2017_10K,1,0.0,1.0,0.5,1.0,0.0,0.0,0.0,0.0,0.0,0.0,0.0,0.0,0.0,0.0,0.0,0.0,1,0.0,100.0,50.0,100.0
FinanceBench,hybrid_pageindex_linq_embed_mistral_top_m_10_query_results.jsonl,Hybrid PageIndex,Linq-Embed-Mistral,node,10.0,AMAZON_2019_10K,1,1.0,1.0,1.0,1.0,0.0,0.0,0.0,0.0,0.0,0.0,0.0,0.0,0.0,0.0,0.0,0.0,1,100.0,100.0,100.0,100.0
FinanceBench,hybrid_pageindex_linq_embed_mistral_top_m_10_query_results.jsonl,Hybrid PageIndex,Linq-Embed-Mistral,node,10.0,AMCOR_2020_10K,1,0.0,1.0,0.5,1.0,0.001,0.001,0.001,0.0,0.0,0.0,0.0,0.0,0.0,0.0,0.0,0.0,1,0.0,100.0,50.0,100.0
FinanceBench,hybrid_pageindex_linq_embed_mistral_top_m_10_query_results.jsonl,Hybrid PageIndex,Linq-Embed-Mistral,node,10.0,AMCOR_2022_8K_dated-2022-07-01,1,0.0,1.0,0.5,1.0,0.0,0.0,0.0,0.0,0.0,0.0,0.0,0.0,0.0,0.0,0.0,0.0,1,0.0,100.0,50.0,100.0
FinanceBench,hybrid_pageindex_linq_embed_mistral_top_m_10_query_results.jsonl,Hybrid PageIndex,Linq-Embed-Mistral,node,10.0,AMCOR_2023Q2_10Q,1,0.0,1.0,0.5,1.0,0.0,0.0,0.0,0.0,0.0,0.0,0.0,0.0,0.0,0.0,0.0,0.0,1,0.0,100.0,50.0,100.0
FinanceBench,hybrid_pageindex_linq_embed_mistral_top_m_10_query_results.jsonl,Hybrid PageIndex,Linq-Embed-Mistral,node,10.0,AMCOR_2023Q4_EARNINGS,2,0.5,0.5,0.5,1.0,0.0,0.0,0.0,0.0,0.0,0.0,0.0,0.0,0.0,0.0,0.0,0.0,2,50.0,50.0,50.0,100.0
FinanceBench,hybrid_pageindex_linq_embed_mistral_top_m_10_query_results.jsonl,Hybrid PageIndex,Linq-Embed-Mistral,node,10.0,AMCOR_2023_10K,4,0.0,0.25,0.08333333333333333,0.25,0.0,0.0,0.0,0.0,0.0,0.0,0.0,0.0,0.0,0.0,0.0,0.0,4,0.0,25.0,8.333333333333332,25.0
FinanceBench,hybrid_pageindex_linq_embed_mistral_top_m_10_query_results.jsonl,Hybrid PageIndex,Linq-Embed-Mistral,node,10.0,AMD_2022_10K,7,0.14285714285714285,0.8571428571428571,0.4095238095238095,1.0,0.0,0.0,0.0,0.0,0.0,0.0,0.0,0.0,0.0,0.0,0.0,0.0,7,14.285714285714285,85.71428571428571,40.95238095238095,100.0
FinanceBench,hybrid_pageindex_linq_embed_mistral_top_m_10_query_results.jsonl,Hybrid PageIndex,Linq-Embed-Mistral,node,10.0,AMERICANEXPRESS_2022_10K,7,0.0,0.14285714285714285,0.03571428571428571,1.0,0.0005714285714285715,0.0005714285714285715,0.0005714285714285715,0.0,0.0,0.0,0.0,0.0,0.0,0.0,0.0,0.0,7,0.0,14.285714285714285,3.571428571428571,100.0
FinanceBench,hybrid_pageindex_linq_embed_mistral_top_m_10_query_results.jsonl,Hybrid PageIndex,Linq-Embed-Mistral,node,10.0,AMERICANWATERWORKS_2020_10K,1,1.0,1.0,1.0,1.0,0.001,0.001,0.001,0.0,0.0,0.0,0.0,0.0,0.0,0.0,0.0,0.0,1,100.0,100.0,100.0,100.0
FinanceBench,hybrid_pageindex_linq_embed_mistral_top_m_10_query_results.jsonl,Hybrid PageIndex,Linq-Embed-Mistral,node,10.0,BESTBUY_2017_10K,1,0.0,0.0,0.0,1.0,0.0,0.0,0.0,0.0,0.0,0.0,0.0,0.0,0.0,0.0,0.0,0.0,1,0.0,0.0,0.0,100.0
FinanceBench,hybrid_pageindex_linq_embed_mistral_top_m_10_query_results.jsonl,Hybrid PageIndex,Linq-Embed-Mistral,node,10.0,BESTBUY_2019_10K,1,0.0,0.0,0.0,1.0,0.0,0.0,0.0,0.0,0.0,0.0,0.0,0.0,0.0,0.0,0.0,0.0,1,0.0,0.0,0.0,100.0
FinanceBench,hybrid_pageindex_linq_embed_mistral_top_m_10_query_results.jsonl,Hybrid PageIndex,Linq-Embed-Mistral,node,10.0,BESTBUY_2023_10K,3,0.0,0.3333333333333333,0.1111111111111111,0.6666666666666666,0.0,0.0,0.0,0.0,0.0,0.0,0.0,0.0,0.0,0.0,0.0,0.0,3,0.0,33.33333333333333,11.11111111111111,66.66666666666666
FinanceBench,hybrid_pageindex_linq_embed_mistral_top_m_10_query_results.jsonl,Hybrid PageIndex,Linq-Embed-Mistral,node,10.0,BESTBUY_2024Q2_10Q,3,0.6666666666666666,0.6666666666666666,0.6666666666666666,0.6666666666666666,0.0003333333333333333,0.0003333333333333333,0.0003333333333333333,0.0,0.0,0.0,0.0,0.0,0.0,0.0,0.0,0.0,3,66.66666666666666,66.66666666666666,66.66666666666666,66.66666666666666
FinanceBench,hybrid_pageindex_linq_embed_mistral_top_m_10_query_results.jsonl,Hybrid PageIndex,Linq-Embed-Mistral,node,10.0,BLOCK_2016_10K,1,0.0,0.0,0.0,1.0,0.001,0.001,0.001,0.0,0.0,0.0,0.0,0.0,0.0,0.0,0.0,0.0,1,0.0,0.0,0.0,100.0
FinanceBench,hybrid_pageindex_linq_embed_mistral_top_m_10_query_results.jsonl,Hybrid PageIndex,Linq-Embed-Mistral,node,10.0,BLOCK_2020_10K,2,0.0,0.0,0.0,1.0,0.001,0.001,0.001,0.0,0.0,0.0,0.0,0.0,0.0,0.0,0.0,0.0,2,0.0,0.0,0.0,100.0
FinanceBench,hybrid_pageindex_linq_embed_mistral_top_m_10_query_results.jsonl,Hybrid PageIndex,Linq-Embed-Mistral,node,10.0,BOEING_2018_10K,1,0.0,1.0,0.5,1.0,0.001,0.001,0.001,0.0,0.0,0.0,0.0,0.0,0.0,0.0,0.0,0.0,1,0.0,100.0,50.0,100.0
FinanceBench,hybrid_pageindex_linq_embed_mistral_top_m_10_query_results.jsonl,Hybrid PageIndex,Linq-Embed-Mistral,node,10.0,BOEING_2022_10K,6,0.16666666666666666,0.5,0.27777777777777773,0.8333333333333334,0.0003333333333333333,0.0003333333333333333,0.0003333333333333333,0.0,0.0,0.0,0.0,0.0,0.0,0.0,0.0,0.0,6,16.666666666666664,50.0,27.777777777777775,83.33333333333334
FinanceBench,hybrid_pageindex_linq_embed_mistral_top_m_10_query_results.jsonl,Hybrid PageIndex,Linq-Embed-Mistral,node,10.0,COCACOLA_2021_10K,1,1.0,1.0,1.0,1.0,0.001,0.001,0.001,0.0,0.0,0.0,0.0,0.0,0.0,0.0,0.0,0.0,1,100.0,100.0,100.0,100.0
FinanceBench,hybrid_pageindex_linq_embed_mistral_top_m_10_query_results.jsonl,Hybrid PageIndex,Linq-Embed-Mistral,node,10.0,CORNING_2021_10K,1,0.0,0.0,0.0,0.0,0.001,0.001,0.001,0.0,0.0,0.0,0.0,0.0,0.0,0.0,0.0,0.0,1,0.0,0.0,0.0,0.0
FinanceBench,hybrid_pageindex_linq_embed_mistral_top_m_10_query_results.jsonl,Hybrid PageIndex,Linq-Embed-Mistral,node,10.0,CORNING_2022_10K,2,0.0,0.0,0.0,1.0,0.0,0.0,0.0,0.0,0.0,0.0,0.0,0.0,0.0,0.0,0.0,0.0,2,0.0,0.0,0.0,100.0
FinanceBench,hybrid_pageindex_linq_embed_mistral_top_m_10_query_results.jsonl,Hybrid PageIndex,Linq-Embed-Mistral,node,10.0,COSTCO_2021_10K,1,1.0,1.0,1.0,1.0,0.0,0.0,0.0,0.0,0.0,0.0,0.0,0.0,0.0,0.0,0.0,0.0,1,100.0,100.0,100.0,100.0
FinanceBench,hybrid_pageindex_linq_embed_mistral_top_m_10_query_results.jsonl,Hybrid PageIndex,Linq-Embed-Mistral,node,10.0,CVSHEALTH_2022_10K,1,0.0,1.0,0.3333333333333333,1.0,0.001,0.001,0.001,0.0,0.0,0.0,0.0,0.0,0.0,0.0,0.0,0.0,1,0.0,100.0,33.33333333333333,100.0
FinanceBench,hybrid_pageindex_linq_embed_mistral_top_m_10_query_results.jsonl,Hybrid PageIndex,Linq-Embed-Mistral,node,10.0,FOOTLOCKER_2022_8K_dated-2022-05-20,1,0.0,0.0,0.0,0.0,0.0,0.0,0.0,0.0,0.0,0.0,0.0,0.0,0.0,0.0,0.0,0.0,1,0.0,0.0,0.0,0.0
FinanceBench,hybrid_pageindex_linq_embed_mistral_top_m_10_query_results.jsonl,Hybrid PageIndex,Linq-Embed-Mistral,node,10.0,FOOTLOCKER_2022_8K_dated_2022-08-19,1,0.0,1.0,0.5,1.0,0.0,0.0,0.0,0.0,0.0,0.0,0.0,0.0,0.0,0.0,0.0,0.0,1,0.0,100.0,50.0,100.0
FinanceBench,hybrid_pageindex_linq_embed_mistral_top_m_10_query_results.jsonl,Hybrid PageIndex,Linq-Embed-Mistral,node,10.0,GENERALMILLS_2020_10K,2,0.5,1.0,0.75,1.0,0.0,0.0,0.0,0.0,0.0,0.0,0.0,0.0,0.0,0.0,0.0,0.0,2,50.0,100.0,75.0,100.0
FinanceBench,hybrid_pageindex_linq_embed_mistral_top_m_10_query_results.jsonl,Hybrid PageIndex,Linq-Embed-Mistral,node,10.0,JOHNSON_JOHNSON_2022Q4_EARNINGS,1,0.0,0.0,0.0,0.0,0.0,0.0,0.0,0.0,0.0,0.0,0.0,0.0,0.0,0.0,0.0,0.0,1,0.0,0.0,0.0,0.0
FinanceBench,hybrid_pageindex_linq_embed_mistral_top_m_10_query_results.jsonl,Hybrid PageIndex,Linq-Embed-Mistral,node,10.0,JOHNSON_JOHNSON_2022_10K,2,0.0,0.0,0.0,0.0,0.0,0.0,0.0,0.0,0.0,0.0,0.0,0.0,0.0,0.0,0.0,0.0,2,0.0,0.0,0.0,0.0
FinanceBench,hybrid_pageindex_linq_embed_mistral_top_m_10_query_results.jsonl,Hybrid PageIndex,Linq-Embed-Mistral,node,10.0,JOHNSON_JOHNSON_2023Q2_EARNINGS,1,0.0,0.0,0.0,1.0,0.0,0.0,0.0,0.0,0.0,0.0,0.0,0.0,0.0,0.0,0.0,0.0,1,0.0,0.0,0.0,100.0
FinanceBench,hybrid_pageindex_linq_embed_mistral_top_m_10_query_results.jsonl,Hybrid PageIndex,Linq-Embed-Mistral,node,10.0,JOHNSON_JOHNSON_2023_8K_dated-2023-08-30,3,0.0,1.0,0.5,1.0,0.0,0.0,0.0,0.0,0.0,0.0,0.0,0.0,0.0,0.0,0.0,0.0,3,0.0,100.0,50.0,100.0
FinanceBench,hybrid_pageindex_linq_embed_mistral_top_m_10_query_results.jsonl,Hybrid PageIndex,Linq-Embed-Mistral,node,10.0,JPMORGAN_2021Q1_10Q,2,0.0,0.0,0.0,1.0,0.0005,0.0005,0.0005,0.0,0.0,0.0,0.0,0.0,0.0,0.0,0.0,0.0,2,0.0,0.0,0.0,100.0
FinanceBench,hybrid_pageindex_linq_embed_mistral_top_m_10_query_results.jsonl,Hybrid PageIndex,Linq-Embed-Mistral,node,10.0,JPMORGAN_2022Q2_10Q,1,0.0,0.0,0.0,0.0,0.001,0.001,0.001,0.0,0.0,0.0,0.0,0.0,0.0,0.0,0.0,0.0,1,0.0,0.0,0.0,0.0
FinanceBench,hybrid_pageindex_linq_embed_mistral_top_m_10_query_results.jsonl,Hybrid PageIndex,Linq-Embed-Mistral,node,10.0,JPMORGAN_2022_10K,1,0.0,0.0,0.0,1.0,0.001,0.001,0.001,0.0,0.0,0.0,0.0,0.0,0.0,0.0,0.0,0.0,1,0.0,0.0,0.0,100.0
FinanceBench,hybrid_pageindex_linq_embed_mistral_top_m_10_query_results.jsonl,Hybrid PageIndex,Linq-Embed-Mistral,node,10.0,JPMORGAN_2023Q2_10Q,1,0.0,0.0,0.0,1.0,0.001,0.001,0.001,0.0,0.0,0.0,0.0,0.0,0.0,0.0,0.0,0.0,1,0.0,0.0,0.0,100.0
FinanceBench,hybrid_pageindex_linq_embed_mistral_top_m_10_query_results.jsonl,Hybrid PageIndex,Linq-Embed-Mistral,node,10.0,LOCKHEEDMARTIN_2021_10K,1,1.0,1.0,1.0,1.0,0.001,0.001,0.001,0.0,0.0,0.0,0.0,0.0,0.0,0.0,0.0,0.0,1,100.0,100.0,100.0,100.0
FinanceBench,hybrid_pageindex_linq_embed_mistral_top_m_10_query_results.jsonl,Hybrid PageIndex,Linq-Embed-Mistral,node,10.0,LOCKHEEDMARTIN_2022_10K,1,0.0,0.0,0.0,0.0,0.0,0.0,0.0,0.0,0.0,0.0,0.0,0.0,0.0,0.0,0.0,0.0,1,0.0,0.0,0.0,0.0
FinanceBench,hybrid_pageindex_linq_embed_mistral_top_m_10_query_results.jsonl,Hybrid PageIndex,Linq-Embed-Mistral,node,10.0,MGMRESORTS_2018_10K,1,1.0,1.0,1.0,1.0,0.0,0.0,0.0,0.0,0.0,0.0,0.0,0.0,0.0,0.0,0.0,0.0,1,100.0,100.0,100.0,100.0
FinanceBench,hybrid_pageindex_linq_embed_mistral_top_m_10_query_results.jsonl,Hybrid PageIndex,Linq-Embed-Mistral,node,10.0,MGMRESORTS_2022Q4_EARNINGS,2,0.0,0.0,0.0,1.0,0.0,0.0,0.0,0.0,0.0,0.0,0.0,0.0,0.0,0.0,0.0,0.0,2,0.0,0.0,0.0,100.0
FinanceBench,hybrid_pageindex_linq_embed_mistral_top_m_10_query_results.jsonl,Hybrid PageIndex,Linq-Embed-Mistral,node,10.0,MGMRESORTS_2022_10K,1,0.0,0.0,0.0,0.0,0.0,0.0,0.0,0.0,0.0,0.0,0.0,0.0,0.0,0.0,0.0,0.0,1,0.0,0.0,0.0,0.0
FinanceBench,hybrid_pageindex_linq_embed_mistral_top_m_10_query_results.jsonl,Hybrid PageIndex,Linq-Embed-Mistral,node,10.0,MGMRESORTS_2023Q2_10Q,1,0.0,1.0,0.5,1.0,0.0,0.0,0.0,0.0,0.0,0.0,0.0,0.0,0.0,0.0,0.0,0.0,1,0.0,100.0,50.0,100.0
FinanceBench,hybrid_pageindex_linq_embed_mistral_top_m_10_query_results.jsonl,Hybrid PageIndex,Linq-Embed-Mistral,node,10.0,MICROSOFT_2016_10K,1,0.0,0.0,0.0,1.0,0.0,0.0,0.0,0.0,0.0,0.0,0.0,0.0,0.0,0.0,0.0,0.0,1,0.0,0.0,0.0,100.0
FinanceBench,hybrid_pageindex_linq_embed_mistral_top_m_10_query_results.jsonl,Hybrid PageIndex,Linq-Embed-Mistral,node,10.0,MICROSOFT_2023_10K,1,1.0,1.0,1.0,1.0,0.0,0.0,0.0,0.0,0.0,0.0,0.0,0.0,0.0,0.0,0.0,0.0,1,100.0,100.0,100.0,100.0
FinanceBench,hybrid_pageindex_linq_embed_mistral_top_m_10_query_results.jsonl,Hybrid PageIndex,Linq-Embed-Mistral,node,10.0,NETFLIX_2017_10K,1,0.0,1.0,0.5,1.0,0.0,0.0,0.0,0.0,0.0,0.0,0.0,0.0,0.0,0.0,0.0,0.0,1,0.0,100.0,50.0,100.0
FinanceBench,hybrid_pageindex_linq_embed_mistral_top_m_10_query_results.jsonl,Hybrid PageIndex,Linq-Embed-Mistral,node,10.0,NIKE_2018_10K,1,0.0,0.0,0.0,1.0,0.0,0.0,0.0,0.0,0.0,0.0,0.0,0.0,0.0,0.0,0.0,0.0,1,0.0,0.0,0.0,100.0
FinanceBench,hybrid_pageindex_linq_embed_mistral_top_m_10_query_results.jsonl,Hybrid PageIndex,Linq-Embed-Mistral,node,10.0,NIKE_2019_10K,1,0.0,1.0,0.5,1.0,0.0,0.0,0.0,0.0,0.0,0.0,0.0,0.0,0.0,0.0,0.0,0.0,1,0.0,100.0,50.0,100.0
FinanceBench,hybrid_pageindex_linq_embed_mistral_top_m_10_query_results.jsonl,Hybrid PageIndex,Linq-Embed-Mistral,node,10.0,NIKE_2023_10K,1,0.0,1.0,0.25,1.0,0.0,0.0,0.0,0.0,0.0,0.0,0.0,0.0,0.0,0.0,0.0,0.0,1,0.0,100.0,25.0,100.0
FinanceBench,hybrid_pageindex_linq_embed_mistral_top_m_10_query_results.jsonl,Hybrid PageIndex,Linq-Embed-Mistral,node,10.0,PAYPAL_2022_10K,1,0.0,0.0,0.0,1.0,0.0,0.0,0.0,0.0,0.0,0.0,0.0,0.0,0.0,0.0,0.0,0.0,1,0.0,0.0,0.0,100.0
FinanceBench,hybrid_pageindex_linq_embed_mistral_top_m_10_query_results.jsonl,Hybrid PageIndex,Linq-Embed-Mistral,node,10.0,PEPSICO_2021_10K,1,0.0,0.0,0.0,1.0,0.001,0.001,0.001,0.0,0.0,0.0,0.0,0.0,0.0,0.0,0.0,0.0,1,0.0,0.0,0.0,100.0
FinanceBench,hybrid_pageindex_linq_embed_mistral_top_m_10_query_results.jsonl,Hybrid PageIndex,Linq-Embed-Mistral,node,10.0,PEPSICO_2022_10K,2,0.0,0.0,0.0,0.0,0.0005,0.0005,0.0005,0.0,0.0,0.0,0.0,0.0,0.0,0.0,0.0,0.0,2,0.0,0.0,0.0,0.0
FinanceBench,hybrid_pageindex_linq_embed_mistral_top_m_10_query_results.jsonl,Hybrid PageIndex,Linq-Embed-Mistral,node,10.0,PEPSICO_2023Q1_EARNINGS,2,0.5,1.0,0.75,1.0,0.0,0.0,0.0,0.0,0.0,0.0,0.0,0.0,0.0,0.0,0.0,0.0,2,50.0,100.0,75.0,100.0
FinanceBench,hybrid_pageindex_linq_embed_mistral_top_m_10_query_results.jsonl,Hybrid PageIndex,Linq-Embed-Mistral,node,10.0,PEPSICO_2023_8K_dated-2023-05-05,1,1.0,1.0,1.0,1.0,0.0,0.0,0.0,0.0,0.0,0.0,0.0,0.0,0.0,0.0,0.0,0.0,1,100.0,100.0,100.0,100.0
FinanceBench,hybrid_pageindex_linq_embed_mistral_top_m_10_query_results.jsonl,Hybrid PageIndex,Linq-Embed-Mistral,node,10.0,PEPSICO_2023_8K_dated-2023-05-30,2,1.0,1.0,1.0,1.0,0.001,0.001,0.001,0.0,0.0,0.0,0.0,0.0,0.0,0.0,0.0,0.0,2,100.0,100.0,100.0,100.0
FinanceBench,hybrid_pageindex_linq_embed_mistral_top_m_10_query_results.jsonl,Hybrid PageIndex,Linq-Embed-Mistral,node,10.0,PFIZER_2021_10K,2,0.0,0.0,0.0,1.0,0.001,0.001,0.001,0.0,0.0,0.0,0.0,0.0,0.0,0.0,0.0,0.0,2,0.0,0.0,0.0,100.0
FinanceBench,hybrid_pageindex_linq_embed_mistral_top_m_10_query_results.jsonl,Hybrid PageIndex,Linq-Embed-Mistral,node,10.0,ULTABEAUTY_2023Q4_EARNINGS,4,0.0,0.0,0.0,0.5,0.0,0.0,0.0,0.0,0.0,0.0,0.0,0.0,0.0,0.0,0.0,0.0,4,0.0,0.0,0.0,50.0
FinanceBench,hybrid_pageindex_linq_embed_mistral_top_m_10_query_results.jsonl,Hybrid PageIndex,Linq-Embed-Mistral,node,10.0,ULTABEAUTY_2023_10K,2,0.0,0.5,0.125,1.0,0.0005,0.0005,0.0005,0.0,0.0,0.0,0.0,0.0,0.0,0.0,0.0,0.0,2,0.0,50.0,12.5,100.0
FinanceBench,hybrid_pageindex_linq_embed_mistral_top_m_10_query_results.jsonl,Hybrid PageIndex,Linq-Embed-Mistral,node,10.0,VERIZON_2021_10K,1,0.0,0.0,0.0,1.0,0.0,0.0,0.0,0.0,0.0,0.0,0.0,0.0,0.0,0.0,0.0,0.0,1,0.0,0.0,0.0,100.0
FinanceBench,hybrid_pageindex_linq_embed_mistral_top_m_10_query_results.jsonl,Hybrid PageIndex,Linq-Embed-Mistral,node,10.0,VERIZON_2022_10K,2,0.0,0.0,0.0,1.0,0.0,0.0,0.0,0.0,0.0,0.0,0.0,0.0,0.0,0.0,0.0,0.0,2,0.0,0.0,0.0,100.0
FinanceBench,hybrid_pageindex_linq_embed_mistral_top_m_10_query_results.jsonl,Hybrid PageIndex,Linq-Embed-Mistral,node,10.0,WALMART_2019_10K,1,1.0,1.0,1.0,1.0,0.0,0.0,0.0,0.0,0.0,0.0,0.0,0.0,0.0,0.0,0.0,0.0,1,100.0,100.0,100.0,100.0
FinanceBench,hybrid_pageindex_linq_embed_mistral_top_m_5_query_results.jsonl,Hybrid PageIndex,Linq-Embed-Mistral,node,5.0,3M_2018_10K,2,0.0,0.5,0.16666666666666666,1.0,0.001,0.001,0.001,0.0,0.0,0.0,0.0,0.0,0.0,0.0,0.0,0.0,2,0.0,50.0,16.666666666666664,100.0
FinanceBench,hybrid_pageindex_linq_embed_mistral_top_m_5_query_results.jsonl,Hybrid PageIndex,Linq-Embed-Mistral,node,5.0,3M_2022_10K,2,0.5,1.0,0.625,1.0,0.0005,0.0005,0.0005,0.0,0.0,0.0,0.0,0.0,0.0,0.0,0.0,0.0,2,50.0,100.0,62.5,100.0
FinanceBench,hybrid_pageindex_linq_embed_mistral_top_m_5_query_results.jsonl,Hybrid PageIndex,Linq-Embed-Mistral,node,5.0,3M_2023Q2_10Q,3,0.0,0.0,0.0,0.3333333333333333,0.0,0.0,0.0,0.0,0.0,0.0,0.0,0.0,0.0,0.0,0.0,0.0,3,0.0,0.0,0.0,33.33333333333333
FinanceBench,hybrid_pageindex_linq_embed_mistral_top_m_5_query_results.jsonl,Hybrid PageIndex,Linq-Embed-Mistral,node,5.0,ADOBE_2016_10K,1,0.0,0.0,0.0,1.0,0.0,0.0,0.0,0.0,0.0,0.0,0.0,0.0,0.0,0.0,0.0,0.0,1,0.0,0.0,0.0,100.0
FinanceBench,hybrid_pageindex_linq_embed_mistral_top_m_5_query_results.jsonl,Hybrid PageIndex,Linq-Embed-Mistral,node,5.0,ADOBE_2022_10K,2,0.0,1.0,0.35,1.0,0.0,0.0,0.0,0.0,0.0,0.0,0.0,0.0,0.0,0.0,0.0,0.0,2,0.0,100.0,35.0,100.0
FinanceBench,hybrid_pageindex_linq_embed_mistral_top_m_5_query_results.jsonl,Hybrid PageIndex,Linq-Embed-Mistral,node,5.0,AES_2022_10K,1,1.0,1.0,1.0,1.0,0.001,0.001,0.001,0.0,0.0,0.0,0.0,0.0,0.0,0.0,0.0,0.0,1,100.0,100.0,100.0,100.0
FinanceBench,hybrid_pageindex_linq_embed_mistral_top_m_5_query_results.jsonl,Hybrid PageIndex,Linq-Embed-Mistral,node,5.0,AMAZON_2017_10K,1,0.0,1.0,0.5,1.0,0.001,0.001,0.001,0.0,0.0,0.0,0.0,0.0,0.0,0.0,0.0,0.0,1,0.0,100.0,50.0,100.0
FinanceBench,hybrid_pageindex_linq_embed_mistral_top_m_5_query_results.jsonl,Hybrid PageIndex,Linq-Embed-Mistral,node,5.0,AMAZON_2019_10K,1,1.0,1.0,1.0,1.0,0.0,0.0,0.0,0.0,0.0,0.0,0.0,0.0,0.0,0.0,0.0,0.0,1,100.0,100.0,100.0,100.0
FinanceBench,hybrid_pageindex_linq_embed_mistral_top_m_5_query_results.jsonl,Hybrid PageIndex,Linq-Embed-Mistral,node,5.0,AMCOR_2020_10K,1,0.0,1.0,0.5,1.0,0.0,0.0,0.0,0.0,0.0,0.0,0.0,0.0,0.0,0.0,0.0,0.0,1,0.0,100.0,50.0,100.0
FinanceBench,hybrid_pageindex_linq_embed_mistral_top_m_5_query_results.jsonl,Hybrid PageIndex,Linq-Embed-Mistral,node,5.0,AMCOR_2022_8K_dated-2022-07-01,1,0.0,1.0,0.5,1.0,0.0,0.0,0.0,0.0,0.0,0.0,0.0,0.0,0.0,0.0,0.0,0.0,1,0.0,100.0,50.0,100.0
FinanceBench,hybrid_pageindex_linq_embed_mistral_top_m_5_query_results.jsonl,Hybrid PageIndex,Linq-Embed-Mistral,node,5.0,AMCOR_2023Q2_10Q,1,0.0,1.0,0.5,1.0,0.0,0.0,0.0,0.0,0.0,0.0,0.0,0.0,0.0,0.0,0.0,0.0,1,0.0,100.0,50.0,100.0
FinanceBench,hybrid_pageindex_linq_embed_mistral_top_m_5_query_results.jsonl,Hybrid PageIndex,Linq-Embed-Mistral,node,5.0,AMCOR_2023Q4_EARNINGS,2,0.5,0.5,0.5,1.0,0.0,0.0,0.0,0.0,0.0,0.0,0.0,0.0,0.0,0.0,0.0,0.0,2,50.0,50.0,50.0,100.0
FinanceBench,hybrid_pageindex_linq_embed_mistral_top_m_5_query_results.jsonl,Hybrid PageIndex,Linq-Embed-Mistral,node,5.0,AMCOR_2023_10K,4,0.0,0.25,0.08333333333333333,0.25,0.00025,0.00025,0.00025,0.0,0.0,0.0,0.0,0.0,0.0,0.0,0.0,0.0,4,0.0,25.0,8.333333333333332,25.0
FinanceBench,hybrid_pageindex_linq_embed_mistral_top_m_5_query_results.jsonl,Hybrid PageIndex,Linq-Embed-Mistral,node,5.0,AMD_2022_10K,7,0.14285714285714285,0.8571428571428571,0.4095238095238095,1.0,0.0,0.0,0.0,0.0,0.0,0.0,0.0,0.0,0.0,0.0,0.0,0.0,7,14.285714285714285,85.71428571428571,40.95238095238095,100.0
FinanceBench,hybrid_pageindex_linq_embed_mistral_top_m_5_query_results.jsonl,Hybrid PageIndex,Linq-Embed-Mistral,node,5.0,AMERICANEXPRESS_2022_10K,7,0.0,0.14285714285714285,0.03571428571428571,1.0,0.00028571428571428574,0.00028571428571428574,0.00028571428571428574,0.0,0.0,0.0,0.0,0.0,0.0,0.0,0.0,0.0,7,0.0,14.285714285714285,3.571428571428571,100.0
FinanceBench,hybrid_pageindex_linq_embed_mistral_top_m_5_query_results.jsonl,Hybrid PageIndex,Linq-Embed-Mistral,node,5.0,AMERICANWATERWORKS_2020_10K,1,0.0,0.0,0.0,1.0,0.0,0.0,0.0,0.0,0.0,0.0,0.0,0.0,0.0,0.0,0.0,0.0,1,0.0,0.0,0.0,100.0
FinanceBench,hybrid_pageindex_linq_embed_mistral_top_m_5_query_results.jsonl,Hybrid PageIndex,Linq-Embed-Mistral,node,5.0,BESTBUY_2017_10K,1,0.0,0.0,0.0,1.0,0.0,0.0,0.0,0.0,0.0,0.0,0.0,0.0,0.0,0.0,0.0,0.0,1,0.0,0.0,0.0,100.0
FinanceBench,hybrid_pageindex_linq_embed_mistral_top_m_5_query_results.jsonl,Hybrid PageIndex,Linq-Embed-Mistral,node,5.0,BESTBUY_2019_10K,1,0.0,0.0,0.0,1.0,0.0,0.0,0.0,0.0,0.0,0.0,0.0,0.0,0.0,0.0,0.0,0.0,1,0.0,0.0,0.0,100.0
FinanceBench,hybrid_pageindex_linq_embed_mistral_top_m_5_query_results.jsonl,Hybrid PageIndex,Linq-Embed-Mistral,node,5.0,BESTBUY_2023_10K,3,0.0,0.3333333333333333,0.1111111111111111,0.6666666666666666,0.0,0.0,0.0,0.0,0.0,0.0,0.0,0.0,0.0,0.0,0.0,0.0,3,0.0,33.33333333333333,11.11111111111111,66.66666666666666
FinanceBench,hybrid_pageindex_linq_embed_mistral_top_m_5_query_results.jsonl,Hybrid PageIndex,Linq-Embed-Mistral,node,5.0,BESTBUY_2024Q2_10Q,3,0.6666666666666666,0.6666666666666666,0.6666666666666666,0.6666666666666666,0.0,0.0,0.0,0.0,0.0,0.0,0.0,0.0,0.0,0.0,0.0,0.0,3,66.66666666666666,66.66666666666666,66.66666666666666,66.66666666666666
FinanceBench,hybrid_pageindex_linq_embed_mistral_top_m_5_query_results.jsonl,Hybrid PageIndex,Linq-Embed-Mistral,node,5.0,BLOCK_2016_10K,1,0.0,0.0,0.0,1.0,0.0,0.0,0.0,0.0,0.0,0.0,0.0,0.0,0.0,0.0,0.0,0.0,1,0.0,0.0,0.0,100.0
FinanceBench,hybrid_pageindex_linq_embed_mistral_top_m_5_query_results.jsonl,Hybrid PageIndex,Linq-Embed-Mistral,node,5.0,BLOCK_2020_10K,2,0.0,0.0,0.0,1.0,0.0005,0.0005,0.0005,0.0,0.0,0.0,0.0,0.0,0.0,0.0,0.0,0.0,2,0.0,0.0,0.0,100.0
FinanceBench,hybrid_pageindex_linq_embed_mistral_top_m_5_query_results.jsonl,Hybrid PageIndex,Linq-Embed-Mistral,node,5.0,BOEING_2018_10K,1,0.0,1.0,0.5,1.0,0.0,0.0,0.0,0.0,0.0,0.0,0.0,0.0,0.0,0.0,0.0,0.0,1,0.0,100.0,50.0,100.0
FinanceBench,hybrid_pageindex_linq_embed_mistral_top_m_5_query_results.jsonl,Hybrid PageIndex,Linq-Embed-Mistral,node,5.0,BOEING_2022_10K,6,0.16666666666666666,0.5,0.27777777777777773,0.8333333333333334,0.00016666666666666666,0.00016666666666666666,0.00016666666666666666,0.0,0.0,0.0,0.0,0.0,0.0,0.0,0.0,0.0,6,16.666666666666664,50.0,27.777777777777775,83.33333333333334
FinanceBench,hybrid_pageindex_linq_embed_mistral_top_m_5_query_results.jsonl,Hybrid PageIndex,Linq-Embed-Mistral,node,5.0,COCACOLA_2021_10K,1,1.0,1.0,1.0,1.0,0.0,0.0,0.0,0.0,0.0,0.0,0.0,0.0,0.0,0.0,0.0,0.0,1,100.0,100.0,100.0,100.0
FinanceBench,hybrid_pageindex_linq_embed_mistral_top_m_5_query_results.jsonl,Hybrid PageIndex,Linq-Embed-Mistral,node,5.0,CORNING_2021_10K,1,0.0,0.0,0.0,0.0,0.0,0.0,0.0,0.0,0.0,0.0,0.0,0.0,0.0,0.0,0.0,0.0,1,0.0,0.0,0.0,0.0
FinanceBench,hybrid_pageindex_linq_embed_mistral_top_m_5_query_results.jsonl,Hybrid PageIndex,Linq-Embed-Mistral,node,5.0,CORNING_2022_10K,2,0.0,0.0,0.0,1.0,0.0005,0.0005,0.0005,0.0,0.0,0.0,0.0,0.0,0.0,0.0,0.0,0.0,2,0.0,0.0,0.0,100.0
FinanceBench,hybrid_pageindex_linq_embed_mistral_top_m_5_query_results.jsonl,Hybrid PageIndex,Linq-Embed-Mistral,node,5.0,COSTCO_2021_10K,1,1.0,1.0,1.0,1.0,0.0,0.0,0.0,0.0,0.0,0.0,0.0,0.0,0.0,0.0,0.0,0.0,1,100.0,100.0,100.0,100.0
FinanceBench,hybrid_pageindex_linq_embed_mistral_top_m_5_query_results.jsonl,Hybrid PageIndex,Linq-Embed-Mistral,node,5.0,CVSHEALTH_2022_10K,1,0.0,1.0,0.3333333333333333,1.0,0.0,0.0,0.0,0.0,0.0,0.0,0.0,0.0,0.0,0.0,0.0,0.0,1,0.0,100.0,33.33333333333333,100.0
FinanceBench,hybrid_pageindex_linq_embed_mistral_top_m_5_query_results.jsonl,Hybrid PageIndex,Linq-Embed-Mistral,node,5.0,FOOTLOCKER_2022_8K_dated-2022-05-20,1,0.0,0.0,0.0,0.0,0.0,0.0,0.0,0.0,0.0,0.0,0.0,0.0,0.0,0.0,0.0,0.0,1,0.0,0.0,0.0,0.0
FinanceBench,hybrid_pageindex_linq_embed_mistral_top_m_5_query_results.jsonl,Hybrid PageIndex,Linq-Embed-Mistral,node,5.0,FOOTLOCKER_2022_8K_dated_2022-08-19,1,0.0,1.0,0.5,1.0,0.0,0.0,0.0,0.0,0.0,0.0,0.0,0.0,0.0,0.0,0.0,0.0,1,0.0,100.0,50.0,100.0
FinanceBench,hybrid_pageindex_linq_embed_mistral_top_m_5_query_results.jsonl,Hybrid PageIndex,Linq-Embed-Mistral,node,5.0,GENERALMILLS_2020_10K,2,1.0,1.0,1.0,1.0,0.0005,0.0005,0.0005,0.0,0.0,0.0,0.0,0.0,0.0,0.0,0.0,0.0,2,100.0,100.0,100.0,100.0
FinanceBench,hybrid_pageindex_linq_embed_mistral_top_m_5_query_results.jsonl,Hybrid PageIndex,Linq-Embed-Mistral,node,5.0,JOHNSON_JOHNSON_2022Q4_EARNINGS,1,0.0,0.0,0.0,0.0,0.0,0.0,0.0,0.0,0.0,0.0,0.0,0.0,0.0,0.0,0.0,0.0,1,0.0,0.0,0.0,0.0
FinanceBench,hybrid_pageindex_linq_embed_mistral_top_m_5_query_results.jsonl,Hybrid PageIndex,Linq-Embed-Mistral,node,5.0,JOHNSON_JOHNSON_2022_10K,2,0.0,0.0,0.0,0.0,0.0,0.0,0.0,0.0,0.0,0.0,0.0,0.0,0.0,0.0,0.0,0.0,2,0.0,0.0,0.0,0.0
FinanceBench,hybrid_pageindex_linq_embed_mistral_top_m_5_query_results.jsonl,Hybrid PageIndex,Linq-Embed-Mistral,node,5.0,JOHNSON_JOHNSON_2023Q2_EARNINGS,1,0.0,0.0,0.0,1.0,0.0,0.0,0.0,0.0,0.0,0.0,0.0,0.0,0.0,0.0,0.0,0.0,1,0.0,0.0,0.0,100.0
FinanceBench,hybrid_pageindex_linq_embed_mistral_top_m_5_query_results.jsonl,Hybrid PageIndex,Linq-Embed-Mistral,node,5.0,JOHNSON_JOHNSON_2023_8K_dated-2023-08-30,3,0.0,1.0,0.5,1.0,0.0,0.0,0.0,0.0,0.0,0.0,0.0,0.0,0.0,0.0,0.0,0.0,3,0.0,100.0,50.0,100.0
FinanceBench,hybrid_pageindex_linq_embed_mistral_top_m_5_query_results.jsonl,Hybrid PageIndex,Linq-Embed-Mistral,node,5.0,JPMORGAN_2021Q1_10Q,2,0.0,0.0,0.0,1.0,0.0005,0.0005,0.0005,0.0,0.0,0.0,0.0,0.0,0.0,0.0,0.0,0.0,2,0.0,0.0,0.0,100.0
FinanceBench,hybrid_pageindex_linq_embed_mistral_top_m_5_query_results.jsonl,Hybrid PageIndex,Linq-Embed-Mistral,node,5.0,JPMORGAN_2022Q2_10Q,1,0.0,0.0,0.0,0.0,0.0,0.0,0.0,0.0,0.0,0.0,0.0,0.0,0.0,0.0,0.0,0.0,1,0.0,0.0,0.0,0.0
FinanceBench,hybrid_pageindex_linq_embed_mistral_top_m_5_query_results.jsonl,Hybrid PageIndex,Linq-Embed-Mistral,node,5.0,JPMORGAN_2022_10K,1,0.0,0.0,0.0,1.0,0.001,0.001,0.001,0.0,0.0,0.0,0.0,0.0,0.0,0.0,0.0,0.0,1,0.0,0.0,0.0,100.0
FinanceBench,hybrid_pageindex_linq_embed_mistral_top_m_5_query_results.jsonl,Hybrid PageIndex,Linq-Embed-Mistral,node,5.0,JPMORGAN_2023Q2_10Q,1,0.0,0.0,0.0,1.0,0.0,0.0,0.0,0.0,0.0,0.0,0.0,0.0,0.0,0.0,0.0,0.0,1,0.0,0.0,0.0,100.0
FinanceBench,hybrid_pageindex_linq_embed_mistral_top_m_5_query_results.jsonl,Hybrid PageIndex,Linq-Embed-Mistral,node,5.0,LOCKHEEDMARTIN_2021_10K,1,0.0,0.0,0.0,1.0,0.0,0.0,0.0,0.0,0.0,0.0,0.0,0.0,0.0,0.0,0.0,0.0,1,0.0,0.0,0.0,100.0
FinanceBench,hybrid_pageindex_linq_embed_mistral_top_m_5_query_results.jsonl,Hybrid PageIndex,Linq-Embed-Mistral,node,5.0,LOCKHEEDMARTIN_2022_10K,1,0.0,0.0,0.0,0.0,0.0,0.0,0.0,0.0,0.0,0.0,0.0,0.0,0.0,0.0,0.0,0.0,1,0.0,0.0,0.0,0.0
FinanceBench,hybrid_pageindex_linq_embed_mistral_top_m_5_query_results.jsonl,Hybrid PageIndex,Linq-Embed-Mistral,node,5.0,MGMRESORTS_2018_10K,1,1.0,1.0,1.0,1.0,0.0,0.0,0.0,0.0,0.0,0.0,0.0,0.0,0.0,0.0,0.0,0.0,1,100.0,100.0,100.0,100.0
FinanceBench,hybrid_pageindex_linq_embed_mistral_top_m_5_query_results.jsonl,Hybrid PageIndex,Linq-Embed-Mistral,node,5.0,MGMRESORTS_2022Q4_EARNINGS,2,0.0,0.5,0.1,1.0,0.0,0.0,0.0,0.0,0.0,0.0,0.0,0.0,0.0,0.0,0.0,0.0,2,0.0,50.0,10.0,100.0
FinanceBench,hybrid_pageindex_linq_embed_mistral_top_m_5_query_results.jsonl,Hybrid PageIndex,Linq-Embed-Mistral,node,5.0,MGMRESORTS_2022_10K,1,0.0,0.0,0.0,0.0,0.0,0.0,0.0,0.0,0.0,0.0,0.0,0.0,0.0,0.0,0.0,0.0,1,0.0,0.0,0.0,0.0
FinanceBench,hybrid_pageindex_linq_embed_mistral_top_m_5_query_results.jsonl,Hybrid PageIndex,Linq-Embed-Mistral,node,5.0,MGMRESORTS_2023Q2_10Q,1,0.0,1.0,0.5,1.0,0.0,0.0,0.0,0.0,0.0,0.0,0.0,0.0,0.0,0.0,0.0,0.0,1,0.0,100.0,50.0,100.0
FinanceBench,hybrid_pageindex_linq_embed_mistral_top_m_5_query_results.jsonl,Hybrid PageIndex,Linq-Embed-Mistral,node,5.0,MICROSOFT_2016_10K,1,0.0,0.0,0.0,1.0,0.0,0.0,0.0,0.0,0.0,0.0,0.0,0.0,0.0,0.0,0.0,0.0,1,0.0,0.0,0.0,100.0
FinanceBench,hybrid_pageindex_linq_embed_mistral_top_m_5_query_results.jsonl,Hybrid PageIndex,Linq-Embed-Mistral,node,5.0,MICROSOFT_2023_10K,1,1.0,1.0,1.0,1.0,0.0,0.0,0.0,0.0,0.0,0.0,0.0,0.0,0.0,0.0,0.0,0.0,1,100.0,100.0,100.0,100.0
FinanceBench,hybrid_pageindex_linq_embed_mistral_top_m_5_query_results.jsonl,Hybrid PageIndex,Linq-Embed-Mistral,node,5.0,NETFLIX_2017_10K,1,0.0,1.0,0.5,1.0,0.0,0.0,0.0,0.0,0.0,0.0,0.0,0.0,0.0,0.0,0.0,0.0,1,0.0,100.0,50.0,100.0
FinanceBench,hybrid_pageindex_linq_embed_mistral_top_m_5_query_results.jsonl,Hybrid PageIndex,Linq-Embed-Mistral,node,5.0,NIKE_2018_10K,1,0.0,0.0,0.0,1.0,0.0,0.0,0.0,0.0,0.0,0.0,0.0,0.0,0.0,0.0,0.0,0.0,1,0.0,0.0,0.0,100.0
FinanceBench,hybrid_pageindex_linq_embed_mistral_top_m_5_query_results.jsonl,Hybrid PageIndex,Linq-Embed-Mistral,node,5.0,NIKE_2019_10K,1,0.0,1.0,0.5,1.0,0.0,0.0,0.0,0.0,0.0,0.0,0.0,0.0,0.0,0.0,0.0,0.0,1,0.0,100.0,50.0,100.0
FinanceBench,hybrid_pageindex_linq_embed_mistral_top_m_5_query_results.jsonl,Hybrid PageIndex,Linq-Embed-Mistral,node,5.0,NIKE_2023_10K,1,0.0,1.0,0.25,1.0,0.0,0.0,0.0,0.0,0.0,0.0,0.0,0.0,0.0,0.0,0.0,0.0,1,0.0,100.0,25.0,100.0
FinanceBench,hybrid_pageindex_linq_embed_mistral_top_m_5_query_results.jsonl,Hybrid PageIndex,Linq-Embed-Mistral,node,5.0,PAYPAL_2022_10K,1,0.0,0.0,0.0,1.0,0.0,0.0,0.0,0.0,0.0,0.0,0.0,0.0,0.0,0.0,0.0,0.0,1,0.0,0.0,0.0,100.0
FinanceBench,hybrid_pageindex_linq_embed_mistral_top_m_5_query_results.jsonl,Hybrid PageIndex,Linq-Embed-Mistral,node,5.0,PEPSICO_2021_10K,1,0.0,0.0,0.0,1.0,0.001,0.001,0.001,0.0,0.0,0.0,0.0,0.0,0.0,0.0,0.0,0.0,1,0.0,0.0,0.0,100.0
FinanceBench,hybrid_pageindex_linq_embed_mistral_top_m_5_query_results.jsonl,Hybrid PageIndex,Linq-Embed-Mistral,node,5.0,PEPSICO_2022_10K,2,0.0,0.0,0.0,0.0,0.0005,0.0005,0.0005,0.0,0.0,0.0,0.0,0.0,0.0,0.0,0.0,0.0,2,0.0,0.0,0.0,0.0
FinanceBench,hybrid_pageindex_linq_embed_mistral_top_m_5_query_results.jsonl,Hybrid PageIndex,Linq-Embed-Mistral,node,5.0,PEPSICO_2023Q1_EARNINGS,2,0.5,1.0,0.75,1.0,0.0,0.0,0.0,0.0,0.0,0.0,0.0,0.0,0.0,0.0,0.0,0.0,2,50.0,100.0,75.0,100.0
FinanceBench,hybrid_pageindex_linq_embed_mistral_top_m_5_query_results.jsonl,Hybrid PageIndex,Linq-Embed-Mistral,node,5.0,PEPSICO_2023_8K_dated-2023-05-05,1,1.0,1.0,1.0,1.0,0.0,0.0,0.0,0.0,0.0,0.0,0.0,0.0,0.0,0.0,0.0,0.0,1,100.0,100.0,100.0,100.0
FinanceBench,hybrid_pageindex_linq_embed_mistral_top_m_5_query_results.jsonl,Hybrid PageIndex,Linq-Embed-Mistral,node,5.0,PEPSICO_2023_8K_dated-2023-05-30,2,1.0,1.0,1.0,1.0,0.001,0.001,0.001,0.0,0.0,0.0,0.0,0.0,0.0,0.0,0.0,0.0,2,100.0,100.0,100.0,100.0
FinanceBench,hybrid_pageindex_linq_embed_mistral_top_m_5_query_results.jsonl,Hybrid PageIndex,Linq-Embed-Mistral,node,5.0,PFIZER_2021_10K,2,0.0,0.0,0.0,1.0,0.0005,0.0005,0.0005,0.0,0.0,0.0,0.0,0.0,0.0,0.0,0.0,0.0,2,0.0,0.0,0.0,100.0
FinanceBench,hybrid_pageindex_linq_embed_mistral_top_m_5_query_results.jsonl,Hybrid PageIndex,Linq-Embed-Mistral,node,5.0,ULTABEAUTY_2023Q4_EARNINGS,4,0.0,0.0,0.0,0.5,0.0,0.0,0.0,0.0,0.0,0.0,0.0,0.0,0.0,0.0,0.0,0.0,4,0.0,0.0,0.0,50.0
FinanceBench,hybrid_pageindex_linq_embed_mistral_top_m_5_query_results.jsonl,Hybrid PageIndex,Linq-Embed-Mistral,node,5.0,ULTABEAUTY_2023_10K,2,0.0,0.5,0.125,1.0,0.0,0.0,0.0,0.0,0.0,0.0,0.0,0.0,0.0,0.0,0.0,0.0,2,0.0,50.0,12.5,100.0
FinanceBench,hybrid_pageindex_linq_embed_mistral_top_m_5_query_results.jsonl,Hybrid PageIndex,Linq-Embed-Mistral,node,5.0,VERIZON_2021_10K,1,0.0,0.0,0.0,1.0,0.0,0.0,0.0,0.0,0.0,0.0,0.0,0.0,0.0,0.0,0.0,0.0,1,0.0,0.0,0.0,100.0
FinanceBench,hybrid_pageindex_linq_embed_mistral_top_m_5_query_results.jsonl,Hybrid PageIndex,Linq-Embed-Mistral,node,5.0,VERIZON_2022_10K,2,0.0,0.0,0.0,1.0,0.0,0.0,0.0,0.0,0.0,0.0,0.0,0.0,0.0,0.0,0.0,0.0,2,0.0,0.0,0.0,100.0
FinanceBench,hybrid_pageindex_linq_embed_mistral_top_m_5_query_results.jsonl,Hybrid PageIndex,Linq-Embed-Mistral,node,5.0,WALMART_2019_10K,1,1.0,1.0,1.0,1.0,0.0,0.0,0.0,0.0,0.0,0.0,0.0,0.0,0.0,0.0,0.0,0.0,1,100.0,100.0,100.0,100.0
FinanceBench,hybrid_pageindex_linq_embed_mistral_top_m_7_query_results.jsonl,Hybrid PageIndex,Linq-Embed-Mistral,node,7.0,3M_2018_10K,2,0.0,0.5,0.16666666666666666,1.0,0.0005,0.0005,0.0005,0.0,0.0,0.0,0.0,0.0,0.0,0.0,0.0,0.0,2,0.0,50.0,16.666666666666664,100.0
FinanceBench,hybrid_pageindex_linq_embed_mistral_top_m_7_query_results.jsonl,Hybrid PageIndex,Linq-Embed-Mistral,node,7.0,3M_2022_10K,2,0.5,1.0,0.625,1.0,0.001,0.001,0.001,0.0,0.0,0.0,0.0,0.0,0.0,0.0,0.0,0.0,2,50.0,100.0,62.5,100.0
FinanceBench,hybrid_pageindex_linq_embed_mistral_top_m_7_query_results.jsonl,Hybrid PageIndex,Linq-Embed-Mistral,node,7.0,3M_2023Q2_10Q,3,0.0,0.0,0.0,0.3333333333333333,0.0006666666666666666,0.0006666666666666666,0.0006666666666666666,0.0,0.0,0.0,0.0,0.0,0.0,0.0,0.0,0.0,3,0.0,0.0,0.0,33.33333333333333
FinanceBench,hybrid_pageindex_linq_embed_mistral_top_m_7_query_results.jsonl,Hybrid PageIndex,Linq-Embed-Mistral,node,7.0,ADOBE_2016_10K,1,0.0,0.0,0.0,1.0,0.0,0.0,0.0,0.0,0.0,0.0,0.0,0.0,0.0,0.0,0.0,0.0,1,0.0,0.0,0.0,100.0
FinanceBench,hybrid_pageindex_linq_embed_mistral_top_m_7_query_results.jsonl,Hybrid PageIndex,Linq-Embed-Mistral,node,7.0,ADOBE_2022_10K,2,0.0,1.0,0.35,1.0,0.0,0.0,0.0,0.0,0.0,0.0,0.0,0.0,0.0,0.0,0.0,0.0,2,0.0,100.0,35.0,100.0
FinanceBench,hybrid_pageindex_linq_embed_mistral_top_m_7_query_results.jsonl,Hybrid PageIndex,Linq-Embed-Mistral,node,7.0,AES_2022_10K,1,1.0,1.0,1.0,1.0,0.0,0.0,0.0,0.0,0.0,0.0,0.0,0.0,0.0,0.0,0.0,0.0,1,100.0,100.0,100.0,100.0
FinanceBench,hybrid_pageindex_linq_embed_mistral_top_m_7_query_results.jsonl,Hybrid PageIndex,Linq-Embed-Mistral,node,7.0,AMAZON_2017_10K,1,0.0,1.0,0.5,1.0,0.0,0.0,0.0,0.0,0.0,0.0,0.0,0.0,0.0,0.0,0.0,0.0,1,0.0,100.0,50.0,100.0
FinanceBench,hybrid_pageindex_linq_embed_mistral_top_m_7_query_results.jsonl,Hybrid PageIndex,Linq-Embed-Mistral,node,7.0,AMAZON_2019_10K,1,1.0,1.0,1.0,1.0,0.0,0.0,0.0,0.0,0.0,0.0,0.0,0.0,0.0,0.0,0.0,0.0,1,100.0,100.0,100.0,100.0
FinanceBench,hybrid_pageindex_linq_embed_mistral_top_m_7_query_results.jsonl,Hybrid PageIndex,Linq-Embed-Mistral,node,7.0,AMCOR_2020_10K,1,0.0,1.0,0.5,1.0,0.001,0.001,0.001,0.0,0.0,0.0,0.0,0.0,0.0,0.0,0.0,0.0,1,0.0,100.0,50.0,100.0
FinanceBench,hybrid_pageindex_linq_embed_mistral_top_m_7_query_results.jsonl,Hybrid PageIndex,Linq-Embed-Mistral,node,7.0,AMCOR_2022_8K_dated-2022-07-01,1,0.0,1.0,0.5,1.0,0.0,0.0,0.0,0.0,0.0,0.0,0.0,0.0,0.0,0.0,0.0,0.0,1,0.0,100.0,50.0,100.0
FinanceBench,hybrid_pageindex_linq_embed_mistral_top_m_7_query_results.jsonl,Hybrid PageIndex,Linq-Embed-Mistral,node,7.0,AMCOR_2023Q2_10Q,1,0.0,1.0,0.5,1.0,0.0,0.0,0.0,0.0,0.0,0.0,0.0,0.0,0.0,0.0,0.0,0.0,1,0.0,100.0,50.0,100.0
FinanceBench,hybrid_pageindex_linq_embed_mistral_top_m_7_query_results.jsonl,Hybrid PageIndex,Linq-Embed-Mistral,node,7.0,AMCOR_2023Q4_EARNINGS,2,0.5,0.5,0.5,1.0,0.0,0.0,0.0,0.0,0.0,0.0,0.0,0.0,0.0,0.0,0.0,0.0,2,50.0,50.0,50.0,100.0
FinanceBench,hybrid_pageindex_linq_embed_mistral_top_m_7_query_results.jsonl,Hybrid PageIndex,Linq-Embed-Mistral,node,7.0,AMCOR_2023_10K,4,0.0,0.25,0.08333333333333333,0.25,0.0,0.0,0.0,0.0,0.0,0.0,0.0,0.0,0.0,0.0,0.0,0.0,4,0.0,25.0,8.333333333333332,25.0
FinanceBench,hybrid_pageindex_linq_embed_mistral_top_m_7_query_results.jsonl,Hybrid PageIndex,Linq-Embed-Mistral,node,7.0,AMD_2022_10K,7,0.14285714285714285,0.8571428571428571,0.4095238095238095,1.0,0.00028571428571428574,0.00028571428571428574,0.00028571428571428574,0.0,0.0,0.0,0.0,0.0,0.0,0.0,0.0,0.0,7,14.285714285714285,85.71428571428571,40.95238095238095,100.0
FinanceBench,hybrid_pageindex_linq_embed_mistral_top_m_7_query_results.jsonl,Hybrid PageIndex,Linq-Embed-Mistral,node,7.0,AMERICANEXPRESS_2022_10K,7,0.0,0.14285714285714285,0.03571428571428571,1.0,0.00014285714285714287,0.00014285714285714287,0.00014285714285714287,0.0,0.0,0.0,0.0,0.0,0.0,0.0,0.0,0.0,7,0.0,14.285714285714285,3.571428571428571,100.0
FinanceBench,hybrid_pageindex_linq_embed_mistral_top_m_7_query_results.jsonl,Hybrid PageIndex,Linq-Embed-Mistral,node,7.0,AMERICANWATERWORKS_2020_10K,1,1.0,1.0,1.0,1.0,0.001,0.001,0.001,0.0,0.0,0.0,0.0,0.0,0.0,0.0,0.0,0.0,1,100.0,100.0,100.0,100.0
FinanceBench,hybrid_pageindex_linq_embed_mistral_top_m_7_query_results.jsonl,Hybrid PageIndex,Linq-Embed-Mistral,node,7.0,BESTBUY_2017_10K,1,0.0,0.0,0.0,1.0,0.0,0.0,0.0,0.0,0.0,0.0,0.0,0.0,0.0,0.0,0.0,0.0,1,0.0,0.0,0.0,100.0
FinanceBench,hybrid_pageindex_linq_embed_mistral_top_m_7_query_results.jsonl,Hybrid PageIndex,Linq-Embed-Mistral,node,7.0,BESTBUY_2019_10K,1,0.0,0.0,0.0,1.0,0.001,0.001,0.001,0.0,0.0,0.0,0.0,0.0,0.0,0.0,0.0,0.0,1,0.0,0.0,0.0,100.0
FinanceBench,hybrid_pageindex_linq_embed_mistral_top_m_7_query_results.jsonl,Hybrid PageIndex,Linq-Embed-Mistral,node,7.0,BESTBUY_2023_10K,3,0.0,0.3333333333333333,0.1111111111111111,0.6666666666666666,0.0,0.0,0.0,0.0,0.0,0.0,0.0,0.0,0.0,0.0,0.0,0.0,3,0.0,33.33333333333333,11.11111111111111,66.66666666666666
FinanceBench,hybrid_pageindex_linq_embed_mistral_top_m_7_query_results.jsonl,Hybrid PageIndex,Linq-Embed-Mistral,node,7.0,BESTBUY_2024Q2_10Q,3,0.6666666666666666,0.6666666666666666,0.6666666666666666,0.6666666666666666,0.0,0.0,0.0,0.0,0.0,0.0,0.0,0.0,0.0,0.0,0.0,0.0,3,66.66666666666666,66.66666666666666,66.66666666666666,66.66666666666666
FinanceBench,hybrid_pageindex_linq_embed_mistral_top_m_7_query_results.jsonl,Hybrid PageIndex,Linq-Embed-Mistral,node,7.0,BLOCK_2016_10K,1,0.0,0.0,0.0,1.0,0.001,0.001,0.001,0.0,0.0,0.0,0.0,0.0,0.0,0.0,0.0,0.0,1,0.0,0.0,0.0,100.0
FinanceBench,hybrid_pageindex_linq_embed_mistral_top_m_7_query_results.jsonl,Hybrid PageIndex,Linq-Embed-Mistral,node,7.0,BLOCK_2020_10K,2,0.0,0.0,0.0,1.0,0.001,0.001,0.001,0.0,0.0,0.0,0.0,0.0,0.0,0.0,0.0,0.0,2,0.0,0.0,0.0,100.0
FinanceBench,hybrid_pageindex_linq_embed_mistral_top_m_7_query_results.jsonl,Hybrid PageIndex,Linq-Embed-Mistral,node,7.0,BOEING_2018_10K,1,0.0,1.0,0.5,1.0,0.0,0.0,0.0,0.0,0.0,0.0,0.0,0.0,0.0,0.0,0.0,0.0,1,0.0,100.0,50.0,100.0
FinanceBench,hybrid_pageindex_linq_embed_mistral_top_m_7_query_results.jsonl,Hybrid PageIndex,Linq-Embed-Mistral,node,7.0,BOEING_2022_10K,6,0.16666666666666666,0.5,0.27777777777777773,0.8333333333333334,0.0005,0.0005,0.0005,0.0,0.0,0.0,0.0,0.0,0.0,0.0,0.0,0.0,6,16.666666666666664,50.0,27.777777777777775,83.33333333333334
FinanceBench,hybrid_pageindex_linq_embed_mistral_top_m_7_query_results.jsonl,Hybrid PageIndex,Linq-Embed-Mistral,node,7.0,COCACOLA_2021_10K,1,1.0,1.0,1.0,1.0,0.001,0.001,0.001,0.0,0.0,0.0,0.0,0.0,0.0,0.0,0.0,0.0,1,100.0,100.0,100.0,100.0
FinanceBench,hybrid_pageindex_linq_embed_mistral_top_m_7_query_results.jsonl,Hybrid PageIndex,Linq-Embed-Mistral,node,7.0,CORNING_2021_10K,1,0.0,0.0,0.0,0.0,0.0,0.0,0.0,0.0,0.0,0.0,0.0,0.0,0.0,0.0,0.0,0.0,1,0.0,0.0,0.0,0.0
FinanceBench,hybrid_pageindex_linq_embed_mistral_top_m_7_query_results.jsonl,Hybrid PageIndex,Linq-Embed-Mistral,node,7.0,CORNING_2022_10K,2,0.0,0.0,0.0,1.0,0.0,0.0,0.0,0.0,0.0,0.0,0.0,0.0,0.0,0.0,0.0,0.0,2,0.0,0.0,0.0,100.0
FinanceBench,hybrid_pageindex_linq_embed_mistral_top_m_7_query_results.jsonl,Hybrid PageIndex,Linq-Embed-Mistral,node,7.0,COSTCO_2021_10K,1,1.0,1.0,1.0,1.0,0.0,0.0,0.0,0.0,0.0,0.0,0.0,0.0,0.0,0.0,0.0,0.0,1,100.0,100.0,100.0,100.0
FinanceBench,hybrid_pageindex_linq_embed_mistral_top_m_7_query_results.jsonl,Hybrid PageIndex,Linq-Embed-Mistral,node,7.0,CVSHEALTH_2022_10K,1,0.0,1.0,0.3333333333333333,1.0,0.001,0.001,0.001,0.0,0.0,0.0,0.0,0.0,0.0,0.0,0.0,0.0,1,0.0,100.0,33.33333333333333,100.0
FinanceBench,hybrid_pageindex_linq_embed_mistral_top_m_7_query_results.jsonl,Hybrid PageIndex,Linq-Embed-Mistral,node,7.0,FOOTLOCKER_2022_8K_dated-2022-05-20,1,0.0,0.0,0.0,0.0,0.0,0.0,0.0,0.0,0.0,0.0,0.0,0.0,0.0,0.0,0.0,0.0,1,0.0,0.0,0.0,0.0
FinanceBench,hybrid_pageindex_linq_embed_mistral_top_m_7_query_results.jsonl,Hybrid PageIndex,Linq-Embed-Mistral,node,7.0,FOOTLOCKER_2022_8K_dated_2022-08-19,1,0.0,1.0,0.5,1.0,0.0,0.0,0.0,0.0,0.0,0.0,0.0,0.0,0.0,0.0,0.0,0.0,1,0.0,100.0,50.0,100.0
FinanceBench,hybrid_pageindex_linq_embed_mistral_top_m_7_query_results.jsonl,Hybrid PageIndex,Linq-Embed-Mistral,node,7.0,GENERALMILLS_2020_10K,2,0.5,1.0,0.75,1.0,0.0005,0.0005,0.0005,0.0,0.0,0.0,0.0,0.0,0.0,0.0,0.0,0.0,2,50.0,100.0,75.0,100.0
FinanceBench,hybrid_pageindex_linq_embed_mistral_top_m_7_query_results.jsonl,Hybrid PageIndex,Linq-Embed-Mistral,node,7.0,JOHNSON_JOHNSON_2022Q4_EARNINGS,1,0.0,0.0,0.0,0.0,0.0,0.0,0.0,0.0,0.0,0.0,0.0,0.0,0.0,0.0,0.0,0.0,1,0.0,0.0,0.0,0.0
FinanceBench,hybrid_pageindex_linq_embed_mistral_top_m_7_query_results.jsonl,Hybrid PageIndex,Linq-Embed-Mistral,node,7.0,JOHNSON_JOHNSON_2022_10K,2,0.0,0.0,0.0,0.0,0.0,0.0,0.0,0.0,0.0,0.0,0.0,0.0,0.0,0.0,0.0,0.0,2,0.0,0.0,0.0,0.0
FinanceBench,hybrid_pageindex_linq_embed_mistral_top_m_7_query_results.jsonl,Hybrid PageIndex,Linq-Embed-Mistral,node,7.0,JOHNSON_JOHNSON_2023Q2_EARNINGS,1,0.0,0.0,0.0,1.0,0.0,0.0,0.0,0.0,0.0,0.0,0.0,0.0,0.0,0.0,0.0,0.0,1,0.0,0.0,0.0,100.0
FinanceBench,hybrid_pageindex_linq_embed_mistral_top_m_7_query_results.jsonl,Hybrid PageIndex,Linq-Embed-Mistral,node,7.0,JOHNSON_JOHNSON_2023_8K_dated-2023-08-30,3,0.0,1.0,0.5,1.0,0.0,0.0,0.0,0.0,0.0,0.0,0.0,0.0,0.0,0.0,0.0,0.0,3,0.0,100.0,50.0,100.0
FinanceBench,hybrid_pageindex_linq_embed_mistral_top_m_7_query_results.jsonl,Hybrid PageIndex,Linq-Embed-Mistral,node,7.0,JPMORGAN_2021Q1_10Q,2,0.0,0.0,0.0,1.0,0.0,0.0,0.0,0.0,0.0,0.0,0.0,0.0,0.0,0.0,0.0,0.0,2,0.0,0.0,0.0,100.0
FinanceBench,hybrid_pageindex_linq_embed_mistral_top_m_7_query_results.jsonl,Hybrid PageIndex,Linq-Embed-Mistral,node,7.0,JPMORGAN_2022Q2_10Q,1,0.0,0.0,0.0,0.0,0.0,0.0,0.0,0.0,0.0,0.0,0.0,0.0,0.0,0.0,0.0,0.0,1,0.0,0.0,0.0,0.0
FinanceBench,hybrid_pageindex_linq_embed_mistral_top_m_7_query_results.jsonl,Hybrid PageIndex,Linq-Embed-Mistral,node,7.0,JPMORGAN_2022_10K,1,0.0,0.0,0.0,1.0,0.001,0.001,0.001,0.0,0.0,0.0,0.0,0.0,0.0,0.0,0.0,0.0,1,0.0,0.0,0.0,100.0
FinanceBench,hybrid_pageindex_linq_embed_mistral_top_m_7_query_results.jsonl,Hybrid PageIndex,Linq-Embed-Mistral,node,7.0,JPMORGAN_2023Q2_10Q,1,0.0,0.0,0.0,1.0,0.0,0.0,0.0,0.0,0.0,0.0,0.0,0.0,0.0,0.0,0.0,0.0,1,0.0,0.0,0.0,100.0
FinanceBench,hybrid_pageindex_linq_embed_mistral_top_m_7_query_results.jsonl,Hybrid PageIndex,Linq-Embed-Mistral,node,7.0,LOCKHEEDMARTIN_2021_10K,1,1.0,1.0,1.0,1.0,0.0,0.0,0.0,0.0,0.0,0.0,0.0,0.0,0.0,0.0,0.0,0.0,1,100.0,100.0,100.0,100.0
FinanceBench,hybrid_pageindex_linq_embed_mistral_top_m_7_query_results.jsonl,Hybrid PageIndex,Linq-Embed-Mistral,node,7.0,LOCKHEEDMARTIN_2022_10K,1,0.0,0.0,0.0,0.0,0.0,0.0,0.0,0.0,0.0,0.0,0.0,0.0,0.0,0.0,0.0,0.0,1,0.0,0.0,0.0,0.0
FinanceBench,hybrid_pageindex_linq_embed_mistral_top_m_7_query_results.jsonl,Hybrid PageIndex,Linq-Embed-Mistral,node,7.0,MGMRESORTS_2018_10K,1,1.0,1.0,1.0,1.0,0.0,0.0,0.0,0.0,0.0,0.0,0.0,0.0,0.0,0.0,0.0,0.0,1,100.0,100.0,100.0,100.0
FinanceBench,hybrid_pageindex_linq_embed_mistral_top_m_7_query_results.jsonl,Hybrid PageIndex,Linq-Embed-Mistral,node,7.0,MGMRESORTS_2022Q4_EARNINGS,2,0.0,0.0,0.0,1.0,0.0,0.0,0.0,0.0,0.0,0.0,0.0,0.0,0.0,0.0,0.0,0.0,2,0.0,0.0,0.0,100.0
FinanceBench,hybrid_pageindex_linq_embed_mistral_top_m_7_query_results.jsonl,Hybrid PageIndex,Linq-Embed-Mistral,node,7.0,MGMRESORTS_2022_10K,1,0.0,0.0,0.0,0.0,0.0,0.0,0.0,0.0,0.0,0.0,0.0,0.0,0.0,0.0,0.0,0.0,1,0.0,0.0,0.0,0.0
FinanceBench,hybrid_pageindex_linq_embed_mistral_top_m_7_query_results.jsonl,Hybrid PageIndex,Linq-Embed-Mistral,node,7.0,MGMRESORTS_2023Q2_10Q,1,0.0,1.0,0.5,1.0,0.0,0.0,0.0,0.0,0.0,0.0,0.0,0.0,0.0,0.0,0.0,0.0,1,0.0,100.0,50.0,100.0
FinanceBench,hybrid_pageindex_linq_embed_mistral_top_m_7_query_results.jsonl,Hybrid PageIndex,Linq-Embed-Mistral,node,7.0,MICROSOFT_2016_10K,1,0.0,0.0,0.0,1.0,0.0,0.0,0.0,0.0,0.0,0.0,0.0,0.0,0.0,0.0,0.0,0.0,1,0.0,0.0,0.0,100.0
FinanceBench,hybrid_pageindex_linq_embed_mistral_top_m_7_query_results.jsonl,Hybrid PageIndex,Linq-Embed-Mistral,node,7.0,MICROSOFT_2023_10K,1,1.0,1.0,1.0,1.0,0.0,0.0,0.0,0.0,0.0,0.0,0.0,0.0,0.0,0.0,0.0,0.0,1,100.0,100.0,100.0,100.0
FinanceBench,hybrid_pageindex_linq_embed_mistral_top_m_7_query_results.jsonl,Hybrid PageIndex,Linq-Embed-Mistral,node,7.0,NETFLIX_2017_10K,1,0.0,1.0,0.5,1.0,0.0,0.0,0.0,0.0,0.0,0.0,0.0,0.0,0.0,0.0,0.0,0.0,1,0.0,100.0,50.0,100.0
FinanceBench,hybrid_pageindex_linq_embed_mistral_top_m_7_query_results.jsonl,Hybrid PageIndex,Linq-Embed-Mistral,node,7.0,NIKE_2018_10K,1,0.0,0.0,0.0,1.0,0.0,0.0,0.0,0.0,0.0,0.0,0.0,0.0,0.0,0.0,0.0,0.0,1,0.0,0.0,0.0,100.0
FinanceBench,hybrid_pageindex_linq_embed_mistral_top_m_7_query_results.jsonl,Hybrid PageIndex,Linq-Embed-Mistral,node,7.0,NIKE_2019_10K,1,0.0,1.0,0.5,1.0,0.0,0.0,0.0,0.0,0.0,0.0,0.0,0.0,0.0,0.0,0.0,0.0,1,0.0,100.0,50.0,100.0
FinanceBench,hybrid_pageindex_linq_embed_mistral_top_m_7_query_results.jsonl,Hybrid PageIndex,Linq-Embed-Mistral,node,7.0,NIKE_2023_10K,1,0.0,1.0,0.25,1.0,0.0,0.0,0.0,0.0,0.0,0.0,0.0,0.0,0.0,0.0,0.0,0.0,1,0.0,100.0,25.0,100.0
FinanceBench,hybrid_pageindex_linq_embed_mistral_top_m_7_query_results.jsonl,Hybrid PageIndex,Linq-Embed-Mistral,node,7.0,PAYPAL_2022_10K,1,0.0,0.0,0.0,1.0,0.0,0.0,0.0,0.0,0.0,0.0,0.0,0.0,0.0,0.0,0.0,0.0,1,0.0,0.0,0.0,100.0
FinanceBench,hybrid_pageindex_linq_embed_mistral_top_m_7_query_results.jsonl,Hybrid PageIndex,Linq-Embed-Mistral,node,7.0,PEPSICO_2021_10K,1,0.0,0.0,0.0,1.0,0.001,0.001,0.001,0.0,0.0,0.0,0.0,0.0,0.0,0.0,0.0,0.0,1,0.0,0.0,0.0,100.0
FinanceBench,hybrid_pageindex_linq_embed_mistral_top_m_7_query_results.jsonl,Hybrid PageIndex,Linq-Embed-Mistral,node,7.0,PEPSICO_2022_10K,2,0.0,0.0,0.0,0.0,0.0005,0.0005,0.0005,0.0,0.0,0.0,0.0,0.0,0.0,0.0,0.0,0.0,2,0.0,0.0,0.0,0.0
FinanceBench,hybrid_pageindex_linq_embed_mistral_top_m_7_query_results.jsonl,Hybrid PageIndex,Linq-Embed-Mistral,node,7.0,PEPSICO_2023Q1_EARNINGS,2,0.5,1.0,0.75,1.0,0.0,0.0,0.0,0.0,0.0,0.0,0.0,0.0,0.0,0.0,0.0,0.0,2,50.0,100.0,75.0,100.0
FinanceBench,hybrid_pageindex_linq_embed_mistral_top_m_7_query_results.jsonl,Hybrid PageIndex,Linq-Embed-Mistral,node,7.0,PEPSICO_2023_8K_dated-2023-05-05,1,1.0,1.0,1.0,1.0,0.0,0.0,0.0,0.0,0.0,0.0,0.0,0.0,0.0,0.0,0.0,0.0,1,100.0,100.0,100.0,100.0
FinanceBench,hybrid_pageindex_linq_embed_mistral_top_m_7_query_results.jsonl,Hybrid PageIndex,Linq-Embed-Mistral,node,7.0,PEPSICO_2023_8K_dated-2023-05-30,2,1.0,1.0,1.0,1.0,0.001,0.001,0.001,0.0,0.0,0.0,0.0,0.0,0.0,0.0,0.0,0.0,2,100.0,100.0,100.0,100.0
FinanceBench,hybrid_pageindex_linq_embed_mistral_top_m_7_query_results.jsonl,Hybrid PageIndex,Linq-Embed-Mistral,node,7.0,PFIZER_2021_10K,2,0.0,0.0,0.0,1.0,0.0005,0.0005,0.0005,0.0,0.0,0.0,0.0,0.0,0.0,0.0,0.0,0.0,2,0.0,0.0,0.0,100.0
FinanceBench,hybrid_pageindex_linq_embed_mistral_top_m_7_query_results.jsonl,Hybrid PageIndex,Linq-Embed-Mistral,node,7.0,ULTABEAUTY_2023Q4_EARNINGS,4,0.0,0.0,0.0,0.5,0.0,0.0,0.0,0.0,0.0,0.0,0.0,0.0,0.0,0.0,0.0,0.0,4,0.0,0.0,0.0,50.0
FinanceBench,hybrid_pageindex_linq_embed_mistral_top_m_7_query_results.jsonl,Hybrid PageIndex,Linq-Embed-Mistral,node,7.0,ULTABEAUTY_2023_10K,2,0.0,0.5,0.125,1.0,0.0,0.0,0.0,0.0,0.0,0.0,0.0,0.0,0.0,0.0,0.0,0.0,2,0.0,50.0,12.5,100.0
FinanceBench,hybrid_pageindex_linq_embed_mistral_top_m_7_query_results.jsonl,Hybrid PageIndex,Linq-Embed-Mistral,node,7.0,VERIZON_2021_10K,1,0.0,0.0,0.0,1.0,0.0,0.0,0.0,0.0,0.0,0.0,0.0,0.0,0.0,0.0,0.0,0.0,1,0.0,0.0,0.0,100.0
FinanceBench,hybrid_pageindex_linq_embed_mistral_top_m_7_query_results.jsonl,Hybrid PageIndex,Linq-Embed-Mistral,node,7.0,VERIZON_2022_10K,2,0.0,0.0,0.0,1.0,0.0,0.0,0.0,0.0,0.0,0.0,0.0,0.0,0.0,0.0,0.0,0.0,2,0.0,0.0,0.0,100.0
FinanceBench,hybrid_pageindex_linq_embed_mistral_top_m_7_query_results.jsonl,Hybrid PageIndex,Linq-Embed-Mistral,node,7.0,WALMART_2019_10K,1,1.0,1.0,1.0,1.0,0.0,0.0,0.0,0.0,0.0,0.0,0.0,0.0,0.0,0.0,0.0,0.0,1,100.0,100.0,100.0,100.0
FinanceBench,pageindex_combined_query_results_clean.jsonl,PageIndex,GPT-5,standard,,3M_2018_10K,2,0.5,1.0,0.75,1.0,164.0115,48.494,164.0115,256708.5,8111.5,264820.0,85889.0,2011.0,87900.0,256708.5,8111.5,264820.0,2,50.0,100.0,75.0,100.0
FinanceBench,pageindex_combined_query_results_clean.jsonl,PageIndex,GPT-5,standard,,3M_2022_10K,2,0.5,0.5,0.25,1.0,130.904,24.0785,130.904,302309.5,8275.0,310584.5,58021.0,1522.5,59543.5,302309.5,8275.0,310584.5,2,50.0,50.0,25.0,100.0
FinanceBench,pageindex_combined_query_results_clean.jsonl,PageIndex,GPT-5,standard,,3M_2023Q2_10Q,3,0.6666666666666666,0.6666666666666666,0.6666666666666666,0.6666666666666666,90.27466666666668,19.317,90.27466666666668,207237.0,7259.333333333333,214496.33333333334,46804.333333333336,1472.0,48276.333333333336,207237.0,7259.333333333333,214496.33333333334,3,66.66666666666666,66.66666666666666,66.66666666666666,66.66666666666666
FinanceBench,pageindex_combined_query_results_clean.jsonl,PageIndex,GPT-5,standard,,ADOBE_2016_10K,1,0.0,1.0,0.5,1.0,133.117,22.06,133.117,118815.0,10760.0,129575.0,33802.0,1394.0,35196.0,118815.0,10760.0,129575.0,1,0.0,100.0,50.0,100.0
FinanceBench,pageindex_combined_query_results_clean.jsonl,PageIndex,GPT-5,standard,,ADOBE_2022_10K,2,0.5,1.0,1.0,1.0,98.166,37.413,98.166,148307.5,5706.0,154013.5,62018.5,2144.5,64163.0,148307.5,5706.0,154013.5,2,50.0,100.0,100.0,100.0
FinanceBench,pageindex_combined_query_results_clean.jsonl,PageIndex,GPT-5,standard,,AES_2022_10K,1,1.0,1.0,1.0,1.0,150.391,17.71,150.391,335789.0,9982.0,345771.0,65926.0,1017.0,66943.0,335789.0,9982.0,345771.0,1,100.0,100.0,100.0,100.0
FinanceBench,pageindex_combined_query_results_clean.jsonl,PageIndex,GPT-5,standard,,AMAZON_2017_10K,1,1.0,1.0,1.0,1.0,132.175,19.92,132.175,158750.0,8191.0,166941.0,58542.0,1082.0,59624.0,158750.0,8191.0,166941.0,1,100.0,100.0,100.0,100.0
FinanceBench,pageindex_combined_query_results_clean.jsonl,PageIndex,GPT-5,standard,,AMAZON_2019_10K,1,1.0,1.0,1.0,1.0,92.83,18.011,92.83,151955.0,6584.0,158539.0,58586.0,1153.0,59739.0,151955.0,6584.0,158539.0,1,100.0,100.0,100.0,100.0
FinanceBench,pageindex_combined_query_results_clean.jsonl,PageIndex,GPT-5,standard,,AMCOR_2020_10K,1,1.0,1.0,1.0,1.0,340.339,33.788,340.339,225040.0,20846.0,245886.0,31670.0,1105.0,32775.0,225040.0,20846.0,245886.0,1,100.0,100.0,100.0,100.0
FinanceBench,pageindex_combined_query_results_clean.jsonl,PageIndex,GPT-5,standard,,AMCOR_2022_8K_dated-2022-07-01,1,1.0,1.0,1.0,1.0,78.7,19.348,78.7,32311.0,5730.0,38041.0,15352.0,1317.0,16669.0,32311.0,5730.0,38041.0,1,100.0,100.0,100.0,100.0
FinanceBench,pageindex_combined_query_results_clean.jsonl,PageIndex,GPT-5,standard,,AMCOR_2023Q2_10Q,1,1.0,1.0,1.0,1.0,181.255,18.831,181.255,223541.0,12647.0,236188.0,39924.0,1497.0,41421.0,223541.0,12647.0,236188.0,1,100.0,100.0,100.0,100.0
FinanceBench,pageindex_combined_query_results_clean.jsonl,PageIndex,GPT-5,standard,,AMCOR_2023Q4_EARNINGS,2,1.0,1.0,1.0,1.0,107.566,30.5,107.566,71338.0,7622.0,78960.0,25391.0,2064.5,27455.5,71338.0,7622.0,78960.0,2,100.0,100.0,100.0,100.0
FinanceBench,pageindex_combined_query_results_clean.jsonl,PageIndex,GPT-5,standard,,AMCOR_2023_10K,4,0.5,1.0,0.6666666666666666,1.0,136.41475,67.61425,136.41475,204502.5,8497.0,212999.5,107833.75,4094.75,111928.5,204502.5,8497.0,212999.5,4,50.0,100.0,66.66666666666666,100.0
FinanceBench,pageindex_combined_query_results_clean.jsonl,PageIndex,GPT-5,standard,,AMD_2022_10K,7,0.5714285714285714,1.0,0.8571428571428571,1.0,103.1027142857143,22.488428571428575,103.1027142857143,154000.0,5857.142857142857,159857.14285714287,44726.42857142857,1342.0,46068.42857142857,154000.0,5857.142857142857,159857.14285714287,7,57.14285714285714,100.0,85.71428571428571,100.0
FinanceBench,pageindex_combined_query_results_clean.jsonl,PageIndex,GPT-5,standard,,AMERICANEXPRESS_2022_10K,7,0.42857142857142855,0.8571428571428571,0.6904761904761905,1.0,130.89485714285715,58.66985714285715,130.89485714285715,160911.14285714287,7933.571428571428,168844.7142857143,58936.857142857145,2991.5714285714284,61928.42857142857,160911.14285714287,7933.571428571428,168844.7142857143,7,42.857142857142854,85.71428571428571,69.04761904761905,100.0
FinanceBench,pageindex_combined_query_results_clean.jsonl,PageIndex,GPT-5,standard,,AMERICANWATERWORKS_2020_10K,1,1.0,1.0,1.0,1.0,183.67,17.88,183.67,183674.0,13847.0,197521.0,38274.0,1200.0,39474.0,183674.0,13847.0,197521.0,1,100.0,100.0,100.0,100.0
FinanceBench,pageindex_combined_query_results_clean.jsonl,PageIndex,GPT-5,standard,,BESTBUY_2017_10K,1,0.0,1.0,1.0,1.0,240.121,44.296,240.121,179840.0,13025.0,192865.0,46621.0,2362.0,48983.0,179840.0,13025.0,192865.0,1,0.0,100.0,100.0,100.0
FinanceBench,pageindex_combined_query_results_clean.jsonl,PageIndex,GPT-5,standard,,BESTBUY_2019_10K,1,1.0,1.0,1.0,1.0,159.788,18.549,159.788,121973.0,11422.0,133395.0,35453.0,1256.0,36709.0,121973.0,11422.0,133395.0,1,100.0,100.0,100.0,100.0
FinanceBench,pageindex_combined_query_results_clean.jsonl,PageIndex,GPT-5,standard,,BESTBUY_2023_10K,3,0.6666666666666666,1.0,0.7333333333333334,1.0,125.54066666666667,24.462333333333333,125.54066666666667,169746.66666666666,8508.666666666666,178255.33333333334,52204.0,1737.0,53941.0,169746.66666666666,8508.666666666666,178255.33333333334,3,66.66666666666666,100.0,73.33333333333334,100.0
FinanceBench,pageindex_combined_query_results_clean.jsonl,PageIndex,GPT-5,standard,,BESTBUY_2024Q2_10Q,3,1.0,1.0,1.0,1.0,84.53833333333334,20.267333333333333,84.53833333333334,91992.66666666667,6175.0,98167.66666666667,31597.333333333332,1465.0,33062.333333333336,91992.66666666667,6175.0,98167.66666666667,3,100.0,100.0,100.0,100.0
FinanceBench,pageindex_combined_query_results_clean.jsonl,PageIndex,GPT-5,standard,,BLOCK_2016_10K,1,0.0,0.0,0.0,1.0,206.823,206.823,206.823,207753.0,12641.0,220394.0,207753.0,12641.0,220394.0,207753.0,12641.0,220394.0,1,0.0,0.0,0.0,100.0
FinanceBench,pageindex_combined_query_results_clean.jsonl,PageIndex,GPT-5,standard,,BLOCK_2020_10K,2,0.0,0.0,0.0,1.0,138.049,26.269,138.049,130590.0,8491.5,139081.5,31034.0,1448.5,32482.5,130590.0,8491.5,139081.5,2,0.0,0.0,0.0,100.0
FinanceBench,pageindex_combined_query_results_clean.jsonl,PageIndex,GPT-5,standard,,BOEING_2018_10K,1,0.0,1.0,1.0,1.0,90.292,22.111,90.292,131136.0,6185.0,137321.0,34331.0,1584.0,35915.0,131136.0,6185.0,137321.0,1,0.0,100.0,100.0,100.0
FinanceBench,pageindex_combined_query_results_clean.jsonl,PageIndex,GPT-5,standard,,BOEING_2022_10K,6,0.6666666666666666,0.8333333333333334,0.6666666666666666,1.0,147.75583333333333,31.607,147.75583333333333,154271.83333333334,7536.5,161808.33333333334,50516.333333333336,1863.6666666666667,52380.0,154271.83333333334,7536.5,161808.33333333334,6,66.66666666666666,83.33333333333334,66.66666666666666,100.0
FinanceBench,pageindex_combined_query_results_clean.jsonl,PageIndex,GPT-5,standard,,COCACOLA_2021_10K,1,1.0,1.0,1.0,1.0,121.669,20.937,121.669,126532.0,8184.0,134716.0,36317.0,1088.0,37405.0,126532.0,8184.0,134716.0,1,100.0,100.0,100.0,100.0
FinanceBench,pageindex_combined_query_results_clean.jsonl,PageIndex,GPT-5,standard,,CORNING_2021_10K,1,0.0,0.0,0.0,1.0,283.738,283.738,283.738,162631.0,20459.0,183090.0,162631.0,20459.0,183090.0,162631.0,20459.0,183090.0,1,0.0,0.0,0.0,100.0
FinanceBench,pageindex_combined_query_results_clean.jsonl,PageIndex,GPT-5,standard,,CORNING_2022_10K,2,0.5,0.5,0.5,1.0,103.547,31.046,103.547,78950.0,8488.0,87438.0,31263.5,2083.0,33346.5,78950.0,8488.0,87438.0,2,50.0,50.0,50.0,100.0
FinanceBench,pageindex_combined_query_results_clean.jsonl,PageIndex,GPT-5,standard,,COSTCO_2021_10K,1,1.0,1.0,1.0,1.0,52.361,14.698,52.361,106413.0,4296.0,110709.0,47479.0,1031.0,48510.0,106413.0,4296.0,110709.0,1,100.0,100.0,100.0,100.0
FinanceBench,pageindex_combined_query_results_clean.jsonl,PageIndex,GPT-5,standard,,CVSHEALTH_2022_10K,1,0.0,0.0,0.0,1.0,96.357,40.38,96.357,83495.0,8447.0,91942.0,44298.0,3282.0,47580.0,83495.0,8447.0,91942.0,1,0.0,0.0,0.0,100.0
FinanceBench,pageindex_combined_query_results_clean.jsonl,PageIndex,GPT-5,standard,,FOOTLOCKER_2022_8K_dated-2022-05-20,1,0.0,1.0,0.5,0.0,75.781,25.17,75.781,43737.0,6114.0,49851.0,14428.0,1500.0,15928.0,43737.0,6114.0,49851.0,1,0.0,100.0,50.0,0.0
FinanceBench,pageindex_combined_query_results_clean.jsonl,PageIndex,GPT-5,standard,,FOOTLOCKER_2022_8K_dated_2022-08-19,1,1.0,1.0,1.0,1.0,161.485,20.09,161.485,76449.0,10540.0,86989.0,17772.0,1368.0,19140.0,76449.0,10540.0,86989.0,1,100.0,100.0,100.0,100.0
FinanceBench,pageindex_combined_query_results_clean.jsonl,PageIndex,GPT-5,standard,,GENERALMILLS_2020_10K,2,1.0,1.0,1.0,1.0,141.9015,19.914,141.9015,120698.5,10583.5,131282.0,34882.5,1364.0,36246.5,120698.5,10583.5,131282.0,2,100.0,100.0,100.0,100.0
FinanceBench,pageindex_combined_query_results_clean.jsonl,PageIndex,GPT-5,standard,,JOHNSON_JOHNSON_2022Q4_EARNINGS,1,1.0,1.0,1.0,1.0,50.073,14.282,50.073,80567.0,4212.0,84779.0,26627.0,1174.0,27801.0,80567.0,4212.0,84779.0,1,100.0,100.0,100.0,100.0
FinanceBench,pageindex_combined_query_results_clean.jsonl,PageIndex,GPT-5,standard,,JOHNSON_JOHNSON_2022_10K,2,1.0,1.0,1.0,1.0,122.315,20.6445,122.3145,183277.5,9718.0,192995.5,51468.0,1432.5,52900.5,183277.5,9718.0,192995.5,2,100.0,100.0,100.0,100.0
FinanceBench,pageindex_combined_query_results_clean.jsonl,PageIndex,GPT-5,standard,,JOHNSON_JOHNSON_2023Q2_EARNINGS,1,1.0,1.0,1.0,1.0,122.82,16.566,122.82,91278.0,9835.0,101113.0,32776.0,1452.0,34228.0,91278.0,9835.0,101113.0,1,100.0,100.0,100.0,100.0
FinanceBench,pageindex_combined_query_results_clean.jsonl,PageIndex,GPT-5,standard,,JOHNSON_JOHNSON_2023_8K_dated-2023-08-30,3,0.6666666666666666,1.0,1.0,1.0,106.94033333333333,32.742333333333335,106.94033333333333,67570.0,8184.666666666667,75754.66666666667,18212.666666666668,1789.6666666666667,20002.333333333332,67570.0,8184.666666666667,75754.66666666667,3,66.66666666666666,100.0,100.0,100.0
FinanceBench,pageindex_combined_query_results_clean.jsonl,PageIndex,GPT-5,standard,,JPMORGAN_2021Q1_10Q,2,0.5,1.0,0.41666666666666663,1.0,287.896,35.9445,287.896,163816.5,20616.0,184432.5,34444.5,2340.5,36785.0,163816.5,20616.0,184432.5,2,50.0,100.0,41.666666666666664,100.0
FinanceBench,pageindex_combined_query_results_clean.jsonl,PageIndex,GPT-5,standard,,JPMORGAN_2022Q2_10Q,1,1.0,1.0,1.0,1.0,411.125,40.255,411.125,172213.0,21909.0,194122.0,40378.0,1899.0,42277.0,172213.0,21909.0,194122.0,1,100.0,100.0,100.0,100.0
FinanceBench,pageindex_combined_query_results_clean.jsonl,PageIndex,GPT-5,standard,,JPMORGAN_2022_10K,1,0.0,0.0,0.0,1.0,286.639,268.578,286.639,365842.0,21793.0,387635.0,358277.0,20363.0,378640.0,365842.0,21793.0,387635.0,1,0.0,0.0,0.0,100.0
FinanceBench,pageindex_combined_query_results_clean.jsonl,PageIndex,GPT-5,standard,,JPMORGAN_2023Q2_10Q,1,1.0,1.0,1.0,1.0,216.964,32.986,216.964,152389.0,15235.0,167624.0,40439.0,2361.0,42800.0,152389.0,15235.0,167624.0,1,100.0,100.0,100.0,100.0
FinanceBench,pageindex_combined_query_results_clean.jsonl,PageIndex,GPT-5,standard,,LOCKHEEDMARTIN_2021_10K,1,1.0,1.0,1.0,1.0,208.098,20.248,208.098,183359.0,15198.0,198557.0,36181.0,1146.0,37327.0,183359.0,15198.0,198557.0,1,100.0,100.0,100.0,100.0
FinanceBench,pageindex_combined_query_results_clean.jsonl,PageIndex,GPT-5,standard,,LOCKHEEDMARTIN_2022_10K,1,0.0,0.0,0.0,1.0,151.18,62.526,151.18,172446.0,11620.0,184066.0,52061.0,4803.0,56864.0,172446.0,11620.0,184066.0,1,0.0,0.0,0.0,100.0
FinanceBench,pageindex_combined_query_results_clean.jsonl,PageIndex,GPT-5,standard,,MGMRESORTS_2018_10K,1,1.0,1.0,1.0,1.0,148.938,21.202,148.938,165809.0,8733.0,174542.0,33613.0,1357.0,34970.0,165809.0,8733.0,174542.0,1,100.0,100.0,100.0,100.0
FinanceBench,pageindex_combined_query_results_clean.jsonl,PageIndex,GPT-5,standard,,MGMRESORTS_2022Q4_EARNINGS,2,0.0,0.5,0.5,0.0,157.6615,41.8865,157.6615,178032.5,12246.5,190279.0,57227.0,3251.0,60478.0,178032.5,12246.5,190279.0,2,0.0,50.0,50.0,0.0
FinanceBench,pageindex_combined_query_results_clean.jsonl,PageIndex,GPT-5,standard,,MGMRESORTS_2022_10K,1,0.0,1.0,0.25,1.0,68.497,16.838,68.497,117470.0,5364.0,122834.0,29684.0,1352.0,31036.0,117470.0,5364.0,122834.0,1,0.0,100.0,25.0,100.0
FinanceBench,pageindex_combined_query_results_clean.jsonl,PageIndex,GPT-5,standard,,MGMRESORTS_2023Q2_10Q,1,1.0,1.0,0.5,1.0,64.246,18.142,64.246,108591.0,5288.0,113879.0,28898.0,1421.0,30319.0,108591.0,5288.0,113879.0,1,100.0,100.0,50.0,100.0
FinanceBench,pageindex_combined_query_results_clean.jsonl,PageIndex,GPT-5,standard,,MICROSOFT_2016_10K,1,0.0,1.0,1.0,1.0,78.546,32.039,78.546,92531.0,6637.0,99168.0,27110.0,2520.0,29630.0,92531.0,6637.0,99168.0,1,0.0,100.0,100.0,100.0
FinanceBench,pageindex_combined_query_results_clean.jsonl,PageIndex,GPT-5,standard,,MICROSOFT_2023_10K,1,1.0,1.0,1.0,1.0,68.094,18.993,68.094,202936.0,5829.0,208765.0,80366.0,1417.0,81783.0,202936.0,5829.0,208765.0,1,100.0,100.0,100.0,100.0
FinanceBench,pageindex_combined_query_results_clean.jsonl,PageIndex,GPT-5,standard,,NETFLIX_2017_10K,1,1.0,1.0,1.0,1.0,109.317,17.877,109.317,131084.0,9263.0,140347.0,50374.0,1175.0,51549.0,131084.0,9263.0,140347.0,1,100.0,100.0,100.0,100.0
FinanceBench,pageindex_combined_query_results_clean.jsonl,PageIndex,GPT-5,standard,,NIKE_2018_10K,1,1.0,1.0,1.0,1.0,276.791,27.576,276.791,229806.0,10414.0,240220.0,66743.0,1559.0,68302.0,229806.0,10414.0,240220.0,1,100.0,100.0,100.0,100.0
FinanceBench,pageindex_combined_query_results_clean.jsonl,PageIndex,GPT-5,standard,,NIKE_2019_10K,1,1.0,1.0,1.0,1.0,115.955,20.972,115.955,132833.0,10049.0,142882.0,55585.0,1605.0,57190.0,132833.0,10049.0,142882.0,1,100.0,100.0,100.0,100.0
FinanceBench,pageindex_combined_query_results_clean.jsonl,PageIndex,GPT-5,standard,,NIKE_2023_10K,1,1.0,1.0,1.0,1.0,108.921,23.144,108.921,175340.0,8465.0,183805.0,64182.0,1801.0,65983.0,175340.0,8465.0,183805.0,1,100.0,100.0,100.0,100.0
FinanceBench,pageindex_combined_query_results_clean.jsonl,PageIndex,GPT-5,standard,,PAYPAL_2022_10K,1,1.0,1.0,1.0,1.0,117.96,34.307,117.96,139659.0,10838.0,150497.0,42461.0,2677.0,45138.0,139659.0,10838.0,150497.0,1,100.0,100.0,100.0,100.0
FinanceBench,pageindex_combined_query_results_clean.jsonl,PageIndex,GPT-5,standard,,PEPSICO_2021_10K,1,0.0,0.0,0.0,0.0,777.41,777.41,777.41,393387.0,31963.0,425350.0,393387.0,31963.0,425350.0,393387.0,31963.0,425350.0,1,0.0,0.0,0.0,0.0
FinanceBench,pageindex_combined_query_results_clean.jsonl,PageIndex,GPT-5,standard,,PEPSICO_2022_10K,2,0.5,0.5,0.5,1.0,344.3355,181.41,344.3355,318926.0,20225.0,339151.0,249375.0,13750.5,263125.5,318926.0,20225.0,339151.0,2,50.0,50.0,50.0,100.0
FinanceBench,pageindex_combined_query_results_clean.jsonl,PageIndex,GPT-5,standard,,PEPSICO_2023Q1_EARNINGS,2,0.5,1.0,1.0,1.0,91.967,16.0695,91.967,52328.0,7426.5,59754.5,17157.0,1201.0,18358.0,52328.0,7426.5,59754.5,2,50.0,100.0,100.0,100.0
FinanceBench,pageindex_combined_query_results_clean.jsonl,PageIndex,GPT-5,standard,,PEPSICO_2023_8K_dated-2023-05-05,1,1.0,1.0,1.0,1.0,34.521,13.265,34.521,28252.0,3361.0,31613.0,14532.0,1179.0,15711.0,28252.0,3361.0,31613.0,1,100.0,100.0,100.0,100.0
FinanceBench,pageindex_combined_query_results_clean.jsonl,PageIndex,GPT-5,standard,,PEPSICO_2023_8K_dated-2023-05-30,2,1.0,1.0,1.0,1.0,210.2575,40.3725,210.2575,264802.5,11838.0,276640.5,87278.5,1923.0,89201.5,264802.5,11838.0,276640.5,2,100.0,100.0,100.0,100.0
FinanceBench,pageindex_combined_query_results_clean.jsonl,PageIndex,GPT-5,standard,,PFIZER_2021_10K,2,0.0,0.0,0.0,1.0,140.469,31.636000000000003,140.469,147998.5,10210.5,158209.0,55082.0,2122.5,57204.5,147998.5,10210.5,158209.0,2,0.0,0.0,0.0,100.0
FinanceBench,pageindex_combined_query_results_clean.jsonl,PageIndex,GPT-5,standard,,ULTABEAUTY_2023Q4_EARNINGS,4,0.0,0.0,0.0,0.0,303.618,217.66375,303.61775,168712.75,11036.75,179749.5,118863.0,8019.5,126882.5,168712.75,11036.75,179749.5,4,0.0,0.0,0.0,0.0
FinanceBench,pageindex_combined_query_results_clean.jsonl,PageIndex,GPT-5,standard,,ULTABEAUTY_2023_10K,2,1.0,1.0,1.0,1.0,236.7095,127.137,236.709,133464.0,8689.5,142153.5,87905.0,4846.0,92751.0,133464.0,8689.5,142153.5,2,100.0,100.0,100.0,100.0
FinanceBench,pageindex_combined_query_results_clean.jsonl,PageIndex,GPT-5,standard,,VERIZON_2021_10K,1,0.0,1.0,1.0,1.0,116.237,23.765,116.237,86930.0,6720.0,93650.0,29739.0,961.0,30700.0,86930.0,6720.0,93650.0,1,0.0,100.0,100.0,100.0
FinanceBench,pageindex_combined_query_results_clean.jsonl,PageIndex,GPT-5,standard,,VERIZON_2022_10K,2,0.5,1.0,1.0,1.0,264.984,46.036500000000004,264.984,170711.0,11125.5,181836.5,56433.0,2039.5,58472.5,170711.0,11125.5,181836.5,2,50.0,100.0,100.0,100.0
FinanceBench,pageindex_combined_query_results_clean.jsonl,PageIndex,GPT-5,standard,,WALMART_2019_10K,1,1.0,1.0,1.0,1.0,214.281,39.112,214.281,190388.0,8279.0,198667.0,62618.0,1105.0,63723.0,190388.0,8279.0,198667.0,1,100.0,100.0,100.0,100.0
